0.0166667 0 1.3 1.7 -5 1 0 0 0 1 2.1 6 0.048 3 13 48
0.202541 0 1.3 1.7 -5 1 0 0 0 1 2.1 6 0.048 3 13 48
0.219208 0 1.3 1.7 -5 1 0 0 0 1 2.1 6 0.048 3 13 48
0.35767 0 1.3 1.7 -5 1 0 0 0 1 2.1 6 0.048 3 13 48
0.374337 0 1.3 1.7 -5 1 0 0 0 1 2.1 6 0.048 3 13 48
0.528699 0 1.3 1.7 -5 1 0 0 0 1 2.1 6 0.048 3 13 48
0.614705 0 1.3 1.7 -5 1 0 0 0 1 2.1 6 0.048 3 13 48
0.631371 0 1.3 1.7 -5 1 0 0 0 1 2.1 6 0.048 3 13 48
0.705768 0 1.3 1.7 -5 1 0 0 0 1 2.1 6 0.048 3 13 48
0.882952 0 1.3 1.7 -5 1 0 0 0 1 2.1 6 0.048 3 13 48
0.899618 0 1.3 1.7 -5 1 0 0 0 1 2.1 6 0.048 3 13 48
1.06448 0 1.3 1.7 -5 1 0 0 0 1 2.1 6 0.048 3 13 48
1.08115 0 1.3 1.7 -5 1 0 0 0 1 2.1 6 0.048 3 13 48
1.25608 0 1.3 1.7 -5 1 0 0 0 1 2.1 6 0.048 3 13 48
1.27275 0 1.3 1.7 -5 1 0 0 0 1 2.1 6 0.048 3 13 48
1.43185 0 1.3 1.7 -5 1 0 0 0 1 2.1 6 0.048 3 13 48
1.52442 0 1.3 1.7 -5 1 0 0 0 1 2.1 6 0.048 3 13 48
1.54109 0 1.3 1.7 -5 1 0 0 0 1 2.1 6 0.048 3 13 48
1.70226 0 1.3 1.7 -5 1 0 0 0 1 2.1 6 0.048 3 13 48
1.71893 0 1.3 1.7 -5 1 0 0 0 1 2.1 6 0.048 3 13 48
1.87916 0 1.3 1.7 -5 1 0 0 0 1 2.1 6 0.048 3 13 48
1.89582 0 1.3 1.7 -5 1 0 0 0 1 2.1 6 0.048 3 13 48
1.96809 0 1.3 1.7 -5 1 0 0 0 1 2.1 6 0.048 3 13 48
2.14233 0 1.3 1.7 -5 1 0 0 0 1 2.1 6 0.048 3 13 48
2.15899 0 1.3 1.7 -5 1 0 0 0 1 2.1 6 0.048 3 13 48
2.31073 0 1.3 1.7 -5 1 0 0 0 1 2.1 6 0.048 3 13 48
2.32739 0 1.3 1.7 -5 1 0 0 0 1 2.1 6 0.048 3 13 48
2.47917 0 1.3 1.7 -5 1 0 0 0 1 2.1 6 0.048 3 13 48
2.56308 0 1.3 1.7 -5 1 0 0 0 1 2.1 6 0.048 3 13 48
2.57974 0 1.3 1.7 -5 1 0 0 0 1 2.1 6 0.048 3 13 48
2.73129 0 1.3 1.7 -5 1 0 0 0 1 2.1 6 0.048 3 13 48
2.74796 0 1.3 1.7 -5 1 0 0 0 1 2.1 6 0.048 3 13 48
2.90039 0 1.3 1.7 -5 1 0 0 0 1 2.1 6 0.048 3 13 48
2.91706 0 1.3 1.7 -5 1 0 0 0 1 2.1 6 0.048 3 13 48
3.06774 0 1.3 1.7 -5 1 0 0 0 1 2.1 6 0.048 3 13 48
3.08441 0 1.3 1.7 -5 1 0 0 0 1 2.1 6 0.048 3 13 48
3.2353 0 1.3 1.7 -5 1 0 0 0 1 2.1 6 0.048 3 13 48
3.32133 0 1.3 1.7 -5 1 0 0 0 1 2.1 6 0.048 3 13 48
3.338 0 1.3 1.7 -5 1 0 0 0 1 2.1 6 0.048 3 13 48
3.49278 0 1.3 1.7 -5 1 0 0 0 1 2.1 6 0.048 3 13 48
3.50944 0 1.3 1.7 -5 1 0 0 0 1 2.1 6 0.048 3 13 48
3.6598 0 1.3 1.7 -5 1 0 0 0 1 2.1 6 0.048 3 13 48
3.67646 0 1.3 1.7 -5 1 0 0 0 1 2.1 6 0.048 3 13 48
3.82803 0 1.3 1.7 -5 1 0 0 0 1 2.1 6 0.048 3 13 48
3.91243 0 1.3 1.7 -5 1 0 0 0 1 2.1 6 0.048 3 13 48
3.92909 0 1.3 1.7 -5 1 0 0 0 1 2.1 6 0.048 3 13 48
4.08216 0 1.3 1.7 -5 1 0 0 0 1 2.1 6 0.048 3 13 48
4.09883 0 1.3 1.7 -5 1 0 0 0 1 2.1 6 0.048 3 13 48
4.25195 0 1.3 1.7 -5 1 0 0 0 1 2.1 6 0.048 3 13 48
4.33931 0 1.3 1.7 -5 1 0 0 0 1 2.1 6 0.048 3 13 48
4.35598 0 1.3 1.7 -5 1 0 0 0 1 2.1 6 0.048 3 13 48
4.50651 0 1.3 1.7 -5 1 0 0 0 1 2.1 6 0.048 3 13 48
4.52317 0 1.3 1.7 -5 1 0 0 0 1 2.1 6 0.048 3 13 48
4.67514 0 1.3 1.7 -5 1 0 0 0 1 2.1 6 0.048 3 13 48
4.6918 0 1.3 1.7 -5 1 0 0 0 1 2.1 6 0.048 3 13 48
4.84587 0 1.3 1.7 -5 1 0 0 0 1 2.1 6 0.048 3 13 48
4.86253 0 1.3 1.7 -5 1 0 0 0 1 2.1 6 0.048 3 13 48
5.01639 0 1.3 1.7 -5 1 0 0 0 1 2.1 6 0.048 3 13 48
5.03305 0 1.3 1.7 -5 1 0 0 0 1 2.1 6 0.048 3 13 48
5.18649 0 1.3 1.7 -5 1 0 0 0 1 2.1 6 0.048 3 13 48
5.2726 0 1.3 1.7 -5 1 0 0 0 1 2.1 6 0.048 3 13 48
5.28926 0 1.3 1.7 -5 1 0 0 0 1 2.1 6 0.048 3 13 48
5.4627 0 1.3 1.7 -5 1 0 0 0 1 2.1 6 0.048 3 13 48
5.47936 0 1.3 1.7 -5 1 0 0 0 1 2.1 6 0.048 3 13 48
5.55242 0 1.3 1.7 -5 1 0 0 0 1 2.1 6 0.048 3 13 48
5.73218 0 1.3 1.7 -5 1 0 0 0 1 2.1 6 0.048 3 13 48
5.74884 0 1.3 1.7 -5 1 0 0 0 1 2.1 6 0.048 3 13 48
5.90197 0 1.3 1.7 -5 1 0 0 0 1 2.1 6 0.048 3 13 48
5.91864 0 1.3 1.7 -5 1 0 0 0 1 2.1 6 0.048 3 13 48
6.07156 0 1.3 1.7 -5 1 0 0 0 1 2.1 6 0.048 3 13 48
6.08823 0 1.3 1.7 -5 1 0 0 0 1 2.1 6 0.048 3 13 48
6.23934 0 1.3 1.7 -5 1 0 0 0 1 2.1 6 0.048 3 13 48
6.256 0 1.3 1.7 -5 1 0 0 0 1 2.1 6 0.048 3 13 48
6.41143 0 1.3 1.7 -5 1 0 0 0 1 2.1 6 0.048 3 13 48
6.49592 0 1.3 1.7 -5 1 0 0 0 1 2.1 6 0.048 3 13 48
6.51259 0 1.3 1.7 -5 1 0 0 0 1 2.1 6 0.048 3 13 48
6.66362 0 1.3 1.7 -5 1 0 0 0 1 2.1 6 0.048 3 13 48
6.68028 0 1.3 1.7 -5 1 0 0 0 1 2.1 6 0.048 3 13 48
6.8325 0 1.3 1.7 -5 1 0 0 0 1 2.1 6 0.048 3 13 48
6.84917 0 1.3 1.7 -5 1 0 0 0 1 2.1 6 0.048 3 13 48
7.00028 0 1.3 1.7 -5 1 0 0 0 1 2.1 6 0.048 3 13 48
7.08397 0 1.3 1.7 -5 1 0 0 0 1 2.1 6 0.048 3 13 48
7.10064 0 1.3 1.7 -5 1 0 0 0 1 2.1 6 0.048 3 13 48
7.24657 0 1.3 1.7 -5 1 0 0 0 1 2.1 6 0.048 3 13 48
7.26323 0 1.3 1.7 -5 1 0 0 0 1 2.1 6 0.048 3 13 48
7.40946 0 1.3 1.7 -5 1 0 0 0 1 2.1 6 0.048 3 13 48
7.42613 0 1.3 1.7 -5 1 0 0 0 1 2.1 6 0.048 3 13 48
7.57166 0 1.3 1.7 -5 1 0 0 0 1 2.1 6 0.048 3 13 48
7.65207 0 1.3 1.7 -5 1 0 0 0 1 2.1 6 0.048 3 13 48
7.66873 0 1.3 1.7 -5 1 0 0 0 1 2.1 6 0.048 3 13 48
7.81218 0 1.3 1.7 -5 1 0 0 0 1 2.1 6 0.048 3 13 48
7.82885 0 1.3 1.7 -5 1 0 0 0 1 2.1 6 0.048 3 13 48
7.97067 0 1.3 1.7 -5 1 0 0 0 1 2.1 6 0.048 3 13 48
7.98733 0 1.3 1.7 -5 1 0 0 0 1 2.1 6 0.048 3 13 48
8.12822 0 1.3 1.7 -5 1 0 0 0 1 2.1 6 0.048 3 13 48
8.2096 0 1.3 1.7 -5 1 0 0 0 1 2.1 6 0.048 3 13 48
8.22626 0 1.3 1.7 -5 1 0 0 0 1 2.1 6 0.048 3 13 48
8.36696 0 1.3 1.7 -5 1 0 0 0 1 2.1 6 0.048 3 13 48
8.38362 0 1.3 1.7 -5 1 0 0 0 1 2.1 6 0.048 3 13 48
8.5254 0 1.3 1.7 -5 1 0 0 0 1 2.1 6 0.048 3 13 48
8.54207 0 1.3 1.7 -5 1 0 0 0 1 2.1 6 0.048 3 13 48
8.6817 0 1.3 1.7 -5 1 0 0 0 1 2.1 6 0.048 3 13 48
8.76089 0 1.3 1.7 -5 1 0 0 0 1 2.1 6 0.048 3 13 48
8.77755 0 1.3 1.7 -5 1 0 0 0 1 2.1 6 0.048 3 13 48
8.91652 0 1.3 1.7 -5 1 0 0 0 1 2.1 6 0.048 3 13 48
8.93319 0 1.3 1.7 -5 1 0 0 0 1 2.1 6 0.048 3 13 48
9.06939 0 1.3 1.7 -5 1 0 0 0 1 2.1 6 0.048 3 13 48
9.08606 0 1.3 1.7 -5 1 0 0 0 1 2.1 6 0.048 3 13 48
9.2207 0 1.3 1.7 -5 1 0 0 0 1 2.1 6 0.048 3 13 48
9.29389 0 1.3 1.7 -5 1 0 0 0 1 2.1 6 0.048 3 13 48
9.31056 0 1.3 1.7 -5 1 0 0 0 1 2.1 6 0.048 3 13 48
9.44088 0 1.3 1.7 -5 1 0 0 0 1 2.1 6 0.048 3 13 48
9.45755 1 -21.71 5.67836 -218.727 -0.937772 -0.00161208 -0.346776 0.0181049 1 2.1 6 0.048 3 13 48
9.59355 1 -21.71 5.67836 -218.727 -0.937772 -0.00161208 -0.346776 0.0181049 1 2.1 6 0.048 3 13 48
9.63991 1 -21.71 5.67836 -218.727 -0.937772 -0.00161208 -0.346776 0.0181049 1 2.1 6 0.048 3 13 48
9.73825 1 -21.71 5.67836 -218.727 -0.937772 -0.00161208 -0.346776 0.0181049 1 2.1 6 0.048 3 13 48
9.81518 1 -21.71 5.67836 -218.727 -0.937772 -0.00161208 -0.346776 0.0181049 1 2.1 6 0.048 3 13 48
9.83185 1 -21.71 5.67836 -218.727 -0.937772 -0.00161208 -0.346776 0.0181049 1 2.1 6 0.048 3 13 48
9.9691 1 -21.71 5.67836 -218.727 -0.937772 -0.00161208 -0.346776 0.0181049 1 2.1 6 0.048 3 13 48
9.98577 1 -21.71 5.67836 -218.727 -0.937772 -0.00161208 -0.346776 0.0181049 1 2.1 6 0.048 3 13 48
10.0565 1 -21.71 5.67836 -218.727 -0.937772 -0.00161208 -0.346776 0.0181049 1 2.1 6 0.048 3 13 48
10.0731 1 -21.71 5.67836 -218.727 -0.937772 -0.00161208 -0.346776 0.0181049 1 2.1 6 0.048 3 13 48
10.0898 1 -21.71 5.67836 -218.727 -0.937772 -0.00161208 -0.346776 0.0181049 1 2.1 6 0.048 3 13 48
10.1065 1 -21.71 5.67836 -218.727 -0.937772 -0.00161208 -0.346776 0.0181049 1 2.1 6 0.048 3 13 48
10.1231 1 -21.71 5.67836 -218.727 -0.937772 -0.00161208 -0.346776 0.0181049 1 2.1 6 0.048 3 13 48
10.1398 1 -21.71 5.67836 -218.727 -0.937772 -0.00161208 -0.346776 0.0181049 1 2.1 6 0.048 3 13 48
10.1565 1 -21.71 5.67836 -218.727 -0.937772 -0.00161208 -0.346776 0.0181049 1 2.1 6 0.048 3 13 48
10.1731 1 -21.71 5.67836 -218.727 -0.937772 -0.00161208 -0.346776 0.0181049 1 2.1 6 0.048 3 13 48
10.1898 1 -21.71 5.67836 -218.727 -0.937772 -0.00161208 -0.346776 0.0181049 1 2.1 6 0.048 3 13 48
10.2065 1 -21.71 5.67836 -218.727 -0.937772 -0.00161208 -0.346776 0.0181049 1 2.1 6 0.048 3 13 48
10.2231 1 -21.71 5.67836 -218.727 -0.937772 -0.00161208 -0.346776 0.0181049 1 2.1 6 0.048 3 13 48
10.2398 1 -21.71 5.67836 -218.727 -0.937772 -0.00161208 -0.346776 0.0181049 1 2.1 6 0.048 3 13 48
10.2565 1 -21.71 5.67836 -218.727 -0.937772 -0.00161208 -0.346776 0.0181049 1 2.1 6 0.048 3 13 48
10.2731 1 -21.71 5.67836 -218.727 -0.937772 -0.00161208 -0.346776 0.0181049 1 2.1 6 0.048 3 13 48
10.2898 1 -21.71 5.67836 -218.727 -0.937772 -0.00161208 -0.346776 0.0181049 1 2.1 6 0.048 3 13 48
10.3065 1 -21.71 5.67836 -218.727 -0.937772 -0.00161208 -0.346776 0.0181049 1 2.1 6 0.048 3 13 48
10.3231 1 -21.71 5.67836 -218.727 -0.937772 -0.00161208 -0.346776 0.0181049 1 2.1 6 0.048 3 13 48
10.3398 1 -21.71 5.67836 -218.727 -0.937772 -0.00161208 -0.346776 0.0181049 1 2.1 6 0.048 3 13 48
10.3565 1 -21.71 5.67836 -218.727 -0.937772 -0.00161208 -0.346776 0.0181049 1 2.1 6 0.048 3 13 48
10.3731 1 -21.71 5.67836 -218.727 -0.937772 -0.00161208 -0.346776 0.0181049 1 2.1 6 0.048 3 13 48
10.3898 1 -21.71 5.67836 -218.727 -0.937772 -0.00161208 -0.346776 0.0181049 1 2.1 6 0.048 3 13 48
10.4065 1 -21.71 5.67836 -218.727 -0.937772 -0.00161208 -0.346776 0.0181049 1 2.1 6 0.048 3 13 48
10.4231 1 -21.71 5.67836 -218.727 -0.937772 -0.00161208 -0.346776 0.0181049 1 2.1 6 0.048 3 13 48
10.4398 1 -21.71 5.67836 -218.727 -0.937772 -0.00161208 -0.346776 0.0181049 1 2.1 6 0.048 3 13 48
10.4565 1 -21.71 5.67836 -218.727 -0.937772 -0.00161208 -0.346776 0.0181049 1 2.1 6 0.048 3 13 48
10.4731 1 -21.71 5.67836 -218.727 -0.937772 -0.00161208 -0.346776 0.0181049 1 2.1 6 0.048 3 13 48
10.4898 1 -21.71 5.67836 -218.727 -0.937772 -0.00161208 -0.346776 0.0181049 1 2.1 6 0.048 3 13 48
10.5065 1 -21.71 5.67836 -218.727 -0.937772 -0.00161208 -0.346776 0.0181049 1 2.1 6 0.048 3 13 48
10.5231 1 -21.71 5.67836 -218.727 -0.937772 -0.00161208 -0.346776 0.0181049 1 2.1 6 0.048 3 13 48
10.5398 1 -21.71 5.67836 -218.727 -0.937772 -0.00161208 -0.346776 0.0181049 1 2.1 6 0.048 3 13 48
10.5565 1 -21.71 5.67836 -218.727 -0.937772 -0.00161208 -0.346776 0.0181049 1 2.1 6 0.048 3 13 48
10.5731 1 -21.71 5.67836 -218.727 -0.937772 -0.00161208 -0.346776 0.0181049 1 2.1 6 0.048 3 13 48
10.5898 1 -21.71 5.67836 -218.727 -0.937772 -0.00161208 -0.346776 0.0181049 1 2.1 6 0.048 3 13 48
10.6065 1 -21.71 5.67836 -218.727 -0.937772 -0.00161208 -0.346776 0.0181049 1 2.1 6 0.048 3 13 48
10.6231 1 -21.71 5.67836 -218.727 -0.937772 -0.00161208 -0.346776 0.0181049 1 2.1 6 0.048 3 13 48
10.6398 1 -21.71 5.67836 -218.727 -0.937772 -0.00161208 -0.346776 0.0181049 1 2.1 6 0.048 3 13 48
10.6565 1 -21.71 5.67836 -218.727 -0.937772 -0.00161208 -0.346776 0.0181049 1 2.1 6 0.048 3 13 48
10.6731 1 -21.71 5.67836 -218.727 -0.937772 -0.00161208 -0.346776 0.0181049 1 2.1 6 0.048 3 13 48
10.6898 1 -21.71 5.67836 -218.727 -0.937772 -0.00161208 -0.346776 0.0181049 1 2.1 6 0.048 3 13 48
10.7065 1 -21.71 5.67836 -218.727 -0.937772 -0.00161208 -0.346776 0.0181049 1 2.1 6 0.048 3 13 48
10.7231 1 -21.71 5.67836 -218.727 -0.937772 -0.00161208 -0.346776 0.0181049 1 2.1 6 0.048 3 13 48
10.7398 1 -21.71 5.67836 -218.727 -0.937772 -0.00161208 -0.346776 0.0181049 1 2.1 6 0.048 3 13 48
10.7565 1 -21.71 5.67836 -218.727 -0.937772 -0.00161208 -0.346776 0.0181049 1 2.1 6 0.048 3 13 48
10.7731 1 -21.71 5.67836 -218.727 -0.937772 -0.00161208 -0.346776 0.0181049 1 2.1 6 0.048 3 13 48
10.7898 1 -21.71 5.67836 -218.727 -0.937772 -0.00161208 -0.346776 0.0181049 1 2.1 6 0.048 3 13 48
10.8065 1 -21.71 5.67836 -218.727 -0.937772 -0.00161208 -0.346776 0.0181049 1 2.1 6 0.048 3 13 48
10.8231 1 -21.71 5.67836 -218.727 -0.937772 -0.00161208 -0.346776 0.0181049 1 2.1 6 0.048 3 13 48
10.8398 1 -21.71 5.67836 -218.727 -0.937772 -0.00161208 -0.346776 0.0181049 1 2.1 6 0.048 3 13 48
10.8565 1 -21.71 5.67836 -218.727 -0.937772 -0.00161208 -0.346776 0.0181049 1 2.1 6 0.048 3 13 48
10.8731 1 -21.71 5.67836 -218.727 -0.937772 -0.00161208 -0.346776 0.0181049 1 2.1 6 0.048 3 13 48
10.8898 1 -21.71 5.67836 -218.727 -0.937772 -0.00161208 -0.346776 0.0181049 1 2.1 6 0.048 3 13 48
10.9065 1 -21.71 5.67836 -218.727 -0.937772 -0.00161208 -0.346776 0.0181049 1 2.1 6 0.048 3 13 48
10.9231 1 -21.71 5.67836 -218.727 -0.937772 -0.00161208 -0.346776 0.0181049 1 2.1 6 0.048 3 13 48
10.9398 1 -21.71 5.67836 -218.727 -0.937772 -0.00161208 -0.346776 0.0181049 1 2.1 6 0.048 3 13 48
10.9565 1 -21.71 5.67836 -218.727 -0.937772 -0.00161208 -0.346776 0.0181049 1 2.1 6 0.048 3 13 48
10.9731 1 -21.71 5.67836 -218.727 -0.937772 -0.00161208 -0.346776 0.0181049 1 2.1 6 0.048 3 13 48
10.9898 1 -21.71 5.67836 -218.727 -0.937772 -0.00161208 -0.346776 0.0181049 1 2.1 6 0.048 3 13 48
11.0065 1 -21.71 5.67836 -218.727 -0.937772 -0.00161208 -0.346776 0.0181049 1 2.1 6 0.048 3 13 48
11.0231 1 -21.71 5.67836 -218.727 -0.937772 -0.00161208 -0.346776 0.0181049 1 2.1 6 0.048 3 13 48
11.0398 1 -21.71 5.67836 -218.727 -0.937772 -0.00161208 -0.346776 0.0181049 1 2.1 6 0.048 3 13 48
11.0565 1 -21.71 5.67836 -218.727 -0.937772 -0.00161208 -0.346776 0.0181049 1 2.1 6 0.048 3 13 48
11.0731 1 -21.71 5.67836 -218.727 -0.937772 -0.00161208 -0.346776 0.0181049 1 2.1 6 0.048 3 13 48
11.0898 1 -21.71 5.67836 -218.727 -0.937772 -0.00161208 -0.346776 0.0181049 1 2.1 6 0.048 3 13 48
11.1065 1 -21.71 5.67836 -218.727 -0.937772 -0.00161208 -0.346776 0.0181049 1 2.1 6 0.048 3 13 48
11.1231 1 -21.71 5.67836 -218.727 -0.937772 -0.00161208 -0.346776 0.0181049 1 2.1 6 0.048 3 13 48
11.1398 1 -21.71 5.67836 -218.727 -0.937772 -0.00161208 -0.346776 0.0181049 1 2.1 6 0.048 3 13 48
11.1565 1 -21.71 5.67836 -218.727 -0.937772 -0.00161208 -0.346776 0.0181049 1 2.1 6 0.048 3 13 48
11.1731 1 -21.71 5.67836 -218.727 -0.937772 -0.00161208 -0.346776 0.0181049 1 2.1 6 0.048 3 13 48
11.1898 1 -21.71 5.67836 -218.727 -0.937772 -0.00161208 -0.346776 0.0181049 1 2.1 6 0.048 3 13 48
11.2065 1 -21.71 5.67836 -218.727 -0.937772 -0.00161208 -0.346776 0.0181049 1 2.1 6 0.048 3 13 48
11.2231 1 -21.71 5.67836 -218.727 -0.937772 -0.00161208 -0.346776 0.0181049 1 2.1 6 0.048 3 13 48
11.2398 1 -21.71 5.67836 -218.727 -0.937772 -0.00161208 -0.346776 0.0181049 1 2.1 6 0.048 3 13 48
11.2565 1 -21.71 5.67836 -218.727 -0.937772 -0.00161208 -0.346776 0.0181049 1 2.1 6 0.048 3 13 48
11.2731 1 -21.71 5.67836 -218.727 -0.937772 -0.00161208 -0.346776 0.0181049 1 2.1 6 0.048 3 13 48
11.2898 1 -21.71 5.67836 -218.727 -0.937772 -0.00161208 -0.346776 0.0181049 1 2.1 6 0.048 3 13 48
11.3065 1 -21.71 5.67836 -218.727 -0.937772 -0.00161208 -0.346776 0.0181049 1 2.1 6 0.048 3 13 48
11.3231 1 -21.71 5.67836 -218.727 -0.937772 -0.00161208 -0.346776 0.0181049 1 2.1 6 0.048 3 13 48
11.3398 1 -21.71 5.67836 -218.727 -0.937772 -0.00161208 -0.346776 0.0181049 1 2.1 6 0.048 3 13 48
11.3565 1 -21.71 5.67836 -218.727 -0.937772 -0.00161208 -0.346776 0.0181049 1 2.1 6 0.048 3 13 48
11.3731 1 -21.71 5.67836 -218.727 -0.937772 -0.00161208 -0.346776 0.0181049 1 2.1 6 0.048 3 13 48
11.3898 1 -21.71 5.67836 -218.727 -0.937772 -0.00161208 -0.346776 0.0181049 1 2.1 6 0.048 3 13 48
11.4065 1 -21.71 5.67836 -218.727 -0.937772 -0.00161208 -0.346776 0.0181049 1 2.1 6 0.048 3 13 48
11.4231 1 -21.71 5.67836 -218.727 -0.937772 -0.00161208 -0.346776 0.0181049 1 2.1 6 0.048 3 13 48
11.4398 1 -21.71 5.67836 -218.727 -0.937772 -0.00161208 -0.346776 0.0181049 1 2.1 6 0.048 3 13 48
11.4565 1 -21.71 5.67836 -218.727 -0.937772 -0.00161208 -0.346776 0.0181049 1 2.1 6 0.048 3 13 48
11.4731 1 -21.71 5.67836 -218.727 -0.937772 -0.00161208 -0.346776 0.0181049 1 2.1 6 0.048 3 13 48
11.4898 1 -21.71 5.67836 -218.727 -0.937772 -0.00161208 -0.346776 0.0181049 1 2.1 6 0.048 3 13 48
11.5065 1 -21.71 5.67836 -218.727 -0.937772 -0.00161208 -0.346776 0.0181049 1 2.1 6 0.048 3 13 48
11.5231 1 -21.71 5.67836 -218.727 -0.937772 -0.00161208 -0.346776 0.0181049 1 2.1 6 0.048 3 13 48
11.5398 1 -21.71 5.67836 -218.727 -0.937772 -0.00161208 -0.346776 0.0181049 1 2.1 6 0.048 3 13 48
11.5565 1 -21.71 5.67836 -218.727 -0.937772 -0.00161208 -0.346776 0.0181049 1 2.1 6 0.048 3 13 48
11.5731 1 -21.71 5.67836 -218.727 -0.937772 -0.00161208 -0.346776 0.0181049 1 2.1 6 0.048 3 13 48
11.5898 1 -21.71 5.67836 -218.727 -0.937772 -0.00161208 -0.346776 0.0181049 1 2.1 6 0.048 3 13 48
11.6065 1 -21.71 5.67836 -218.727 -0.937772 -0.00161208 -0.346776 0.0181049 1 2.1 6 0.048 3 13 48
11.6231 1 -21.71 5.67836 -218.727 -0.937772 -0.00161208 -0.346776 0.0181049 1 2.1 6 0.048 3 13 48
11.6398 1 -21.71 5.67836 -218.727 -0.937772 -0.00161208 -0.346776 0.0181049 1 2.1 6 0.048 3 13 48
11.6565 1 -21.71 5.67836 -218.727 -0.937772 -0.00161208 -0.346776 0.0181049 1 2.1 6 0.048 3 13 48
11.6731 1 -21.71 5.67836 -218.727 -0.937772 -0.00161208 -0.346776 0.0181049 1 2.1 6 0.048 3 13 48
11.6898 1 -21.71 5.67836 -218.727 -0.937772 -0.00161208 -0.346776 0.0181049 1 2.1 6 0.048 3 13 48
11.7065 1 -21.71 5.67836 -218.727 -0.937772 -0.00161208 -0.346776 0.0181049 1 2.1 6 0.048 3 13 48
11.7231 1 -21.71 5.67836 -218.727 -0.937772 -0.00161208 -0.346776 0.0181049 1 2.1 6 0.048 3 13 48
11.7398 1 -21.71 5.67836 -218.727 -0.937772 -0.00161208 -0.346776 0.0181049 1 2.1 6 0.048 3 13 48
11.7565 1 -21.71 5.67836 -218.727 -0.937772 -0.00161208 -0.346776 0.0181049 1 2.1 6 0.048 3 13 48
11.7731 1 -21.71 5.67836 -218.727 -0.937772 -0.00161208 -0.346776 0.0181049 1 2.1 6 0.048 3 13 48
11.7898 1 -21.71 5.67836 -218.727 -0.937772 -0.00161208 -0.346776 0.0181049 1 2.1 6 0.048 3 13 48
11.8065 1 -21.71 5.67836 -218.727 -0.937772 -0.00161208 -0.346776 0.0181049 1 2.1 6 0.048 3 13 48
11.8231 1 -21.71 5.67836 -218.727 -0.937772 -0.00161208 -0.346776 0.0181049 1 2.1 6 0.048 3 13 48
11.8398 1 -21.71 5.67836 -218.727 -0.937772 -0.00161208 -0.346776 0.0181049 1 2.1 6 0.048 3 13 48
11.8565 1 -21.71 5.67836 -218.727 -0.937772 -0.00161208 -0.346776 0.0181049 1 2.1 6 0.048 3 13 48
11.8731 1 -21.71 5.67836 -218.727 -0.937772 -0.00161208 -0.346776 0.0181049 1 2.1 6 0.048 3 13 48
11.8898 1 -21.71 5.67836 -218.727 -0.937772 -0.00161208 -0.346776 0.0181049 1 2.1 6 0.048 3 13 48
11.9065 1 -21.71 5.67836 -218.727 -0.937772 -0.00161208 -0.346776 0.0181049 1 2.1 6 0.048 3 13 48
11.9231 1 -21.71 5.67836 -218.727 -0.937772 -0.00161208 -0.346776 0.0181049 1 2.1 6 0.048 3 13 48
11.9398 1 -21.71 5.67836 -218.727 -0.937772 -0.00161208 -0.346776 0.0181049 1 2.1 6 0.048 3 13 48
11.9565 1 -21.71 5.67836 -218.727 -0.937772 -0.00161208 -0.346776 0.0181049 1 2.1 6 0.048 3 13 48
11.9731 1 -21.71 5.67836 -218.727 -0.937772 -0.00161208 -0.346776 0.0181049 1 2.1 6 0.048 3 13 48
11.9898 1 -21.71 5.67836 -218.727 -0.937772 -0.00161208 -0.346776 0.0181049 1 2.1 6 0.048 3 13 48
12.0065 1 -21.71 5.67836 -218.727 -0.937772 -0.00161208 -0.346776 0.0181049 1 2.1 6 0.048 3 13 48
12.0231 1 -21.71 5.67836 -218.727 -0.937772 -0.00161208 -0.346776 0.0181049 1 2.1 6 0.048 3 13 48
12.0398 1 -21.71 5.67836 -218.727 -0.937772 -0.00161208 -0.346776 0.0181049 1 2.1 6 0.048 3 13 48
12.0565 1 -21.71 5.67836 -218.727 -0.937772 -0.00161208 -0.346776 0.0181049 1 2.1 6 0.048 3 13 48
12.0731 1 -21.71 5.67836 -218.727 -0.937772 -0.00161208 -0.346776 0.0181049 1 2.1 6 0.048 3 13 48
12.0898 1 -21.71 5.67836 -218.727 -0.937772 -0.00161208 -0.346776 0.0181049 1 2.1 6 0.048 3 13 48
12.1065 1 -21.71 5.67836 -218.727 -0.937772 -0.00161208 -0.346776 0.0181049 1 2.1 6 0.048 3 13 48
12.1231 1 -21.71 5.67836 -218.727 -0.937772 -0.00161208 -0.346776 0.0181049 1 2.1 6 0.048 3 13 48
12.1398 1 -21.71 5.67836 -218.727 -0.937772 -0.00161208 -0.346776 0.0181049 1 2.1 6 0.048 3 13 48
12.1565 1 -21.71 5.67836 -218.727 -0.937772 -0.00161208 -0.346776 0.0181049 1 2.1 6 0.048 3 13 48
12.1731 1 -21.71 5.67836 -218.727 -0.937772 -0.00161208 -0.346776 0.0181049 1 2.1 6 0.048 3 13 48
12.1898 1 -21.71 5.67836 -218.727 -0.937772 -0.00161208 -0.346776 0.0181049 1 2.1 6 0.048 3 13 48
12.2065 1 -21.71 5.67836 -218.727 -0.937772 -0.00161208 -0.346776 0.0181049 1 2.1 6 0.048 3 13 48
12.2231 1 -21.71 5.67836 -218.727 -0.937772 -0.00161208 -0.346776 0.0181049 1 2.1 6 0.048 3 13 48
12.2398 1 -21.71 5.67836 -218.727 -0.937772 -0.00161208 -0.346776 0.0181049 1 2.1 6 0.048 3 13 48
12.2565 1 -21.71 5.67836 -218.727 -0.937772 -0.00161208 -0.346776 0.0181049 1 2.1 6 0.048 3 13 48
12.2731 1 -21.71 5.67836 -218.727 -0.937772 -0.00161208 -0.346776 0.0181049 1 2.1 6 0.048 3 13 48
12.2898 1 -21.71 5.67836 -218.727 -0.937772 -0.00161208 -0.346776 0.0181049 1 2.1 6 0.048 3 13 48
12.3065 1 -21.71 5.67836 -218.727 -0.937772 -0.00161208 -0.346776 0.0181049 1 2.1 6 0.048 3 13 48
12.3231 1 -21.71 5.67836 -218.727 -0.937772 -0.00161208 -0.346776 0.0181049 1 2.1 6 0.048 3 13 48
12.3398 1 -21.71 5.67836 -218.727 -0.937772 -0.00161208 -0.346776 0.0181049 1 2.1 6 0.048 3 13 48
12.3565 1 -21.71 5.67836 -218.727 -0.937772 -0.00161208 -0.346776 0.0181049 1 2.1 6 0.048 3 13 48
12.3731 1 -21.71 5.67836 -218.727 -0.937772 -0.00161208 -0.346776 0.0181049 1 2.1 6 0.048 3 13 48
12.3898 1 -21.71 5.67836 -218.727 -0.937772 -0.00161208 -0.346776 0.0181049 1 2.1 6 0.048 3 13 48
12.4065 1 -21.71 5.67836 -218.727 -0.937772 -0.00161208 -0.346776 0.0181049 1 2.1 6 0.048 3 13 48
12.4231 1 -21.71 5.67836 -218.727 -0.937772 -0.00161208 -0.346776 0.0181049 1 2.1 6 0.048 3 13 48
12.4398 1 -21.71 5.67836 -218.727 -0.937772 -0.00161208 -0.346776 0.0181049 1 2.1 6 0.048 3 13 48
12.4565 1 -21.71 5.67836 -218.727 -0.937772 -0.00161208 -0.346776 0.0181049 1 2.1 6 0.048 3 13 48
12.4731 1 -21.71 5.67836 -218.727 -0.937772 -0.00161208 -0.346776 0.0181049 1 2.1 6 0.048 3 13 48
12.4898 1 -21.71 5.67836 -218.727 -0.937772 -0.00161208 -0.346776 0.0181049 1 2.1 6 0.048 3 13 48
12.5065 1 -21.71 5.67836 -218.727 -0.937772 -0.00161208 -0.346776 0.0181049 1 2.1 6 0.048 3 13 48
12.5231 1 -21.71 5.67836 -218.727 -0.937772 -0.00161208 -0.346776 0.0181049 1 2.1 6 0.048 3 13 48
12.5398 1 -21.71 5.67836 -218.727 -0.937772 -0.00161208 -0.346776 0.0181049 1 2.1 6 0.048 3 13 48
12.5565 1 -21.71 5.67836 -218.727 -0.937772 -0.00161208 -0.346776 0.0181049 1 2.1 6 0.048 3 13 48
12.5731 1 -21.71 5.67836 -218.727 -0.937772 -0.00161208 -0.346776 0.0181049 1 2.1 6 0.048 3 13 48
12.5898 1 -21.71 5.67836 -218.727 -0.937772 -0.00161208 -0.346776 0.0181049 1 2.1 6 0.048 3 13 48
12.6065 1 -21.71 5.67836 -218.727 -0.937772 -0.00161208 -0.346776 0.0181049 1 2.1 6 0.048 3 13 48
12.6231 1 -21.71 5.67836 -218.727 -0.937772 -0.00161208 -0.346776 0.0181049 1 2.1 6 0.048 3 13 48
12.6398 1 -21.71 5.67836 -218.727 -0.937772 -0.00161208 -0.346776 0.0181049 1 2.1 6 0.048 3 13 48
12.6565 1 -21.71 5.67836 -218.727 -0.937772 -0.00161208 -0.346776 0.0181049 1 2.1 6 0.048 3 13 48
12.6731 1 -21.71 5.67836 -218.727 -0.937772 -0.00161208 -0.346776 0.0181049 1 2.1 6 0.048 3 13 48
12.6898 1 -21.71 5.67836 -218.727 -0.937772 -0.00161208 -0.346776 0.0181049 1 2.1 6 0.048 3 13 48
12.7065 1 -21.71 5.67836 -218.727 -0.937772 -0.00161208 -0.346776 0.0181049 1 2.1 6 0.048 3 13 48
12.7231 1 -21.71 5.67836 -218.727 -0.937772 -0.00161208 -0.346776 0.0181049 1 2.1 6 0.048 3 13 48
12.7398 1 -21.71 5.67836 -218.727 -0.937772 -0.00161208 -0.346776 0.0181049 1 2.1 6 0.048 3 13 48
12.7565 1 -21.71 5.67836 -218.727 -0.937772 -0.00161208 -0.346776 0.0181049 1 2.1 6 0.048 3 13 48
12.7731 1 -21.71 5.67836 -218.727 -0.937772 -0.00161208 -0.346776 0.0181049 1 2.1 6 0.048 3 13 48
12.7898 1 -21.71 5.67836 -218.727 -0.937772 -0.00161208 -0.346776 0.0181049 1 2.1 6 0.048 3 13 48
12.8065 1 -21.71 5.67836 -218.727 -0.937772 -0.00161208 -0.346776 0.0181049 1 2.1 6 0.048 3 13 48
12.8231 1 -21.71 5.67836 -218.727 -0.937772 -0.00161208 -0.346776 0.0181049 1 2.1 6 0.048 3 13 48
12.8398 1 -21.71 5.67836 -218.727 -0.937772 -0.00161208 -0.346776 0.0181049 1 2.1 6 0.048 3 13 48
12.8565 1 -21.71 5.67836 -218.727 -0.937772 -0.00161208 -0.346776 0.0181049 1 2.1 6 0.048 3 13 48
12.8731 1 -21.71 5.67836 -218.727 -0.937772 -0.00161208 -0.346776 0.0181049 1 2.1 6 0.048 3 13 48
12.8898 1 -21.71 5.67836 -218.727 -0.937772 -0.00161208 -0.346776 0.0181049 1 2.1 6 0.048 3 13 48
12.9065 1 -21.71 5.67836 -218.727 -0.937772 -0.00161208 -0.346776 0.0181049 1 2.1 6 0.048 3 13 48
12.9231 1 -21.71 5.67836 -218.727 -0.937772 -0.00161208 -0.346776 0.0181049 1 2.1 6 0.048 3 13 48
12.9398 1 -21.71 5.67836 -218.727 -0.937772 -0.00161208 -0.346776 0.0181049 1 2.1 6 0.048 3 13 48
12.9565 1 -21.71 5.67836 -218.727 -0.937772 -0.00161208 -0.346776 0.0181049 1 2.1 6 0.048 3 13 48
12.9731 1 -21.71 5.67836 -218.727 -0.937772 -0.00161208 -0.346776 0.0181049 1 2.1 6 0.048 3 13 48
12.9898 1 -21.71 5.67836 -218.727 -0.937772 -0.00161208 -0.346776 0.0181049 1 2.1 6 0.048 3 13 48
13.0065 1 -21.71 5.67836 -218.727 -0.937772 -0.00161208 -0.346776 0.0181049 1 2.1 6 0.048 3 13 48
13.0231 1 -21.71 5.67836 -218.727 -0.937772 -0.00161208 -0.346776 0.0181049 1 2.1 6 0.048 3 13 48
13.0398 1 -21.71 5.67836 -218.727 -0.937772 -0.00161208 -0.346776 0.0181049 1 2.1 6 0.048 3 13 48
13.0565 1 -21.71 5.67836 -218.727 -0.937772 -0.00161208 -0.346776 0.0181049 1 2.1 6 0.048 3 13 48
13.0731 1 -21.71 5.67836 -218.727 -0.937772 -0.00161208 -0.346776 0.0181049 1 2.1 6 0.048 3 13 48
13.0898 1 -21.71 5.67836 -218.727 -0.937772 -0.00161208 -0.346776 0.0181049 1 2.1 6 0.048 3 13 48
13.1065 1 -21.71 5.67836 -218.727 -0.937772 -0.00161208 -0.346776 0.0181049 1 2.1 6 0.048 3 13 48
13.1231 1 -21.71 5.67836 -218.727 -0.937772 -0.00161208 -0.346776 0.0181049 1 2.1 6 0.048 3 13 48
13.1398 1 -21.71 5.67836 -218.727 -0.937772 -0.00161208 -0.346776 0.0181049 1 2.1 6 0.048 3 13 48
13.1565 1 -21.71 5.67836 -218.727 -0.937772 -0.00161208 -0.346776 0.0181049 1 2.1 6 0.048 3 13 48
13.1731 1 -21.71 5.67836 -218.727 -0.937772 -0.00161208 -0.346776 0.0181049 1 2.1 6 0.048 3 13 48
13.1898 1 -21.71 5.67836 -218.727 -0.937772 -0.00161208 -0.346776 0.0181049 1 2.1 6 0.048 3 13 48
13.2065 1 -21.71 5.67836 -218.727 -0.937772 -0.00161208 -0.346776 0.0181049 1 2.1 6 0.048 3 13 48
13.2231 1 -21.71 5.67836 -218.727 -0.937772 -0.00161208 -0.346776 0.0181049 1 2.1 6 0.048 3 13 48
13.2398 1 -21.71 5.67836 -218.727 -0.937772 -0.00161208 -0.346776 0.0181049 1 2.1 6 0.048 3 13 48
13.2565 1 -21.71 5.67836 -218.727 -0.937772 -0.00161208 -0.346776 0.0181049 1 2.1 6 0.048 3 13 48
13.2731 1 -21.71 5.67836 -218.727 -0.937772 -0.00161208 -0.346776 0.0181049 1 2.1 6 0.048 3 13 48
13.2898 1 -21.71 5.67836 -218.727 -0.937772 -0.00161208 -0.346776 0.0181049 1 2.1 6 0.048 3 13 48
13.3065 1 -21.71 5.67836 -218.727 -0.937772 -0.00161208 -0.346776 0.0181049 1 2.1 6 0.048 3 13 48
13.3231 1 -21.71 5.67836 -218.727 -0.937772 -0.00161208 -0.346776 0.0181049 1 2.1 6 0.048 3 13 48
13.3398 1 -21.71 5.67836 -218.727 -0.937772 -0.00161208 -0.346776 0.0181049 1 2.1 6 0.048 3 13 48
13.3565 1 -21.71 5.67836 -218.727 -0.937772 -0.00161208 -0.346776 0.0181049 1 2.1 6 0.048 3 13 48
13.3731 1 -21.71 5.67836 -218.727 -0.937772 -0.00161208 -0.346776 0.0181049 1 2.1 6 0.048 3 13 48
13.3898 1 -21.71 5.67836 -218.727 -0.937772 -0.00161208 -0.346776 0.0181049 1 2.1 6 0.048 3 13 48
13.4065 1 -21.71 5.67836 -218.727 -0.937772 -0.00161208 -0.346776 0.0181049 1 2.1 6 0.048 3 13 48
13.4231 1 -21.71 5.67836 -218.727 -0.937772 -0.00161208 -0.346776 0.0181049 1 2.1 6 0.048 3 13 48
13.4398 1 -21.71 5.67836 -218.727 -0.937772 -0.00161208 -0.346776 0.0181049 1 2.1 6 0.048 3 13 48
13.4565 1 -21.71 5.67836 -218.727 -0.937772 -0.00161208 -0.346776 0.0181049 1 2.1 6 0.048 3 13 48
13.4731 1 -21.71 5.67836 -218.727 -0.937772 -0.00161208 -0.346776 0.0181049 1 2.1 6 0.048 3 13 48
13.4898 1 -21.71 5.67836 -218.727 -0.937772 -0.00161208 -0.346776 0.0181049 1 2.1 6 0.048 3 13 48
13.5065 1 -21.71 5.67836 -218.727 -0.937772 -0.00161208 -0.346776 0.0181049 1 2.1 6 0.048 3 13 48
13.5231 1 -21.71 5.67836 -218.727 -0.937772 -0.00161208 -0.346776 0.0181049 1 2.1 6 0.048 3 13 48
13.5398 1 -21.71 5.67836 -218.727 -0.937772 -0.00161208 -0.346776 0.0181049 1 2.1 6 0.048 3 13 48
13.5565 1 -21.71 5.67836 -218.727 -0.937772 -0.00161208 -0.346776 0.0181049 1 2.1 6 0.048 3 13 48
13.5731 1 -21.71 5.67836 -218.727 -0.937772 -0.00161208 -0.346776 0.0181049 1 2.1 6 0.048 3 13 48
13.5898 1 -21.71 5.67836 -218.727 -0.937772 -0.00161208 -0.346776 0.0181049 1 2.1 6 0.048 3 13 48
13.6065 1 -21.71 5.67836 -218.727 -0.937772 -0.00161208 -0.346776 0.0181049 1 2.1 6 0.048 3 13 48
13.6231 1 -21.71 5.67836 -218.727 -0.937772 -0.00161208 -0.346776 0.0181049 1 2.1 6 0.048 3 13 48
13.6398 1 -21.71 5.67836 -218.727 -0.937772 -0.00161208 -0.346776 0.0181049 1 2.1 6 0.048 3 13 48
13.6565 1 -21.71 5.67836 -218.727 -0.937772 -0.00161208 -0.346776 0.0181049 1 2.1 6 0.048 3 13 48
13.6731 1 -21.71 5.67836 -218.727 -0.937772 -0.00161208 -0.346776 0.0181049 1 2.1 6 0.048 3 13 48
13.6898 1 -21.71 5.67836 -218.727 -0.937772 -0.00161208 -0.346776 0.0181049 1 2.1 6 0.048 3 13 48
13.7065 1 -21.71 5.67836 -218.727 -0.937772 -0.00161208 -0.346776 0.0181049 1 2.1 6 0.048 3 13 48
13.7231 1 -21.71 5.67836 -218.727 -0.937772 -0.00161208 -0.346776 0.0181049 1 2.1 6 0.048 3 13 48
13.7398 1 -21.71 5.67836 -218.727 -0.937772 -0.00161208 -0.346776 0.0181049 1 2.1 6 0.048 3 13 48
13.7565 1 -21.71 5.67836 -218.727 -0.937772 -0.00161208 -0.346776 0.0181049 1 2.1 6 0.048 3 13 48
13.7731 1 -21.71 5.67836 -218.727 -0.937772 -0.00161208 -0.346776 0.0181049 1 2.1 6 0.048 3 13 48
13.7898 1 -21.71 5.67836 -218.727 -0.937772 -0.00161208 -0.346776 0.0181049 1 2.1 6 0.048 3 13 48
13.8065 1 -21.71 5.67836 -218.727 -0.937772 -0.00161208 -0.346776 0.0181049 1 2.1 6 0.048 3 13 48
13.8231 1 -21.71 5.67836 -218.727 -0.937772 -0.00161208 -0.346776 0.0181049 1 2.1 6 0.048 3 13 48
13.8398 1 -21.71 5.67836 -218.727 -0.937772 -0.00161208 -0.346776 0.0181049 1 2.1 6 0.048 3 13 48
13.8565 1 -21.71 5.67836 -218.727 -0.937772 -0.00161208 -0.346776 0.0181049 1 2.1 6 0.048 3 13 48
13.8731 1 -21.71 5.67836 -218.727 -0.937772 -0.00161208 -0.346776 0.0181049 1 2.1 6 0.048 3 13 48
13.8898 1 -21.71 5.67836 -218.727 -0.937772 -0.00161208 -0.346776 0.0181049 1 2.1 6 0.048 3 13 48
13.9065 1 -21.71 5.67836 -218.727 -0.937772 -0.00161208 -0.346776 0.0181049 1 2.1 6 0.048 3 13 48
13.9231 1 -21.71 5.67836 -218.727 -0.937772 -0.00161208 -0.346776 0.0181049 1 2.1 6 0.048 3 13 48
13.9398 1 -21.71 5.67836 -218.727 -0.937772 -0.00161208 -0.346776 0.0181049 1 2.1 6 0.048 3 13 48
13.9565 1 -21.71 5.67836 -218.727 -0.937772 -0.00161208 -0.346776 0.0181049 1 2.1 6 0.048 3 13 48
13.9731 1 -21.71 5.67836 -218.727 -0.937772 -0.00161208 -0.346776 0.0181049 1 2.1 6 0.048 3 13 48
13.9898 1 -21.71 5.67836 -218.727 -0.937772 -0.00161208 -0.346776 0.0181049 1 2.1 6 0.048 3 13 48
14.0065 1 -21.71 5.67836 -218.727 -0.937772 -0.00161208 -0.346776 0.0181049 1 2.1 6 0.048 3 13 48
14.0231 1 -21.71 5.67836 -218.727 -0.937772 -0.00161208 -0.346776 0.0181049 1 2.1 6 0.048 3 13 48
14.0398 1 -21.71 5.67836 -218.727 -0.937772 -0.00161208 -0.346776 0.0181049 1 2.1 6 0.048 3 13 48
14.0565 1 -21.71 5.67836 -218.727 -0.937772 -0.00161208 -0.346776 0.0181049 1 2.1 6 0.048 3 13 48
14.0731 1 -21.71 5.67836 -218.727 -0.937772 -0.00161208 -0.346776 0.0181049 1 2.1 6 0.048 3 13 48
14.0898 1 -21.71 5.67836 -218.727 -0.937772 -0.00161208 -0.346776 0.0181049 1 2.1 6 0.048 3 13 48
14.1065 1 -21.71 5.67836 -218.727 -0.937772 -0.00161208 -0.346776 0.0181049 1 2.1 6 0.048 3 13 48
14.1231 1 -21.71 5.67836 -218.727 -0.937772 -0.00161208 -0.346776 0.0181049 1 2.1 6 0.048 3 13 48
14.1398 1 -21.71 5.67836 -218.727 -0.937772 -0.00161208 -0.346776 0.0181049 1 2.1 6 0.048 3 13 48
14.1565 1 -21.71 5.67836 -218.727 -0.937772 -0.00161208 -0.346776 0.0181049 1 2.1 6 0.048 3 13 48
14.1731 1 -21.71 5.67836 -218.727 -0.937772 -0.00161208 -0.346776 0.0181049 1 2.1 6 0.048 3 13 48
14.1898 1 -21.71 5.67836 -218.727 -0.937772 -0.00161208 -0.346776 0.0181049 1 2.1 6 0.048 3 13 48
14.2065 1 -21.71 5.67836 -218.727 -0.937772 -0.00161208 -0.346776 0.0181049 1 2.1 6 0.048 3 13 48
14.2231 1 -21.71 5.67836 -218.727 -0.937772 -0.00161208 -0.346776 0.0181049 1 2.1 6 0.048 3 13 48
14.2398 1 -21.71 5.67836 -218.727 -0.937772 -0.00161208 -0.346776 0.0181049 1 2.1 6 0.048 3 13 48
14.2565 1 -21.71 5.67836 -218.727 -0.937772 -0.00161208 -0.346776 0.0181049 1 2.1 6 0.048 3 13 48
14.2731 1 -21.71 5.67836 -218.727 -0.937772 -0.00161208 -0.346776 0.0181049 1 2.1 6 0.048 3 13 48
14.2898 1 -21.71 5.67836 -218.727 -0.937772 -0.00161208 -0.346776 0.0181049 1 2.1 6 0.048 3 13 48
14.3065 1 -21.71 5.67836 -218.727 -0.937772 -0.00161208 -0.346776 0.0181049 1 2.1 6 0.048 3 13 48
14.3231 1 -21.71 5.67836 -218.727 -0.937772 -0.00161208 -0.346776 0.0181049 1 2.1 6 0.048 3 13 48
14.3398 1 -21.71 5.67836 -218.727 -0.937772 -0.00161208 -0.346776 0.0181049 1 2.1 6 0.048 3 13 48
14.3565 1 -21.71 5.67836 -218.727 -0.937772 -0.00161208 -0.346776 0.0181049 1 2.1 6 0.048 3 13 48
14.3731 1 -21.71 5.67836 -218.727 -0.937772 -0.00161208 -0.346776 0.0181049 1 2.1 6 0.048 3 13 48
14.3898 1 -21.71 5.67836 -218.727 -0.937772 -0.00161208 -0.346776 0.0181049 1 2.1 6 0.048 3 13 48
14.4065 1 -21.71 5.67836 -218.727 -0.937772 -0.00161208 -0.346776 0.0181049 1 2.1 6 0.048 3 13 48
14.4231 1 -21.71 5.67836 -218.727 -0.937772 -0.00161208 -0.346776 0.0181049 1 2.1 6 0.048 3 13 48
14.4398 1 -21.71 5.67836 -218.727 -0.937772 -0.00161208 -0.346776 0.0181049 1 2.1 6 0.048 3 13 48
14.4565 1 -21.71 5.67836 -218.727 -0.937772 -0.00161208 -0.346776 0.0181049 1 2.1 6 0.048 3 13 48
14.4731 1 -21.71 5.67836 -218.727 -0.937772 -0.00161208 -0.346776 0.0181049 1 2.1 6 0.048 3 13 48
14.4898 1 -21.71 5.67836 -218.727 -0.937772 -0.00161208 -0.346776 0.0181049 1 2.1 6 0.048 3 13 48
14.5065 1 -21.71 5.67836 -218.727 -0.937772 -0.00161208 -0.346776 0.0181049 1 2.1 6 0.048 3 13 48
14.5231 1 -21.71 5.67836 -218.727 -0.937772 -0.00161208 -0.346776 0.0181049 1 2.1 6 0.048 3 13 48
14.5398 1 -21.71 5.67836 -218.727 -0.937772 -0.00161208 -0.346776 0.0181049 1 2.1 6 0.048 3 13 48
14.5565 1 -21.71 5.67836 -218.727 -0.937772 -0.00161208 -0.346776 0.0181049 1 2.1 6 0.048 3 13 48
14.5731 1 -21.71 5.67836 -218.727 -0.937772 -0.00161208 -0.346776 0.0181049 1 2.1 6 0.048 3 13 48
14.5898 1 -21.71 5.67836 -218.727 -0.937772 -0.00161208 -0.346776 0.0181049 1 2.1 6 0.048 3 13 48
14.6065 1 -21.71 5.67836 -218.727 -0.937772 -0.00161208 -0.346776 0.0181049 1 2.1 6 0.048 3 13 48
14.6231 1 -21.71 5.67836 -218.727 -0.937772 -0.00161208 -0.346776 0.0181049 1 2.1 6 0.048 3 13 48
14.6398 1 -21.71 5.67836 -218.727 -0.937772 -0.00161208 -0.346776 0.0181049 1 2.1 6 0.048 3 13 48
14.6565 1 -21.71 5.67836 -218.727 -0.937772 -0.00161208 -0.346776 0.0181049 1 2.1 6 0.048 3 13 48
14.6731 1 -21.71 5.67836 -218.727 -0.937772 -0.00161208 -0.346776 0.0181049 1 2.1 6 0.048 3 13 48
14.6898 1 -21.71 5.67836 -218.727 -0.937772 -0.00161208 -0.346776 0.0181049 1 2.1 6 0.048 3 13 48
14.7065 1 -21.71 5.67836 -218.727 -0.937772 -0.00161208 -0.346776 0.0181049 1 2.1 6 0.048 3 13 48
14.7231 1 -21.71 5.67836 -218.727 -0.937772 -0.00161208 -0.346776 0.0181049 1 2.1 6 0.048 3 13 48
14.7398 1 -21.71 5.67836 -218.727 -0.937772 -0.00161208 -0.346776 0.0181049 1 2.1 6 0.048 3 13 48
14.7565 1 -21.71 5.67836 -218.727 -0.937772 -0.00161208 -0.346776 0.0181049 1 2.1 6 0.048 3 13 48
14.7731 1 -21.71 5.67836 -218.727 -0.937772 -0.00161208 -0.346776 0.0181049 1 2.1 6 0.048 3 13 48
14.7898 1 -21.71 5.67836 -218.727 -0.937772 -0.00161208 -0.346776 0.0181049 1 2.1 6 0.048 3 13 48
14.8065 1 -21.71 5.67836 -218.727 -0.937772 -0.00161208 -0.346776 0.0181049 1 2.1 6 0.048 3 13 48
14.8231 1 -21.71 5.67836 -218.727 -0.937772 -0.00161208 -0.346776 0.0181049 1 2.1 6 0.048 3 13 48
14.8398 1 -21.71 5.67836 -218.727 -0.937772 -0.00161208 -0.346776 0.0181049 1 2.1 6 0.048 3 13 48
14.8565 1 -21.71 5.67836 -218.727 -0.937772 -0.00161208 -0.346776 0.0181049 1 2.1 6 0.048 3 13 48
14.8731 1 -21.71 5.67836 -218.727 -0.937772 -0.00161208 -0.346776 0.0181049 1 2.1 6 0.048 3 13 48
14.8898 1 -21.71 5.67836 -218.727 -0.937772 -0.00161208 -0.346776 0.0181049 1 2.1 6 0.048 3 13 48
14.9065 1 -21.71 5.67836 -218.727 -0.937772 -0.00161208 -0.346776 0.0181049 1 2.1 6 0.048 3 13 48
14.9231 1 -21.71 5.67836 -218.727 -0.937772 -0.00161208 -0.346776 0.0181049 1 2.1 6 0.048 3 13 48
14.9398 1 -21.71 5.67836 -218.727 -0.937772 -0.00161208 -0.346776 0.0181049 1 2.1 6 0.048 3 13 48
14.9565 1 -21.71 5.67836 -218.727 -0.937772 -0.00161208 -0.346776 0.0181049 1 2.1 6 0.048 3 13 48
14.9731 1 -21.71 5.67836 -218.727 -0.937772 -0.00161208 -0.346776 0.0181049 1 2.1 6 0.048 3 13 48
14.9898 1 -21.71 5.67836 -218.727 -0.937772 -0.00161208 -0.346776 0.0181049 1 2.1 6 0.048 3 13 48
15.0065 1 -21.71 5.67836 -218.727 -0.937772 -0.00161208 -0.346776 0.0181049 1 2.1 6 0.048 3 13 48
15.0231 1 -21.71 5.67836 -218.727 -0.937772 -0.00161208 -0.346776 0.0181049 1 2.1 6 0.048 3 13 48
15.0398 1 -21.71 5.67836 -218.727 -0.937772 -0.00161208 -0.346776 0.0181049 1 2.1 6 0.048 3 13 48
15.0565 1 -21.71 5.67836 -218.727 -0.937772 -0.00161208 -0.346776 0.0181049 1 2.1 6 0.048 3 13 48
15.0731 1 -21.71 5.67836 -218.727 -0.937772 -0.00161208 -0.346776 0.0181049 1 2.1 6 0.048 3 13 48
15.0898 1 -21.71 5.67836 -218.727 -0.937772 -0.00161208 -0.346776 0.0181049 1 2.1 6 0.048 3 13 48
15.1065 1 -21.71 5.67836 -218.727 -0.937772 -0.00161208 -0.346776 0.0181049 1 2.1 6 0.048 3 13 48
15.1231 1 -21.71 5.67836 -218.727 -0.937772 -0.00161208 -0.346776 0.0181049 1 2.1 6 0.048 3 13 48
15.1398 1 -21.71 5.67836 -218.727 -0.937772 -0.00161208 -0.346776 0.0181049 1 2.1 6 0.048 3 13 48
15.1565 1 -21.71 5.67836 -218.727 -0.937772 -0.00161208 -0.346776 0.0181049 1 2.1 6 0.048 3 13 48
15.1731 1 -21.71 5.67836 -218.727 -0.937772 -0.00161208 -0.346776 0.0181049 1 2.1 6 0.048 3 13 48
15.1898 1 -21.71 5.67836 -218.727 -0.937772 -0.00161208 -0.346776 0.0181049 1 2.1 6 0.048 3 13 48
15.2065 1 -21.71 5.67836 -218.727 -0.937772 -0.00161208 -0.346776 0.0181049 1 2.1 6 0.048 3 13 48
15.2231 1 -21.71 5.67836 -218.727 -0.937772 -0.00161208 -0.346776 0.0181049 1 2.1 6 0.048 3 13 48
15.2398 1 -21.71 5.67836 -218.727 -0.937772 -0.00161208 -0.346776 0.0181049 1 2.1 6 0.048 3 13 48
15.2565 1 -21.71 5.67836 -218.727 -0.937772 -0.00161208 -0.346776 0.0181049 1 2.1 6 0.048 3 13 48
15.2731 1 -21.71 5.67836 -218.727 -0.937772 -0.00161208 -0.346776 0.0181049 1 2.1 6 0.048 3 13 48
15.2898 1 -21.71 5.67836 -218.727 -0.937772 -0.00161208 -0.346776 0.0181049 1 2.1 6 0.048 3 13 48
15.3065 1 -21.71 5.67836 -218.727 -0.937772 -0.00161208 -0.346776 0.0181049 1 2.1 6 0.048 3 13 48
15.3231 1 -21.71 5.67836 -218.727 -0.937772 -0.00161208 -0.346776 0.0181049 1 2.1 6 0.048 3 13 48
15.3398 1 -21.71 5.67836 -218.727 -0.937772 -0.00161208 -0.346776 0.0181049 1 2.1 6 0.048 3 13 48
15.3565 1 -21.71 5.67836 -218.727 -0.937772 -0.00161208 -0.346776 0.0181049 1 2.1 6 0.048 3 13 48
15.3731 1 -21.71 5.67836 -218.727 -0.937772 -0.00161208 -0.346776 0.0181049 1 2.1 6 0.048 3 13 48
15.3898 1 -21.71 5.67836 -218.727 -0.937772 -0.00161208 -0.346776 0.0181049 1 2.1 6 0.048 3 13 48
15.4065 1 -21.71 5.67836 -218.727 -0.937772 -0.00161208 -0.346776 0.0181049 1 2.1 6 0.048 3 13 48
15.4231 1 -21.71 5.67836 -218.727 -0.937772 -0.00161208 -0.346776 0.0181049 1 2.1 6 0.048 3 13 48
15.4398 1 -21.71 5.67836 -218.727 -0.937772 -0.00161208 -0.346776 0.0181049 1 2.1 6 0.048 3 13 48
15.4565 1 -21.71 5.67836 -218.727 -0.937772 -0.00161208 -0.346776 0.0181049 1 2.1 6 0.048 3 13 48
15.4731 1 -21.71 5.67836 -218.727 -0.937772 -0.00161208 -0.346776 0.0181049 1 2.1 6 0.048 3 13 48
15.4898 1 -21.71 5.67836 -218.727 -0.937772 -0.00161208 -0.346776 0.0181049 1 2.1 6 0.048 3 13 48
15.5065 1 -21.71 5.67836 -218.727 -0.937772 -0.00161208 -0.346776 0.0181049 1 2.1 6 0.048 3 13 48
15.5231 1 -21.71 5.67836 -218.727 -0.937772 -0.00161208 -0.346776 0.0181049 1 2.1 6 0.048 3 13 48
15.5398 1 -21.71 5.67836 -218.727 -0.937772 -0.00161208 -0.346776 0.0181049 1 2.1 6 0.048 3 13 48
15.5565 1 -21.71 5.67836 -218.727 -0.937772 -0.00161208 -0.346776 0.0181049 1 2.1 6 0.048 3 13 48
15.5731 1 -21.71 5.67836 -218.727 -0.937772 -0.00161208 -0.346776 0.0181049 1 2.1 6 0.048 3 13 48
15.5898 1 -21.71 5.67836 -218.727 -0.937772 -0.00161208 -0.346776 0.0181049 1 2.1 6 0.048 3 13 48
15.6065 1 -21.71 5.67836 -218.727 -0.937772 -0.00161208 -0.346776 0.0181049 1 2.1 6 0.048 3 13 48
15.6231 1 -21.71 5.67836 -218.727 -0.937772 -0.00161208 -0.346776 0.0181049 1 2.1 6 0.048 3 13 48
15.6398 1 -21.71 5.67836 -218.727 -0.937772 -0.00161208 -0.346776 0.0181049 1 2.1 6 0.048 3 13 48
15.6565 1 -21.71 5.67836 -218.727 -0.937772 -0.00161208 -0.346776 0.0181049 1 2.1 6 0.048 3 13 48
15.6731 1 -21.71 5.67836 -218.727 -0.937772 -0.00161208 -0.346776 0.0181049 1 2.1 6 0.048 3 13 48
15.6898 1 -21.71 5.67836 -218.727 -0.937772 -0.00161208 -0.346776 0.0181049 1 2.1 6 0.048 3 13 48
15.7065 1 -21.71 5.67836 -218.727 -0.937772 -0.00161208 -0.346776 0.0181049 1 2.1 6 0.048 3 13 48
15.7231 1 -21.71 5.67836 -218.727 -0.937772 -0.00161208 -0.346776 0.0181049 1 2.1 6 0.048 3 13 48
15.7398 1 -21.71 5.67836 -218.727 -0.937772 -0.00161208 -0.346776 0.0181049 1 2.1 6 0.048 3 13 48
15.7565 1 -21.71 5.67836 -218.727 -0.937772 -0.00161208 -0.346776 0.0181049 1 2.1 6 0.048 3 13 48
15.7731 1 -21.71 5.67836 -218.727 -0.937772 -0.00161208 -0.346776 0.0181049 1 2.1 6 0.048 3 13 48
15.7898 1 -21.71 5.67836 -218.727 -0.937772 -0.00161208 -0.346776 0.0181049 1 2.1 6 0.048 3 13 48
15.8065 1 -21.71 5.67836 -218.727 -0.937772 -0.00161208 -0.346776 0.0181049 1 2.1 6 0.048 3 13 48
15.8231 1 -21.71 5.67836 -218.727 -0.937772 -0.00161208 -0.346776 0.0181049 1 2.1 6 0.048 3 13 48
15.8398 1 -21.71 5.67836 -218.727 -0.937772 -0.00161208 -0.346776 0.0181049 1 2.1 6 0.048 3 13 48
15.8565 1 -21.71 5.67836 -218.727 -0.937772 -0.00161208 -0.346776 0.0181049 1 2.1 6 0.048 3 13 48
15.8731 1 -21.71 5.67836 -218.727 -0.937772 -0.00161208 -0.346776 0.0181049 1 2.1 6 0.048 3 13 48
15.8898 1 -21.71 5.67836 -218.727 -0.937772 -0.00161208 -0.346776 0.0181049 1 2.1 6 0.048 3 13 48
15.9065 1 -21.71 5.67836 -218.727 -0.937772 -0.00161208 -0.346776 0.0181049 1 2.1 6 0.048 3 13 48
15.9231 1 -21.71 5.67836 -218.727 -0.937772 -0.00161208 -0.346776 0.0181049 1 2.1 6 0.048 3 13 48
15.9398 1 -21.71 5.67836 -218.727 -0.937772 -0.00161208 -0.346776 0.0181049 1 2.1 6 0.048 3 13 48
15.9565 1 -21.71 5.67836 -218.727 -0.937772 -0.00161208 -0.346776 0.0181049 1 2.1 6 0.048 3 13 48
15.9731 1 -21.71 5.67836 -218.727 -0.937772 -0.00161208 -0.346776 0.0181049 1 2.1 6 0.048 3 13 48
15.9898 1 -21.71 5.67836 -218.727 -0.937772 -0.00161208 -0.346776 0.0181049 1 2.1 6 0.048 3 13 48
16.0065 1 -21.71 5.67836 -218.727 -0.937772 -0.00161208 -0.346776 0.0181049 1 2.1 6 0.048 3 13 48
16.0231 1 -21.71 5.67836 -218.727 -0.937772 -0.00161208 -0.346776 0.0181049 1 2.1 6 0.048 3 13 48
16.0398 1 -21.71 5.67836 -218.727 -0.937772 -0.00161208 -0.346776 0.0181049 1 2.1 6 0.048 3 13 48
16.0565 1 -21.71 5.67836 -218.727 -0.937772 -0.00161208 -0.346776 0.0181049 1 2.1 6 0.048 3 13 48
16.0731 1 -21.71 5.67836 -218.727 -0.937772 -0.00161208 -0.346776 0.0181049 1 2.1 6 0.048 3 13 48
16.0898 1 -21.71 5.67836 -218.727 -0.937772 -0.00161208 -0.346776 0.0181049 1 2.1 6 0.048 3 13 48
16.1065 1 -21.71 5.67836 -218.727 -0.937772 -0.00161208 -0.346776 0.0181049 1 2.1 6 0.048 3 13 48
16.1231 1 -21.71 5.67836 -218.727 -0.937772 -0.00161208 -0.346776 0.0181049 1 2.1 6 0.048 3 13 48
16.1398 1 -21.71 5.67836 -218.727 -0.937772 -0.00161208 -0.346776 0.0181049 1 2.1 6 0.048 3 13 48
16.1565 1 -21.71 5.67836 -218.727 -0.937772 -0.00161208 -0.346776 0.0181049 1 2.1 6 0.048 3 13 48
16.1731 1 -21.71 5.67836 -218.727 -0.937772 -0.00161208 -0.346776 0.0181049 1 2.1 6 0.048 3 13 48
16.1898 1 -21.71 5.67836 -218.727 -0.937772 -0.00161208 -0.346776 0.0181049 1 2.1 6 0.048 3 13 48
16.2065 1 -21.71 5.67836 -218.727 -0.937772 -0.00161208 -0.346776 0.0181049 1 2.1 6 0.048 3 13 48
16.2231 1 -21.71 5.67836 -218.727 -0.937772 -0.00161208 -0.346776 0.0181049 1 2.1 6 0.048 3 13 48
16.2398 1 -21.71 5.67836 -218.727 -0.937772 -0.00161208 -0.346776 0.0181049 1 2.1 6 0.048 3 13 48
16.2565 1 -21.71 5.67836 -218.727 -0.937772 -0.00161208 -0.346776 0.0181049 1 2.1 6 0.048 3 13 48
16.2731 1 -21.71 5.67836 -218.727 -0.937772 -0.00161208 -0.346776 0.0181049 1 2.1 6 0.048 3 13 48
16.2898 1 -21.71 5.67836 -218.727 -0.937772 -0.00161208 -0.346776 0.0181049 1 2.1 6 0.048 3 13 48
16.3065 1 -21.71 5.67836 -218.727 -0.937772 -0.00161208 -0.346776 0.0181049 1 2.1 6 0.048 3 13 48
16.3231 1 -21.71 5.67836 -218.727 -0.937772 -0.00161208 -0.346776 0.0181049 1 2.1 6 0.048 3 13 48
16.3398 1 -21.71 5.67836 -218.727 -0.937772 -0.00161208 -0.346776 0.0181049 1 2.1 6 0.048 3 13 48
16.3565 1 -21.71 5.67836 -218.727 -0.937772 -0.00161208 -0.346776 0.0181049 1 2.1 6 0.048 3 13 48
16.3731 1 -21.71 5.67836 -218.727 -0.937772 -0.00161208 -0.346776 0.0181049 1 2.1 6 0.048 3 13 48
16.3898 1 -21.71 5.67836 -218.727 -0.937772 -0.00161208 -0.346776 0.0181049 1 2.1 6 0.048 3 13 48
16.4065 1 -21.71 5.67836 -218.727 -0.937772 -0.00161208 -0.346776 0.0181049 1 2.1 6 0.048 3 13 48
16.4231 1 -21.71 5.67836 -218.727 -0.937772 -0.00161208 -0.346776 0.0181049 1 2.1 6 0.048 3 13 48
16.4398 1 -21.71 5.67836 -218.727 -0.937772 -0.00161208 -0.346776 0.0181049 1 2.1 6 0.048 3 13 48
16.4565 1 -21.71 5.67836 -218.727 -0.937772 -0.00161208 -0.346776 0.0181049 1 2.1 6 0.048 3 13 48
16.4731 1 -21.71 5.67836 -218.727 -0.937772 -0.00161208 -0.346776 0.0181049 1 2.1 6 0.048 3 13 48
16.4898 1 -21.71 5.67836 -218.727 -0.937772 -0.00161208 -0.346776 0.0181049 1 2.1 6 0.048 3 13 48
16.5065 1 -21.71 5.67836 -218.727 -0.937772 -0.00161208 -0.346776 0.0181049 1 2.1 6 0.048 3 13 48
16.5231 1 -21.71 5.67836 -218.727 -0.937772 -0.00161208 -0.346776 0.0181049 1 2.1 6 0.048 3 13 48
16.5398 1 -21.71 5.67836 -218.727 -0.937772 -0.00161208 -0.346776 0.0181049 1 2.1 6 0.048 3 13 48
16.5565 1 -21.71 5.67836 -218.727 -0.937772 -0.00161208 -0.346776 0.0181049 1 2.1 6 0.048 3 13 48
16.5731 1 -21.71 5.67836 -218.727 -0.937772 -0.00161208 -0.346776 0.0181049 1 2.1 6 0.048 3 13 48
16.5898 1 -21.71 5.67836 -218.727 -0.937772 -0.00161208 -0.346776 0.0181049 1 2.1 6 0.048 3 13 48
16.6065 1 -21.71 5.67836 -218.727 -0.937772 -0.00161208 -0.346776 0.0181049 1 2.1 6 0.048 3 13 48
16.6231 1 -21.71 5.67836 -218.727 -0.937772 -0.00161208 -0.346776 0.0181049 1 2.1 6 0.048 3 13 48
16.6398 1 -21.71 5.67836 -218.727 -0.937772 -0.00161208 -0.346776 0.0181049 1 2.1 6 0.048 3 13 48
16.6565 1 -21.71 5.67836 -218.727 -0.937772 -0.00161208 -0.346776 0.0181049 1 2.1 6 0.048 3 13 48
16.6731 1 -21.71 5.67836 -218.727 -0.937772 -0.00161208 -0.346776 0.0181049 1 2.1 6 0.048 3 13 48
16.6898 1 -21.71 5.67836 -218.727 -0.937772 -0.00161208 -0.346776 0.0181049 1 2.1 6 0.048 3 13 48
16.7065 1 -21.71 5.67836 -218.727 -0.937772 -0.00161208 -0.346776 0.0181049 1 2.1 6 0.048 3 13 48
16.7231 1 -21.71 5.67836 -218.727 -0.937772 -0.00161208 -0.346776 0.0181049 1 2.1 6 0.048 3 13 48
16.7398 1 -21.71 5.67836 -218.727 -0.937772 -0.00161208 -0.346776 0.0181049 1 2.1 6 0.048 3 13 48
16.7565 1 -21.71 5.67836 -218.727 -0.937772 -0.00161208 -0.346776 0.0181049 1 2.1 6 0.048 3 13 48
16.7731 1 -21.71 5.67836 -218.727 -0.937772 -0.00161208 -0.346776 0.0181049 1 2.1 6 0.048 3 13 48
16.7898 1 -21.71 5.67836 -218.727 -0.937772 -0.00161208 -0.346776 0.0181049 1 2.1 6 0.048 3 13 48
16.8065 1 -21.71 5.67836 -218.727 -0.937772 -0.00161208 -0.346776 0.0181049 1 2.1 6 0.048 3 13 48
16.8231 1 -21.71 5.67836 -218.727 -0.937772 -0.00161208 -0.346776 0.0181049 1 2.1 6 0.048 3 13 48
16.8398 1 -21.71 5.67836 -218.727 -0.937772 -0.00161208 -0.346776 0.0181049 1 2.1 6 0.048 3 13 48
16.8565 1 -21.71 5.67836 -218.727 -0.937772 -0.00161208 -0.346776 0.0181049 1 2.1 6 0.048 3 13 48
16.8731 1 -21.71 5.67836 -218.727 -0.937772 -0.00161208 -0.346776 0.0181049 1 2.1 6 0.048 3 13 48
16.8898 1 -21.71 5.67836 -218.727 -0.937772 -0.00161208 -0.346776 0.0181049 1 2.1 6 0.048 3 13 48
16.9065 1 -21.71 5.67836 -218.727 -0.937772 -0.00161208 -0.346776 0.0181049 1 2.1 6 0.048 3 13 48
16.9231 1 -21.71 5.67836 -218.727 -0.937772 -0.00161208 -0.346776 0.0181049 1 2.1 6 0.048 3 13 48
16.9398 1 -21.71 5.67836 -218.727 -0.937772 -0.00161208 -0.346776 0.0181049 1 2.1 6 0.048 3 13 48
16.9565 1 -21.71 5.67836 -218.727 -0.937772 -0.00161208 -0.346776 0.0181049 1 2.1 6 0.048 3 13 48
16.9731 1 -21.71 5.67836 -218.727 -0.937772 -0.00161208 -0.346776 0.0181049 1 2.1 6 0.048 3 13 48
16.9898 1 -21.71 5.67836 -218.727 -0.937772 -0.00161208 -0.346776 0.0181049 1 2.1 6 0.048 3 13 48
17.0065 1 -21.71 5.67836 -218.727 -0.937772 -0.00161208 -0.346776 0.0181049 1 2.1 6 0.048 3 13 48
17.0231 1 -21.71 5.67836 -218.727 -0.937772 -0.00161208 -0.346776 0.0181049 1 2.1 6 0.048 3 13 48
17.0398 1 -21.71 5.67836 -218.727 -0.937772 -0.00161208 -0.346776 0.0181049 1 2.1 6 0.048 3 13 48
17.0565 1 -21.71 5.67836 -218.727 -0.937772 -0.00161208 -0.346776 0.0181049 1 2.1 6 0.048 3 13 48
17.0731 1 -21.71 5.67836 -218.727 -0.937772 -0.00161208 -0.346776 0.0181049 1 2.1 6 0.048 3 13 48
17.0898 1 -21.71 5.67836 -218.727 -0.937772 -0.00161208 -0.346776 0.0181049 1 2.1 6 0.048 3 13 48
17.1065 1 -21.71 5.67836 -218.727 -0.937772 -0.00161208 -0.346776 0.0181049 1 2.1 6 0.048 3 13 48
17.1231 1 -21.71 5.67836 -218.727 -0.937772 -0.00161208 -0.346776 0.0181049 1 2.1 6 0.048 3 13 48
17.1398 1 -21.71 5.67836 -218.727 -0.937772 -0.00161208 -0.346776 0.0181049 1 2.1 6 0.048 3 13 48
17.1565 1 -21.71 5.67836 -218.727 -0.937772 -0.00161208 -0.346776 0.0181049 1 2.1 6 0.048 3 13 48
17.1731 1 -21.71 5.67836 -218.727 -0.937772 -0.00161208 -0.346776 0.0181049 1 2.1 6 0.048 3 13 48
17.1898 1 -21.71 5.67836 -218.727 -0.937772 -0.00161208 -0.346776 0.0181049 1 2.1 6 0.048 3 13 48
17.2065 1 -21.71 5.67836 -218.727 -0.937772 -0.00161208 -0.346776 0.0181049 1 2.1 6 0.048 3 13 48
17.2231 1 -21.71 5.67836 -218.727 -0.937772 -0.00161208 -0.346776 0.0181049 1 2.1 6 0.048 3 13 48
17.2398 1 -21.71 5.67836 -218.727 -0.937772 -0.00161208 -0.346776 0.0181049 1 2.1 6 0.048 3 13 48
17.2565 1 -21.71 5.67836 -218.727 -0.937772 -0.00161208 -0.346776 0.0181049 1 2.1 6 0.048 3 13 48
17.2731 1 -21.71 5.67836 -218.727 -0.937772 -0.00161208 -0.346776 0.0181049 1 2.1 6 0.048 3 13 48
17.2898 1 -21.71 5.67836 -218.727 -0.937772 -0.00161208 -0.346776 0.0181049 1 2.1 6 0.048 3 13 48
17.3065 1 -21.71 5.67836 -218.727 -0.937772 -0.00161208 -0.346776 0.0181049 1 2.1 6 0.048 3 13 48
17.3231 1 -21.71 5.67836 -218.727 -0.937772 -0.00161208 -0.346776 0.0181049 1 2.1 6 0.048 3 13 48
17.3398 1 -21.71 5.67836 -218.727 -0.937772 -0.00161208 -0.346776 0.0181049 1 2.1 6 0.048 3 13 48
17.3565 1 -21.71 5.67836 -218.727 -0.937772 -0.00161208 -0.346776 0.0181049 1 2.1 6 0.048 3 13 48
17.3731 1 -21.71 5.67836 -218.727 -0.937772 -0.00161208 -0.346776 0.0181049 1 2.1 6 0.048 3 13 48
17.3898 1 -21.71 5.67836 -218.727 -0.937772 -0.00161208 -0.346776 0.0181049 1 2.1 6 0.048 3 13 48
17.4065 1 -21.71 5.67836 -218.727 -0.937772 -0.00161208 -0.346776 0.0181049 1 2.1 6 0.048 3 13 48
17.4231 1 -21.71 5.67836 -218.727 -0.937772 -0.00161208 -0.346776 0.0181049 1 2.1 6 0.048 3 13 48
17.4398 1 -21.71 5.67836 -218.727 -0.937772 -0.00161208 -0.346776 0.0181049 1 2.1 6 0.048 3 13 48
17.4565 1 -21.71 5.67836 -218.727 -0.937772 -0.00161208 -0.346776 0.0181049 1 2.1 6 0.048 3 13 48
17.4731 1 -21.71 5.67836 -218.727 -0.937772 -0.00161208 -0.346776 0.0181049 1 2.1 6 0.048 3 13 48
17.4898 1 -21.71 5.67836 -218.727 -0.937772 -0.00161208 -0.346776 0.0181049 1 2.1 6 0.048 3 13 48
17.5065 1 -21.71 5.67836 -218.727 -0.937772 -0.00161208 -0.346776 0.0181049 1 2.1 6 0.048 3 13 48
17.5231 1 -21.71 5.67836 -218.727 -0.937772 -0.00161208 -0.346776 0.0181049 1 2.1 6 0.048 3 13 48
17.5398 1 -21.71 5.67836 -218.727 -0.937772 -0.00161208 -0.346776 0.0181049 1 2.1 6 0.048 3 13 48
17.5565 1 -21.71 5.67836 -218.727 -0.937772 -0.00161208 -0.346776 0.0181049 1 2.1 6 0.048 3 13 48
17.5731 1 -21.71 5.67836 -218.727 -0.937772 -0.00161208 -0.346776 0.0181049 1 2.1 6 0.048 3 13 48
17.5898 1 -21.71 5.67836 -218.727 -0.937772 -0.00161208 -0.346776 0.0181049 1 2.1 6 0.048 3 13 48
17.6065 1 -21.71 5.67836 -218.727 -0.937772 -0.00161208 -0.346776 0.0181049 1 2.1 6 0.048 3 13 48
17.6231 1 -21.71 5.67836 -218.727 -0.937772 -0.00161208 -0.346776 0.0181049 1 2.1 6 0.048 3 13 48
17.6398 1 -21.71 5.67836 -218.727 -0.937772 -0.00161208 -0.346776 0.0181049 1 2.1 6 0.048 3 13 48
17.6565 1 -21.71 5.67836 -218.727 -0.937772 -0.00161208 -0.346776 0.0181049 1 2.1 6 0.048 3 13 48
17.6731 1 -21.71 5.67836 -218.727 -0.937772 -0.00161208 -0.346776 0.0181049 1 2.1 6 0.048 3 13 48
17.6898 1 -21.71 5.67836 -218.727 -0.937772 -0.00161208 -0.346776 0.0181049 1 2.1 6 0.048 3 13 48
17.7065 1 -21.71 5.67836 -218.727 -0.937772 -0.00161208 -0.346776 0.0181049 1 2.1 6 0.048 3 13 48
17.7231 1 -21.71 5.67836 -218.727 -0.937772 -0.00161208 -0.346776 0.0181049 1 2.1 6 0.048 3 13 48
17.7398 1 -21.71 5.67836 -218.727 -0.937772 -0.00161208 -0.346776 0.0181049 1 2.1 6 0.048 3 13 48
17.7565 1 -21.71 5.67836 -218.727 -0.937772 -0.00161208 -0.346776 0.0181049 1 2.1 6 0.048 3 13 48
17.7731 1 -21.71 5.67836 -218.727 -0.937772 -0.00161208 -0.346776 0.0181049 1 2.1 6 0.048 3 13 48
17.7898 1 -21.71 5.67836 -218.727 -0.937772 -0.00161208 -0.346776 0.0181049 1 2.1 6 0.048 3 13 48
17.8065 1 -21.71 5.67836 -218.727 -0.937772 -0.00161208 -0.346776 0.0181049 1 2.1 6 0.048 3 13 48
17.8231 1 -21.71 5.67836 -218.727 -0.937772 -0.00161208 -0.346776 0.0181049 1 2.1 6 0.048 3 13 48
17.8398 1 -21.71 5.67836 -218.727 -0.937772 -0.00161208 -0.346776 0.0181049 1 2.1 6 0.048 3 13 48
17.8565 1 -21.71 5.67836 -218.727 -0.937772 -0.00161208 -0.346776 0.0181049 1 2.1 6 0.048 3 13 48
17.8731 1 -21.71 5.67836 -218.727 -0.937772 -0.00161208 -0.346776 0.0181049 1 2.1 6 0.048 3 13 48
17.8898 1 -21.71 5.67836 -218.727 -0.937772 -0.00161208 -0.346776 0.0181049 1 2.1 6 0.048 3 13 48
17.9065 1 -21.71 5.67836 -218.727 -0.937772 -0.00161208 -0.346776 0.0181049 1 2.1 6 0.048 3 13 48
17.9231 1 -21.71 5.67836 -218.727 -0.937772 -0.00161208 -0.346776 0.0181049 1 2.1 6 0.048 3 13 48
17.9398 1 -21.71 5.67836 -218.727 -0.937772 -0.00161208 -0.346776 0.0181049 1 2.1 6 0.048 3 13 48
17.9565 1 -21.71 5.67836 -218.727 -0.937772 -0.00161208 -0.346776 0.0181049 1 2.1 6 0.048 3 13 48
17.9731 1 -21.71 5.67836 -218.727 -0.937772 -0.00161208 -0.346776 0.0181049 1 2.1 6 0.048 3 13 48
17.9898 1 -21.71 5.67836 -218.727 -0.937772 -0.00161208 -0.346776 0.0181049 1 2.1 6 0.048 3 13 48
18.0065 1 -21.71 5.67836 -218.727 -0.937772 -0.00161208 -0.346776 0.0181049 1 2.1 6 0.048 3 13 48
18.0231 1 -21.71 5.67836 -218.727 -0.937772 -0.00161208 -0.346776 0.0181049 1 2.1 6 0.048 3 13 48
18.0398 1 -21.71 5.67836 -218.727 -0.937772 -0.00161208 -0.346776 0.0181049 1 2.1 6 0.048 3 13 48
18.0565 1 -21.71 5.67836 -218.727 -0.937772 -0.00161208 -0.346776 0.0181049 1 2.1 6 0.048 3 13 48
18.0731 1 -21.71 5.67836 -218.727 -0.937772 -0.00161208 -0.346776 0.0181049 1 2.1 6 0.048 3 13 48
18.0898 1 -21.71 5.67836 -218.727 -0.937772 -0.00161208 -0.346776 0.0181049 1 2.1 6 0.048 3 13 48
18.1065 1 -21.71 5.67836 -218.727 -0.937772 -0.00161208 -0.346776 0.0181049 1 2.1 6 0.048 3 13 48
18.1231 1 -21.71 5.67836 -218.727 -0.937772 -0.00161208 -0.346776 0.0181049 1 2.1 6 0.048 3 13 48
18.1398 1 -21.71 5.67836 -218.727 -0.937772 -0.00161208 -0.346776 0.0181049 1 2.1 6 0.048 3 13 48
18.1565 1 -21.71 5.67836 -218.727 -0.937772 -0.00161208 -0.346776 0.0181049 1 2.1 6 0.048 3 13 48
18.1731 1 -21.71 5.67836 -218.727 -0.937772 -0.00161208 -0.346776 0.0181049 1 2.1 6 0.048 3 13 48
18.1898 1 -21.71 5.67836 -218.727 -0.937772 -0.00161208 -0.346776 0.0181049 1 2.1 6 0.048 3 13 48
18.2065 1 -21.71 5.67836 -218.727 -0.937772 -0.00161208 -0.346776 0.0181049 1 2.1 6 0.048 3 13 48
18.2231 1 -21.71 5.67836 -218.727 -0.937772 -0.00161208 -0.346776 0.0181049 1 2.1 6 0.048 3 13 48
18.2398 1 -21.71 5.67836 -218.727 -0.937772 -0.00161208 -0.346776 0.0181049 1 2.1 6 0.048 3 13 48
18.2565 1 -21.71 5.67836 -218.727 -0.937772 -0.00161208 -0.346776 0.0181049 1 2.1 6 0.048 3 13 48
18.2731 1 -21.71 5.67836 -218.727 -0.937772 -0.00161208 -0.346776 0.0181049 1 2.1 6 0.048 3 13 48
18.2898 1 -21.71 5.67836 -218.727 -0.937772 -0.00161208 -0.346776 0.0181049 1 2.1 6 0.048 3 13 48
18.3065 1 -21.71 5.67836 -218.727 -0.937772 -0.00161208 -0.346776 0.0181049 1 2.1 6 0.048 3 13 48
18.3231 1 -21.71 5.67836 -218.727 -0.937772 -0.00161208 -0.346776 0.0181049 1 2.1 6 0.048 3 13 48
18.3398 1 -21.71 5.67836 -218.727 -0.937772 -0.00161208 -0.346776 0.0181049 1 2.1 6 0.048 3 13 48
18.3565 1 -21.71 5.67836 -218.727 -0.937772 -0.00161208 -0.346776 0.0181049 1 2.1 6 0.048 3 13 48
18.3731 1 -21.71 5.67836 -218.727 -0.937772 -0.00161208 -0.346776 0.0181049 1 2.1 6 0.048 3 13 48
18.3898 1 -21.71 5.67836 -218.727 -0.937772 -0.00161208 -0.346776 0.0181049 1 2.1 6 0.048 3 13 48
18.4065 1 -21.71 5.67836 -218.727 -0.937772 -0.00161208 -0.346776 0.0181049 1 2.1 6 0.048 3 13 48
18.4231 1 -21.71 5.67836 -218.727 -0.937772 -0.00161208 -0.346776 0.0181049 1 2.1 6 0.048 3 13 48
18.4398 1 -21.71 5.67836 -218.727 -0.937772 -0.00161208 -0.346776 0.0181049 1 2.1 6 0.048 3 13 48
18.4565 1 -21.71 5.67836 -218.727 -0.937772 -0.00161208 -0.346776 0.0181049 1 2.1 6 0.048 3 13 48
18.4731 1 -21.71 5.67836 -218.727 -0.937772 -0.00161208 -0.346776 0.0181049 1 2.1 6 0.048 3 13 48
18.4898 1 -21.71 5.67836 -218.727 -0.937772 -0.00161208 -0.346776 0.0181049 1 2.1 6 0.048 3 13 48
18.5065 1 -21.71 5.67836 -218.727 -0.937772 -0.00161208 -0.346776 0.0181049 1 2.1 6 0.048 3 13 48
18.5231 1 -21.71 5.67836 -218.727 -0.937772 -0.00161208 -0.346776 0.0181049 1 2.1 6 0.048 3 13 48
18.5398 1 -21.71 5.67836 -218.727 -0.937772 -0.00161208 -0.346776 0.0181049 1 2.1 6 0.048 3 13 48
18.5565 1 -21.71 5.67836 -218.727 -0.937772 -0.00161208 -0.346776 0.0181049 1 2.1 6 0.048 3 13 48
18.5731 1 -21.71 5.67836 -218.727 -0.937772 -0.00161208 -0.346776 0.0181049 1 2.1 6 0.048 3 13 48
18.5898 1 -21.71 5.67836 -218.727 -0.937772 -0.00161208 -0.346776 0.0181049 1 2.1 6 0.048 3 13 48
18.6065 1 -21.71 5.67836 -218.727 -0.937772 -0.00161208 -0.346776 0.0181049 1 2.1 6 0.048 3 13 48
18.6231 1 -21.71 5.67836 -218.727 -0.937772 -0.00161208 -0.346776 0.0181049 1 2.1 6 0.048 3 13 48
18.6398 1 -21.71 5.67836 -218.727 -0.937772 -0.00161208 -0.346776 0.0181049 1 2.1 6 0.048 3 13 48
18.6565 1 -21.71 5.67836 -218.727 -0.937772 -0.00161208 -0.346776 0.0181049 1 2.1 6 0.048 3 13 48
18.6731 1 -21.71 5.67836 -218.727 -0.937772 -0.00161208 -0.346776 0.0181049 1 2.1 6 0.048 3 13 48
18.6898 1 -21.71 5.67836 -218.727 -0.937772 -0.00161208 -0.346776 0.0181049 1 2.1 6 0.048 3 13 48
18.7065 1 -21.71 5.67836 -218.727 -0.937772 -0.00161208 -0.346776 0.0181049 1 2.1 6 0.048 3 13 48
18.7231 1 -21.71 5.67836 -218.727 -0.937772 -0.00161208 -0.346776 0.0181049 1 2.1 6 0.048 3 13 48
18.7398 1 -21.71 5.67836 -218.727 -0.937772 -0.00161208 -0.346776 0.0181049 1 2.1 6 0.048 3 13 48
18.7565 1 -21.71 5.67836 -218.727 -0.937772 -0.00161208 -0.346776 0.0181049 1 2.1 6 0.048 3 13 48
18.7731 1 -21.71 5.67836 -218.727 -0.937772 -0.00161208 -0.346776 0.0181049 1 2.1 6 0.048 3 13 48
18.7898 1 -21.71 5.67836 -218.727 -0.937772 -0.00161208 -0.346776 0.0181049 1 2.1 6 0.048 3 13 48
18.8065 1 -21.71 5.67836 -218.727 -0.937772 -0.00161208 -0.346776 0.0181049 1 2.1 6 0.048 3 13 48
18.8231 1 -21.71 5.67836 -218.727 -0.937772 -0.00161208 -0.346776 0.0181049 1 2.1 6 0.048 3 13 48
18.8398 1 -21.71 5.67836 -218.727 -0.937772 -0.00161208 -0.346776 0.0181049 1 2.1 6 0.048 3 13 48
18.8565 1 -21.71 5.67836 -218.727 -0.937772 -0.00161208 -0.346776 0.0181049 1 2.1 6 0.048 3 13 48
18.8731 1 -21.71 5.67836 -218.727 -0.937772 -0.00161208 -0.346776 0.0181049 1 2.1 6 0.048 3 13 48
18.8898 1 -21.71 5.67836 -218.727 -0.937772 -0.00161208 -0.346776 0.0181049 1 2.1 6 0.048 3 13 48
18.9065 1 -21.71 5.67836 -218.727 -0.937772 -0.00161208 -0.346776 0.0181049 1 2.1 6 0.048 3 13 48
18.9231 1 -21.71 5.67836 -218.727 -0.937772 -0.00161208 -0.346776 0.0181049 1 2.1 6 0.048 3 13 48
18.9398 1 -21.71 5.67836 -218.727 -0.937772 -0.00161208 -0.346776 0.0181049 1 2.1 6 0.048 3 13 48
18.9565 1 -21.71 5.67836 -218.727 -0.937772 -0.00161208 -0.346776 0.0181049 1 2.1 6 0.048 3 13 48
18.9731 1 -21.71 5.67836 -218.727 -0.937772 -0.00161208 -0.346776 0.0181049 1 2.1 6 0.048 3 13 48
18.9898 1 -21.71 5.67836 -218.727 -0.937772 -0.00161208 -0.346776 0.0181049 1 2.1 6 0.048 3 13 48
19.0065 1 -21.71 5.67836 -218.727 -0.937772 -0.00161208 -0.346776 0.0181049 1 2.1 6 0.048 3 13 48
19.0231 1 -21.71 5.67836 -218.727 -0.937772 -0.00161208 -0.346776 0.0181049 1 2.1 6 0.048 3 13 48
19.0398 1 -21.71 5.67836 -218.727 -0.937772 -0.00161208 -0.346776 0.0181049 1 2.1 6 0.048 3 13 48
19.0565 1 -21.71 5.67836 -218.727 -0.937772 -0.00161208 -0.346776 0.0181049 1 2.1 6 0.048 3 13 48
19.0731 1 -21.71 5.67836 -218.727 -0.937772 -0.00161208 -0.346776 0.0181049 1 2.1 6 0.048 3 13 48
19.0898 1 -21.71 5.67836 -218.727 -0.937772 -0.00161208 -0.346776 0.0181049 1 2.1 6 0.048 3 13 48
19.1065 1 -21.71 5.67836 -218.727 -0.937772 -0.00161208 -0.346776 0.0181049 1 2.1 6 0.048 3 13 48
19.1231 1 -21.71 5.67836 -218.727 -0.937772 -0.00161208 -0.346776 0.0181049 1 2.1 6 0.048 3 13 48
19.1398 1 -21.71 5.67836 -218.727 -0.937772 -0.00161208 -0.346776 0.0181049 1 2.1 6 0.048 3 13 48
19.1565 1 -21.71 5.67836 -218.727 -0.937772 -0.00161208 -0.346776 0.0181049 1 2.1 6 0.048 3 13 48
19.1731 1 -21.71 5.67836 -218.727 -0.937772 -0.00161208 -0.346776 0.0181049 1 2.1 6 0.048 3 13 48
19.1898 1 -21.71 5.67836 -218.727 -0.937772 -0.00161208 -0.346776 0.0181049 1 2.1 6 0.048 3 13 48
19.2065 1 -21.71 5.67836 -218.727 -0.937772 -0.00161208 -0.346776 0.0181049 1 2.1 6 0.048 3 13 48
19.2231 1 -21.71 5.67836 -218.727 -0.937772 -0.00161208 -0.346776 0.0181049 1 2.1 6 0.048 3 13 48
19.2398 1 -21.71 5.67836 -218.727 -0.937772 -0.00161208 -0.346776 0.0181049 1 2.1 6 0.048 3 13 48
19.2565 1 -21.71 5.67836 -218.727 -0.937772 -0.00161208 -0.346776 0.0181049 1 2.1 6 0.048 3 13 48
19.2731 1 -21.71 5.67836 -218.727 -0.937772 -0.00161208 -0.346776 0.0181049 1 2.1 6 0.048 3 13 48
19.2898 1 -21.71 5.67836 -218.727 -0.937772 -0.00161208 -0.346776 0.0181049 1 2.1 6 0.048 3 13 48
19.3065 1 -21.71 5.67836 -218.727 -0.937772 -0.00161208 -0.346776 0.0181049 1 2.1 6 0.048 3 13 48
19.3231 1 -21.71 5.67836 -218.727 -0.937772 -0.00161208 -0.346776 0.0181049 1 2.1 6 0.048 3 13 48
19.3398 1 -21.71 5.67836 -218.727 -0.937772 -0.00161208 -0.346776 0.0181049 1 2.1 6 0.048 3 13 48
19.3565 1 -21.71 5.67836 -218.727 -0.937772 -0.00161208 -0.346776 0.0181049 1 2.1 6 0.048 3 13 48
19.3731 1 -21.71 5.67836 -218.727 -0.937772 -0.00161208 -0.346776 0.0181049 1 2.1 6 0.048 3 13 48
19.3898 1 -21.71 5.67836 -218.727 -0.937772 -0.00161208 -0.346776 0.0181049 1 2.1 6 0.048 3 13 48
19.4065 1 -21.71 5.67836 -218.727 -0.937772 -0.00161208 -0.346776 0.0181049 1 2.1 6 0.048 3 13 48
19.4231 1 -21.71 5.67836 -218.727 -0.937772 -0.00161208 -0.346776 0.0181049 1 2.1 6 0.048 3 13 48
19.4398 1 -21.71 5.67836 -218.727 -0.937772 -0.00161208 -0.346776 0.0181049 1 2.1 6 0.048 3 13 48
19.4565 1 -21.71 5.67836 -218.727 -0.937772 -0.00161208 -0.346776 0.0181049 1 2.1 6 0.048 3 13 48
19.4731 1 -21.71 5.67836 -218.727 -0.937772 -0.00161208 -0.346776 0.0181049 1 2.1 6 0.048 3 13 48
19.4898 1 -21.71 5.67836 -218.727 -0.937772 -0.00161208 -0.346776 0.0181049 1 2.1 6 0.048 3 13 48
19.5065 1 -21.71 5.67836 -218.727 -0.937772 -0.00161208 -0.346776 0.0181049 1 2.1 6 0.048 3 13 48
19.5231 1 -21.71 5.67836 -218.727 -0.937772 -0.00161208 -0.346776 0.0181049 1 2.1 6 0.048 3 13 48
19.5398 1 -21.71 5.67836 -218.727 -0.937772 -0.00161208 -0.346776 0.0181049 1 2.1 6 0.048 3 13 48
19.5565 1 -21.71 5.67836 -218.727 -0.937772 -0.00161208 -0.346776 0.0181049 1 2.1 6 0.048 3 13 48
19.5731 1 -21.71 5.67836 -218.727 -0.937772 -0.00161208 -0.346776 0.0181049 1 2.1 6 0.048 3 13 48
19.5898 1 -21.71 5.67836 -218.727 -0.937772 -0.00161208 -0.346776 0.0181049 1 2.1 6 0.048 3 13 48
19.6065 1 -21.71 5.67836 -218.727 -0.937772 -0.00161208 -0.346776 0.0181049 1 2.1 6 0.048 3 13 48
19.6231 1 -21.71 5.67836 -218.727 -0.937772 -0.00161208 -0.346776 0.0181049 1 2.1 6 0.048 3 13 48
19.6398 1 -21.71 5.67836 -218.727 -0.937772 -0.00161208 -0.346776 0.0181049 1 2.1 6 0.048 3 13 48
19.6565 1 -21.71 5.67836 -218.727 -0.937772 -0.00161208 -0.346776 0.0181049 1 2.1 6 0.048 3 13 48
19.6731 1 -21.71 5.67836 -218.727 -0.937772 -0.00161208 -0.346776 0.0181049 1 2.1 6 0.048 3 13 48
19.6898 1 -21.71 5.67836 -218.727 -0.937772 -0.00161208 -0.346776 0.0181049 1 2.1 6 0.048 3 13 48
19.7065 1 -21.71 5.67836 -218.727 -0.937772 -0.00161208 -0.346776 0.0181049 1 2.1 6 0.048 3 13 48
19.7231 1 -21.71 5.67836 -218.727 -0.937772 -0.00161208 -0.346776 0.0181049 1 2.1 6 0.048 3 13 48
19.7398 1 -21.71 5.67836 -218.727 -0.937772 -0.00161208 -0.346776 0.0181049 1 2.1 6 0.048 3 13 48
19.7565 1 -21.71 5.67836 -218.727 -0.937772 -0.00161208 -0.346776 0.0181049 1 2.1 6 0.048 3 13 48
19.7731 1 -21.71 5.67836 -218.727 -0.937772 -0.00161208 -0.346776 0.0181049 1 2.1 6 0.048 3 13 48
19.7898 1 -21.71 5.67836 -218.727 -0.937772 -0.00161208 -0.346776 0.0181049 1 2.1 6 0.048 3 13 48
19.8065 1 -21.71 5.67836 -218.727 -0.937772 -0.00161208 -0.346776 0.0181049 1 2.1 6 0.048 3 13 48
19.8231 1 -21.71 5.67836 -218.727 -0.937772 -0.00161208 -0.346776 0.0181049 1 2.1 6 0.048 3 13 48
19.8398 1 -21.71 5.67836 -218.727 -0.937772 -0.00161208 -0.346776 0.0181049 1 2.1 6 0.048 3 13 48
19.8565 1 -21.71 5.67836 -218.727 -0.937772 -0.00161208 -0.346776 0.0181049 1 2.1 6 0.048 3 13 48
19.8731 1 -21.71 5.67836 -218.727 -0.937772 -0.00161208 -0.346776 0.0181049 1 2.1 6 0.048 3 13 48
19.8898 1 -21.71 5.67836 -218.727 -0.937772 -0.00161208 -0.346776 0.0181049 1 2.1 6 0.048 3 13 48
19.9065 1 -21.71 5.67836 -218.727 -0.937772 -0.00161208 -0.346776 0.0181049 1 2.1 6 0.048 3 13 48
19.9231 1 -21.71 5.67836 -218.727 -0.937772 -0.00161208 -0.346776 0.0181049 1 2.1 6 0.048 3 13 48
19.9398 1 -21.71 5.67836 -218.727 -0.937772 -0.00161208 -0.346776 0.0181049 1 2.1 6 0.048 3 13 48
19.9565 1 -21.71 5.67836 -218.727 -0.937772 -0.00161208 -0.346776 0.0181049 1 2.1 6 0.048 3 13 48
19.9731 1 -21.71 5.67836 -218.727 -0.937772 -0.00161208 -0.346776 0.0181049 1 2.1 6 0.048 3 13 48
19.9898 1 -21.71 5.67836 -218.727 -0.937772 -0.00161208 -0.346776 0.0181049 1 2.1 6 0.048 3 13 48
20.0065 1 -21.71 5.67836 -218.727 -0.937772 -0.00161208 -0.346776 0.0181049 1 2.1 6 0.048 3 13 48
20.0231 1 -21.71 5.67836 -218.727 -0.937772 -0.00161208 -0.346776 0.0181049 1 2.1 6 0.048 3 13 48
20.0398 1 -21.71 5.67836 -218.727 -0.937772 -0.00161208 -0.346776 0.0181049 1 2.1 6 0.048 3 13 48
20.0565 1 -21.71 5.67836 -218.727 -0.937772 -0.00161208 -0.346776 0.0181049 1 2.1 6 0.048 3 13 48
20.0731 1 -21.71 5.67836 -218.727 -0.937772 -0.00161208 -0.346776 0.0181049 1 2.1 6 0.048 3 13 48
20.0898 1 -21.71 5.67836 -218.727 -0.937772 -0.00161208 -0.346776 0.0181049 1 2.1 6 0.048 3 13 48
20.1065 1 -21.71 5.67836 -218.727 -0.937772 -0.00161208 -0.346776 0.0181049 1 2.1 6 0.048 3 13 48
20.1231 1 -21.71 5.67836 -218.727 -0.937772 -0.00161208 -0.346776 0.0181049 1 2.1 6 0.048 3 13 48
20.1398 1 -21.71 5.67836 -218.727 -0.937772 -0.00161208 -0.346776 0.0181049 1 2.1 6 0.048 3 13 48
20.1565 1 -21.71 5.67836 -218.727 -0.937772 -0.00161208 -0.346776 0.0181049 1 2.1 6 0.048 3 13 48
20.1731 1 -21.71 5.67836 -218.727 -0.937772 -0.00161208 -0.346776 0.0181049 1 2.1 6 0.048 3 13 48
20.1898 1 -21.71 5.67836 -218.727 -0.937772 -0.00161208 -0.346776 0.0181049 1 2.1 6 0.048 3 13 48
20.2065 1 -21.71 5.67836 -218.727 -0.937772 -0.00161208 -0.346776 0.0181049 1 2.1 6 0.048 3 13 48
20.2231 1 -21.71 5.67836 -218.727 -0.937772 -0.00161208 -0.346776 0.0181049 1 2.1 6 0.048 3 13 48
20.2398 1 -21.71 5.67836 -218.727 -0.937772 -0.00161208 -0.346776 0.0181049 1 2.1 6 0.048 3 13 48
20.2565 1 -21.71 5.67836 -218.727 -0.937772 -0.00161208 -0.346776 0.0181049 1 2.1 6 0.048 3 13 48
20.2731 1 -21.71 5.67836 -218.727 -0.937772 -0.00161208 -0.346776 0.0181049 1 2.1 6 0.048 3 13 48
20.2898 1 -21.71 5.67836 -218.727 -0.937772 -0.00161208 -0.346776 0.0181049 1 2.1 6 0.048 3 13 48
20.3065 1 -21.71 5.67836 -218.727 -0.937772 -0.00161208 -0.346776 0.0181049 1 2.1 6 0.048 3 13 48
20.3231 1 -21.71 5.67836 -218.727 -0.937772 -0.00161208 -0.346776 0.0181049 1 2.1 6 0.048 3 13 48
20.3398 1 -21.71 5.67836 -218.727 -0.937772 -0.00161208 -0.346776 0.0181049 1 2.1 6 0.048 3 13 48
20.3565 1 -21.71 5.67836 -218.727 -0.937772 -0.00161208 -0.346776 0.0181049 1 2.1 6 0.048 3 13 48
20.3731 1 -21.71 5.67836 -218.727 -0.937772 -0.00161208 -0.346776 0.0181049 1 2.1 6 0.048 3 13 48
20.3898 1 -21.71 5.67836 -218.727 -0.937772 -0.00161208 -0.346776 0.0181049 1 2.1 6 0.048 3 13 48
20.4065 1 -21.71 5.67836 -218.727 -0.937772 -0.00161208 -0.346776 0.0181049 1 2.1 6 0.048 3 13 48
20.4231 1 -21.71 5.67836 -218.727 -0.937772 -0.00161208 -0.346776 0.0181049 1 2.1 6 0.048 3 13 48
20.4398 1 -21.71 5.67836 -218.727 -0.937772 -0.00161208 -0.346776 0.0181049 1 2.1 6 0.048 3 13 48
20.4565 1 -21.71 5.67836 -218.727 -0.937772 -0.00161208 -0.346776 0.0181049 1 2.1 6 0.048 3 13 48
20.4731 1 -21.71 5.67836 -218.727 -0.937772 -0.00161208 -0.346776 0.0181049 1 2.1 6 0.048 3 13 48
20.4898 1 -21.71 5.67836 -218.727 -0.937772 -0.00161208 -0.346776 0.0181049 1 2.1 6 0.048 3 13 48
20.5065 1 -21.71 5.67836 -218.727 -0.937772 -0.00161208 -0.346776 0.0181049 1 2.1 6 0.048 3 13 48
20.5231 1 -21.71 5.67836 -218.727 -0.937772 -0.00161208 -0.346776 0.0181049 1 2.1 6 0.048 3 13 48
20.5398 1 -21.71 5.67836 -218.727 -0.937772 -0.00161208 -0.346776 0.0181049 1 2.1 6 0.048 3 13 48
20.5565 1 -21.71 5.67836 -218.727 -0.937772 -0.00161208 -0.346776 0.0181049 1 2.1 6 0.048 3 13 48
20.5731 1 -21.71 5.67836 -218.727 -0.937772 -0.00161208 -0.346776 0.0181049 1 2.1 6 0.048 3 13 48
20.5898 1 -21.71 5.67836 -218.727 -0.937772 -0.00161208 -0.346776 0.0181049 1 2.1 6 0.048 3 13 48
20.6065 1 -21.71 5.67836 -218.727 -0.937772 -0.00161208 -0.346776 0.0181049 1 2.1 6 0.048 3 13 48
20.6231 1 -21.71 5.67836 -218.727 -0.937772 -0.00161208 -0.346776 0.0181049 1 2.1 6 0.048 3 13 48
20.6398 1 -21.71 5.67836 -218.727 -0.937772 -0.00161208 -0.346776 0.0181049 1 2.1 6 0.048 3 13 48
20.6565 1 -21.71 5.67836 -218.727 -0.937772 -0.00161208 -0.346776 0.0181049 1 2.1 6 0.048 3 13 48
20.6731 1 -21.71 5.67836 -218.727 -0.937772 -0.00161208 -0.346776 0.0181049 1 2.1 6 0.048 3 13 48
20.6898 1 -21.71 5.67836 -218.727 -0.937772 -0.00161208 -0.346776 0.0181049 1 2.1 6 0.048 3 13 48
20.7065 1 -21.71 5.67836 -218.727 -0.937772 -0.00161208 -0.346776 0.0181049 1 2.1 6 0.048 3 13 48
20.7231 1 -21.71 5.67836 -218.727 -0.937772 -0.00161208 -0.346776 0.0181049 1 2.1 6 0.048 3 13 48
20.7398 1 -21.71 5.67836 -218.727 -0.937772 -0.00161208 -0.346776 0.0181049 1 2.1 6 0.048 3 13 48
20.7565 1 -21.71 5.67836 -218.727 -0.937772 -0.00161208 -0.346776 0.0181049 1 2.1 6 0.048 3 13 48
20.7731 1 -21.71 5.67836 -218.727 -0.937772 -0.00161208 -0.346776 0.0181049 1 2.1 6 0.048 3 13 48
20.7898 1 -21.71 5.67836 -218.727 -0.937772 -0.00161208 -0.346776 0.0181049 1 2.1 6 0.048 3 13 48
20.8065 1 -21.71 5.67836 -218.727 -0.937772 -0.00161208 -0.346776 0.0181049 1 2.1 6 0.048 3 13 48
20.8231 1 -21.71 5.67836 -218.727 -0.937772 -0.00161208 -0.346776 0.0181049 1 2.1 6 0.048 3 13 48
20.8398 1 -21.71 5.67836 -218.727 -0.937772 -0.00161208 -0.346776 0.0181049 1 2.1 6 0.048 3 13 48
20.8565 1 -21.71 5.67836 -218.727 -0.937772 -0.00161208 -0.346776 0.0181049 1 2.1 6 0.048 3 13 48
20.8731 1 -21.71 5.67836 -218.727 -0.937772 -0.00161208 -0.346776 0.0181049 1 2.1 6 0.048 3 13 48
20.8898 1 -21.71 5.67836 -218.727 -0.937772 -0.00161208 -0.346776 0.0181049 1 2.1 6 0.048 3 13 48
20.9065 1 -21.71 5.67836 -218.727 -0.937772 -0.00161208 -0.346776 0.0181049 1 2.1 6 0.048 3 13 48
20.9231 1 -21.71 5.67836 -218.727 -0.937772 -0.00161208 -0.346776 0.0181049 1 2.1 6 0.048 3 13 48
20.9398 1 -21.71 5.67836 -218.727 -0.937772 -0.00161208 -0.346776 0.0181049 1 2.1 6 0.048 3 13 48
20.9565 1 -21.71 5.67836 -218.727 -0.937772 -0.00161208 -0.346776 0.0181049 1 2.1 6 0.048 3 13 48
20.9731 1 -21.71 5.67836 -218.727 -0.937772 -0.00161208 -0.346776 0.0181049 1 2.1 6 0.048 3 13 48
20.9898 1 -21.71 5.67836 -218.727 -0.937772 -0.00161208 -0.346776 0.0181049 1 2.1 6 0.048 3 13 48
21.0065 1 -21.71 5.67836 -218.727 -0.937772 -0.00161208 -0.346776 0.0181049 1 2.1 6 0.048 3 13 48
21.0231 1 -21.71 5.67836 -218.727 -0.937772 -0.00161208 -0.346776 0.0181049 1 2.1 6 0.048 3 13 48
21.0398 1 -21.71 5.67836 -218.727 -0.937772 -0.00161208 -0.346776 0.0181049 1 2.1 6 0.048 3 13 48
21.0565 1 -21.71 5.67836 -218.727 -0.937772 -0.00161208 -0.346776 0.0181049 1 2.1 6 0.048 3 13 48
21.0731 1 -21.71 5.67836 -218.727 -0.937772 -0.00161208 -0.346776 0.0181049 1 2.1 6 0.048 3 13 48
21.0898 1 -21.71 5.67836 -218.727 -0.937772 -0.00161208 -0.346776 0.0181049 1 2.1 6 0.048 3 13 48
21.1065 1 -21.71 5.67836 -218.727 -0.937772 -0.00161208 -0.346776 0.0181049 1 2.1 6 0.048 3 13 48
21.1231 1 -21.71 5.67836 -218.727 -0.937772 -0.00161208 -0.346776 0.0181049 1 2.1 6 0.048 3 13 48
21.1398 1 -21.71 5.67836 -218.727 -0.937772 -0.00161208 -0.346776 0.0181049 1 2.1 6 0.048 3 13 48
21.1565 1 -21.71 5.67836 -218.727 -0.937772 -0.00161208 -0.346776 0.0181049 1 2.1 6 0.048 3 13 48
21.1731 1 -21.71 5.67836 -218.727 -0.937772 -0.00161208 -0.346776 0.0181049 1 2.1 6 0.048 3 13 48
21.1898 1 -21.71 5.67836 -218.727 -0.937772 -0.00161208 -0.346776 0.0181049 1 2.1 6 0.048 3 13 48
21.2065 1 -21.71 5.67836 -218.727 -0.937772 -0.00161208 -0.346776 0.0181049 1 2.1 6 0.048 3 13 48
21.2231 1 -21.71 5.67836 -218.727 -0.937772 -0.00161208 -0.346776 0.0181049 1 2.1 6 0.048 3 13 48
21.2398 1 -21.71 5.67836 -218.727 -0.937772 -0.00161208 -0.346776 0.0181049 1 2.1 6 0.048 3 13 48
21.2565 1 -21.71 5.67836 -218.727 -0.937772 -0.00161208 -0.346776 0.0181049 1 2.1 6 0.048 3 13 48
21.2731 1 -21.71 5.67836 -218.727 -0.937772 -0.00161208 -0.346776 0.0181049 1 2.1 6 0.048 3 13 48
21.2898 1 -21.71 5.67836 -218.727 -0.937772 -0.00161208 -0.346776 0.0181049 1 2.1 6 0.048 3 13 48
21.3065 1 -21.71 5.67836 -218.727 -0.937772 -0.00161208 -0.346776 0.0181049 1 2.1 6 0.048 3 13 48
21.3231 1 -21.71 5.67836 -218.727 -0.937772 -0.00161208 -0.346776 0.0181049 1 2.1 6 0.048 3 13 48
21.3398 1 -21.71 5.67836 -218.727 -0.937772 -0.00161208 -0.346776 0.0181049 1 2.1 6 0.048 3 13 48
21.3565 1 -21.71 5.67836 -218.727 -0.937772 -0.00161208 -0.346776 0.0181049 1 2.1 6 0.048 3 13 48
21.3731 1 -21.71 5.67836 -218.727 -0.937772 -0.00161208 -0.346776 0.0181049 1 2.1 6 0.048 3 13 48
21.3898 1 -21.71 5.67836 -218.727 -0.937772 -0.00161208 -0.346776 0.0181049 1 2.1 6 0.048 3 13 48
21.4065 1 -21.71 5.67836 -218.727 -0.937772 -0.00161208 -0.346776 0.0181049 1 2.1 6 0.048 3 13 48
21.4231 1 -21.71 5.67836 -218.727 -0.937772 -0.00161208 -0.346776 0.0181049 1 2.1 6 0.048 3 13 48
21.4398 1 -21.71 5.67836 -218.727 -0.937772 -0.00161208 -0.346776 0.0181049 1 2.1 6 0.048 3 13 48
21.4565 1 -21.71 5.67836 -218.727 -0.937772 -0.00161208 -0.346776 0.0181049 1 2.1 6 0.048 3 13 48
21.4731 1 -21.71 5.67836 -218.727 -0.937772 -0.00161208 -0.346776 0.0181049 1 2.1 6 0.048 3 13 48
21.4898 1 -21.71 5.67836 -218.727 -0.937772 -0.00161208 -0.346776 0.0181049 1 2.1 6 0.048 3 13 48
21.5065 1 -21.71 5.67836 -218.727 -0.937772 -0.00161208 -0.346776 0.0181049 1 2.1 6 0.048 3 13 48
21.5231 1 -21.71 5.67836 -218.727 -0.937772 -0.00161208 -0.346776 0.0181049 1 2.1 6 0.048 3 13 48
21.5398 1 -21.71 5.67836 -218.727 -0.937772 -0.00161208 -0.346776 0.0181049 1 2.1 6 0.048 3 13 48
21.5565 1 -21.71 5.67836 -218.727 -0.937772 -0.00161208 -0.346776 0.0181049 1 2.1 6 0.048 3 13 48
21.5731 1 -21.71 5.67836 -218.727 -0.937772 -0.00161208 -0.346776 0.0181049 1 2.1 6 0.048 3 13 48
21.5898 1 -21.71 5.67836 -218.727 -0.937772 -0.00161208 -0.346776 0.0181049 1 2.1 6 0.048 3 13 48
21.6065 1 -21.71 5.67836 -218.727 -0.937772 -0.00161208 -0.346776 0.0181049 1 2.1 6 0.048 3 13 48
21.6231 1 -21.71 5.67836 -218.727 -0.937772 -0.00161208 -0.346776 0.0181049 1 2.1 6 0.048 3 13 48
21.6398 1 -21.71 5.67836 -218.727 -0.937772 -0.00161208 -0.346776 0.0181049 1 2.1 6 0.048 3 13 48
21.6565 1 -21.71 5.67836 -218.727 -0.937772 -0.00161208 -0.346776 0.0181049 1 2.1 6 0.048 3 13 48
21.6731 1 -21.71 5.67836 -218.727 -0.937772 -0.00161208 -0.346776 0.0181049 1 2.1 6 0.048 3 13 48
21.6898 1 -21.71 5.67836 -218.727 -0.937772 -0.00161208 -0.346776 0.0181049 1 2.1 6 0.048 3 13 48
21.7065 1 -21.71 5.67836 -218.727 -0.937772 -0.00161208 -0.346776 0.0181049 1 2.1 6 0.048 3 13 48
21.7231 1 -21.71 5.67836 -218.727 -0.937772 -0.00161208 -0.346776 0.0181049 1 2.1 6 0.048 3 13 48
21.7398 1 -21.71 5.67836 -218.727 -0.937772 -0.00161208 -0.346776 0.0181049 1 2.1 6 0.048 3 13 48
21.7565 1 -21.71 5.67836 -218.727 -0.937772 -0.00161208 -0.346776 0.0181049 1 2.1 6 0.048 3 13 48
21.7731 1 -21.71 5.67836 -218.727 -0.937772 -0.00161208 -0.346776 0.0181049 1 2.1 6 0.048 3 13 48
21.7898 1 -21.71 5.67836 -218.727 -0.937772 -0.00161208 -0.346776 0.0181049 1 2.1 6 0.048 3 13 48
21.8065 1 -21.71 5.67836 -218.727 -0.937772 -0.00161208 -0.346776 0.0181049 1 2.1 6 0.048 3 13 48
21.8231 1 -21.71 5.67836 -218.727 -0.937772 -0.00161208 -0.346776 0.0181049 1 2.1 6 0.048 3 13 48
21.8398 1 -21.71 5.67836 -218.727 -0.937772 -0.00161208 -0.346776 0.0181049 1 2.1 6 0.048 3 13 48
21.8565 1 -21.71 5.67836 -218.727 -0.937772 -0.00161208 -0.346776 0.0181049 1 2.1 6 0.048 3 13 48
21.8731 1 -21.71 5.67836 -218.727 -0.937772 -0.00161208 -0.346776 0.0181049 1 2.1 6 0.048 3 13 48
21.8898 1 -21.71 5.67836 -218.727 -0.937772 -0.00161208 -0.346776 0.0181049 1 2.1 6 0.048 3 13 48
21.9065 1 -21.71 5.67836 -218.727 -0.937772 -0.00161208 -0.346776 0.0181049 1 2.1 6 0.048 3 13 48
21.9231 1 -21.71 5.67836 -218.727 -0.937772 -0.00161208 -0.346776 0.0181049 1 2.1 6 0.048 3 13 48
21.9398 1 -21.71 5.67836 -218.727 -0.937772 -0.00161208 -0.346776 0.0181049 1 2.1 6 0.048 3 13 48
21.9565 1 -21.71 5.67836 -218.727 -0.937772 -0.00161208 -0.346776 0.0181049 1 2.1 6 0.048 3 13 48
21.9731 1 -21.71 5.67836 -218.727 -0.937772 -0.00161208 -0.346776 0.0181049 1 2.1 6 0.048 3 13 48
21.9898 1 -21.71 5.67836 -218.727 -0.937772 -0.00161208 -0.346776 0.0181049 1 2.1 6 0.048 3 13 48
22.0065 1 -21.71 5.67836 -218.727 -0.937772 -0.00161208 -0.346776 0.0181049 1 2.1 6 0.048 3 13 48
22.0231 1 -21.71 5.67836 -218.727 -0.937772 -0.00161208 -0.346776 0.0181049 1 2.1 6 0.048 3 13 48
22.0398 1 -21.71 5.67836 -218.727 -0.937772 -0.00161208 -0.346776 0.0181049 1 2.1 6 0.048 3 13 48
22.0565 1 -21.71 5.67836 -218.727 -0.937772 -0.00161208 -0.346776 0.0181049 1 2.1 6 0.048 3 13 48
22.0731 1 -21.71 5.67836 -218.727 -0.937772 -0.00161208 -0.346776 0.0181049 1 2.1 6 0.048 3 13 48
22.0898 1 -21.71 5.67836 -218.727 -0.937772 -0.00161208 -0.346776 0.0181049 1 2.1 6 0.048 3 13 48
22.1065 1 -21.71 5.67836 -218.727 -0.937772 -0.00161208 -0.346776 0.0181049 1 2.1 6 0.048 3 13 48
22.1231 1 -21.71 5.67836 -218.727 -0.937772 -0.00161208 -0.346776 0.0181049 1 2.1 6 0.048 3 13 48
22.1398 1 -21.71 5.67836 -218.727 -0.937772 -0.00161208 -0.346776 0.0181049 1 2.1 6 0.048 3 13 48
22.1565 1 -21.71 5.67836 -218.727 -0.937772 -0.00161208 -0.346776 0.0181049 1 2.1 6 0.048 3 13 48
22.1731 1 -21.71 5.67836 -218.727 -0.937772 -0.00161208 -0.346776 0.0181049 1 2.1 6 0.048 3 13 48
22.1898 1 -21.71 5.67836 -218.727 -0.937772 -0.00161208 -0.346776 0.0181049 1 2.1 6 0.048 3 13 48
22.2065 1 -21.71 5.67836 -218.727 -0.937772 -0.00161208 -0.346776 0.0181049 1 2.1 6 0.048 3 13 48
22.2231 1 -21.71 5.67836 -218.727 -0.937772 -0.00161208 -0.346776 0.0181049 1 2.1 6 0.048 3 13 48
22.2398 1 -21.71 5.67836 -218.727 -0.937772 -0.00161208 -0.346776 0.0181049 1 2.1 6 0.048 3 13 48
22.2565 1 -21.71 5.67836 -218.727 -0.937772 -0.00161208 -0.346776 0.0181049 1 2.1 6 0.048 3 13 48
22.2731 1 -21.71 5.67836 -218.727 -0.937772 -0.00161208 -0.346776 0.0181049 1 2.1 6 0.048 3 13 48
22.2898 1 -21.71 5.67836 -218.727 -0.937772 -0.00161208 -0.346776 0.0181049 1 2.1 6 0.048 3 13 48
22.3065 1 -21.71 5.67836 -218.727 -0.937772 -0.00161208 -0.346776 0.0181049 1 2.1 6 0.048 3 13 48
22.3231 1 -21.71 5.67836 -218.727 -0.937772 -0.00161208 -0.346776 0.0181049 1 2.1 6 0.048 3 13 48
22.3398 1 -21.71 5.67836 -218.727 -0.937772 -0.00161208 -0.346776 0.0181049 1 2.1 6 0.048 3 13 48
22.3565 1 -21.71 5.67836 -218.727 -0.937772 -0.00161208 -0.346776 0.0181049 1 2.1 6 0.048 3 13 48
22.3731 1 -21.71 5.67836 -218.727 -0.937772 -0.00161208 -0.346776 0.0181049 1 2.1 6 0.048 3 13 48
22.3898 1 -21.71 5.67836 -218.727 -0.937772 -0.00161208 -0.346776 0.0181049 1 2.1 6 0.048 3 13 48
22.4065 1 -21.71 5.67836 -218.727 -0.937772 -0.00161208 -0.346776 0.0181049 1 2.1 6 0.048 3 13 48
22.4231 1 -21.71 5.67836 -218.727 -0.937772 -0.00161208 -0.346776 0.0181049 1 2.1 6 0.048 3 13 48
22.4398 1 -21.71 5.67836 -218.727 -0.937772 -0.00161208 -0.346776 0.0181049 1 2.1 6 0.048 3 13 48
22.4565 1 -21.71 5.67836 -218.727 -0.937772 -0.00161208 -0.346776 0.0181049 1 2.1 6 0.048 3 13 48
22.4731 1 -21.71 5.67836 -218.727 -0.937772 -0.00161208 -0.346776 0.0181049 1 2.1 6 0.048 3 13 48
22.4898 1 -21.71 5.67836 -218.727 -0.937772 -0.00161208 -0.346776 0.0181049 1 2.1 6 0.048 3 13 48
22.5065 1 -21.71 5.67836 -218.727 -0.937772 -0.00161208 -0.346776 0.0181049 1 2.1 6 0.048 3 13 48
22.5231 1 -21.71 5.67836 -218.727 -0.937772 -0.00161208 -0.346776 0.0181049 1 2.1 6 0.048 3 13 48
22.5398 1 -21.71 5.67836 -218.727 -0.937772 -0.00161208 -0.346776 0.0181049 1 2.1 6 0.048 3 13 48
22.5565 1 -21.71 5.67836 -218.727 -0.937772 -0.00161208 -0.346776 0.0181049 1 2.1 6 0.048 3 13 48
22.5731 1 -21.71 5.67836 -218.727 -0.937772 -0.00161208 -0.346776 0.0181049 1 2.1 6 0.048 3 13 48
22.5898 1 -21.71 5.67836 -218.727 -0.937772 -0.00161208 -0.346776 0.0181049 1 2.1 6 0.048 3 13 48
22.6065 1 -21.71 5.67836 -218.727 -0.937772 -0.00161208 -0.346776 0.0181049 1 2.1 6 0.048 3 13 48
22.6231 1 -21.71 5.67836 -218.727 -0.937772 -0.00161208 -0.346776 0.0181049 1 2.1 6 0.048 3 13 48
22.6398 1 -21.71 5.67836 -218.727 -0.937772 -0.00161208 -0.346776 0.0181049 1 2.1 6 0.048 3 13 48
22.6565 1 -21.71 5.67836 -218.727 -0.937772 -0.00161208 -0.346776 0.0181049 1 2.1 6 0.048 3 13 48
22.6731 1 -21.71 5.67836 -218.727 -0.937772 -0.00161208 -0.346776 0.0181049 1 2.1 6 0.048 3 13 48
22.6898 1 -21.71 5.67836 -218.727 -0.937772 -0.00161208 -0.346776 0.0181049 1 2.1 6 0.048 3 13 48
22.7065 1 -21.71 5.67836 -218.727 -0.937772 -0.00161208 -0.346776 0.0181049 1 2.1 6 0.048 3 13 48
22.7231 1 -21.71 5.67836 -218.727 -0.937772 -0.00161208 -0.346776 0.0181049 1 2.1 6 0.048 3 13 48
22.7398 1 -21.71 5.67836 -218.727 -0.937772 -0.00161208 -0.346776 0.0181049 1 2.1 6 0.048 3 13 48
22.7565 1 -21.71 5.67836 -218.727 -0.937772 -0.00161208 -0.346776 0.0181049 1 2.1 6 0.048 3 13 48
22.7731 1 -21.71 5.67836 -218.727 -0.937772 -0.00161208 -0.346776 0.0181049 1 2.1 6 0.048 3 13 48
22.7898 1 -21.71 5.67836 -218.727 -0.937772 -0.00161208 -0.346776 0.0181049 1 2.1 6 0.048 3 13 48
22.8065 1 -21.71 5.67836 -218.727 -0.937772 -0.00161208 -0.346776 0.0181049 1 2.1 6 0.048 3 13 48
22.8231 1 -21.71 5.67836 -218.727 -0.937772 -0.00161208 -0.346776 0.0181049 1 2.1 6 0.048 3 13 48
22.8398 1 -21.71 5.67836 -218.727 -0.937772 -0.00161208 -0.346776 0.0181049 1 2.1 6 0.048 3 13 48
22.8565 1 -21.71 5.67836 -218.727 -0.937772 -0.00161208 -0.346776 0.0181049 1 2.1 6 0.048 3 13 48
22.8731 1 -21.71 5.67836 -218.727 -0.937772 -0.00161208 -0.346776 0.0181049 1 2.1 6 0.048 3 13 48
22.8898 1 -21.71 5.67836 -218.727 -0.937772 -0.00161208 -0.346776 0.0181049 1 2.1 6 0.048 3 13 48
22.9065 1 -21.71 5.67836 -218.727 -0.937772 -0.00161208 -0.346776 0.0181049 1 2.1 6 0.048 3 13 48
22.9231 1 -21.71 5.67836 -218.727 -0.937772 -0.00161208 -0.346776 0.0181049 1 2.1 6 0.048 3 13 48
22.9398 1 -21.71 5.67836 -218.727 -0.937772 -0.00161208 -0.346776 0.0181049 1 2.1 6 0.048 3 13 48
22.9565 1 -21.71 5.67836 -218.727 -0.937772 -0.00161208 -0.346776 0.0181049 1 2.1 6 0.048 3 13 48
22.9731 1 -21.71 5.67836 -218.727 -0.937772 -0.00161208 -0.346776 0.0181049 1 2.1 6 0.048 3 13 48
22.9898 1 -21.71 5.67836 -218.727 -0.937772 -0.00161208 -0.346776 0.0181049 1 2.1 6 0.048 3 13 48
23.0065 1 -21.71 5.67836 -218.727 -0.937772 -0.00161208 -0.346776 0.0181049 1 2.1 6 0.048 3 13 48
23.0231 1 -21.71 5.67836 -218.727 -0.937772 -0.00161208 -0.346776 0.0181049 1 2.1 6 0.048 3 13 48
23.0398 1 -21.71 5.67836 -218.727 -0.937772 -0.00161208 -0.346776 0.0181049 1 2.1 6 0.048 3 13 48
23.0565 1 -21.71 5.67836 -218.727 -0.937772 -0.00161208 -0.346776 0.0181049 1 2.1 6 0.048 3 13 48
23.0731 1 -21.71 5.67836 -218.727 -0.937772 -0.00161208 -0.346776 0.0181049 1 2.1 6 0.048 3 13 48
23.0898 1 -21.71 5.67836 -218.727 -0.937772 -0.00161208 -0.346776 0.0181049 1 2.1 6 0.048 3 13 48
23.1065 1 -21.71 5.67836 -218.727 -0.937772 -0.00161208 -0.346776 0.0181049 1 2.1 6 0.048 3 13 48
23.1231 1 -21.71 5.67836 -218.727 -0.937772 -0.00161208 -0.346776 0.0181049 1 2.1 6 0.048 3 13 48
23.1398 1 -21.71 5.67836 -218.727 -0.937772 -0.00161208 -0.346776 0.0181049 1 2.1 6 0.048 3 13 48
23.1565 1 -21.71 5.67836 -218.727 -0.937772 -0.00161208 -0.346776 0.0181049 1 2.1 6 0.048 3 13 48
23.1731 1 -21.71 5.67836 -218.727 -0.937772 -0.00161208 -0.346776 0.0181049 1 2.1 6 0.048 3 13 48
23.1898 1 -21.71 5.67836 -218.727 -0.937772 -0.00161208 -0.346776 0.0181049 1 2.1 6 0.048 3 13 48
23.2065 1 -21.71 5.67836 -218.727 -0.937772 -0.00161208 -0.346776 0.0181049 1 2.1 6 0.048 3 13 48
23.2231 1 -21.71 5.67836 -218.727 -0.937772 -0.00160238 -0.346776 0.0181013 1 2.1 6 0.048 3 13 48
23.2636 1 -21.71 5.67836 -218.727 -0.937773 0.000572601 -0.346817 0.017297 1 2.1 6 0.048 3 13 48
23.2803 1 -21.71 5.67836 -218.727 -0.937771 0.00226916 -0.346848 0.0166695 1 2.1 6 0.048 3 13 48
23.2969 1 -21.71 5.67836 -218.727 -0.937767 0.0035855 -0.346871 0.0161826 1 2.1 6 0.048 3 13 48
23.3136 1 -21.71 5.67836 -218.727 -0.937762 0.00457092 -0.346888 0.0158181 1 2.1 6 0.048 3 13 48
23.3303 1 -21.71 5.67836 -218.727 -0.937758 0.00530009 -0.3469 0.0155484 1 2.1 6 0.048 3 13 48
23.3469 1 -21.71 5.67836 -218.727 -0.937755 0.00583649 -0.346909 0.01535 1 2.1 6 0.048 3 13 48
23.3636 1 -21.71 5.67836 -218.727 -0.937753 0.00623109 -0.346915 0.015204 1 2.1 6 0.048 3 13 48
23.3803 1 -21.71 5.67836 -218.727 -0.937751 0.00652138 -0.34692 0.0150966 1 2.1 6 0.048 3 13 48
23.3969 1 -21.71 5.67836 -218.727 -0.937749 0.00674463 -0.346924 0.015014 1 2.1 6 0.048 3 13 48
23.4136 1 -21.71 5.67836 -218.727 -0.937739 0.00800128 -0.346943 0.0145491 1 2.1 6 0.048 3 13 48
23.4303 1 -21.71 5.67836 -218.727 -0.937728 0.00919881 -0.346962 0.014106 1 2.1 6 0.048 3 13 48
23.4469 1 -21.71 5.67836 -218.727 -0.937718 0.010148 -0.346976 0.0137548 1 2.1 6 0.048 3 13 48
23.4636 1 -21.71 5.67836 -218.727 -0.93771 0.0108634 -0.346986 0.0134901 1 2.1 6 0.048 3 13 48
23.4803 1 -21.71 5.67836 -218.727 -0.937704 0.0113939 -0.346994 0.0132938 1 2.1 6 0.048 3 13 48
23.4969 1 -21.71 5.67836 -218.727 -0.937699 0.0117852 -0.346999 0.013149 1 2.1 6 0.048 3 13 48
23.5136 1 -21.71 5.67836 -218.727 -0.937696 0.0120734 -0.347003 0.0130423 1 2.1 6 0.048 3 13 48
23.5303 1 -21.71 5.67836 -218.727 -0.937693 0.0122854 -0.347006 0.0129639 1 2.1 6 0.048 3 13 48
23.5469 1 -21.71 5.67836 -218.727 -0.937691 0.0124414 -0.347008 0.0129061 1 2.1 6 0.048 3 13 48
23.5636 1 -21.71 5.67836 -218.727 -0.937689 0.0125561 -0.34701 0.0128637 1 2.1 6 0.048 3 13 48
23.5803 1 -21.71 5.67836 -218.727 -0.937688 0.0126405 -0.347011 0.0128324 1 2.1 6 0.048 3 13 48
23.5969 1 -21.71 5.67836 -218.727 -0.937687 0.0127123 -0.347012 0.0128059 1 2.1 6 0.048 3 13 48
23.6136 1 -21.71 5.67836 -218.727 -0.937671 0.0138575 -0.347027 0.0123821 1 2.1 6 0.048 3 13 48
23.6303 1 -21.71 5.67836 -218.727 -0.937654 0.014973 -0.347042 0.0119692 1 2.1 6 0.048 3 13 48
23.6469 1 -21.71 5.67836 -218.727 -0.937639 0.0158618 -0.347053 0.0116402 1 2.1 6 0.048 3 13 48
23.6636 1 -21.71 5.67836 -218.727 -0.937628 0.0165328 -0.347061 0.0113919 1 2.1 6 0.048 3 13 48
23.6803 1 -21.71 5.67836 -218.727 -0.937619 0.0170306 -0.347067 0.0112076 1 2.1 6 0.048 3 13 48
23.6969 1 -21.71 5.67836 -218.727 -0.937612 0.0173979 -0.347072 0.0110717 1 2.1 6 0.048 3 13 48
23.7136 1 -21.71 5.67836 -218.727 -0.937607 0.0176684 -0.347075 0.0109715 1 2.1 6 0.048 3 13 48
23.7303 1 -21.71 5.67836 -218.727 -0.937603 0.0178674 -0.347077 0.0108979 1 2.1 6 0.048 3 13 48
23.7469 1 -21.71 5.67836 -218.727 -0.9376 0.0180138 -0.347079 0.0108437 1 2.1 6 0.048 3 13 48
23.7636 1 -21.71 5.67836 -218.727 -0.937598 0.0181215 -0.34708 0.0108038 1 2.1 6 0.048 3 13 48
23.7803 1 -21.71 5.67836 -218.727 -0.937597 0.0182008 -0.347081 0.0107744 1 2.1 6 0.048 3 13 48
23.7969 1 -21.71 5.67836 -218.727 -0.937596 0.0182591 -0.347082 0.0107529 1 2.1 6 0.048 3 13 48
23.8136 1 -21.71 5.67836 -218.727 -0.937595 0.018302 -0.347082 0.010737 1 2.1 6 0.048 3 13 48
23.8303 1 -21.71 5.67836 -218.727 -0.937594 0.0183335 -0.347083 0.0107253 1 2.1 6 0.048 3 13 48
23.8469 1 -21.71 5.67836 -218.727 -0.937594 0.0183567 -0.347083 0.0107167 1 2.1 6 0.048 3 13 48
23.8636 1 -21.71 5.67836 -218.727 -0.937593 0.0183738 -0.347083 0.0107104 1 2.1 6 0.048 3 13 48
23.8803 1 -21.71 5.67836 -218.727 -0.937593 0.0183864 -0.347083 0.0107058 1 2.1 6 0.048 3 13 48
23.8969 1 -21.71 5.67836 -218.727 -0.937593 0.0183956 -0.347083 0.0107023 1 2.1 6 0.048 3 13 48
23.9136 1 -21.71 5.67836 -218.727 -0.937593 0.0184121 -0.347084 0.0106962 1 2.1 6 0.048 3 13 48
23.9303 1 -21.71 5.67836 -218.727 -0.93757 0.0195165 -0.347096 0.0102874 1 2.1 6 0.048 3 13 48
23.9469 1 -21.71 5.67836 -218.727 -0.937547 0.0206019 -0.347108 0.00988554 1 2.1 6 0.048 3 13 48
23.9636 1 -21.71 5.67836 -218.727 -0.937528 0.0214687 -0.347117 0.00956463 1 2.1 6 0.048 3 13 48
23.9803 1 -21.71 5.67836 -218.727 -0.937512 0.0221233 -0.347123 0.00932224 1 2.1 6 0.048 3 13 48
23.9969 1 -21.71 5.67836 -218.727 -0.937501 0.0226092 -0.347128 0.00914235 1 2.1 6 0.048 3 13 48
24.0136 1 -21.71 5.67836 -218.727 -0.937492 0.0229677 -0.347131 0.00900961 1 2.1 6 0.048 3 13 48
24.0303 1 -21.71 5.67836 -218.727 -0.937486 0.0232317 -0.347134 0.00891186 1 2.1 6 0.048 3 13 48
24.0469 1 -21.71 5.67836 -218.727 -0.937481 0.0234259 -0.347136 0.00883993 1 2.1 6 0.048 3 13 48
24.0636 1 -21.71 5.67836 -218.727 -0.937477 0.0235688 -0.347137 0.00878701 1 2.1 6 0.048 3 13 48
24.0803 1 -21.71 5.67836 -218.727 -0.937475 0.023674 -0.347138 0.00874808 1 2.1 6 0.048 3 13 48
24.0969 1 -21.71 5.67836 -218.727 -0.937473 0.0237513 -0.347139 0.00871944 1 2.1 6 0.048 3 13 48
24.1136 1 -21.71 5.67836 -218.727 -0.937471 0.0238082 -0.347139 0.00869837 1 2.1 6 0.048 3 13 48
24.1303 1 -21.71 5.67836 -218.727 -0.93747 0.0238501 -0.34714 0.00868287 1 2.1 6 0.048 3 13 48
24.1469 1 -21.71 5.67836 -218.727 -0.937469 0.0238809 -0.34714 0.00867146 1 2.1 6 0.048 3 13 48
24.1636 1 -21.71 5.67836 -218.727 -0.937469 0.0239035 -0.34714 0.00866307 1 2.1 6 0.048 3 13 48
24.1803 1 -21.71 5.67836 -218.727 -0.937468 0.0239202 -0.34714 0.0086569 1 2.1 6 0.048 3 13 48
24.1969 1 -21.71 5.67836 -218.727 -0.937468 0.0239325 -0.34714 0.00865236 1 2.1 6 0.048 3 13 48
24.2136 1 -21.71 5.67836 -218.727 -0.937468 0.0239415 -0.347141 0.00864902 1 2.1 6 0.048 3 13 48
24.2303 1 -21.71 5.67836 -218.727 -0.937468 0.0239481 -0.347141 0.00864657 1 2.1 6 0.048 3 13 48
24.2469 1 -21.71 5.67836 -218.727 -0.937467 0.023953 -0.347141 0.00864476 1 2.1 6 0.048 3 13 48
24.2636 1 -21.71 5.67836 -218.727 -0.937467 0.0239566 -0.347141 0.00864343 1 2.1 6 0.048 3 13 48
24.2803 1 -21.71 5.67836 -218.727 -0.937467 0.0239592 -0.347141 0.00864245 1 2.1 6 0.048 3 13 48
24.2969 1 -21.71 5.67836 -218.727 -0.937467 0.0239612 -0.347141 0.00864173 1 2.1 6 0.048 3 13 48
24.3136 1 -21.71 5.67836 -218.727 -0.937467 0.0239626 -0.347141 0.00864121 1 2.1 6 0.048 3 13 48
24.3303 1 -21.71 5.67836 -218.727 -0.937467 0.0239636 -0.347141 0.00864082 1 2.1 6 0.048 3 13 48
24.3469 1 -21.71 5.67836 -218.727 -0.937467 0.0239644 -0.347141 0.00864053 1 2.1 6 0.048 3 13 48
24.3636 1 -21.71 5.67836 -218.727 -0.937467 0.023965 -0.347141 0.00864032 1 2.1 6 0.048 3 13 48
24.3803 1 -21.71 5.67836 -218.727 -0.937467 0.0239654 -0.347141 0.00864016 1 2.1 6 0.048 3 13 48
24.3969 1 -21.71 5.67836 -218.727 -0.937467 0.0239657 -0.347141 0.00864005 1 2.1 6 0.048 3 13 48
24.4136 1 -21.71 5.67836 -218.727 -0.937467 0.0239659 -0.347141 0.00863997 1 2.1 6 0.048 3 13 48
24.4303 1 -21.71 5.67836 -218.727 -0.937467 0.0239661 -0.347141 0.0086399 1 2.1 6 0.048 3 13 48
24.4469 1 -21.71 5.67836 -218.727 -0.937467 0.0239662 -0.347141 0.00863986 1 2.1 6 0.048 3 13 48
24.4636 1 -21.71 5.67836 -218.727 -0.937467 0.0239663 -0.347141 0.00863983 1 2.1 6 0.048 3 13 48
24.4803 1 -21.71 5.67836 -218.727 -0.937467 0.0239664 -0.347141 0.0086398 1 2.1 6 0.048 3 13 48
24.4969 1 -21.71 5.67836 -218.727 -0.937467 0.0239664 -0.347141 0.00863978 1 2.1 6 0.048 3 13 48
24.5136 1 -21.71 5.67836 -218.727 -0.937467 0.0239665 -0.347141 0.00863977 1 2.1 6 0.048 3 13 48
24.5303 1 -21.71 5.67836 -218.727 -0.937467 0.0239665 -0.347141 0.00863976 1 2.1 6 0.048 3 13 48
24.5469 1 -21.71 5.67836 -218.727 -0.937467 0.0239665 -0.347141 0.00863975 1 2.1 6 0.048 3 13 48
24.5636 1 -21.71 5.67836 -218.727 -0.937467 0.0239665 -0.347141 0.00863975 1 2.1 6 0.048 3 13 48
24.5803 1 -21.71 5.67836 -218.727 -0.937467 0.0239665 -0.347141 0.00863974 1 2.1 6 0.048 3 13 48
24.5969 1 -21.71 5.67836 -218.727 -0.937467 0.0239665 -0.347141 0.00863974 1 2.1 6 0.048 3 13 48
24.6136 1 -21.71 5.67836 -218.727 -0.937467 0.0239666 -0.347141 0.00863974 1 2.1 6 0.048 3 13 48
24.6303 1 -21.71 5.67836 -218.727 -0.937467 0.0239666 -0.347141 0.00863974 1 2.1 6 0.048 3 13 48
24.6469 1 -21.71 5.67836 -218.727 -0.937467 0.0239666 -0.347141 0.00863974 1 2.1 6 0.048 3 13 48
24.6636 1 -21.71 5.67836 -218.727 -0.937467 0.0239666 -0.347141 0.00863973 1 2.1 6 0.048 3 13 48
24.6803 1 -21.71 5.67836 -218.727 -0.937467 0.0239666 -0.347141 0.00863973 1 2.1 6 0.048 3 13 48
24.6969 1 -21.71 5.67836 -218.727 -0.937467 0.0239666 -0.347141 0.00863973 1 2.1 6 0.048 3 13 48
24.7136 1 -21.71 5.67836 -218.727 -0.937467 0.0239666 -0.347141 0.00863973 1 2.1 6 0.048 3 13 48
24.7303 1 -21.71 5.67836 -218.727 -0.937467 0.0239666 -0.347141 0.00863973 1 2.1 6 0.048 3 13 48
24.7469 1 -21.71 5.67836 -218.727 -0.937467 0.0239666 -0.347141 0.00863973 1 2.1 6 0.048 3 13 48
24.7636 1 -21.71 5.67836 -218.727 -0.937467 0.0239666 -0.347141 0.00863973 1 2.1 6 0.048 3 13 48
24.7803 1 -21.71 5.67836 -218.727 -0.937467 0.0239666 -0.347141 0.00863973 1 2.1 6 0.048 3 13 48
24.7969 1 -21.71 5.67836 -218.727 -0.937467 0.0239666 -0.347141 0.00863973 1 2.1 6 0.048 3 13 48
24.8136 1 -21.71 5.67836 -218.727 -0.937467 0.0239666 -0.347141 0.00863973 1 2.1 6 0.048 3 13 48
24.8303 1 -21.71 5.67836 -218.727 -0.937467 0.0239666 -0.347141 0.00863973 1 2.1 6 0.048 3 13 48
24.8469 1 -21.71 5.67836 -218.727 -0.937467 0.0239666 -0.347141 0.00863973 1 2.1 6 0.048 3 13 48
24.8636 1 -21.71 5.67836 -218.727 -0.937467 0.0239666 -0.347141 0.00863973 1 2.1 6 0.048 3 13 48
24.8803 1 -21.71 5.67836 -218.727 -0.937467 0.0239666 -0.347141 0.00863973 1 2.1 6 0.048 3 13 48
24.8969 1 -21.71 5.67836 -218.727 -0.937467 0.0239666 -0.347141 0.00863973 1 2.1 6 0.048 3 13 48
24.9136 1 -21.71 5.67836 -218.727 -0.937467 0.0239666 -0.347141 0.00863973 1 2.1 6 0.048 3 13 48
24.9303 1 -21.71 5.67836 -218.727 -0.937467 0.0239666 -0.347141 0.00863973 1 2.1 6 0.048 3 13 48
24.9469 1 -21.71 5.67836 -218.727 -0.937467 0.0239666 -0.347141 0.00863973 1 2.1 6 0.048 3 13 48
24.9636 1 -21.71 5.67836 -218.727 -0.937467 0.0239666 -0.347141 0.00863973 1 2.1 6 0.048 3 13 48
24.9803 1 -21.71 5.67836 -218.727 -0.937467 0.0239666 -0.347141 0.00863973 1 2.1 6 0.048 3 13 48
24.9969 1 -21.71 5.67836 -218.727 -0.937467 0.0239666 -0.347141 0.00863973 1 2.1 6 0.048 3 13 48
25.0136 1 -21.71 5.67836 -218.727 -0.937467 0.0239666 -0.347141 0.00863973 1 2.1 6 0.048 3 13 48
25.0303 1 -21.71 5.67836 -218.727 -0.937467 0.0239666 -0.347141 0.00863973 1 2.1 6 0.048 3 13 48
25.0469 1 -21.71 5.67836 -218.727 -0.937467 0.0239666 -0.347141 0.00863973 1 2.1 6 0.048 3 13 48
25.0636 1 -21.71 5.67836 -218.727 -0.937467 0.0239666 -0.347141 0.00863973 1 2.1 6 0.048 3 13 48
25.0803 1 -21.71 5.67836 -218.727 -0.937467 0.0239666 -0.347141 0.00863973 1 2.1 6 0.048 3 13 48
25.0969 1 -21.71 5.67836 -218.727 -0.937467 0.0239666 -0.347141 0.00863973 1 2.1 6 0.048 3 13 48
25.1136 1 -21.71 5.67836 -218.727 -0.937467 0.0239666 -0.347141 0.00863973 1 2.1 6 0.048 3 13 48
25.1303 1 -21.71 5.67836 -218.727 -0.937467 0.0239666 -0.347141 0.00863973 1 2.1 6 0.048 3 13 48
25.1469 1 -21.71 5.67836 -218.727 -0.937467 0.0239666 -0.347141 0.00863973 1 2.1 6 0.048 3 13 48
25.1636 1 -21.71 5.67836 -218.727 -0.937467 0.0239666 -0.347141 0.00863973 1 2.1 6 0.048 3 13 48
25.1803 1 -21.71 5.67836 -218.727 -0.937467 0.0239666 -0.347141 0.00863973 1 2.1 6 0.048 3 13 48
25.1969 1 -21.71 5.67836 -218.727 -0.937467 0.0239666 -0.347141 0.00863973 1 2.1 6 0.048 3 13 48
25.2136 1 -21.71 5.67836 -218.727 -0.937467 0.0239763 -0.347141 0.00863614 1 2.1 6 0.048 3 13 48
25.2303 1 -21.71 5.67836 -218.727 -0.937438 0.0250755 -0.347151 0.00822909 1 2.1 6 0.048 3 13 48
25.2469 1 -21.71 5.67836 -218.727 -0.937409 0.0261571 -0.34716 0.00782854 1 2.1 6 0.048 3 13 48
25.2636 1 -21.71 5.67836 -218.727 -0.937384 0.027021 -0.347167 0.00750859 1 2.1 6 0.048 3 13 48
25.2803 1 -21.71 5.67836 -218.727 -0.937365 0.0276736 -0.347172 0.0072669 1 2.1 6 0.048 3 13 48
25.2969 1 -21.71 5.67836 -218.727 -0.937351 0.0281579 -0.347176 0.00708752 1 2.1 6 0.048 3 13 48
25.3136 1 -21.71 5.67836 -218.727 -0.93734 0.0285142 -0.347179 0.00695557 1 2.1 6 0.048 3 13 48
25.3303 1 -21.71 5.67836 -218.727 -0.937332 0.0287763 -0.347181 0.00685849 1 2.1 6 0.048 3 13 48
25.3469 1 -21.71 5.67836 -218.727 -0.937326 0.0289691 -0.347182 0.00678708 1 2.1 6 0.048 3 13 48
25.3636 1 -21.71 5.67836 -218.727 -0.937321 0.0291206 -0.347183 0.00673095 1 2.1 6 0.048 3 13 48
25.3803 1 -21.71 5.67836 -218.727 -0.937283 0.030324 -0.347191 0.00628521 1 2.1 6 0.048 3 13 48
25.3969 1 -21.71 5.67836 -218.727 -0.937245 0.0314821 -0.347199 0.00585618 1 2.1 6 0.048 3 13 48
25.4136 1 -21.71 5.67836 -218.727 -0.937213 0.0324023 -0.347204 0.00551528 1 2.1 6 0.048 3 13 48
25.4303 1 -21.71 5.67836 -218.727 -0.937189 0.0330963 -0.347208 0.00525819 1 2.1 6 0.048 3 13 48
25.4469 1 -21.71 5.67836 -218.727 -0.937171 0.0336068 -0.347211 0.00506907 1 2.1 6 0.048 3 13 48
25.4636 1 -21.71 5.67836 -218.727 -0.937157 0.0339823 -0.347213 0.00492994 1 2.1 6 0.048 3 13 48
25.4803 1 -21.71 5.67836 -218.727 -0.937147 0.0342586 -0.347215 0.00482758 1 2.1 6 0.048 3 13 48
25.4969 1 -21.71 5.67836 -218.727 -0.93714 0.0344618 -0.347216 0.00475229 1 2.1 6 0.048 3 13 48
25.5136 1 -21.71 5.67836 -218.727 -0.937134 0.034621 -0.347217 0.00469331 1 2.1 6 0.048 3 13 48
25.5303 1 -21.71 5.67836 -218.727 -0.937089 0.0358298 -0.347222 0.00424543 1 2.1 6 0.048 3 13 48
25.5469 1 -21.71 5.67836 -218.727 -0.937044 0.0369919 -0.347227 0.00381482 1 2.1 6 0.048 3 13 48
25.5636 1 -21.71 5.67836 -218.727 -0.937007 0.0379149 -0.347231 0.00347276 1 2.1 6 0.048 3 13 48
25.5803 1 -21.71 5.67836 -218.727 -0.936978 0.038611 -0.347233 0.00321482 1 2.1 6 0.048 3 13 48
25.5969 1 -21.71 5.67836 -218.727 -0.936957 0.039123 -0.347235 0.00302506 1 2.1 6 0.048 3 13 48
25.6136 1 -21.71 5.67836 -218.727 -0.936941 0.0394997 -0.347236 0.00288547 1 2.1 6 0.048 3 13 48
25.6303 1 -21.71 5.67836 -218.727 -0.936929 0.0397768 -0.347237 0.00278278 1 2.1 6 0.048 3 13 48
25.6469 1 -21.71 5.67836 -218.727 -0.936921 0.0399806 -0.347238 0.00270724 1 2.1 6 0.048 3 13 48
25.6636 1 -21.71 5.67836 -218.727 -0.936914 0.0401402 -0.347238 0.00264807 1 2.1 6 0.048 3 13 48
25.6803 1 -21.71 5.67836 -218.727 -0.936861 0.0413491 -0.347241 0.00220003 1 2.1 6 0.048 3 13 48
25.6969 1 -21.71 5.67836 -218.727 -0.936809 0.0425112 -0.347244 0.0017693 1 2.1 6 0.048 3 13 48
25.7136 1 -21.71 5.67836 -218.727 -0.936767 0.0434341 -0.347245 0.00142721 1 2.1 6 0.048 3 13 48
25.7303 1 -21.71 5.67836 -218.727 -0.936735 0.0441129 -0.347246 0.00117555 1 2.1 6 0.048 3 13 48
25.7469 1 -21.71 5.67836 -218.727 -0.936712 0.0446123 -0.347247 0.000990424 1 2.1 6 0.048 3 13 48
25.7636 1 -21.71 5.67836 -218.727 -0.936694 0.0449797 -0.347247 0.000854235 1 2.1 6 0.048 3 13 48
25.7803 1 -21.71 5.67836 -218.727 -0.936681 0.04525 -0.347247 0.000754048 1 2.1 6 0.048 3 13 48
25.7969 1 -21.71 5.67836 -218.727 -0.936671 0.0454585 -0.347248 0.000676752 1 2.1 6 0.048 3 13 48
25.8136 1 -21.71 5.67836 -218.727 -0.93661 0.046703 -0.347248 0.000215367 1 2.1 6 0.048 3 13 48
25.8303 1 -21.71 5.67836 -218.727 -0.93655 0.0478912 -0.347248 -0.000225179 1 2.1 6 0.048 3 13 48
25.8469 1 -21.71 5.67836 -218.727 -0.936501 0.0488334 -0.347248 -0.000574545 1 2.1 6 0.048 3 13 48
25.8636 1 -21.71 5.67836 -218.727 -0.936464 0.0495436 -0.347247 -0.000837861 1 2.1 6 0.048 3 13 48
25.8803 1 -21.71 5.67836 -218.727 -0.936436 0.0500659 -0.347247 -0.00103157 1 2.1 6 0.048 3 13 48
25.8969 1 -21.71 5.67836 -218.727 -0.936415 0.0504502 -0.347246 -0.00117406 1 2.1 6 0.048 3 13 48
25.9136 1 -21.71 5.67836 -218.727 -0.9364 0.0507329 -0.347246 -0.00127889 1 2.1 6 0.048 3 13 48
25.9303 1 -21.71 5.67836 -218.727 -0.936389 0.0509408 -0.347246 -0.00135601 1 2.1 6 0.048 3 13 48
25.9469 1 -21.71 5.67836 -218.727 -0.93638 0.0511035 -0.347245 -0.00141633 1 2.1 6 0.048 3 13 48
25.9636 1 -21.71 5.67836 -218.727 -0.936313 0.052314 -0.347243 -0.00186522 1 2.1 6 0.048 3 13 48
25.9803 1 -21.71 5.67836 -218.727 -0.936247 0.053477 -0.347241 -0.00229658 1 2.1 6 0.048 3 13 48
25.9969 1 -21.71 5.67836 -218.727 -0.936194 0.0544006 -0.347238 -0.00263912 1 2.1 6 0.048 3 13 48
26.0136 1 -21.71 5.67836 -218.727 -0.936154 0.05508 -0.347236 -0.00289111 1 2.1 6 0.048 3 13 48
26.0303 1 -21.71 5.67836 -218.727 -0.936125 0.0555797 -0.347235 -0.00307648 1 2.1 6 0.048 3 13 48
26.0469 1 -21.71 5.67836 -218.727 -0.936103 0.0559474 -0.347233 -0.00321285 1 2.1 6 0.048 3 13 48
26.0636 1 -21.71 5.67836 -218.727 -0.936087 0.0562178 -0.347232 -0.00331317 1 2.1 6 0.048 3 13 48
26.0803 1 -21.71 5.67836 -218.727 -0.936074 0.0564264 -0.347232 -0.00339056 1 2.1 6 0.048 3 13 48
26.0969 1 -21.71 5.67836 -218.727 -0.935998 0.0576703 -0.347227 -0.00385199 1 2.1 6 0.048 3 13 48
26.1136 1 -21.71 5.67836 -218.727 -0.935924 0.0588579 -0.347222 -0.00429256 1 2.1 6 0.048 3 13 48
26.1303 1 -21.71 5.67836 -218.727 -0.935865 0.0597996 -0.347217 -0.00464194 1 2.1 6 0.048 3 13 48
26.1469 1 -21.71 5.67836 -218.727 -0.935819 0.0605094 -0.347214 -0.00490526 1 2.1 6 0.048 3 13 48
26.1636 1 -21.71 5.67836 -218.727 -0.935785 0.0610314 -0.347211 -0.00509897 1 2.1 6 0.048 3 13 48
26.1803 1 -21.71 5.67836 -218.727 -0.93576 0.0614155 -0.347209 -0.00524147 1 2.1 6 0.048 3 13 48
26.1969 1 -21.71 5.67836 -218.727 -0.935742 0.061698 -0.347207 -0.00534629 1 2.1 6 0.048 3 13 48
26.2136 1 -21.71 5.67836 -218.727 -0.935728 0.0619058 -0.347206 -0.00542341 1 2.1 6 0.048 3 13 48
26.2303 1 -21.71 5.67836 -218.727 -0.935717 0.0620684 -0.347205 -0.00548373 1 2.1 6 0.048 3 13 48
26.2469 1 -21.71 5.67836 -218.727 -0.935636 0.063278 -0.347198 -0.00593257 1 2.1 6 0.048 3 13 48
26.2636 1 -21.71 5.67836 -218.727 -0.935557 0.0644402 -0.34719 -0.00636387 1 2.1 6 0.048 3 13 48
26.2803 1 -21.71 5.67836 -218.727 -0.935493 0.0653633 -0.347184 -0.00670642 1 2.1 6 0.048 3 13 48
26.2969 1 -21.71 5.67836 -218.727 -0.935444 0.0660592 -0.347178 -0.00696472 1 2.1 6 0.048 3 13 48
26.3136 1 -21.71 5.67836 -218.727 -0.935408 0.0665712 -0.347175 -0.00715473 1 2.1 6 0.048 3 13 48
26.3303 1 -21.71 5.67836 -218.727 -0.935381 0.0669478 -0.347172 -0.00729451 1 2.1 6 0.048 3 13 48
26.3469 1 -21.71 5.67836 -218.727 -0.935361 0.0672248 -0.347169 -0.00739734 1 2.1 6 0.048 3 13 48
26.3636 1 -21.71 5.67836 -218.727 -0.935346 0.0674286 -0.347168 -0.00747298 1 2.1 6 0.048 3 13 48
26.3803 1 -21.71 5.67836 -218.727 -0.935335 0.0675883 -0.347167 -0.00753222 1 2.1 6 0.048 3 13 48
26.3969 1 -21.71 5.67836 -218.727 -0.935247 0.0687952 -0.347157 -0.00798022 1 2.1 6 0.048 3 13 48
26.4136 1 -21.71 5.67836 -218.727 -0.935161 0.0699554 -0.347146 -0.00841088 1 2.1 6 0.048 3 13 48
26.4303 1 -21.71 5.67836 -218.727 -0.935091 0.0708767 -0.347138 -0.00875291 1 2.1 6 0.048 3 13 48
26.4469 1 -21.71 5.67836 -218.727 -0.93504 0.0715545 -0.347132 -0.00900451 1 2.1 6 0.048 3 13 48
26.4636 1 -21.71 5.67836 -218.727 -0.935001 0.072053 -0.347127 -0.00918959 1 2.1 6 0.048 3 13 48
26.4803 1 -21.71 5.67836 -218.727 -0.934973 0.0724197 -0.347123 -0.00932575 1 2.1 6 0.048 3 13 48
26.4969 1 -21.71 5.67836 -218.727 -0.934952 0.0726895 -0.34712 -0.00942591 1 2.1 6 0.048 3 13 48
26.5136 1 -21.71 5.67836 -218.727 -0.934936 0.0728976 -0.347118 -0.00950318 1 2.1 6 0.048 3 13 48
26.5303 1 -21.71 5.67836 -218.727 -0.934838 0.0741398 -0.347105 -0.00996439 1 2.1 6 0.048 3 13 48
26.5469 1 -21.71 5.67836 -218.727 -0.934743 0.0753258 -0.347092 -0.0104048 1 2.1 6 0.048 3 13 48
26.5636 1 -21.71 5.67836 -218.727 -0.934667 0.0762662 -0.347082 -0.010754 1 2.1 6 0.048 3 13 48
26.5803 1 -21.71 5.67836 -218.727 -0.934609 0.0769749 -0.347073 -0.0110171 1 2.1 6 0.048 3 13 48
26.5969 1 -21.71 5.67836 -218.727 -0.934566 0.0774963 -0.347067 -0.0112108 1 2.1 6 0.048 3 13 48
26.6136 1 -21.71 5.67836 -218.727 -0.934534 0.0778798 -0.347063 -0.0113532 1 2.1 6 0.048 3 13 48
26.6303 1 -21.71 5.67836 -218.727 -0.93451 0.0781619 -0.347059 -0.011458 1 2.1 6 0.048 3 13 48
26.6469 1 -21.71 5.67836 -218.727 -0.934493 0.0783695 -0.347057 -0.011535 1 2.1 6 0.048 3 13 48
26.6636 1 -21.71 5.67836 -218.727 -0.934479 0.0785318 -0.347055 -0.0115953 1 2.1 6 0.048 3 13 48
26.6803 1 -21.71 5.67836 -218.727 -0.934377 0.0797398 -0.347039 -0.012044 1 2.1 6 0.048 3 13 48
26.6969 1 -21.71 5.67836 -218.727 -0.934277 0.0809004 -0.347024 -0.0124751 1 2.1 6 0.048 3 13 48
26.7136 1 -21.71 5.67836 -218.727 -0.934197 0.0818222 -0.347012 -0.0128174 1 2.1 6 0.048 3 13 48
26.7303 1 -21.71 5.67836 -218.727 -0.934136 0.0825172 -0.347002 -0.0130756 1 2.1 6 0.048 3 13 48
26.7469 1 -21.71 5.67836 -218.727 -0.934091 0.0830284 -0.346995 -0.0132655 1 2.1 6 0.048 3 13 48
26.7636 1 -21.71 5.67836 -218.727 -0.934057 0.0834045 -0.346989 -0.0134052 1 2.1 6 0.048 3 13 48
26.7803 1 -21.71 5.67836 -218.727 -0.934032 0.0836811 -0.346985 -0.013508 1 2.1 6 0.048 3 13 48
26.7969 1 -21.71 5.67836 -218.727 -0.934014 0.0838846 -0.346983 -0.0135836 1 2.1 6 0.048 3 13 48
26.8136 1 -21.71 5.67836 -218.727 -0.934 0.084044 -0.34698 -0.0136428 1 2.1 6 0.048 3 13 48
26.8303 1 -21.71 5.67836 -218.727 -0.933891 0.0852492 -0.346962 -0.0140906 1 2.1 6 0.048 3 13 48
26.8469 1 -21.71 5.67836 -218.727 -0.933784 0.0864077 -0.346945 -0.014521 1 2.1 6 0.048 3 13 48
26.8636 1 -21.71 5.67836 -218.727 -0.933698 0.0873277 -0.34693 -0.0148628 1 2.1 6 0.048 3 13 48
26.8803 1 -21.71 5.67836 -218.727 -0.933635 0.0880044 -0.346919 -0.0151142 1 2.1 6 0.048 3 13 48
26.8969 1 -21.71 5.67836 -218.727 -0.933588 0.0885022 -0.346911 -0.0152992 1 2.1 6 0.048 3 13 48
26.9136 1 -21.71 5.67836 -218.727 -0.933553 0.0888684 -0.346905 -0.0154353 1 2.1 6 0.048 3 13 48
26.9303 1 -21.71 5.67836 -218.727 -0.933527 0.0891377 -0.346901 -0.0155354 1 2.1 6 0.048 3 13 48
26.9469 1 -21.71 5.67836 -218.727 -0.933508 0.0893359 -0.346897 -0.015609 1 2.1 6 0.048 3 13 48
26.9636 1 -21.71 5.67836 -218.727 -0.933494 0.0894913 -0.346895 -0.0156668 1 2.1 6 0.048 3 13 48
26.9803 1 -21.71 5.67836 -218.727 -0.933378 0.0906931 -0.346874 -0.0161134 1 2.1 6 0.048 3 13 48
26.9969 1 -21.71 5.67836 -218.727 -0.933265 0.0918488 -0.346854 -0.0165429 1 2.1 6 0.048 3 13 48
27.0136 1 -21.71 5.67836 -218.727 -0.933174 0.0927669 -0.346838 -0.0168841 1 2.1 6 0.048 3 13 48
27.0303 1 -21.71 5.67836 -218.727 -0.933105 0.0934591 -0.346825 -0.0171414 1 2.1 6 0.048 3 13 48
27.0469 1 -21.71 5.67836 -218.727 -0.933054 0.0939684 -0.346816 -0.0173307 1 2.1 6 0.048 3 13 48
27.0636 1 -21.71 5.67836 -218.727 -0.933016 0.094343 -0.346809 -0.0174699 1 2.1 6 0.048 3 13 48
27.0803 1 -21.71 5.67836 -218.727 -0.932988 0.0946185 -0.346803 -0.0175723 1 2.1 6 0.048 3 13 48
27.0969 1 -21.71 5.67836 -218.727 -0.932967 0.0948212 -0.3468 -0.0176477 1 2.1 6 0.048 3 13 48
27.1136 1 -21.71 5.67836 -218.727 -0.932951 0.09498 -0.346797 -0.0177067 1 2.1 6 0.048 3 13 48
27.1303 1 -21.71 5.67836 -218.727 -0.932828 0.0961835 -0.346773 -0.0181541 1 2.1 6 0.048 3 13 48
27.1469 1 -21.71 5.67836 -218.727 -0.932708 0.0973405 -0.346751 -0.0185842 1 2.1 6 0.048 3 13 48
27.1636 1 -21.71 5.67836 -218.727 -0.932611 0.0982592 -0.346732 -0.0189258 1 2.1 6 0.048 3 13 48
27.1803 1 -21.71 5.67836 -218.727 -0.93254 0.098935 -0.346718 -0.019177 1 2.1 6 0.048 3 13 48
27.1969 1 -21.71 5.67836 -218.727 -0.932487 0.0994321 -0.346708 -0.0193619 1 2.1 6 0.048 3 13 48
27.2136 1 -21.71 5.67836 -218.727 -0.932448 0.0997978 -0.3467 -0.0194978 1 2.1 6 0.048 3 13 48
27.2303 1 -21.71 5.67836 -218.727 -0.932419 0.100067 -0.346695 -0.0195978 1 2.1 6 0.048 3 13 48
27.2469 1 -21.71 5.67836 -218.727 -0.932398 0.100265 -0.346691 -0.0196714 1 2.1 6 0.048 3 13 48
27.2636 1 -21.71 5.67836 -218.727 -0.932381 0.10042 -0.346687 -0.0197291 1 2.1 6 0.048 3 13 48
27.2803 1 -21.71 5.67836 -218.727 -0.932251 0.10162 -0.346662 -0.0201754 1 2.1 6 0.048 3 13 48
27.2969 1 -21.71 5.67836 -218.727 -0.932125 0.102774 -0.346636 -0.0206047 1 2.1 6 0.048 3 13 48
27.3136 1 -21.71 5.67836 -218.727 -0.932023 0.103691 -0.346616 -0.0209456 1 2.1 6 0.048 3 13 48
27.3303 1 -21.71 5.67836 -218.727 -0.931948 0.104366 -0.346601 -0.0211964 1 2.1 6 0.048 3 13 48
27.3469 1 -21.71 5.67836 -218.727 -0.931892 0.104862 -0.346589 -0.0213809 1 2.1 6 0.048 3 13 48
27.3636 1 -21.71 5.67836 -218.727 -0.931851 0.105227 -0.346581 -0.0215166 1 2.1 6 0.048 3 13 48
27.3803 1 -21.71 5.67836 -218.727 -0.931821 0.105495 -0.346575 -0.0216165 1 2.1 6 0.048 3 13 48
27.3969 1 -21.71 5.67836 -218.727 -0.931798 0.105692 -0.34657 -0.0216899 1 2.1 6 0.048 3 13 48
27.4136 1 -21.71 5.67836 -218.727 -0.931781 0.105847 -0.346567 -0.0217475 1 2.1 6 0.048 3 13 48
27.4303 1 -21.71 5.67836 -218.727 -0.931644 0.107047 -0.346538 -0.0221936 1 2.1 6 0.048 3 13 48
27.4469 1 -21.71 5.67836 -218.727 -0.93151 0.1082 -0.346511 -0.0226227 1 2.1 6 0.048 3 13 48
27.4636 1 -21.71 5.67836 -218.727 -0.931404 0.109116 -0.346488 -0.0229635 1 2.1 6 0.048 3 13 48
27.4803 1 -21.71 5.67836 -218.727 -0.931324 0.10979 -0.346471 -0.0232142 1 2.1 6 0.048 3 13 48
27.4969 1 -21.71 5.67836 -218.727 -0.931266 0.110286 -0.346459 -0.0233986 1 2.1 6 0.048 3 13 48
27.5136 1 -21.71 5.67836 -218.727 -0.931223 0.11065 -0.34645 -0.0235342 1 2.1 6 0.048 3 13 48
27.5303 1 -21.71 5.67836 -218.727 -0.931191 0.110919 -0.346443 -0.023634 1 2.1 6 0.048 3 13 48
27.5469 1 -21.71 5.67836 -218.727 -0.931166 0.111126 -0.346438 -0.023711 1 2.1 6 0.048 3 13 48
27.5636 1 -21.71 5.67836 -218.727 -0.931018 0.112362 -0.346406 -0.0241712 1 2.1 6 0.048 3 13 48
27.5803 1 -21.71 5.67836 -218.727 -0.930874 0.113543 -0.346375 -0.0246106 1 2.1 6 0.048 3 13 48
27.5969 1 -21.71 5.67836 -218.727 -0.93076 0.11448 -0.34635 -0.024959 1 2.1 6 0.048 3 13 48
27.6136 1 -21.71 5.67836 -218.727 -0.930672 0.115185 -0.346331 -0.0252216 1 2.1 6 0.048 3 13 48
27.6303 1 -21.71 5.67836 -218.727 -0.930608 0.115704 -0.346317 -0.0254148 1 2.1 6 0.048 3 13 48
27.6469 1 -21.71 5.67836 -218.727 -0.930561 0.116086 -0.346307 -0.0255568 1 2.1 6 0.048 3 13 48
27.6636 1 -21.71 5.67836 -218.727 -0.930525 0.116367 -0.346299 -0.0256614 1 2.1 6 0.048 3 13 48
27.6803 1 -21.71 5.67836 -218.727 -0.9305 0.116574 -0.346293 -0.0257383 1 2.1 6 0.048 3 13 48
27.6969 1 -21.71 5.67836 -218.727 -0.930479 0.116735 -0.346289 -0.0257984 1 2.1 6 0.048 3 13 48
27.7136 1 -21.71 5.67836 -218.727 -0.930328 0.117938 -0.346255 -0.0262461 1 2.1 6 0.048 3 13 48
27.7303 1 -21.71 5.67836 -218.727 -0.93018 0.119094 -0.346222 -0.0266762 1 2.1 6 0.048 3 13 48
27.7469 1 -21.71 5.67836 -218.727 -0.930062 0.120011 -0.346196 -0.0270177 1 2.1 6 0.048 3 13 48
27.7636 1 -21.71 5.67836 -218.727 -0.929975 0.120686 -0.346176 -0.0272689 1 2.1 6 0.048 3 13 48
27.7803 1 -21.71 5.67836 -218.727 -0.929911 0.121183 -0.346161 -0.0274537 1 2.1 6 0.048 3 13 48
27.7969 1 -21.71 5.67836 -218.727 -0.929863 0.121548 -0.346151 -0.0275896 1 2.1 6 0.048 3 13 48
27.8136 1 -21.71 5.67836 -218.727 -0.929828 0.121816 -0.346143 -0.0276897 1 2.1 6 0.048 3 13 48
27.8303 1 -21.71 5.67836 -218.727 -0.929802 0.122014 -0.346137 -0.0277632 1 2.1 6 0.048 3 13 48
27.8469 1 -21.71 5.67836 -218.727 -0.929782 0.122169 -0.346132 -0.0278209 1 2.1 6 0.048 3 13 48
27.8636 1 -21.71 5.67836 -218.727 -0.929623 0.123366 -0.346096 -0.0282666 1 2.1 6 0.048 3 13 48
27.8803 1 -21.71 5.67836 -218.727 -0.92947 0.124517 -0.346061 -0.0286952 1 2.1 6 0.048 3 13 48
27.8969 1 -21.71 5.67836 -218.727 -0.929347 0.125431 -0.346032 -0.0290356 1 2.1 6 0.048 3 13 48
27.9136 1 -21.71 5.67836 -218.727 -0.929256 0.126104 -0.346011 -0.0292859 1 2.1 6 0.048 3 13 48
27.9303 1 -21.71 5.67836 -218.727 -0.929189 0.126599 -0.345996 -0.0294701 1 2.1 6 0.048 3 13 48
27.9469 1 -21.71 5.67836 -218.727 -0.929139 0.126963 -0.345984 -0.0296056 1 2.1 6 0.048 3 13 48
27.9636 1 -21.71 5.67836 -218.727 -0.929102 0.12723 -0.345975 -0.0297053 1 2.1 6 0.048 3 13 48
27.9803 1 -21.71 5.67836 -218.727 -0.929075 0.127427 -0.345969 -0.0297786 1 2.1 6 0.048 3 13 48
27.9969 1 -21.71 5.67836 -218.727 -0.929054 0.127582 -0.345964 -0.0298361 1 2.1 6 0.048 3 13 48
28.0136 1 -21.71 5.67836 -218.727 -0.928889 0.128777 -0.345925 -0.0302815 1 2.1 6 0.048 3 13 48
28.0303 1 -21.71 5.67836 -218.727 -0.928729 0.129927 -0.345888 -0.0307098 1 2.1 6 0.048 3 13 48
28.0469 1 -21.71 5.67836 -218.727 -0.928601 0.130841 -0.345857 -0.0310499 1 2.1 6 0.048 3 13 48
28.0636 1 -21.71 5.67836 -218.727 -0.928506 0.131513 -0.345835 -0.0313001 1 2.1 6 0.048 3 13 48
28.0803 1 -21.71 5.67836 -218.727 -0.928436 0.132007 -0.345818 -0.0314842 1 2.1 6 0.048 3 13 48
28.0969 1 -21.71 5.67836 -218.727 -0.928384 0.13237 -0.345806 -0.0316196 1 2.1 6 0.048 3 13 48
28.1136 1 -21.71 5.67836 -218.727 -0.928346 0.132638 -0.345797 -0.0317192 1 2.1 6 0.048 3 13 48
28.1303 1 -21.71 5.67836 -218.727 -0.928318 0.132834 -0.34579 -0.0317925 1 2.1 6 0.048 3 13 48
28.1469 1 -21.71 5.67836 -218.727 -0.928296 0.132989 -0.345785 -0.03185 1 2.1 6 0.048 3 13 48
28.1636 1 -21.71 5.67836 -218.727 -0.928124 0.134183 -0.345743 -0.032295 1 2.1 6 0.048 3 13 48
28.1803 1 -21.71 5.67836 -218.727 -0.927957 0.135333 -0.345703 -0.0327231 1 2.1 6 0.048 3 13 48
28.1969 1 -21.71 5.67836 -218.727 -0.927823 0.136245 -0.345671 -0.0330631 1 2.1 6 0.048 3 13 48
28.2136 1 -21.71 5.67836 -218.727 -0.927725 0.136916 -0.345647 -0.0333132 1 2.1 6 0.048 3 13 48
28.2303 1 -21.71 5.67836 -218.727 -0.927652 0.13741 -0.345629 -0.0334971 1 2.1 6 0.048 3 13 48
28.2469 1 -21.71 5.67836 -218.727 -0.927598 0.137773 -0.345616 -0.0336325 1 2.1 6 0.048 3 13 48
28.2636 1 -21.71 5.67836 -218.727 -0.927558 0.13804 -0.345606 -0.033732 1 2.1 6 0.048 3 13 48
28.2803 1 -21.71 5.67836 -218.727 -0.927529 0.138237 -0.345599 -0.0338052 1 2.1 6 0.048 3 13 48
28.2969 1 -21.71 5.67836 -218.727 -0.927506 0.138391 -0.345593 -0.0338627 1 2.1 6 0.048 3 13 48
28.3136 1 -21.71 5.67836 -218.727 -0.927327 0.139585 -0.345549 -0.0343075 1 2.1 6 0.048 3 13 48
28.3303 1 -21.71 5.67836 -218.727 -0.927153 0.140733 -0.345507 -0.0347353 1 2.1 6 0.048 3 13 48
28.3469 1 -21.71 5.67836 -218.727 -0.927014 0.141645 -0.345472 -0.0350752 1 2.1 6 0.048 3 13 48
28.3636 1 -21.71 5.67836 -218.727 -0.926909 0.142333 -0.345446 -0.0353314 1 2.1 6 0.048 3 13 48
28.3803 1 -21.71 5.67836 -218.727 -0.926831 0.142838 -0.345427 -0.0355199 1 2.1 6 0.048 3 13 48
28.3969 1 -21.71 5.67836 -218.727 -0.926774 0.14321 -0.345413 -0.0356586 1 2.1 6 0.048 3 13 48
28.4136 1 -21.71 5.67836 -218.727 -0.926731 0.143484 -0.345402 -0.0357606 1 2.1 6 0.048 3 13 48
28.4303 1 -21.71 5.67836 -218.727 -0.9267 0.143685 -0.345394 -0.0358356 1 2.1 6 0.048 3 13 48
28.4469 1 -21.71 5.67836 -218.727 -0.926676 0.143843 -0.345388 -0.0358944 1 2.1 6 0.048 3 13 48
28.4636 1 -21.71 5.67836 -218.727 -0.926489 0.145039 -0.345342 -0.03634 1 2.1 6 0.048 3 13 48
28.4803 1 -21.71 5.67836 -218.727 -0.926309 0.146188 -0.345296 -0.0367683 1 2.1 6 0.048 3 13 48
28.4969 1 -21.71 5.67836 -218.727 -0.926164 0.1471 -0.34526 -0.0371084 1 2.1 6 0.048 3 13 48
28.5136 1 -21.71 5.67836 -218.727 -0.926055 0.147788 -0.345232 -0.0373649 1 2.1 6 0.048 3 13 48
28.5303 1 -21.71 5.67836 -218.727 -0.925974 0.148294 -0.345212 -0.0375536 1 2.1 6 0.048 3 13 48
28.5469 1 -21.71 5.67836 -218.727 -0.925914 0.148667 -0.345197 -0.0376924 1 2.1 6 0.048 3 13 48
28.5636 1 -21.71 5.67836 -218.727 -0.92587 0.14894 -0.345185 -0.0377945 1 2.1 6 0.048 3 13 48
28.5803 1 -21.71 5.67836 -218.727 -0.925838 0.149142 -0.345177 -0.0378696 1 2.1 6 0.048 3 13 48
28.5969 1 -21.71 5.67836 -218.727 -0.925812 0.1493 -0.345171 -0.0379284 1 2.1 6 0.048 3 13 48
28.6136 1 -21.71 5.67836 -218.727 -0.925619 0.150494 -0.345121 -0.0383738 1 2.1 6 0.048 3 13 48
28.6303 1 -21.71 5.67836 -218.727 -0.925432 0.151642 -0.345074 -0.0388018 1 2.1 6 0.048 3 13 48
28.6469 1 -21.71 5.67836 -218.727 -0.925282 0.152554 -0.345035 -0.0391418 1 2.1 6 0.048 3 13 48
28.6636 1 -21.71 5.67836 -218.727 -0.925171 0.153224 -0.345007 -0.0393918 1 2.1 6 0.048 3 13 48
28.6803 1 -21.71 5.67836 -218.727 -0.925089 0.153717 -0.344986 -0.0395758 1 2.1 6 0.048 3 13 48
28.6969 1 -21.71 5.67836 -218.727 -0.925029 0.15408 -0.34497 -0.0397111 1 2.1 6 0.048 3 13 48
28.7136 1 -21.71 5.67836 -218.727 -0.924984 0.154347 -0.344959 -0.0398106 1 2.1 6 0.048 3 13 48
28.7303 1 -21.71 5.67836 -218.727 -0.924951 0.154543 -0.34495 -0.0398838 1 2.1 6 0.048 3 13 48
28.7469 1 -21.71 5.67836 -218.727 -0.924926 0.154697 -0.344944 -0.0399412 1 2.1 6 0.048 3 13 48
28.7636 1 -21.71 5.67836 -218.727 -0.924726 0.155888 -0.344892 -0.0403853 1 2.1 6 0.048 3 13 48
28.7803 1 -21.71 5.67836 -218.727 -0.924532 0.157033 -0.344842 -0.0408123 1 2.1 6 0.048 3 13 48
28.7969 1 -21.71 5.67836 -218.727 -0.924377 0.157943 -0.344801 -0.0411516 1 2.1 6 0.048 3 13 48
28.8136 1 -21.71 5.67836 -218.727 -0.92426 0.158628 -0.344771 -0.0414073 1 2.1 6 0.048 3 13 48
28.8303 1 -21.71 5.67836 -218.727 -0.924173 0.159133 -0.344748 -0.0415955 1 2.1 6 0.048 3 13 48
28.8469 1 -21.71 5.67836 -218.727 -0.924109 0.159504 -0.344731 -0.0417339 1 2.1 6 0.048 3 13 48
28.8636 1 -21.71 5.67836 -218.727 -0.924062 0.159777 -0.344719 -0.0418357 1 2.1 6 0.048 3 13 48
28.8803 1 -21.71 5.67836 -218.727 -0.924027 0.159977 -0.34471 -0.0419106 1 2.1 6 0.048 3 13 48
28.8969 1 -21.71 5.67836 -218.727 -0.924 0.160135 -0.344703 -0.0419693 1 2.1 6 0.048 3 13 48
28.9136 1 -21.71 5.67836 -218.727 -0.923793 0.161327 -0.344648 -0.0424139 1 2.1 6 0.048 3 13 48
28.9303 1 -21.71 5.67836 -218.727 -0.923592 0.162472 -0.344595 -0.0428414 1 2.1 6 0.048 3 13 48
28.9469 1 -21.71 5.67836 -218.727 -0.923431 0.163382 -0.344553 -0.0431809 1 2.1 6 0.048 3 13 48
28.9636 1 -21.71 5.67836 -218.727 -0.92331 0.164068 -0.344521 -0.0434368 1 2.1 6 0.048 3 13 48
28.9803 1 -21.71 5.67836 -218.727 -0.92322 0.164573 -0.344497 -0.0436251 1 2.1 6 0.048 3 13 48
28.9969 1 -21.71 5.67836 -218.727 -0.923154 0.164944 -0.34448 -0.0437636 1 2.1 6 0.048 3 13 48
29.0136 1 -21.71 5.67836 -218.727 -0.923105 0.165217 -0.344467 -0.0438655 1 2.1 6 0.048 3 13 48
29.0303 1 -21.71 5.67836 -218.727 -0.923069 0.165418 -0.344457 -0.0439405 1 2.1 6 0.048 3 13 48
29.0469 1 -21.71 5.67836 -218.727 -0.923041 0.165575 -0.344449 -0.0439992 1 2.1 6 0.048 3 13 48
29.0636 1 -21.71 5.67836 -218.727 -0.922826 0.166766 -0.344392 -0.0444436 1 2.1 6 0.048 3 13 48
29.0803 1 -21.71 5.67836 -218.727 -0.922619 0.16791 -0.344337 -0.0448707 1 2.1 6 0.048 3 13 48
29.0969 1 -21.71 5.67836 -218.727 -0.922453 0.168819 -0.344293 -0.04521 1 2.1 6 0.048 3 13 48
29.1136 1 -21.71 5.67836 -218.727 -0.922327 0.169505 -0.344259 -0.0454658 1 2.1 6 0.048 3 13 48
29.1303 1 -21.71 5.67836 -218.727 -0.922234 0.170009 -0.344234 -0.0456539 1 2.1 6 0.048 3 13 48
29.1469 1 -21.71 5.67836 -218.727 -0.922166 0.17038 -0.344216 -0.0457924 1 2.1 6 0.048 3 13 48
29.1636 1 -21.71 5.67836 -218.727 -0.922115 0.170653 -0.344202 -0.0458942 1 2.1 6 0.048 3 13 48
29.1803 1 -21.71 5.67836 -218.727 -0.922078 0.170853 -0.344192 -0.0459691 1 2.1 6 0.048 3 13 48
29.1969 1 -21.71 5.67836 -218.727 -0.922049 0.17101 -0.344184 -0.0460277 1 2.1 6 0.048 3 13 48
29.2136 1 -21.71 5.67836 -218.727 -0.921828 0.1722 -0.344125 -0.0464718 1 2.1 6 0.048 3 13 48
29.2303 1 -21.71 5.67836 -218.727 -0.921613 0.173343 -0.344067 -0.0468986 1 2.1 6 0.048 3 13 48
29.2469 1 -21.71 5.67836 -218.727 -0.921442 0.174251 -0.34402 -0.0472376 1 2.1 6 0.048 3 13 48
29.2636 1 -21.71 5.67836 -218.727 -0.921312 0.174936 -0.343985 -0.0474932 1 2.1 6 0.048 3 13 48
29.2803 1 -21.71 5.67836 -218.727 -0.921217 0.175439 -0.343959 -0.0476812 1 2.1 6 0.048 3 13 48
29.2969 1 -21.71 5.67836 -218.727 -0.921146 0.17581 -0.34394 -0.0478195 1 2.1 6 0.048 3 13 48
29.3136 1 -21.71 5.67836 -218.727 -0.921094 0.176082 -0.343926 -0.0479213 1 2.1 6 0.048 3 13 48
29.3303 1 -21.71 5.67836 -218.727 -0.921056 0.176283 -0.343915 -0.0479961 1 2.1 6 0.048 3 13 48
29.3469 1 -21.71 5.67836 -218.727 -0.921027 0.17643 -0.343908 -0.0480512 1 2.1 6 0.048 3 13 48
29.3636 1 -21.71 5.67836 -218.727 -0.921005 0.176548 -0.343901 -0.0480952 1 2.1 6 0.048 3 13 48
29.3803 1 -21.71 5.67836 -218.727 -0.920782 0.177708 -0.343841 -0.0485282 1 2.1 6 0.048 3 13 48
29.3969 1 -21.71 5.67836 -218.727 -0.920565 0.178829 -0.343781 -0.0489468 1 2.1 6 0.048 3 13 48
29.4136 1 -21.71 5.67836 -218.727 -0.920391 0.17972 -0.343734 -0.0492797 1 2.1 6 0.048 3 13 48
29.4303 1 -21.71 5.67836 -218.727 -0.920263 0.180376 -0.343699 -0.0495245 1 2.1 6 0.048 3 13 48
29.4469 1 -21.71 5.67836 -218.727 -0.920168 0.180858 -0.343673 -0.0497046 1 2.1 6 0.048 3 13 48
29.4636 1 -21.71 5.67836 -218.727 -0.920098 0.181212 -0.343653 -0.0498371 1 2.1 6 0.048 3 13 48
29.4803 1 -21.71 5.67836 -218.727 -0.920047 0.181473 -0.343639 -0.0499346 1 2.1 6 0.048 3 13 48
29.4969 1 -21.71 5.67836 -218.727 -0.920007 0.181675 -0.343628 -0.0500098 1 2.1 6 0.048 3 13 48
29.5136 1 -21.71 5.67836 -218.727 -0.919765 0.182895 -0.343562 -0.0504654 1 2.1 6 0.048 3 13 48
29.5303 1 -21.71 5.67836 -218.727 -0.919533 0.18406 -0.343497 -0.0509006 1 2.1 6 0.048 3 13 48
29.5469 1 -21.71 5.67836 -218.727 -0.919348 0.184983 -0.343446 -0.0512457 1 2.1 6 0.048 3 13 48
29.5636 1 -21.71 5.67836 -218.727 -0.919207 0.185679 -0.343407 -0.0515057 1 2.1 6 0.048 3 13 48
29.5803 1 -21.71 5.67836 -218.727 -0.919104 0.186191 -0.343379 -0.051697 1 2.1 6 0.048 3 13 48
29.5969 1 -21.71 5.67836 -218.727 -0.919027 0.186568 -0.343357 -0.0518377 1 2.1 6 0.048 3 13 48
29.6136 1 -21.71 5.67836 -218.727 -0.918971 0.186845 -0.343342 -0.0519412 1 2.1 6 0.048 3 13 48
29.6303 1 -21.71 5.67836 -218.727 -0.91893 0.187049 -0.34333 -0.0520173 1 2.1 6 0.048 3 13 48
29.6469 1 -21.71 5.67836 -218.727 -0.918897 0.187208 -0.343321 -0.0520769 1 2.1 6 0.048 3 13 48
29.6636 1 -21.71 5.67836 -218.727 -0.918654 0.188396 -0.343253 -0.0525206 1 2.1 6 0.048 3 13 48
29.6803 1 -21.71 5.67836 -218.727 -0.91842 0.189537 -0.343188 -0.0529469 1 2.1 6 0.048 3 13 48
29.6969 1 -21.71 5.67836 -218.727 -0.918232 0.190443 -0.343136 -0.0532855 1 2.1 6 0.048 3 13 48
29.7136 1 -21.71 5.67836 -218.727 -0.91809 0.191126 -0.343096 -0.0535407 1 2.1 6 0.048 3 13 48
29.7303 1 -21.71 5.67836 -218.727 -0.917986 0.191628 -0.343067 -0.0537285 1 2.1 6 0.048 3 13 48
29.7469 1 -21.71 5.67836 -218.727 -0.917908 0.191998 -0.343045 -0.0538666 1 2.1 6 0.048 3 13 48
29.7636 1 -21.71 5.67836 -218.727 -0.917851 0.19227 -0.343029 -0.0539682 1 2.1 6 0.048 3 13 48
29.7803 1 -21.71 5.67836 -218.727 -0.91781 0.19247 -0.343017 -0.0540429 1 2.1 6 0.048 3 13 48
29.7969 1 -21.71 5.67836 -218.727 -0.917777 0.192626 -0.343008 -0.0541015 1 2.1 6 0.048 3 13 48
29.8136 1 -21.71 5.67836 -218.727 -0.917527 0.19381 -0.342938 -0.054544 1 2.1 6 0.048 3 13 48
29.8303 1 -21.71 5.67836 -218.727 -0.917286 0.194948 -0.34287 -0.0549694 1 2.1 6 0.048 3 13 48
29.8469 1 -21.71 5.67836 -218.727 -0.917094 0.195852 -0.342816 -0.0553073 1 2.1 6 0.048 3 13 48
29.8636 1 -21.71 5.67836 -218.727 -0.916948 0.196534 -0.342774 -0.055562 1 2.1 6 0.048 3 13 48
29.8803 1 -21.71 5.67836 -218.727 -0.91684 0.197035 -0.342744 -0.0557494 1 2.1 6 0.048 3 13 48
29.8969 1 -21.71 5.67836 -218.727 -0.916761 0.197404 -0.342721 -0.0558872 1 2.1 6 0.048 3 13 48
29.9136 1 -21.71 5.67836 -218.727 -0.916703 0.197675 -0.342705 -0.0559886 1 2.1 6 0.048 3 13 48
29.9303 1 -21.71 5.67836 -218.727 -0.91666 0.197874 -0.342693 -0.0560631 1 2.1 6 0.048 3 13 48
29.9469 1 -21.71 5.67836 -218.727 -0.916626 0.19803 -0.342683 -0.0561215 1 2.1 6 0.048 3 13 48
29.9636 1 -21.71 5.67836 -218.727 -0.91637 0.199213 -0.34261 -0.0565637 1 2.1 6 0.048 3 13 48
29.9803 1 -21.71 5.67836 -218.727 -0.916122 0.20035 -0.34254 -0.0569886 1 2.1 6 0.048 3 13 48
29.9969 1 -21.71 5.67836 -218.727 -0.915924 0.201252 -0.342484 -0.0573261 1 2.1 6 0.048 3 13 48
30.0136 1 -21.71 5.67836 -218.727 -0.915774 0.201933 -0.342441 -0.0575806 1 2.1 6 0.048 3 13 48
30.0303 1 -21.71 5.67836 -218.727 -0.915664 0.202433 -0.34241 -0.0577677 1 2.1 6 0.048 3 13 48
30.0469 1 -21.71 5.67836 -218.727 -0.915582 0.202801 -0.342386 -0.0579054 1 2.1 6 0.048 3 13 48
30.0636 1 -21.71 5.67836 -218.727 -0.915522 0.203072 -0.342369 -0.0580067 1 2.1 6 0.048 3 13 48
30.0803 1 -21.71 5.67836 -218.727 -0.915478 0.203271 -0.342356 -0.0580812 1 2.1 6 0.048 3 13 48
30.0969 1 -21.71 5.67836 -218.727 -0.915443 0.203427 -0.342347 -0.0581395 1 2.1 6 0.048 3 13 48
30.1136 1 -21.71 5.67836 -218.727 -0.91518 0.204608 -0.342271 -0.0585812 1 2.1 6 0.048 3 13 48
30.1303 1 -21.71 5.67836 -218.727 -0.914925 0.205744 -0.342198 -0.0590057 1 2.1 6 0.048 3 13 48
30.1469 1 -21.71 5.67836 -218.727 -0.914722 0.206645 -0.34214 -0.0593429 1 2.1 6 0.048 3 13 48
30.1636 1 -21.71 5.67836 -218.727 -0.914568 0.207325 -0.342096 -0.0595971 1 2.1 6 0.048 3 13 48
30.1803 1 -21.71 5.67836 -218.727 -0.914455 0.207824 -0.342063 -0.0597841 1 2.1 6 0.048 3 13 48
30.1969 1 -21.71 5.67836 -218.727 -0.914371 0.208192 -0.342039 -0.0599216 1 2.1 6 0.048 3 13 48
30.2136 1 -21.71 5.67836 -218.727 -0.91431 0.208463 -0.342021 -0.0600228 1 2.1 6 0.048 3 13 48
30.2303 1 -21.71 5.67836 -218.727 -0.914264 0.208661 -0.342008 -0.0600972 1 2.1 6 0.048 3 13 48
30.2469 1 -21.71 5.67836 -218.727 -0.914229 0.208817 -0.341998 -0.0601555 1 2.1 6 0.048 3 13 48
30.2636 1 -21.71 5.67836 -218.727 -0.913959 0.209997 -0.34192 -0.0605967 1 2.1 6 0.048 3 13 48
30.2803 1 -21.71 5.67836 -218.727 -0.913697 0.21113 -0.341845 -0.0610208 1 2.1 6 0.048 3 13 48
30.2969 1 -21.71 5.67836 -218.727 -0.913489 0.212031 -0.341784 -0.0613576 1 2.1 6 0.048 3 13 48
30.3136 1 -21.71 5.67836 -218.727 -0.913331 0.212709 -0.341739 -0.0616115 1 2.1 6 0.048 3 13 48
30.3303 1 -21.71 5.67836 -218.727 -0.913215 0.213208 -0.341705 -0.0617983 1 2.1 6 0.048 3 13 48
30.3469 1 -21.71 5.67836 -218.727 -0.913129 0.213576 -0.34168 -0.0619357 1 2.1 6 0.048 3 13 48
30.3636 1 -21.71 5.67836 -218.727 -0.913066 0.213846 -0.341662 -0.0620368 1 2.1 6 0.048 3 13 48
30.3803 1 -21.71 5.67836 -218.727 -0.913019 0.214044 -0.341648 -0.0621111 1 2.1 6 0.048 3 13 48
30.3969 1 -21.71 5.67836 -218.727 -0.912985 0.21419 -0.341638 -0.0621658 1 2.1 6 0.048 3 13 48
30.4136 1 -21.71 5.67836 -218.727 -0.912957 0.214307 -0.34163 -0.0622096 1 2.1 6 0.048 3 13 48
30.4303 1 -21.71 5.67836 -218.727 -0.912687 0.215457 -0.341552 -0.0626397 1 2.1 6 0.048 3 13 48
30.4469 1 -21.71 5.67836 -218.727 -0.912424 0.216568 -0.341475 -0.0630555 1 2.1 6 0.048 3 13 48
30.4636 1 -21.71 5.67836 -218.727 -0.912214 0.217451 -0.341414 -0.0633862 1 2.1 6 0.048 3 13 48
30.4803 1 -21.71 5.67836 -218.727 -0.912059 0.218101 -0.341369 -0.0636293 1 2.1 6 0.048 3 13 48
30.4969 1 -21.71 5.67836 -218.727 -0.911944 0.218579 -0.341335 -0.0638082 1 2.1 6 0.048 3 13 48
30.5136 1 -21.71 5.67836 -218.727 -0.91186 0.218931 -0.341311 -0.0639398 1 2.1 6 0.048 3 13 48
30.5303 1 -21.71 5.67836 -218.727 -0.911798 0.219189 -0.341293 -0.0640366 1 2.1 6 0.048 3 13 48
30.5469 1 -21.71 5.67836 -218.727 -0.91175 0.219389 -0.341279 -0.0641113 1 2.1 6 0.048 3 13 48
30.5636 1 -21.71 5.67836 -218.727 -0.911458 0.220598 -0.341193 -0.0645638 1 2.1 6 0.048 3 13 48
30.5803 1 -21.71 5.67836 -218.727 -0.911178 0.221752 -0.341111 -0.0649959 1 2.1 6 0.048 3 13 48
30.5969 1 -21.71 5.67836 -218.727 -0.910955 0.222667 -0.341046 -0.0653386 1 2.1 6 0.048 3 13 48
30.6136 1 -21.71 5.67836 -218.727 -0.910786 0.223357 -0.340996 -0.0655968 1 2.1 6 0.048 3 13 48
30.6303 1 -21.71 5.67836 -218.727 -0.910661 0.223864 -0.34096 -0.0657868 1 2.1 6 0.048 3 13 48
30.6469 1 -21.71 5.67836 -218.727 -0.910569 0.224237 -0.340933 -0.0659265 1 2.1 6 0.048 3 13 48
30.6636 1 -21.71 5.67836 -218.727 -0.910502 0.224512 -0.340913 -0.0660293 1 2.1 6 0.048 3 13 48
30.6803 1 -21.71 5.67836 -218.727 -0.91045 0.224723 -0.340897 -0.0661084 1 2.1 6 0.048 3 13 48
30.6969 1 -21.71 5.67836 -218.727 -0.910149 0.225939 -0.340809 -0.0665637 1 2.1 6 0.048 3 13 48
30.7136 1 -21.71 5.67836 -218.727 -0.90986 0.227098 -0.340724 -0.0669978 1 2.1 6 0.048 3 13 48
30.7303 1 -21.71 5.67836 -218.727 -0.90963 0.228017 -0.340656 -0.0673418 1 2.1 6 0.048 3 13 48
30.7469 1 -21.71 5.67836 -218.727 -0.909456 0.228709 -0.340605 -0.0676011 1 2.1 6 0.048 3 13 48
30.7636 1 -21.71 5.67836 -218.727 -0.909327 0.229223 -0.340566 -0.0677933 1 2.1 6 0.048 3 13 48
30.7803 1 -21.71 5.67836 -218.727 -0.909232 0.2296 -0.340538 -0.0679347 1 2.1 6 0.048 3 13 48
30.7969 1 -21.71 5.67836 -218.727 -0.909162 0.229878 -0.340517 -0.0680388 1 2.1 6 0.048 3 13 48
30.8136 1 -21.71 5.67836 -218.727 -0.90911 0.230082 -0.340502 -0.0681153 1 2.1 6 0.048 3 13 48
30.8303 1 -21.71 5.67836 -218.727 -0.90907 0.230242 -0.34049 -0.0681751 1 2.1 6 0.048 3 13 48
30.8469 1 -21.71 5.67836 -218.727 -0.908771 0.231418 -0.340402 -0.0686157 1 2.1 6 0.048 3 13 48
30.8636 1 -21.71 5.67836 -218.727 -0.908482 0.232548 -0.340316 -0.0690388 1 2.1 6 0.048 3 13 48
30.8803 1 -21.71 5.67836 -218.727 -0.908252 0.233445 -0.340248 -0.0693748 1 2.1 6 0.048 3 13 48
30.8969 1 -21.71 5.67836 -218.727 -0.908078 0.234121 -0.340196 -0.0696281 1 2.1 6 0.048 3 13 48
30.9136 1 -21.71 5.67836 -218.727 -0.90795 0.234618 -0.340158 -0.0698145 1 2.1 6 0.048 3 13 48
30.9303 1 -21.71 5.67836 -218.727 -0.907855 0.234984 -0.34013 -0.0699515 1 2.1 6 0.048 3 13 48
30.9469 1 -21.71 5.67836 -218.727 -0.907786 0.235253 -0.340109 -0.0700523 1 2.1 6 0.048 3 13 48
30.9636 1 -21.71 5.67836 -218.727 -0.907734 0.235451 -0.340094 -0.0701265 1 2.1 6 0.048 3 13 48
30.9803 1 -21.71 5.67836 -218.727 -0.907694 0.235606 -0.340082 -0.0701846 1 2.1 6 0.048 3 13 48
30.9969 1 -21.71 5.67836 -218.727 -0.907389 0.236777 -0.339991 -0.0706234 1 2.1 6 0.048 3 13 48
31.0136 1 -21.71 5.67836 -218.727 -0.907095 0.237903 -0.339903 -0.0710451 1 2.1 6 0.048 3 13 48
31.0303 1 -21.71 5.67836 -218.727 -0.90686 0.238797 -0.339833 -0.0713801 1 2.1 6 0.048 3 13 48
31.0469 1 -21.71 5.67836 -218.727 -0.906682 0.239471 -0.33978 -0.0716326 1 2.1 6 0.048 3 13 48
31.0636 1 -21.71 5.67836 -218.727 -0.90655 0.23997 -0.33974 -0.0718199 1 2.1 6 0.048 3 13 48
31.0803 1 -21.71 5.67836 -218.727 -0.906453 0.240338 -0.339711 -0.0719576 1 2.1 6 0.048 3 13 48
31.0969 1 -21.71 5.67836 -218.727 -0.906381 0.240608 -0.339689 -0.072059 1 2.1 6 0.048 3 13 48
31.1136 1 -21.71 5.67836 -218.727 -0.906328 0.240807 -0.339674 -0.0721335 1 2.1 6 0.048 3 13 48
31.1303 1 -21.71 5.67836 -218.727 -0.906289 0.240954 -0.339662 -0.0721884 1 2.1 6 0.048 3 13 48
31.1469 1 -21.71 5.67836 -218.727 -0.906258 0.241071 -0.339653 -0.0722322 1 2.1 6 0.048 3 13 48
31.1636 1 -21.71 5.67836 -218.727 -0.905954 0.242212 -0.339561 -0.0726601 1 2.1 6 0.048 3 13 48
31.1803 1 -21.71 5.67836 -218.727 -0.905658 0.243316 -0.339473 -0.0730737 1 2.1 6 0.048 3 13 48
31.1969 1 -21.71 5.67836 -218.727 -0.905422 0.244193 -0.339402 -0.0734025 1 2.1 6 0.048 3 13 48
31.2136 1 -21.71 5.67836 -218.727 -0.905243 0.244855 -0.339348 -0.0736506 1 2.1 6 0.048 3 13 48
31.2303 1 -21.71 5.67836 -218.727 -0.905111 0.245341 -0.339308 -0.073833 1 2.1 6 0.048 3 13 48
31.2469 1 -21.71 5.67836 -218.727 -0.905014 0.245699 -0.339279 -0.0739672 1 2.1 6 0.048 3 13 48
31.2636 1 -21.71 5.67836 -218.727 -0.904943 0.245963 -0.339257 -0.074066 1 2.1 6 0.048 3 13 48
31.2803 1 -21.71 5.67836 -218.727 -0.90489 0.246156 -0.339242 -0.0741386 1 2.1 6 0.048 3 13 48
31.2969 1 -21.71 5.67836 -218.727 -0.904849 0.246308 -0.339229 -0.0741955 1 2.1 6 0.048 3 13 48
31.3136 1 -21.71 5.67836 -218.727 -0.904531 0.247474 -0.339133 -0.0746325 1 2.1 6 0.048 3 13 48
31.3303 1 -21.71 5.67836 -218.727 -0.904223 0.248594 -0.339041 -0.0750527 1 2.1 6 0.048 3 13 48
31.3469 1 -21.71 5.67836 -218.727 -0.903978 0.249484 -0.338966 -0.0753863 1 2.1 6 0.048 3 13 48
31.3636 1 -21.71 5.67836 -218.727 -0.903793 0.250155 -0.33891 -0.0756379 1 2.1 6 0.048 3 13 48
31.3803 1 -21.71 5.67836 -218.727 -0.903656 0.250649 -0.338869 -0.075823 1 2.1 6 0.048 3 13 48
31.3969 1 -21.71 5.67836 -218.727 -0.903555 0.251012 -0.338839 -0.0759591 1 2.1 6 0.048 3 13 48
31.4136 1 -21.71 5.67836 -218.727 -0.903481 0.251279 -0.338816 -0.0760592 1 2.1 6 0.048 3 13 48
31.4303 1 -21.71 5.67836 -218.727 -0.903426 0.251475 -0.3388 -0.0761328 1 2.1 6 0.048 3 13 48
31.4469 1 -21.71 5.67836 -218.727 -0.903384 0.251629 -0.338787 -0.0761905 1 2.1 6 0.048 3 13 48
31.4636 1 -21.71 5.67836 -218.727 -0.903058 0.252794 -0.338688 -0.0766276 1 2.1 6 0.048 3 13 48
31.4803 1 -21.71 5.67836 -218.727 -0.902744 0.253914 -0.338593 -0.0770474 1 2.1 6 0.048 3 13 48
31.4969 1 -21.71 5.67836 -218.727 -0.902512 0.254737 -0.338522 -0.0773561 1 2.1 6 0.048 3 13 48
31.5136 1 -21.71 5.67836 -218.727 -0.902341 0.255342 -0.33847 -0.0775832 1 2.1 6 0.048 3 13 48
31.5303 1 -21.71 5.67836 -218.727 -0.902215 0.255787 -0.338432 -0.0777503 1 2.1 6 0.048 3 13 48
31.5469 1 -21.71 5.67836 -218.727 -0.902119 0.256124 -0.338403 -0.0778766 1 2.1 6 0.048 3 13 48
31.572 1 -21.71 5.67836 -218.727 -0.901638 0.257813 -0.338257 -0.0785101 1 2.1 6 0.048 3 13 48
31.5887 1 -21.71 5.67836 -218.727 -0.901221 0.259268 -0.338129 -0.079056 1 2.1 6 0.048 3 13 48
31.6053 1 -21.71 5.67836 -218.727 -0.900893 0.260404 -0.33803 -0.0794821 1 2.1 6 0.048 3 13 48
31.622 1 -21.71 5.67836 -218.727 -0.900647 0.261255 -0.337954 -0.0798016 1 2.1 6 0.048 3 13 48
31.6387 1 -21.71 5.67836 -218.727 -0.900464 0.261885 -0.337898 -0.0800381 1 2.1 6 0.048 3 13 48
31.6553 1 -21.71 5.67836 -218.727 -0.900328 0.26235 -0.337857 -0.0802125 1 2.1 6 0.048 3 13 48
31.674 1 -21.71 5.67836 -218.727 -0.900231 0.262683 -0.337827 -0.0803374 1 2.1 6 0.048 3 13 48
31.6907 1 -21.71 5.67836 -218.727 -0.900161 0.262925 -0.337806 -0.0804284 1 2.1 6 0.048 3 13 48
31.712 1 -21.71 5.67836 -218.727 -0.900112 0.263093 -0.337791 -0.0804913 1 2.1 6 0.048 3 13 48
31.7286 1 -21.71 5.67836 -218.727 -0.900076 0.263214 -0.33778 -0.0805365 1 2.1 6 0.048 3 13 48
31.7487 1 -21.71 5.67836 -218.727 -0.900052 0.263298 -0.337772 -0.0805683 1 2.1 6 0.048 3 13 48
31.7654 1 -21.71 5.67836 -218.727 -0.900031 0.263369 -0.337766 -0.0805947 1 2.1 6 0.048 3 13 48
31.7903 1 -21.71 5.67836 -218.727 -0.89959 0.264871 -0.337631 -0.0811587 1 2.1 6 0.048 3 13 48
31.807 1 -21.71 5.67836 -218.727 -0.899199 0.266196 -0.337511 -0.0816557 1 2.1 6 0.048 3 13 48
31.8236 1 -21.71 5.67836 -218.727 -0.898891 0.267235 -0.337416 -0.0820458 1 2.1 6 0.048 3 13 48
31.8432 1 -21.71 5.67836 -218.727 -0.898672 0.26797 -0.337349 -0.0823217 1 2.1 6 0.048 3 13 48
31.8599 1 -21.71 5.67836 -218.727 -0.898513 0.268502 -0.3373 -0.0825216 1 2.1 6 0.048 3 13 48
31.8804 1 -21.71 5.67836 -218.727 -0.898402 0.268875 -0.337266 -0.0826614 1 2.1 6 0.048 3 13 48
31.897 1 -21.71 5.67836 -218.727 -0.898321 0.269143 -0.337241 -0.0827622 1 2.1 6 0.048 3 13 48
31.9176 1 -21.71 5.67836 -218.727 -0.898265 0.269331 -0.337224 -0.0828326 1 2.1 6 0.048 3 13 48
31.9343 1 -21.71 5.67836 -218.727 -0.898222 0.269475 -0.337211 -0.0828868 1 2.1 6 0.048 3 13 48
31.951 1 -21.71 5.67836 -218.727 -0.897875 0.270628 -0.337104 -0.0833195 1 2.1 6 0.048 3 13 48
31.9746 1 -21.71 5.67836 -218.727 -0.897537 0.271748 -0.337 -0.0837402 1 2.1 6 0.048 3 13 48
31.9936 1 -21.71 5.67836 -218.727 -0.89728 0.272593 -0.336921 -0.0840574 1 2.1 6 0.048 3 13 48
32.0133 1 -21.71 5.67836 -218.727 -0.897101 0.273182 -0.336866 -0.0842787 1 2.1 6 0.048 3 13 48
32.03 1 -21.71 5.67836 -218.727 -0.896971 0.273609 -0.336826 -0.084439 1 2.1 6 0.048 3 13 48
32.0511 1 -21.71 5.67836 -218.727 -0.896881 0.273905 -0.336798 -0.0845501 1 2.1 6 0.048 3 13 48
32.0677 1 -21.71 5.67836 -218.727 -0.896813 0.274127 -0.336777 -0.0846335 1 2.1 6 0.048 3 13 48
32.0979 1 -21.71 5.67836 -218.727 -0.896255 0.275945 -0.336604 -0.0853163 1 2.1 6 0.048 3 13 48
32.1146 1 -21.71 5.67836 -218.727 -0.895788 0.277459 -0.33646 -0.0858846 1 2.1 6 0.048 3 13 48
32.1312 1 -21.71 5.67836 -218.727 -0.895422 0.278636 -0.336347 -0.086327 1 2.1 6 0.048 3 13 48
32.1479 1 -21.71 5.67836 -218.727 -0.895152 0.279502 -0.336263 -0.0866523 1 2.1 6 0.048 3 13 48
32.1646 1 -21.71 5.67836 -218.727 -0.894953 0.280139 -0.336201 -0.0868916 1 2.1 6 0.048 3 13 48
32.1847 1 -21.71 5.67836 -218.727 -0.894813 0.280587 -0.336158 -0.0870597 1 2.1 6 0.048 3 13 48
32.2013 1 -21.71 5.67836 -218.727 -0.894711 0.28091 -0.336126 -0.0871813 1 2.1 6 0.048 3 13 48
32.2225 1 -21.71 5.67836 -218.727 -0.894636 0.281149 -0.336103 -0.087271 1 2.1 6 0.048 3 13 48
32.2466 1 -21.71 5.67836 -218.727 -0.894141 0.282721 -0.335949 -0.0878616 1 2.1 6 0.048 3 13 48
32.2632 1 -21.71 5.67836 -218.727 -0.893705 0.284097 -0.335813 -0.0883785 1 2.1 6 0.048 3 13 48
32.2807 1 -21.71 5.67836 -218.727 -0.893364 0.285165 -0.335707 -0.0887798 1 2.1 6 0.048 3 13 48
32.3009 1 -21.71 5.67836 -218.727 -0.893126 0.285911 -0.335633 -0.0890603 1 2.1 6 0.048 3 13 48
32.3176 1 -21.71 5.67836 -218.727 -0.892953 0.286451 -0.335579 -0.089263 1 2.1 6 0.048 3 13 48
32.3394 1 -21.71 5.67836 -218.727 -0.892834 0.286821 -0.335542 -0.0894022 1 2.1 6 0.048 3 13 48
32.356 1 -21.71 5.67836 -218.727 -0.892749 0.287087 -0.335516 -0.089502 1 2.1 6 0.048 3 13 48
32.3777 1 -21.71 5.67836 -218.727 -0.89269 0.287269 -0.335497 -0.0895707 1 2.1 6 0.048 3 13 48
32.3973 1 -21.71 5.67836 -218.727 -0.892645 0.287408 -0.335483 -0.0896228 1 2.1 6 0.048 3 13 48
32.4214 1 -21.71 5.67836 -218.727 -0.89216 0.288911 -0.335332 -0.0901878 1 2.1 6 0.048 3 13 48
32.4381 1 -21.71 5.67836 -218.727 -0.891729 0.290238 -0.335197 -0.0906864 1 2.1 6 0.048 3 13 48
32.4563 1 -21.71 5.67836 -218.727 -0.891395 0.291263 -0.335093 -0.0910719 1 2.1 6 0.048 3 13 48
32.4765 1 -21.71 5.67836 -218.727 -0.891161 0.291977 -0.33502 -0.0913402 1 2.1 6 0.048 3 13 48
32.4931 1 -21.71 5.67836 -218.727 -0.890992 0.292493 -0.334967 -0.0915341 1 2.1 6 0.048 3 13 48
32.5152 1 -21.71 5.67836 -218.727 -0.890876 0.292846 -0.334931 -0.0916668 1 2.1 6 0.048 3 13 48
32.5318 1 -21.71 5.67836 -218.727 -0.89079 0.293108 -0.334904 -0.0917653 1 2.1 6 0.048 3 13 48
32.5586 1 -21.71 5.67836 -218.727 -0.890231 0.294802 -0.334729 -0.0924023 1 2.1 6 0.048 3 13 48
32.5753 1 -21.71 5.67836 -218.727 -0.889751 0.296248 -0.334578 -0.092946 1 2.1 6 0.048 3 13 48
32.5941 1 -21.71 5.67836 -218.727 -0.889382 0.297352 -0.334462 -0.0933613 1 2.1 6 0.048 3 13 48
32.6141 1 -21.71 5.67836 -218.727 -0.889119 0.298139 -0.33438 -0.0936572 1 2.1 6 0.048 3 13 48
32.6308 1 -21.71 5.67836 -218.727 -0.888928 0.298708 -0.33432 -0.0938712 1 2.1 6 0.048 3 13 48
32.6538 1 -21.71 5.67836 -218.727 -0.888798 0.299092 -0.334279 -0.0940158 1 2.1 6 0.048 3 13 48
32.6705 1 -21.71 5.67836 -218.727 -0.888706 0.299366 -0.33425 -0.0941188 1 2.1 6 0.048 3 13 48
32.6932 1 -21.71 5.67836 -218.727 -0.888638 0.299569 -0.334229 -0.094195 1 2.1 6 0.048 3 13 48
32.7219 1 -21.71 5.67836 -218.727 -0.888051 0.301304 -0.334044 -0.0948474 1 2.1 6 0.048 3 13 48
32.7386 1 -21.71 5.67836 -218.727 -0.887554 0.302765 -0.333887 -0.0953974 1 2.1 6 0.048 3 13 48
32.7552 1 -21.71 5.67836 -218.727 -0.887164 0.303905 -0.333765 -0.095826 1 2.1 6 0.048 3 13 48
32.7719 1 -21.71 5.67836 -218.727 -0.886871 0.304759 -0.333672 -0.0961474 1 2.1 6 0.048 3 13 48
32.7935 1 -21.71 5.67836 -218.727 -0.886668 0.305352 -0.333608 -0.0963703 1 2.1 6 0.048 3 13 48
32.8102 1 -21.71 5.67836 -218.727 -0.886521 0.305777 -0.333562 -0.0965303 1 2.1 6 0.048 3 13 48
32.8315 1 -21.71 5.67836 -218.727 -0.88642 0.306071 -0.333529 -0.0966409 1 2.1 6 0.048 3 13 48
32.8506 1 -21.71 5.67836 -218.727 -0.886349 0.306275 -0.333507 -0.0967177 1 2.1 6 0.048 3 13 48
32.8701 1 -21.71 5.67836 -218.727 -0.8863 0.306418 -0.333492 -0.0967716 1 2.1 6 0.048 3 13 48
32.8867 1 -21.71 5.67836 -218.727 -0.886261 0.306531 -0.333479 -0.096814 1 2.1 6 0.048 3 13 48
32.913 1 -21.71 5.67836 -218.727 -0.885717 0.308098 -0.333308 -0.0974036 1 2.1 6 0.048 3 13 48
32.9296 1 -21.71 5.67836 -218.727 -0.885243 0.309456 -0.333158 -0.0979148 1 2.1 6 0.048 3 13 48
32.9474 1 -21.71 5.67836 -218.727 -0.884875 0.310508 -0.333041 -0.0983109 1 2.1 6 0.048 3 13 48
32.964 1 -21.71 5.67836 -218.727 -0.884599 0.311294 -0.332954 -0.0986067 1 2.1 6 0.048 3 13 48
32.9863 1 -21.71 5.67836 -218.727 -0.88441 0.311831 -0.332894 -0.0988086 1 2.1 6 0.048 3 13 48
33.0056 1 -21.71 5.67836 -218.727 -0.884279 0.312201 -0.332852 -0.0989479 1 2.1 6 0.048 3 13 48
33.0223 1 -21.71 5.67836 -218.727 -0.884181 0.312479 -0.332821 -0.0990524 1 2.1 6 0.048 3 13 48
33.0488 1 -21.71 5.67836 -218.727 -0.883585 0.314161 -0.332632 -0.0996856 1 2.1 6 0.048 3 13 48
33.0655 1 -21.71 5.67836 -218.727 -0.883073 0.315597 -0.33247 -0.100226 1 2.1 6 0.048 3 13 48
33.0836 1 -21.71 5.67836 -218.727 -0.882677 0.316702 -0.332344 -0.100642 1 2.1 6 0.048 3 13 48
33.1003 1 -21.71 5.67836 -218.727 -0.882381 0.317525 -0.33225 -0.100952 1 2.1 6 0.048 3 13 48
33.1227 1 -21.71 5.67836 -218.727 -0.88218 0.318085 -0.332186 -0.101163 1 2.1 6 0.048 3 13 48
33.1428 1 -21.71 5.67836 -218.727 -0.882042 0.318467 -0.332142 -0.101307 1 2.1 6 0.048 3 13 48
33.1595 1 -21.71 5.67836 -218.727 -0.881942 0.318743 -0.33211 -0.101411 1 2.1 6 0.048 3 13 48
33.1817 1 -21.71 5.67836 -218.727 -0.881874 0.318932 -0.332089 -0.101482 1 2.1 6 0.048 3 13 48
33.1984 1 -21.71 5.67836 -218.727 -0.881822 0.319076 -0.332072 -0.101536 1 2.1 6 0.048 3 13 48
33.2255 1 -21.71 5.67836 -218.727 -0.881235 0.320691 -0.331885 -0.102145 1 2.1 6 0.048 3 13 48
33.2421 1 -21.71 5.67836 -218.727 -0.88073 0.322078 -0.331724 -0.102667 1 2.1 6 0.048 3 13 48
33.2608 1 -21.71 5.67836 -218.727 -0.88034 0.32314 -0.3316 -0.103067 1 2.1 6 0.048 3 13 48
33.2817 1 -21.71 5.67836 -218.727 -0.880072 0.323871 -0.331514 -0.103342 1 2.1 6 0.048 3 13 48
33.2984 1 -21.71 5.67836 -218.727 -0.879878 0.324397 -0.331452 -0.10354 1 2.1 6 0.048 3 13 48
33.3209 1 -21.71 5.67836 -218.727 -0.879746 0.324755 -0.33141 -0.103675 1 2.1 6 0.048 3 13 48
33.3413 1 -21.71 5.67836 -218.727 -0.879656 0.324998 -0.331382 -0.103767 1 2.1 6 0.048 3 13 48
33.3585 1 -21.71 5.67836 -218.727 -0.879588 0.325182 -0.33136 -0.103836 1 2.1 6 0.048 3 13 48
33.3852 1 -21.71 5.67836 -218.727 -0.878987 0.326805 -0.331168 -0.104448 1 2.1 6 0.048 3 13 48
33.4019 1 -21.71 5.67836 -218.727 -0.878468 0.328198 -0.331002 -0.104972 1 2.1 6 0.048 3 13 48
33.4209 1 -21.71 5.67836 -218.727 -0.878069 0.329262 -0.330874 -0.105373 1 2.1 6 0.048 3 13 48
33.4414 1 -21.71 5.67836 -218.727 -0.877794 0.329996 -0.330786 -0.10565 1 2.1 6 0.048 3 13 48
33.4614 1 -21.71 5.67836 -218.727 -0.877603 0.330502 -0.330725 -0.105841 1 2.1 6 0.048 3 13 48
33.478 1 -21.71 5.67836 -218.727 -0.877465 0.330869 -0.330681 -0.105979 1 2.1 6 0.048 3 13 48
33.5021 1 -21.71 5.67836 -218.727 -0.877373 0.331113 -0.330651 -0.106071 1 2.1 6 0.048 3 13 48
33.5188 1 -21.71 5.67836 -218.727 -0.877304 0.331295 -0.330629 -0.10614 1 2.1 6 0.048 3 13 48
33.5463 1 -21.71 5.67836 -218.727 -0.876679 0.332944 -0.330429 -0.106761 1 2.1 6 0.048 3 13 48
33.5629 1 -21.71 5.67836 -218.727 -0.876144 0.334351 -0.330257 -0.107291 1 2.1 6 0.048 3 13 48
33.5824 1 -21.71 5.67836 -218.727 -0.875736 0.335419 -0.330126 -0.107694 1 2.1 6 0.048 3 13 48
33.6029 1 -21.71 5.67836 -218.727 -0.875446 0.336174 -0.330033 -0.107979 1 2.1 6 0.048 3 13 48
33.6196 1 -21.71 5.67836 -218.727 -0.875237 0.336718 -0.329966 -0.108184 1 2.1 6 0.048 3 13 48
33.644 1 -21.71 5.67836 -218.727 -0.875098 0.337079 -0.329922 -0.10832 1 2.1 6 0.048 3 13 48
33.6606 1 -21.71 5.67836 -218.727 -0.874996 0.337344 -0.329889 -0.10842 1 2.1 6 0.048 3 13 48
33.6927 1 -21.71 5.67836 -218.727 -0.874271 0.339218 -0.329656 -0.109126 1 2.1 6 0.048 3 13 48
33.7093 1 -21.71 5.67836 -218.727 -0.873675 0.340751 -0.329464 -0.109704 1 2.1 6 0.048 3 13 48
33.726 1 -21.71 5.67836 -218.727 -0.873209 0.341942 -0.329314 -0.110153 1 2.1 6 0.048 3 13 48
33.7455 1 -21.71 5.67836 -218.727 -0.872872 0.342803 -0.329205 -0.110478 1 2.1 6 0.048 3 13 48
33.7622 1 -21.71 5.67836 -218.727 -0.872626 0.343427 -0.329126 -0.110714 1 2.1 6 0.048 3 13 48
33.7869 1 -21.71 5.67836 -218.727 -0.872464 0.34384 -0.329074 -0.110869 1 2.1 6 0.048 3 13 48
33.8035 1 -21.71 5.67836 -218.727 -0.872349 0.344131 -0.329037 -0.110979 1 2.1 6 0.048 3 13 48
33.8273 1 -21.71 5.67836 -218.727 -0.872272 0.344326 -0.329012 -0.111052 1 2.1 6 0.048 3 13 48
33.844 1 -21.71 5.67836 -218.727 -0.872214 0.344473 -0.328993 -0.111108 1 2.1 6 0.048 3 13 48
33.8724 1 -21.71 5.67836 -218.727 -0.871558 0.34613 -0.328781 -0.111733 1 2.1 6 0.048 3 13 48
33.8892 1 -21.71 5.67836 -218.727 -0.870999 0.347534 -0.328601 -0.112263 1 2.1 6 0.048 3 13 48
33.9058 1 -21.71 5.67836 -218.727 -0.870561 0.348629 -0.328459 -0.112676 1 2.1 6 0.048 3 13 48
33.9306 1 -21.71 5.67836 -218.727 -0.870271 0.349352 -0.328366 -0.112948 1 2.1 6 0.048 3 13 48
33.9473 1 -21.71 5.67836 -218.727 -0.870067 0.349861 -0.328299 -0.113141 1 2.1 6 0.048 3 13 48
33.971 1 -21.71 5.67836 -218.727 -0.869929 0.350203 -0.328255 -0.11327 1 2.1 6 0.048 3 13 48
33.9877 1 -21.71 5.67836 -218.727 -0.869828 0.350454 -0.328222 -0.113364 1 2.1 6 0.048 3 13 48
34.0174 1 -21.71 5.67836 -218.727 -0.869114 0.352221 -0.327991 -0.114031 1 2.1 6 0.048 3 13 48
34.034 1 -21.71 5.67836 -218.727 -0.868516 0.353694 -0.327797 -0.114587 1 2.1 6 0.048 3 13 48
34.0507 1 -21.71 5.67836 -218.727 -0.868048 0.35484 -0.327646 -0.11502 1 2.1 6 0.048 3 13 48
34.0738 1 -21.71 5.67836 -218.727 -0.867723 0.355633 -0.327541 -0.115319 1 2.1 6 0.048 3 13 48
34.0905 1 -21.71 5.67836 -218.727 -0.86749 0.356202 -0.327465 -0.115534 1 2.1 6 0.048 3 13 48
34.1151 1 -21.71 5.67836 -218.727 -0.867335 0.356579 -0.327415 -0.115676 1 2.1 6 0.048 3 13 48
34.1317 1 -21.71 5.67836 -218.727 -0.867222 0.356854 -0.327378 -0.11578 1 2.1 6 0.048 3 13 48
34.1645 1 -21.71 5.67836 -218.727 -0.866441 0.358745 -0.327125 -0.116494 1 2.1 6 0.048 3 13 48
34.1812 1 -21.71 5.67836 -218.727 -0.865803 0.360283 -0.326917 -0.117075 1 2.1 6 0.048 3 13 48
34.1978 1 -21.71 5.67836 -218.727 -0.865305 0.361477 -0.326756 -0.117525 1 2.1 6 0.048 3 13 48
34.2176 1 -21.71 5.67836 -218.727 -0.864946 0.362337 -0.326639 -0.11785 1 2.1 6 0.048 3 13 48
34.2343 1 -21.71 5.67836 -218.727 -0.864683 0.362963 -0.326553 -0.118087 1 2.1 6 0.048 3 13 48
34.2588 1 -21.71 5.67836 -218.727 -0.864509 0.363378 -0.326496 -0.118243 1 2.1 6 0.048 3 13 48
34.2755 1 -21.71 5.67836 -218.727 -0.864386 0.363671 -0.326456 -0.118354 1 2.1 6 0.048 3 13 48
34.2994 1 -21.71 5.67836 -218.727 -0.864296 0.363884 -0.326427 -0.118435 1 2.1 6 0.048 3 13 48
34.3244 1 -21.71 5.67836 -218.727 -0.863643 0.365431 -0.326215 -0.119019 1 2.1 6 0.048 3 13 48
34.3411 1 -21.71 5.67836 -218.727 -0.863073 0.366775 -0.326029 -0.119526 1 2.1 6 0.048 3 13 48
34.3615 1 -21.71 5.67836 -218.727 -0.862641 0.367789 -0.325888 -0.11991 1 2.1 6 0.048 3 13 48
34.3781 1 -21.71 5.67836 -218.727 -0.862322 0.368537 -0.325784 -0.120192 1 2.1 6 0.048 3 13 48
34.4023 1 -21.71 5.67836 -218.727 -0.862109 0.369035 -0.325715 -0.12038 1 2.1 6 0.048 3 13 48
34.4189 1 -21.71 5.67836 -218.727 -0.861958 0.369387 -0.325665 -0.120513 1 2.1 6 0.048 3 13 48
34.4428 1 -21.71 5.67836 -218.727 -0.861857 0.369623 -0.325632 -0.120602 1 2.1 6 0.048 3 13 48
34.4634 1 -21.71 5.67836 -218.727 -0.861784 0.369794 -0.325608 -0.120667 1 2.1 6 0.048 3 13 48
34.4818 1 -21.71 5.67836 -218.727 -0.861261 0.371011 -0.325438 -0.121127 1 2.1 6 0.048 3 13 48
34.5047 1 -21.71 5.67836 -218.727 -0.860768 0.372153 -0.325277 -0.121558 1 2.1 6 0.048 3 13 48
34.5214 1 -21.71 5.67836 -218.727 -0.860388 0.37303 -0.325153 -0.12189 1 2.1 6 0.048 3 13 48
34.5453 1 -21.71 5.67836 -218.727 -0.860125 0.373636 -0.325067 -0.122119 1 2.1 6 0.048 3 13 48
34.562 1 -21.71 5.67836 -218.727 -0.859938 0.374065 -0.325006 -0.122281 1 2.1 6 0.048 3 13 48
34.586 1 -21.71 5.67836 -218.727 -0.859814 0.374352 -0.324965 -0.122389 1 2.1 6 0.048 3 13 48
34.6068 1 -21.71 5.67836 -218.727 -0.85973 0.374544 -0.324938 -0.122462 1 2.1 6 0.048 3 13 48
34.6234 1 -21.71 5.67836 -218.727 -0.859666 0.374691 -0.324917 -0.122518 1 2.1 6 0.048 3 13 48
34.6522 1 -21.71 5.67836 -218.727 -0.858946 0.376339 -0.324681 -0.12314 1 2.1 6 0.048 3 13 48
34.6689 1 -21.71 5.67836 -218.727 -0.858334 0.377731 -0.324481 -0.123667 1 2.1 6 0.048 3 13 48
34.6883 1 -21.71 5.67836 -218.727 -0.857868 0.378788 -0.324328 -0.124066 1 2.1 6 0.048 3 13 48
34.705 1 -21.71 5.67836 -218.727 -0.857523 0.379571 -0.324215 -0.124362 1 2.1 6 0.048 3 13 48
34.7293 1 -21.71 5.67836 -218.727 -0.857293 0.38009 -0.32414 -0.124558 1 2.1 6 0.048 3 13 48
34.7498 1 -21.71 5.67836 -218.727 -0.857138 0.380439 -0.324089 -0.12469 1 2.1 6 0.048 3 13 48
34.7664 1 -21.71 5.67836 -218.727 -0.857026 0.380691 -0.324052 -0.124786 1 2.1 6 0.048 3 13 48
34.7906 1 -21.71 5.67836 -218.727 -0.856943 0.380877 -0.324025 -0.124856 1 2.1 6 0.048 3 13 48
34.8073 1 -21.71 5.67836 -218.727 -0.856437 0.382015 -0.323859 -0.125286 1 2.1 6 0.048 3 13 48
34.8311 1 -21.71 5.67836 -218.727 -0.855947 0.383109 -0.323699 -0.1257 1 2.1 6 0.048 3 13 48
34.8478 1 -21.71 5.67836 -218.727 -0.855571 0.383948 -0.323575 -0.126018 1 2.1 6 0.048 3 13 48
34.8717 1 -21.71 5.67836 -218.727 -0.85532 0.384508 -0.323493 -0.126229 1 2.1 6 0.048 3 13 48
34.8923 1 -21.71 5.67836 -218.727 -0.855151 0.384885 -0.323437 -0.126372 1 2.1 6 0.048 3 13 48
34.909 1 -21.71 5.67836 -218.727 -0.855028 0.385157 -0.323397 -0.126474 1 2.1 6 0.048 3 13 48
34.933 1 -21.71 5.67836 -218.727 -0.854939 0.385355 -0.323368 -0.12655 1 2.1 6 0.048 3 13 48
34.9497 1 -21.71 5.67836 -218.727 -0.854422 0.3865 -0.323198 -0.126983 1 2.1 6 0.048 3 13 48
34.9732 1 -21.71 5.67836 -218.727 -0.853924 0.387598 -0.323034 -0.127398 1 2.1 6 0.048 3 13 48
34.99 1 -21.71 5.67836 -218.727 -0.853542 0.38844 -0.322908 -0.127716 1 2.1 6 0.048 3 13 48
35.0135 1 -21.71 5.67836 -218.727 -0.853275 0.389025 -0.322821 -0.127938 1 2.1 6 0.048 3 13 48
35.0345 1 -21.71 5.67836 -218.727 -0.853096 0.389417 -0.322762 -0.128086 1 2.1 6 0.048 3 13 48
35.0512 1 -21.71 5.67836 -218.727 -0.852967 0.389699 -0.32272 -0.128193 1 2.1 6 0.048 3 13 48
35.0751 1 -21.71 5.67836 -218.727 -0.852881 0.389888 -0.322691 -0.128264 1 2.1 6 0.048 3 13 48
35.0917 1 -21.71 5.67836 -218.727 -0.852816 0.39003 -0.32267 -0.128318 1 2.1 6 0.048 3 13 48
35.1194 1 -21.71 5.67836 -218.727 -0.852088 0.391618 -0.32243 -0.128919 1 2.1 6 0.048 3 13 48
35.1361 1 -21.71 5.67836 -218.727 -0.851464 0.392974 -0.322225 -0.129432 1 2.1 6 0.048 3 13 48
35.1555 1 -21.71 5.67836 -218.727 -0.850988 0.394004 -0.322068 -0.129822 1 2.1 6 0.048 3 13 48
35.1761 1 -21.71 5.67836 -218.727 -0.85065 0.394732 -0.321957 -0.130097 1 2.1 6 0.048 3 13 48
35.1927 1 -21.71 5.67836 -218.727 -0.850405 0.395261 -0.321876 -0.130297 1 2.1 6 0.048 3 13 48
35.2166 1 -21.71 5.67836 -218.727 -0.85024 0.395615 -0.321821 -0.130432 1 2.1 6 0.048 3 13 48
35.2333 1 -21.71 5.67836 -218.727 -0.850123 0.395867 -0.321783 -0.130527 1 2.1 6 0.048 3 13 48
35.2571 1 -21.71 5.67836 -218.727 -0.850044 0.396035 -0.321757 -0.13059 1 2.1 6 0.048 3 13 48
35.2738 1 -21.71 5.67836 -218.727 -0.849989 0.396154 -0.321739 -0.130636 1 2.1 6 0.048 3 13 48
35.297 1 -21.71 5.67836 -218.727 -0.849951 0.396234 -0.321726 -0.130666 1 2.1 6 0.048 3 13 48
35.3177 1 -21.71 5.67836 -218.727 -0.84992 0.396302 -0.321716 -0.130692 1 2.1 6 0.048 3 13 48
35.3364 1 -21.71 5.67836 -218.727 -0.849385 0.397448 -0.321539 -0.131125 1 2.1 6 0.048 3 13 48
35.3585 1 -21.71 5.67836 -218.727 -0.848875 0.398536 -0.321371 -0.131537 1 2.1 6 0.048 3 13 48
35.3751 1 -21.71 5.67836 -218.727 -0.848479 0.399377 -0.321241 -0.131856 1 2.1 6 0.048 3 13 48
35.3986 1 -21.71 5.67836 -218.727 -0.848204 0.399962 -0.32115 -0.132077 1 2.1 6 0.048 3 13 48
35.4158 1 -21.71 5.67836 -218.727 -0.848009 0.400374 -0.321085 -0.132233 1 2.1 6 0.048 3 13 48
35.4389 1 -21.71 5.67836 -218.727 -0.847878 0.400652 -0.321042 -0.132338 1 2.1 6 0.048 3 13 48
35.4594 1 -21.71 5.67836 -218.727 -0.847789 0.40084 -0.321013 -0.13241 1 2.1 6 0.048 3 13 48
35.4761 1 -21.71 5.67836 -218.727 -0.847721 0.400984 -0.32099 -0.132464 1 2.1 6 0.048 3 13 48
35.5043 1 -21.71 5.67836 -218.727 -0.846961 0.402587 -0.320739 -0.133071 1 2.1 6 0.048 3 13 48
35.5209 1 -21.71 5.67836 -218.727 -0.846313 0.403948 -0.320525 -0.133586 1 2.1 6 0.048 3 13 48
35.5401 1 -21.71 5.67836 -218.727 -0.845817 0.404985 -0.320361 -0.133979 1 2.1 6 0.048 3 13 48
35.5567 1 -21.71 5.67836 -218.727 -0.845448 0.405753 -0.320239 -0.13427 1 2.1 6 0.048 3 13 48
35.5803 1 -21.71 5.67836 -218.727 -0.845201 0.406269 -0.320157 -0.134466 1 2.1 6 0.048 3 13 48
35.6007 1 -21.71 5.67836 -218.727 -0.845034 0.406617 -0.320101 -0.134597 1 2.1 6 0.048 3 13 48
35.6174 1 -21.71 5.67836 -218.727 -0.844913 0.406868 -0.320061 -0.134693 1 2.1 6 0.048 3 13 48
35.6412 1 -21.71 5.67836 -218.727 -0.844823 0.407053 -0.320032 -0.134763 1 2.1 6 0.048 3 13 48
35.6578 1 -21.71 5.67836 -218.727 -0.844281 0.408176 -0.319852 -0.135188 1 2.1 6 0.048 3 13 48
35.6811 1 -21.71 5.67836 -218.727 -0.843759 0.409256 -0.319679 -0.135597 1 2.1 6 0.048 3 13 48
35.6977 1 -21.71 5.67836 -218.727 -0.843356 0.410085 -0.319546 -0.135911 1 2.1 6 0.048 3 13 48
35.7225 1 -21.71 5.67836 -218.727 -0.843079 0.410654 -0.319454 -0.136127 1 2.1 6 0.048 3 13 48
35.744 1 -21.71 5.67836 -218.727 -0.842895 0.411031 -0.319393 -0.13627 1 2.1 6 0.048 3 13 48
35.7606 1 -21.71 5.67836 -218.727 -0.842764 0.411301 -0.319349 -0.136372 1 2.1 6 0.048 3 13 48
35.7864 1 -21.71 5.67836 -218.727 -0.842678 0.411477 -0.319321 -0.136439 1 2.1 6 0.048 3 13 48
35.8031 1 -21.71 5.67836 -218.727 -0.842613 0.411609 -0.319299 -0.136489 1 2.1 6 0.048 3 13 48
35.8323 1 -21.71 5.67836 -218.727 -0.841817 0.413235 -0.319035 -0.137105 1 2.1 6 0.048 3 13 48
35.849 1 -21.71 5.67836 -218.727 -0.841143 0.414605 -0.318812 -0.137624 1 2.1 6 0.048 3 13 48
35.8701 1 -21.71 5.67836 -218.727 -0.840638 0.415629 -0.318644 -0.138012 1 2.1 6 0.048 3 13 48
35.8916 1 -21.71 5.67836 -218.727 -0.840287 0.416338 -0.318527 -0.138281 1 2.1 6 0.048 3 13 48
35.9082 1 -21.71 5.67836 -218.727 -0.840034 0.416847 -0.318444 -0.138474 1 2.1 6 0.048 3 13 48
35.934 1 -21.71 5.67836 -218.727 -0.83987 0.417179 -0.318389 -0.1386 1 2.1 6 0.048 3 13 48
35.9507 1 -21.71 5.67836 -218.727 -0.839754 0.417411 -0.31835 -0.138688 1 2.1 6 0.048 3 13 48
35.9758 1 -21.71 5.67836 -218.727 -0.839678 0.417564 -0.318325 -0.138746 1 2.1 6 0.048 3 13 48
35.9925 1 -21.71 5.67836 -218.727 -0.83962 0.417681 -0.318306 -0.13879 1 2.1 6 0.048 3 13 48
36.0217 1 -21.71 5.67836 -218.727 -0.838817 0.419292 -0.318039 -0.139401 1 2.1 6 0.048 3 13 48
36.0389 1 -21.71 5.67836 -218.727 -0.838137 0.420649 -0.317813 -0.139916 1 2.1 6 0.048 3 13 48
36.0555 1 -21.71 5.67836 -218.727 -0.837606 0.421705 -0.317636 -0.140316 1 2.1 6 0.048 3 13 48
36.0815 1 -21.71 5.67836 -218.727 -0.83726 0.422391 -0.317521 -0.140576 1 2.1 6 0.048 3 13 48
36.0981 1 -21.71 5.67836 -218.727 -0.837017 0.422873 -0.31744 -0.140759 1 2.1 6 0.048 3 13 48
36.123 1 -21.71 5.67836 -218.727 -0.836857 0.42319 -0.317387 -0.140879 1 2.1 6 0.048 3 13 48
36.1396 1 -21.71 5.67836 -218.727 -0.836739 0.423423 -0.317348 -0.140968 1 2.1 6 0.048 3 13 48
36.1687 1 -21.71 5.67836 -218.727 -0.835892 0.425093 -0.317066 -0.141601 1 2.1 6 0.048 3 13 48
36.186 1 -21.71 5.67836 -218.727 -0.83518 0.42649 -0.316828 -0.142131 1 2.1 6 0.048 3 13 48
36.2027 1 -21.71 5.67836 -218.727 -0.834625 0.427575 -0.316643 -0.142543 1 2.1 6 0.048 3 13 48
36.2279 1 -21.71 5.67836 -218.727 -0.834249 0.428308 -0.316518 -0.142821 1 2.1 6 0.048 3 13 48
36.2446 1 -21.71 5.67836 -218.727 -0.833982 0.428828 -0.316429 -0.143018 1 2.1 6 0.048 3 13 48
36.2695 1 -21.71 5.67836 -218.727 -0.833805 0.429171 -0.31637 -0.143148 1 2.1 6 0.048 3 13 48
36.2861 1 -21.71 5.67836 -218.727 -0.83368 0.429414 -0.316328 -0.14324 1 2.1 6 0.048 3 13 48
36.3111 1 -21.71 5.67836 -218.727 -0.833598 0.429574 -0.316301 -0.143301 1 2.1 6 0.048 3 13 48
36.3321 1 -21.71 5.67836 -218.727 -0.833543 0.42968 -0.316283 -0.143341 1 2.1 6 0.048 3 13 48
36.3487 1 -21.71 5.67836 -218.727 -0.833503 0.429757 -0.316269 -0.14337 1 2.1 6 0.048 3 13 48
36.374 1 -21.71 5.67836 -218.727 -0.833477 0.429807 -0.316261 -0.14339 1 2.1 6 0.048 3 13 48
36.3907 1 -21.71 5.67836 -218.727 -0.833455 0.429851 -0.316253 -0.143406 1 2.1 6 0.048 3 13 48
36.4197 1 -21.71 5.67836 -218.727 -0.832656 0.431397 -0.315986 -0.143993 1 2.1 6 0.048 3 13 48
36.4364 1 -21.71 5.67836 -218.727 -0.831974 0.43271 -0.315759 -0.144491 1 2.1 6 0.048 3 13 48
36.4569 1 -21.71 5.67836 -218.727 -0.831459 0.433699 -0.315587 -0.144866 1 2.1 6 0.048 3 13 48
36.478 1 -21.71 5.67836 -218.727 -0.831099 0.434389 -0.315467 -0.145128 1 2.1 6 0.048 3 13 48
36.4947 1 -21.71 5.67836 -218.727 -0.830837 0.434889 -0.315379 -0.145318 1 2.1 6 0.048 3 13 48
36.5198 1 -21.71 5.67836 -218.727 -0.830664 0.435219 -0.315321 -0.145443 1 2.1 6 0.048 3 13 48
36.5365 1 -21.71 5.67836 -218.727 -0.830543 0.435451 -0.315281 -0.145532 1 2.1 6 0.048 3 13 48
36.5616 1 -21.71 5.67836 -218.727 -0.830462 0.435604 -0.315254 -0.14559 1 2.1 6 0.048 3 13 48
36.5782 1 -21.71 5.67836 -218.727 -0.830406 0.435712 -0.315235 -0.145631 1 2.1 6 0.048 3 13 48
36.6025 1 -21.71 5.67836 -218.727 -0.830359 0.435801 -0.315219 -0.145664 1 2.1 6 0.048 3 13 48
36.6279 1 -21.71 5.67836 -218.727 -0.829606 0.437233 -0.314968 -0.146208 1 2.1 6 0.048 3 13 48
36.6446 1 -21.71 5.67836 -218.727 -0.828946 0.438484 -0.314747 -0.146683 1 2.1 6 0.048 3 13 48
36.6656 1 -21.71 5.67836 -218.727 -0.828447 0.439425 -0.31458 -0.14704 1 2.1 6 0.048 3 13 48
36.6822 1 -21.71 5.67836 -218.727 -0.82808 0.440117 -0.314457 -0.147303 1 2.1 6 0.048 3 13 48
36.7069 1 -21.71 5.67836 -218.727 -0.827836 0.440574 -0.314376 -0.147477 1 2.1 6 0.048 3 13 48
36.7235 1 -21.71 5.67836 -218.727 -0.827664 0.440898 -0.314318 -0.147599 1 2.1 6 0.048 3 13 48
36.748 1 -21.71 5.67836 -218.727 -0.82755 0.441112 -0.31428 -0.147681 1 2.1 6 0.048 3 13 48
36.7687 1 -21.71 5.67836 -218.727 -0.827467 0.441269 -0.314252 -0.14774 1 2.1 6 0.048 3 13 48
36.7871 1 -21.71 5.67836 -218.727 -0.826848 0.442426 -0.314045 -0.14818 1 2.1 6 0.048 3 13 48
36.8106 1 -21.71 5.67836 -218.727 -0.826264 0.443516 -0.313849 -0.148594 1 2.1 6 0.048 3 13 48
36.8272 1 -21.71 5.67836 -218.727 -0.825816 0.44435 -0.313699 -0.148911 1 2.1 6 0.048 3 13 48
36.8517 1 -21.71 5.67836 -218.727 -0.825507 0.444923 -0.313595 -0.149129 1 2.1 6 0.048 3 13 48
36.8684 1 -21.71 5.67836 -218.727 -0.825289 0.445329 -0.313522 -0.149283 1 2.1 6 0.048 3 13 48
36.8926 1 -21.71 5.67836 -218.727 -0.825143 0.445598 -0.313473 -0.149385 1 2.1 6 0.048 3 13 48
36.9136 1 -21.71 5.67836 -218.727 -0.825046 0.445778 -0.313441 -0.149453 1 2.1 6 0.048 3 13 48
36.9303 1 -21.71 5.67836 -218.727 -0.824971 0.445916 -0.313416 -0.149506 1 2.1 6 0.048 3 13 48
36.9596 1 -21.71 5.67836 -218.727 -0.824105 0.447515 -0.313125 -0.150113 1 2.1 6 0.048 3 13 48
36.9763 1 -21.71 5.67836 -218.727 -0.823373 0.448861 -0.31288 -0.150624 1 2.1 6 0.048 3 13 48
36.9961 1 -21.71 5.67836 -218.727 -0.822817 0.449878 -0.312693 -0.151011 1 2.1 6 0.048 3 13 48
37.0128 1 -21.71 5.67836 -218.727 -0.822406 0.45063 -0.312555 -0.151297 1 2.1 6 0.048 3 13 48
37.0374 1 -21.71 5.67836 -218.727 -0.822134 0.451126 -0.312464 -0.151486 1 2.1 6 0.048 3 13 48
37.0581 1 -21.71 5.67836 -218.727 -0.821951 0.451459 -0.312402 -0.151612 1 2.1 6 0.048 3 13 48
37.0747 1 -21.71 5.67836 -218.727 -0.821819 0.451699 -0.312358 -0.151703 1 2.1 6 0.048 3 13 48
37.0994 1 -21.71 5.67836 -218.727 -0.821722 0.451875 -0.312326 -0.15177 1 2.1 6 0.048 3 13 48
37.1161 1 -21.71 5.67836 -218.727 -0.821122 0.452965 -0.312124 -0.152184 1 2.1 6 0.048 3 13 48
37.1403 1 -21.71 5.67836 -218.727 -0.820542 0.454015 -0.311929 -0.152583 1 2.1 6 0.048 3 13 48
37.157 1 -21.71 5.67836 -218.727 -0.820098 0.454817 -0.31178 -0.152889 1 2.1 6 0.048 3 13 48
37.1811 1 -21.71 5.67836 -218.727 -0.81979 0.455372 -0.311676 -0.153099 1 2.1 6 0.048 3 13 48
37.2023 1 -21.71 5.67836 -218.727 -0.819585 0.455741 -0.311607 -0.15324 1 2.1 6 0.048 3 13 48
37.219 1 -21.71 5.67836 -218.727 -0.819437 0.456007 -0.311557 -0.153341 1 2.1 6 0.048 3 13 48
37.2434 1 -21.71 5.67836 -218.727 -0.819339 0.456183 -0.311524 -0.153408 1 2.1 6 0.048 3 13 48
37.2601 1 -21.71 5.67836 -218.727 -0.819265 0.456316 -0.3115 -0.153458 1 2.1 6 0.048 3 13 48
37.2882 1 -21.71 5.67836 -218.727 -0.818406 0.457853 -0.311211 -0.154043 1 2.1 6 0.048 3 13 48
37.3048 1 -21.71 5.67836 -218.727 -0.817673 0.459162 -0.310964 -0.15454 1 2.1 6 0.048 3 13 48
37.3249 1 -21.71 5.67836 -218.727 -0.817118 0.460149 -0.310777 -0.154916 1 2.1 6 0.048 3 13 48
37.346 1 -21.71 5.67836 -218.727 -0.816728 0.460841 -0.310646 -0.155179 1 2.1 6 0.048 3 13 48
37.3626 1 -21.71 5.67836 -218.727 -0.816447 0.461338 -0.310551 -0.155368 1 2.1 6 0.048 3 13 48
37.3871 1 -21.71 5.67836 -218.727 -0.816261 0.461667 -0.310489 -0.155493 1 2.1 6 0.048 3 13 48
37.4038 1 -21.71 5.67836 -218.727 -0.816125 0.461909 -0.310443 -0.155585 1 2.1 6 0.048 3 13 48
37.4319 1 -21.71 5.67836 -218.727 -0.815215 0.463512 -0.310136 -0.156195 1 2.1 6 0.048 3 13 48
37.4486 1 -21.71 5.67836 -218.727 -0.814445 0.464864 -0.309877 -0.15671 1 2.1 6 0.048 3 13 48
37.4684 1 -21.71 5.67836 -218.727 -0.813861 0.465886 -0.30968 -0.157098 1 2.1 6 0.048 3 13 48
37.4893 1 -21.71 5.67836 -218.727 -0.81345 0.466602 -0.309541 -0.157371 1 2.1 6 0.048 3 13 48
37.6136 1 -21.71 5.67836 -218.727 -0.813372 0.466738 -0.309515 -0.157423 1 2.1 6 0.048 3 13 48
37.6302 1 -21.71 5.67836 -218.727 -0.813338 0.466799 -0.309503 -0.157446 1 2.1 6 0.048 3 13 48
37.6469 1 -21.71 5.67836 -218.727 -0.812768 0.46779 -0.309311 -0.157823 1 2.1 6 0.048 3 13 48
37.6636 1 -21.71 5.67836 -218.727 -0.812211 0.468756 -0.309123 -0.15819 1 2.1 6 0.048 3 13 48
37.6805 1 -21.71 5.67836 -218.727 -0.811803 0.469462 -0.308985 -0.158459 1 2.1 6 0.048 3 13 48
37.6988 1 -21.71 5.67836 -218.727 -0.811509 0.46997 -0.308886 -0.158653 1 2.1 6 0.048 3 13 48
37.7155 1 -21.71 5.67836 -218.727 -0.811294 0.470341 -0.308814 -0.158794 1 2.1 6 0.048 3 13 48
37.7321 1 -21.71 5.67836 -218.727 -0.811136 0.470613 -0.30876 -0.158897 1 2.1 6 0.048 3 13 48
37.7488 1 -21.71 5.67836 -218.727 -0.811015 0.470822 -0.308719 -0.158977 1 2.1 6 0.048 3 13 48
37.7756 1 -21.71 5.67836 -218.727 -0.81013 0.472344 -0.30842 -0.159556 1 2.1 6 0.048 3 13 48
37.7922 1 -21.71 5.67836 -218.727 -0.80937 0.473645 -0.308164 -0.160052 1 2.1 6 0.048 3 13 48
37.8089 1 -21.71 5.67836 -218.727 -0.808774 0.474661 -0.307962 -0.160438 1 2.1 6 0.048 3 13 48
37.8256 1 -21.71 5.67836 -218.727 -0.808327 0.475422 -0.307811 -0.160728 1 2.1 6 0.048 3 13 48
37.8422 1 -21.71 5.67836 -218.727 -0.807995 0.475986 -0.307699 -0.160943 1 2.1 6 0.048 3 13 48
37.8589 1 -21.71 5.67836 -218.727 -0.807751 0.4764 -0.307617 -0.161101 1 2.1 6 0.048 3 13 48
37.8756 1 -21.71 5.67836 -218.727 -0.807571 0.476705 -0.307556 -0.161217 1 2.1 6 0.048 3 13 48
37.8922 1 -21.71 5.67836 -218.727 -0.807439 0.476929 -0.307511 -0.161302 1 2.1 6 0.048 3 13 48
37.9089 1 -21.71 5.67836 -218.727 -0.807342 0.477094 -0.307478 -0.161365 1 2.1 6 0.048 3 13 48
37.9256 1 -21.71 5.67836 -218.727 -0.807265 0.477223 -0.307452 -0.161414 1 2.1 6 0.048 3 13 48
37.9422 1 -21.71 5.67836 -218.727 -0.806652 0.478259 -0.307245 -0.161809 1 2.1 6 0.048 3 13 48
37.9589 1 -21.71 5.67836 -218.727 -0.806061 0.479254 -0.307045 -0.162188 1 2.1 6 0.048 3 13 48
37.9756 1 -21.71 5.67836 -218.727 -0.80559 0.480045 -0.306885 -0.162489 1 2.1 6 0.048 3 13 48
37.9922 1 -21.71 5.67836 -218.727 -0.805235 0.480641 -0.306765 -0.162716 1 2.1 6 0.048 3 13 48
38.0089 1 -21.71 5.67836 -218.727 -0.804971 0.481083 -0.306676 -0.162885 1 2.1 6 0.048 3 13 48
38.0256 1 -21.71 5.67836 -218.727 -0.804776 0.481409 -0.30661 -0.163009 1 2.1 6 0.048 3 13 48
38.0422 1 -21.71 5.67836 -218.727 -0.804633 0.481648 -0.306561 -0.1631 1 2.1 6 0.048 3 13 48
38.0589 1 -21.71 5.67836 -218.727 -0.804528 0.481823 -0.306526 -0.163167 1 2.1 6 0.048 3 13 48
38.0756 1 -21.71 5.67836 -218.727 -0.804445 0.481961 -0.306498 -0.163219 1 2.1 6 0.048 3 13 48
38.0938 1 -21.71 5.67836 -218.727 -0.803778 0.483073 -0.306272 -0.163643 1 2.1 6 0.048 3 13 48
38.1105 1 -21.71 5.67836 -218.727 -0.803149 0.484118 -0.306059 -0.164041 1 2.1 6 0.048 3 13 48
38.1272 1 -21.71 5.67836 -218.727 -0.80265 0.484944 -0.30589 -0.164356 1 2.1 6 0.048 3 13 48
38.1438 1 -21.71 5.67836 -218.727 -0.802274 0.485567 -0.305762 -0.164593 1 2.1 6 0.048 3 13 48
38.1605 1 -21.71 5.67836 -218.727 -0.801995 0.486028 -0.305667 -0.164769 1 2.1 6 0.048 3 13 48
38.1772 1 -21.71 5.67836 -218.727 -0.801788 0.486368 -0.305598 -0.164899 1 2.1 6 0.048 3 13 48
38.1938 1 -21.71 5.67836 -218.727 -0.801637 0.486619 -0.305546 -0.164994 1 2.1 6 0.048 3 13 48
38.2105 1 -21.71 5.67836 -218.727 -0.801525 0.486803 -0.305508 -0.165064 1 2.1 6 0.048 3 13 48
38.2272 1 -21.71 5.67836 -218.727 -0.801443 0.486938 -0.30548 -0.165116 1 2.1 6 0.048 3 13 48
38.2438 1 -21.71 5.67836 -218.727 -0.801377 0.487046 -0.305458 -0.165157 1 2.1 6 0.048 3 13 48
38.2632 1 -21.71 5.67836 -218.727 -0.800687 0.48818 -0.305224 -0.165589 1 2.1 6 0.048 3 13 48
38.2799 1 -21.71 5.67836 -218.727 -0.800041 0.489237 -0.305005 -0.165992 1 2.1 6 0.048 3 13 48
38.2979 1 -21.71 5.67836 -218.727 -0.799537 0.490061 -0.304834 -0.166306 1 2.1 6 0.048 3 13 48
38.3146 1 -21.71 5.67836 -218.727 -0.799158 0.490678 -0.304705 -0.166541 1 2.1 6 0.048 3 13 48
38.3363 1 -21.71 5.67836 -218.727 -0.798895 0.491106 -0.304616 -0.166705 1 2.1 6 0.048 3 13 48
38.353 1 -21.71 5.67836 -218.727 -0.798706 0.491414 -0.304552 -0.166822 1 2.1 6 0.048 3 13 48
38.3746 1 -21.71 5.67836 -218.727 -0.798567 0.49164 -0.304505 -0.166908 1 2.1 6 0.048 3 13 48
38.398 1 -21.71 5.67836 -218.727 -0.797714 0.493023 -0.304215 -0.167436 1 2.1 6 0.048 3 13 48
38.4147 1 -21.71 5.67836 -218.727 -0.79696 0.49424 -0.303959 -0.1679 1 2.1 6 0.048 3 13 48
38.4329 1 -21.71 5.67836 -218.727 -0.796378 0.495178 -0.303761 -0.168257 1 2.1 6 0.048 3 13 48
38.4496 1 -21.71 5.67836 -218.727 -0.795943 0.495876 -0.303613 -0.168524 1 2.1 6 0.048 3 13 48
38.471 1 -21.71 5.67836 -218.727 -0.79564 0.496363 -0.30351 -0.16871 1 2.1 6 0.048 3 13 48
38.4876 1 -21.71 5.67836 -218.727 -0.795421 0.496713 -0.303436 -0.168843 1 2.1 6 0.048 3 13 48
38.5094 1 -21.71 5.67836 -218.727 -0.795271 0.496954 -0.303385 -0.168935 1 2.1 6 0.048 3 13 48
38.5291 1 -21.71 5.67836 -218.727 -0.795167 0.49712 -0.30335 -0.168998 1 2.1 6 0.048 3 13 48
38.5458 1 -21.71 5.67836 -218.727 -0.795092 0.49724 -0.303324 -0.169044 1 2.1 6 0.048 3 13 48
38.5675 1 -21.71 5.67836 -218.727 -0.79504 0.497323 -0.303306 -0.169076 1 2.1 6 0.048 3 13 48
38.5841 1 -21.71 5.67836 -218.727 -0.794998 0.49739 -0.303292 -0.169101 1 2.1 6 0.048 3 13 48
38.6098 1 -21.71 5.67836 -218.727 -0.794145 0.498751 -0.303002 -0.169621 1 2.1 6 0.048 3 13 48
38.6264 1 -21.71 5.67836 -218.727 -0.793397 0.49994 -0.302748 -0.170074 1 2.1 6 0.048 3 13 48
38.6438 1 -21.71 5.67836 -218.727 -0.792813 0.500865 -0.302549 -0.170427 1 2.1 6 0.048 3 13 48
38.6633 1 -21.71 5.67836 -218.727 -0.79239 0.501535 -0.302405 -0.170683 1 2.1 6 0.048 3 13 48
38.68 1 -21.71 5.67836 -218.727 -0.79208 0.502024 -0.3023 -0.170869 1 2.1 6 0.048 3 13 48
38.7024 1 -21.71 5.67836 -218.727 -0.791869 0.502356 -0.302228 -0.170996 1 2.1 6 0.048 3 13 48
38.719 1 -21.71 5.67836 -218.727 -0.791718 0.502594 -0.302176 -0.171087 1 2.1 6 0.048 3 13 48
38.7402 1 -21.71 5.67836 -218.727 -0.791614 0.502759 -0.302141 -0.17115 1 2.1 6 0.048 3 13 48
38.7569 1 -21.71 5.67836 -218.727 -0.791533 0.502886 -0.302113 -0.171198 1 2.1 6 0.048 3 13 48
38.783 1 -21.71 5.67836 -218.727 -0.790635 0.504297 -0.301807 -0.171737 1 2.1 6 0.048 3 13 48
38.7997 1 -21.71 5.67836 -218.727 -0.789854 0.505519 -0.301542 -0.172204 1 2.1 6 0.048 3 13 48
38.8163 1 -21.71 5.67836 -218.727 -0.789242 0.506474 -0.301333 -0.172568 1 2.1 6 0.048 3 13 48
38.8365 1 -21.71 5.67836 -218.727 -0.788801 0.507161 -0.301183 -0.17283 1 2.1 6 0.048 3 13 48
38.8532 1 -21.71 5.67836 -218.727 -0.78848 0.50766 -0.301073 -0.173021 1 2.1 6 0.048 3 13 48
38.8745 1 -21.71 5.67836 -218.727 -0.788257 0.508005 -0.300997 -0.173153 1 2.1 6 0.048 3 13 48
38.8936 1 -21.71 5.67836 -218.727 -0.788102 0.508245 -0.300945 -0.173245 1 2.1 6 0.048 3 13 48
38.9103 1 -21.71 5.67836 -218.727 -0.78799 0.50842 -0.300906 -0.173311 1 2.1 6 0.048 3 13 48
38.932 1 -21.71 5.67836 -218.727 -0.787904 0.508553 -0.300877 -0.173362 1 2.1 6 0.048 3 13 48
38.9551 1 -21.71 5.67836 -218.727 -0.787067 0.509848 -0.300591 -0.173857 1 2.1 6 0.048 3 13 48
38.9718 1 -21.71 5.67836 -218.727 -0.786319 0.511 -0.300337 -0.174297 1 2.1 6 0.048 3 13 48
38.9884 1 -21.71 5.67836 -218.727 -0.785731 0.511904 -0.300136 -0.174642 1 2.1 6 0.048 3 13 48
39.0086 1 -21.71 5.67836 -218.727 -0.785307 0.512554 -0.299991 -0.17489 1 2.1 6 0.048 3 13 48
39.0253 1 -21.71 5.67836 -218.727 -0.784998 0.513028 -0.299886 -0.175071 1 2.1 6 0.048 3 13 48
39.0471 1 -21.71 5.67836 -218.727 -0.784785 0.513353 -0.299813 -0.175195 1 2.1 6 0.048 3 13 48
39.0662 1 -21.71 5.67836 -218.727 -0.784638 0.513578 -0.299763 -0.175282 1 2.1 6 0.048 3 13 48
39.0829 1 -21.71 5.67836 -218.727 -0.78453 0.513742 -0.299726 -0.175344 1 2.1 6 0.048 3 13 48
39.1049 1 -21.71 5.67836 -218.727 -0.784448 0.513868 -0.299698 -0.175392 1 2.1 6 0.048 3 13 48
39.1216 1 -21.71 5.67836 -218.727 -0.783786 0.514877 -0.299472 -0.175778 1 2.1 6 0.048 3 13 48
39.1427 1 -21.71 5.67836 -218.727 -0.783144 0.515853 -0.299253 -0.176151 1 2.1 6 0.048 3 13 48
39.1594 1 -21.71 5.67836 -218.727 -0.782643 0.516613 -0.299082 -0.176441 1 2.1 6 0.048 3 13 48
39.1807 1 -21.71 5.67836 -218.727 -0.782285 0.517155 -0.29896 -0.176648 1 2.1 6 0.048 3 13 48
39.2006 1 -21.71 5.67836 -218.727 -0.782039 0.517527 -0.298875 -0.17679 1 2.1 6 0.048 3 13 48
39.2172 1 -21.71 5.67836 -218.727 -0.78186 0.517797 -0.298814 -0.176894 1 2.1 6 0.048 3 13 48
39.2387 1 -21.71 5.67836 -218.727 -0.781737 0.517983 -0.298772 -0.176965 1 2.1 6 0.048 3 13 48
39.2554 1 -21.71 5.67836 -218.727 -0.781643 0.518125 -0.29874 -0.177019 1 2.1 6 0.048 3 13 48
39.2807 1 -21.71 5.67836 -218.727 -0.78073 0.519499 -0.298428 -0.177544 1 2.1 6 0.048 3 13 48
39.2974 1 -21.71 5.67836 -218.727 -0.779933 0.520695 -0.298156 -0.178001 1 2.1 6 0.048 3 13 48
39.3147 1 -21.71 5.67836 -218.727 -0.779311 0.521626 -0.297943 -0.178357 1 2.1 6 0.048 3 13 48
39.3344 1 -21.71 5.67836 -218.727 -0.778861 0.522297 -0.297789 -0.178614 1 2.1 6 0.048 3 13 48
39.351 1 -21.71 5.67836 -218.727 -0.778535 0.522783 -0.297678 -0.1788 1 2.1 6 0.048 3 13 48
39.3724 1 -21.71 5.67836 -218.727 -0.77831 0.523119 -0.297601 -0.178928 1 2.1 6 0.048 3 13 48
39.3891 1 -21.71 5.67836 -218.727 -0.778148 0.52336 -0.297545 -0.17902 1 2.1 6 0.048 3 13 48
39.4104 1 -21.71 5.67836 -218.727 -0.778035 0.523526 -0.297507 -0.179084 1 2.1 6 0.048 3 13 48
39.4294 1 -21.71 5.67836 -218.727 -0.777957 0.523642 -0.29748 -0.179128 1 2.1 6 0.048 3 13 48
39.4461 1 -21.71 5.67836 -218.727 -0.777895 0.523735 -0.297459 -0.179163 1 2.1 6 0.048 3 13 48
39.4721 1 -21.71 5.67836 -218.727 -0.776976 0.525098 -0.297144 -0.179685 1 2.1 6 0.048 3 13 48
39.4888 1 -21.71 5.67836 -218.727 -0.776174 0.526282 -0.29687 -0.180137 1 2.1 6 0.048 3 13 48
39.5066 1 -21.71 5.67836 -218.727 -0.775552 0.527198 -0.296657 -0.180488 1 2.1 6 0.048 3 13 48
39.5233 1 -21.71 5.67836 -218.727 -0.775096 0.527868 -0.296501 -0.180744 1 2.1 6 0.048 3 13 48
39.5446 1 -21.71 5.67836 -218.727 -0.774781 0.52833 -0.296393 -0.180921 1 2.1 6 0.048 3 13 48
39.5613 1 -21.71 5.67836 -218.727 -0.774555 0.528662 -0.296316 -0.181048 1 2.1 6 0.048 3 13 48
39.5824 1 -21.71 5.67836 -218.727 -0.774398 0.528893 -0.296262 -0.181136 1 2.1 6 0.048 3 13 48
39.6018 1 -21.71 5.67836 -218.727 -0.774281 0.529063 -0.296222 -0.181201 1 2.1 6 0.048 3 13 48
39.6217 1 -21.71 5.67836 -218.727 -0.773483 0.530229 -0.295949 -0.181647 1 2.1 6 0.048 3 13 48
39.6395 1 -21.71 5.67836 -218.727 -0.772749 0.531298 -0.295697 -0.182056 1 2.1 6 0.048 3 13 48
39.6588 1 -21.71 5.67836 -218.727 -0.772186 0.532116 -0.295504 -0.182369 1 2.1 6 0.048 3 13 48
39.6755 1 -21.71 5.67836 -218.727 -0.771767 0.532723 -0.295361 -0.182602 1 2.1 6 0.048 3 13 48
39.697 1 -21.71 5.67836 -218.727 -0.771478 0.533142 -0.295262 -0.182762 1 2.1 6 0.048 3 13 48
39.7136 1 -21.71 5.67836 -218.727 -0.77127 0.533443 -0.29519 -0.182877 1 2.1 6 0.048 3 13 48
39.7351 1 -21.71 5.67836 -218.727 -0.771127 0.53365 -0.295141 -0.182957 1 2.1 6 0.048 3 13 48
39.7521 1 -21.71 5.67836 -218.727 -0.771024 0.533798 -0.295106 -0.183013 1 2.1 6 0.048 3 13 48
39.7726 1 -21.71 5.67836 -218.727 -0.770944 0.533914 -0.295079 -0.183058 1 2.1 6 0.048 3 13 48
39.7965 1 -21.71 5.67836 -218.727 -0.770054 0.535197 -0.294773 -0.183549 1 2.1 6 0.048 3 13 48
39.8131 1 -21.71 5.67836 -218.727 -0.769263 0.536333 -0.294502 -0.183984 1 2.1 6 0.048 3 13 48
39.8301 1 -21.71 5.67836 -218.727 -0.768643 0.537221 -0.294289 -0.184324 1 2.1 6 0.048 3 13 48
39.8468 1 -21.71 5.67836 -218.727 -0.768178 0.537886 -0.29413 -0.184578 1 2.1 6 0.048 3 13 48
39.8686 1 -21.71 5.67836 -218.727 -0.767857 0.538344 -0.29402 -0.184753 1 2.1 6 0.048 3 13 48
39.8852 1 -21.71 5.67836 -218.727 -0.767628 0.538671 -0.293941 -0.184879 1 2.1 6 0.048 3 13 48
39.9062 1 -21.71 5.67836 -218.727 -0.767468 0.538899 -0.293886 -0.184966 1 2.1 6 0.048 3 13 48
39.9229 1 -21.71 5.67836 -218.727 -0.767347 0.53907 -0.293845 -0.185032 1 2.1 6 0.048 3 13 48
39.9531 1 -21.71 5.67836 -218.727 -0.76626 0.540615 -0.293471 -0.185623 1 2.1 6 0.048 3 13 48
39.9698 1 -21.71 5.67836 -218.727 -0.765351 0.541901 -0.293159 -0.186116 1 2.1 6 0.048 3 13 48
39.9864 1 -21.71 5.67836 -218.727 -0.764641 0.542902 -0.292915 -0.186499 1 2.1 6 0.048 3 13 48
40.0031 1 -21.71 5.67836 -218.727 -0.764109 0.543651 -0.292732 -0.186786 1 2.1 6 0.048 3 13 48
40.0198 1 -21.71 5.67836 -218.727 -0.763716 0.544202 -0.292598 -0.186998 1 2.1 6 0.048 3 13 48
40.0391 1 -21.71 5.67836 -218.727 -0.763438 0.544593 -0.292502 -0.187147 1 2.1 6 0.048 3 13 48
40.0558 1 -21.71 5.67836 -218.727 -0.763236 0.544877 -0.292432 -0.187256 1 2.1 6 0.048 3 13 48
40.0765 1 -21.71 5.67836 -218.727 -0.763095 0.545074 -0.292384 -0.187331 1 2.1 6 0.048 3 13 48
40.0961 1 -21.71 5.67836 -218.727 -0.762997 0.545211 -0.29235 -0.187384 1 2.1 6 0.048 3 13 48
40.1128 1 -21.71 5.67836 -218.727 -0.76292 0.545318 -0.292324 -0.187425 1 2.1 6 0.048 3 13 48
40.1383 1 -21.71 5.67836 -218.727 -0.76197 0.546645 -0.291997 -0.187933 1 2.1 6 0.048 3 13 48
40.1549 1 -21.71 5.67836 -218.727 -0.761139 0.547802 -0.291711 -0.188377 1 2.1 6 0.048 3 13 48
40.1716 1 -21.71 5.67836 -218.727 -0.760486 0.548707 -0.291487 -0.188724 1 2.1 6 0.048 3 13 48
40.1908 1 -21.71 5.67836 -218.727 -0.760022 0.549351 -0.291327 -0.18897 1 2.1 6 0.048 3 13 48
40.2075 1 -21.71 5.67836 -218.727 -0.759684 0.549818 -0.291211 -0.189149 1 2.1 6 0.048 3 13 48
40.2281 1 -21.71 5.67836 -218.727 -0.759448 0.550143 -0.29113 -0.189274 1 2.1 6 0.048 3 13 48
40.2476 1 -21.71 5.67836 -218.727 -0.759276 0.55038 -0.291071 -0.189365 1 2.1 6 0.048 3 13 48
40.2709 1 -21.71 5.67836 -218.727 -0.758315 0.551704 -0.29074 -0.189873 1 2.1 6 0.048 3 13 48
40.2875 1 -21.71 5.67836 -218.727 -0.757467 0.552868 -0.290448 -0.190319 1 2.1 6 0.048 3 13 48
40.3042 1 -21.71 5.67836 -218.727 -0.756802 0.553778 -0.290219 -0.190668 1 2.1 6 0.048 3 13 48
40.3231 1 -21.71 5.67836 -218.727 -0.756315 0.554443 -0.290051 -0.190923 1 2.1 6 0.048 3 13 48
40.3422 1 -21.71 5.67836 -218.727 -0.755969 0.554915 -0.289932 -0.191104 1 2.1 6 0.048 3 13 48
40.3588 1 -21.71 5.67836 -218.727 -0.755716 0.555258 -0.289845 -0.191236 1 2.1 6 0.048 3 13 48
40.3797 1 -21.71 5.67836 -218.727 -0.755541 0.555497 -0.289785 -0.191327 1 2.1 6 0.048 3 13 48
40.3964 1 -21.71 5.67836 -218.727 -0.755414 0.55567 -0.289741 -0.191393 1 2.1 6 0.048 3 13 48
40.4183 1 -21.71 5.67836 -218.727 -0.755317 0.555801 -0.289708 -0.191444 1 2.1 6 0.048 3 13 48
40.4358 1 -21.71 5.67836 -218.727 -0.754568 0.556818 -0.28945 -0.191834 1 2.1 6 0.048 3 13 48
40.4555 1 -21.71 5.67836 -218.727 -0.753853 0.557786 -0.289203 -0.192205 1 2.1 6 0.048 3 13 48
40.4722 1 -21.71 5.67836 -218.727 -0.753293 0.558541 -0.289011 -0.192495 1 2.1 6 0.048 3 13 48
40.493 1 -21.71 5.67836 -218.727 -0.752891 0.559083 -0.288872 -0.192703 1 2.1 6 0.048 3 13 48
40.5096 1 -21.71 5.67836 -218.727 -0.752599 0.559477 -0.288771 -0.192854 1 2.1 6 0.048 3 13 48
40.5306 1 -21.71 5.67836 -218.727 -0.752395 0.559751 -0.288701 -0.192959 1 2.1 6 0.048 3 13 48
40.5473 1 -21.71 5.67836 -218.727 -0.752248 0.559949 -0.28865 -0.193035 1 2.1 6 0.048 3 13 48
40.5688 1 -21.71 5.67836 -218.727 -0.752146 0.560085 -0.288615 -0.193087 1 2.1 6 0.048 3 13 48
40.5877 1 -21.71 5.67836 -218.727 -0.752075 0.56018 -0.288591 -0.193124 1 2.1 6 0.048 3 13 48
40.6044 1 -21.71 5.67836 -218.727 -0.752024 0.560249 -0.288573 -0.19315 1 2.1 6 0.048 3 13 48
40.6252 1 -21.71 5.67836 -218.727 -0.751988 0.560297 -0.288561 -0.193169 1 2.1 6 0.048 3 13 48
40.6419 1 -21.71 5.67836 -218.727 -0.751957 0.560339 -0.28855 -0.193185 1 2.1 6 0.048 3 13 48
40.6668 1 -21.71 5.67836 -218.727 -0.751027 0.561584 -0.288229 -0.193663 1 2.1 6 0.048 3 13 48
40.6835 1 -21.71 5.67836 -218.727 -0.750205 0.562683 -0.287946 -0.194084 1 2.1 6 0.048 3 13 48
40.7009 1 -21.71 5.67836 -218.727 -0.749563 0.563538 -0.287724 -0.194412 1 2.1 6 0.048 3 13 48
40.7176 1 -21.71 5.67836 -218.727 -0.749081 0.564178 -0.287558 -0.194658 1 2.1 6 0.048 3 13 48
40.7393 1 -21.71 5.67836 -218.727 -0.748746 0.564622 -0.287443 -0.194829 1 2.1 6 0.048 3 13 48
40.7595 1 -21.71 5.67836 -218.727 -0.748517 0.564925 -0.287364 -0.194945 1 2.1 6 0.048 3 13 48
40.7762 1 -21.71 5.67836 -218.727 -0.748352 0.565145 -0.287306 -0.195029 1 2.1 6 0.048 3 13 48
40.7987 1 -21.71 5.67836 -218.727 -0.748239 0.565294 -0.287268 -0.195086 1 2.1 6 0.048 3 13 48
40.8154 1 -21.71 5.67836 -218.727 -0.748153 0.565408 -0.287238 -0.19513 1 2.1 6 0.048 3 13 48
40.8424 1 -21.71 5.67836 -218.727 -0.747122 0.56677 -0.286882 -0.195653 1 2.1 6 0.048 3 13 48
40.8591 1 -21.71 5.67836 -218.727 -0.746233 0.567939 -0.286575 -0.196102 1 2.1 6 0.048 3 13 48
40.878 1 -21.71 5.67836 -218.727 -0.745552 0.568834 -0.28634 -0.196446 1 2.1 6 0.048 3 13 48
40.8981 1 -21.71 5.67836 -218.727 -0.745066 0.56947 -0.286172 -0.19669 1 2.1 6 0.048 3 13 48
40.9148 1 -21.71 5.67836 -218.727 -0.744714 0.56993 -0.28605 -0.196867 1 2.1 6 0.048 3 13 48
40.9375 1 -21.71 5.67836 -218.727 -0.744475 0.570242 -0.285968 -0.196987 1 2.1 6 0.048 3 13 48
40.9542 1 -21.71 5.67836 -218.727 -0.744305 0.570464 -0.285909 -0.197072 1 2.1 6 0.048 3 13 48
40.9766 1 -21.71 5.67836 -218.727 -0.744178 0.570629 -0.285865 -0.197135 1 2.1 6 0.048 3 13 48
41.0005 1 -21.71 5.67836 -218.727 -0.743199 0.571904 -0.285527 -0.197625 1 2.1 6 0.048 3 13 48
41.0171 1 -21.71 5.67836 -218.727 -0.742335 0.573026 -0.285228 -0.198056 1 2.1 6 0.048 3 13 48
41.0371 1 -21.71 5.67836 -218.727 -0.741677 0.573877 -0.285001 -0.198383 1 2.1 6 0.048 3 13 48
41.0538 1 -21.71 5.67836 -218.727 -0.74119 0.574505 -0.284833 -0.198625 1 2.1 6 0.048 3 13 48
41.0766 1 -21.71 5.67836 -218.727 -0.74086 0.574931 -0.284718 -0.198788 1 2.1 6 0.048 3 13 48
41.0932 1 -21.71 5.67836 -218.727 -0.740624 0.575235 -0.284637 -0.198905 1 2.1 6 0.048 3 13 48
41.1157 1 -21.71 5.67836 -218.727 -0.740463 0.575442 -0.284581 -0.198985 1 2.1 6 0.048 3 13 48
41.1355 1 -21.71 5.67836 -218.727 -0.740353 0.575584 -0.284543 -0.199039 1 2.1 6 0.048 3 13 48
41.1522 1 -21.71 5.67836 -218.727 -0.740267 0.575694 -0.284514 -0.199081 1 2.1 6 0.048 3 13 48
41.1793 1 -21.71 5.67836 -218.727 -0.739214 0.577046 -0.284149 -0.199601 1 2.1 6 0.048 3 13 48
41.196 1 -21.71 5.67836 -218.727 -0.738307 0.578206 -0.283836 -0.200047 1 2.1 6 0.048 3 13 48
41.2149 1 -21.71 5.67836 -218.727 -0.737611 0.579093 -0.283595 -0.200388 1 2.1 6 0.048 3 13 48
41.2315 1 -21.71 5.67836 -218.727 -0.737094 0.579751 -0.283416 -0.200641 1 2.1 6 0.048 3 13 48
41.2541 1 -21.71 5.67836 -218.727 -0.736742 0.580198 -0.283294 -0.200813 1 2.1 6 0.048 3 13 48
41.2708 1 -21.71 5.67836 -218.727 -0.736491 0.580517 -0.283207 -0.200936 1 2.1 6 0.048 3 13 48
41.2931 1 -21.71 5.67836 -218.727 -0.736319 0.580735 -0.283148 -0.201019 1 2.1 6 0.048 3 13 48
41.313 1 -21.71 5.67836 -218.727 -0.736193 0.580894 -0.283104 -0.201081 1 2.1 6 0.048 3 13 48
41.332 1 -21.71 5.67836 -218.727 -0.735347 0.581965 -0.282811 -0.201492 1 2.1 6 0.048 3 13 48
41.3528 1 -21.71 5.67836 -218.727 -0.73456 0.582958 -0.282539 -0.201875 1 2.1 6 0.048 3 13 48
41.3694 1 -21.71 5.67836 -218.727 -0.733949 0.583728 -0.282327 -0.20217 1 2.1 6 0.048 3 13 48
41.3919 1 -21.71 5.67836 -218.727 -0.733519 0.584268 -0.282178 -0.202378 1 2.1 6 0.048 3 13 48
41.4086 1 -21.71 5.67836 -218.727 -0.733209 0.584657 -0.282071 -0.202528 1 2.1 6 0.048 3 13 48
41.4314 1 -21.71 5.67836 -218.727 -0.732998 0.584921 -0.281998 -0.202629 1 2.1 6 0.048 3 13 48
41.4511 1 -21.71 5.67836 -218.727 -0.732855 0.585101 -0.281948 -0.202699 1 2.1 6 0.048 3 13 48
41.4678 1 -21.71 5.67836 -218.727 -0.73275 0.585232 -0.281912 -0.202749 1 2.1 6 0.048 3 13 48
41.4909 1 -21.71 5.67836 -218.727 -0.732668 0.585334 -0.281883 -0.202788 1 2.1 6 0.048 3 13 48
41.5075 1 -21.71 5.67836 -218.727 -0.731923 0.586266 -0.281625 -0.203147 1 2.1 6 0.048 3 13 48
41.5299 1 -21.71 5.67836 -218.727 -0.731196 0.587172 -0.281373 -0.203496 1 2.1 6 0.048 3 13 48
41.5465 1 -21.71 5.67836 -218.727 -0.730633 0.587873 -0.281178 -0.203765 1 2.1 6 0.048 3 13 48
41.5691 1 -21.71 5.67836 -218.727 -0.730236 0.588366 -0.28104 -0.203955 1 2.1 6 0.048 3 13 48
41.5893 1 -21.71 5.67836 -218.727 -0.729965 0.588702 -0.280946 -0.204084 1 2.1 6 0.048 3 13 48
41.6059 1 -21.71 5.67836 -218.727 -0.729769 0.588945 -0.280879 -0.204178 1 2.1 6 0.048 3 13 48
41.6286 1 -21.71 5.67836 -218.727 -0.729636 0.589109 -0.280832 -0.204241 1 2.1 6 0.048 3 13 48
41.6453 1 -21.71 5.67836 -218.727 -0.729541 0.589227 -0.2808 -0.204287 1 2.1 6 0.048 3 13 48
41.6675 1 -21.71 5.67836 -218.727 -0.729466 0.58932 -0.280773 -0.204322 1 2.1 6 0.048 3 13 48
41.6842 1 -21.71 5.67836 -218.727 -0.728721 0.590241 -0.280515 -0.204677 1 2.1 6 0.048 3 13 48
41.7066 1 -21.71 5.67836 -218.727 -0.727993 0.591139 -0.280263 -0.205023 1 2.1 6 0.048 3 13 48
41.7264 1 -21.71 5.67836 -218.727 -0.727443 0.591815 -0.280072 -0.205283 1 2.1 6 0.048 3 13 48
41.7431 1 -21.71 5.67836 -218.727 -0.727034 0.592318 -0.27993 -0.205476 1 2.1 6 0.048 3 13 48
41.7663 1 -21.71 5.67836 -218.727 -0.726758 0.592656 -0.279834 -0.205607 1 2.1 6 0.048 3 13 48
41.7829 1 -21.71 5.67836 -218.727 -0.726561 0.592897 -0.279766 -0.2057 1 2.1 6 0.048 3 13 48
41.8052 1 -21.71 5.67836 -218.727 -0.726427 0.593062 -0.27972 -0.205763 1 2.1 6 0.048 3 13 48
41.8219 1 -21.71 5.67836 -218.727 -0.726325 0.593187 -0.279684 -0.205811 1 2.1 6 0.048 3 13 48
41.8482 1 -21.71 5.67836 -218.727 -0.725254 0.594496 -0.279313 -0.206315 1 2.1 6 0.048 3 13 48
41.8649 1 -21.71 5.67836 -218.727 -0.724327 0.595625 -0.278991 -0.20675 1 2.1 6 0.048 3 13 48
41.8815 1 -21.71 5.67836 -218.727 -0.723601 0.596507 -0.278739 -0.20709 1 2.1 6 0.048 3 13 48
41.9035 1 -21.71 5.67836 -218.727 -0.723089 0.597127 -0.278561 -0.207329 1 2.1 6 0.048 3 13 48
41.9202 1 -21.71 5.67836 -218.727 -0.72272 0.597574 -0.278433 -0.207501 1 2.1 6 0.048 3 13 48
41.943 1 -21.71 5.67836 -218.727 -0.722469 0.597878 -0.278346 -0.207618 1 2.1 6 0.048 3 13 48
41.9596 1 -21.71 5.67836 -218.727 -0.72229 0.598094 -0.278283 -0.207701 1 2.1 6 0.048 3 13 48
41.9815 1 -21.71 5.67836 -218.727 -0.722167 0.598242 -0.278241 -0.207758 1 2.1 6 0.048 3 13 48
42.0017 1 -21.71 5.67836 -218.727 -0.722074 0.598354 -0.278209 -0.207801 1 2.1 6 0.048 3 13 48
42.0207 1 -21.71 5.67836 -218.727 -0.721227 0.599375 -0.277914 -0.208195 1 2.1 6 0.048 3 13 48
42.0411 1 -21.71 5.67836 -218.727 -0.720433 0.600329 -0.277638 -0.208562 1 2.1 6 0.048 3 13 48
42.0578 1 -21.71 5.67836 -218.727 -0.719815 0.60107 -0.277424 -0.208848 1 2.1 6 0.048 3 13 48
42.0801 1 -21.71 5.67836 -218.727 -0.719379 0.601592 -0.277272 -0.209049 1 2.1 6 0.048 3 13 48
42.0967 1 -21.71 5.67836 -218.727 -0.719064 0.601968 -0.277163 -0.209194 1 2.1 6 0.048 3 13 48
42.1195 1 -21.71 5.67836 -218.727 -0.718851 0.602223 -0.277089 -0.209292 1 2.1 6 0.048 3 13 48
42.1392 1 -21.71 5.67836 -218.727 -0.718704 0.602398 -0.277038 -0.20936 1 2.1 6 0.048 3 13 48
42.1559 1 -21.71 5.67836 -218.727 -0.718592 0.602532 -0.276999 -0.209411 1 2.1 6 0.048 3 13 48
42.1825 1 -21.71 5.67836 -218.727 -0.717491 0.603843 -0.276616 -0.209917 1 2.1 6 0.048 3 13 48
42.1992 1 -21.71 5.67836 -218.727 -0.716541 0.60497 -0.276286 -0.210351 1 2.1 6 0.048 3 13 48
42.2177 1 -21.71 5.67836 -218.727 -0.71581 0.605834 -0.276032 -0.210685 1 2.1 6 0.048 3 13 48
42.2344 1 -21.71 5.67836 -218.727 -0.715266 0.606476 -0.275842 -0.210932 1 2.1 6 0.048 3 13 48
42.2572 1 -21.71 5.67836 -218.727 -0.714897 0.606911 -0.275714 -0.2111 1 2.1 6 0.048 3 13 48
42.2766 1 -21.71 5.67836 -218.727 -0.714643 0.60721 -0.275626 -0.211215 1 2.1 6 0.048 3 13 48
42.2933 1 -21.71 5.67836 -218.727 -0.714459 0.607427 -0.275562 -0.211299 1 2.1 6 0.048 3 13 48
42.316 1 -21.71 5.67836 -218.727 -0.714334 0.607574 -0.275518 -0.211356 1 2.1 6 0.048 3 13 48
42.3327 1 -21.71 5.67836 -218.727 -0.714238 0.607686 -0.275485 -0.211399 1 2.1 6 0.048 3 13 48
42.3594 1 -21.71 5.67836 -218.727 -0.713137 0.608978 -0.275102 -0.211897 1 2.1 6 0.048 3 13 48
42.376 1 -21.71 5.67836 -218.727 -0.712186 0.61009 -0.274771 -0.212326 1 2.1 6 0.048 3 13 48
42.3941 1 -21.71 5.67836 -218.727 -0.711451 0.610947 -0.274515 -0.212657 1 2.1 6 0.048 3 13 48
42.414 1 -21.71 5.67836 -218.727 -0.710923 0.611561 -0.274331 -0.212894 1 2.1 6 0.048 3 13 48
42.4306 1 -21.71 5.67836 -218.727 -0.710541 0.612005 -0.274198 -0.213065 1 2.1 6 0.048 3 13 48
42.4537 1 -21.71 5.67836 -218.727 -0.710282 0.612305 -0.274108 -0.213181 1 2.1 6 0.048 3 13 48
42.4704 1 -21.71 5.67836 -218.727 -0.710098 0.612519 -0.274044 -0.213263 1 2.1 6 0.048 3 13 48
42.4926 1 -21.71 5.67836 -218.727 -0.709973 0.612665 -0.274 -0.21332 1 2.1 6 0.048 3 13 48
42.5093 1 -21.71 5.67836 -218.727 -0.709876 0.612776 -0.273967 -0.213363 1 2.1 6 0.048 3 13 48
42.5357 1 -21.71 5.67836 -218.727 -0.708775 0.61405 -0.273583 -0.213854 1 2.1 6 0.048 3 13 48
42.5523 1 -21.71 5.67836 -218.727 -0.707821 0.615149 -0.273251 -0.214279 1 2.1 6 0.048 3 13 48
42.569 1 -21.71 5.67836 -218.727 -0.707073 0.616008 -0.272991 -0.21461 1 2.1 6 0.048 3 13 48
42.5911 1 -21.71 5.67836 -218.727 -0.706547 0.616611 -0.272807 -0.214843 1 2.1 6 0.048 3 13 48
42.6078 1 -21.71 5.67836 -218.727 -0.706168 0.617046 -0.272675 -0.215011 1 2.1 6 0.048 3 13 48
42.6305 1 -21.71 5.67836 -218.727 -0.70591 0.617341 -0.272585 -0.215125 1 2.1 6 0.048 3 13 48
42.6472 1 -21.71 5.67836 -218.727 -0.705726 0.617551 -0.272521 -0.215206 1 2.1 6 0.048 3 13 48
42.6693 1 -21.71 5.67836 -218.727 -0.705601 0.617695 -0.272477 -0.215261 1 2.1 6 0.048 3 13 48
42.6891 1 -21.71 5.67836 -218.727 -0.705505 0.617803 -0.272444 -0.215303 1 2.1 6 0.048 3 13 48
42.7085 1 -21.71 5.67836 -218.727 -0.70462 0.618813 -0.272136 -0.215693 1 2.1 6 0.048 3 13 48
42.7288 1 -21.71 5.67836 -218.727 -0.703795 0.619752 -0.271848 -0.216056 1 2.1 6 0.048 3 13 48
42.7454 1 -21.71 5.67836 -218.727 -0.703152 0.620481 -0.271624 -0.216337 1 2.1 6 0.048 3 13 48
42.7679 1 -21.71 5.67836 -218.727 -0.702699 0.620993 -0.271466 -0.216535 1 2.1 6 0.048 3 13 48
42.7845 1 -21.71 5.67836 -218.727 -0.702373 0.621362 -0.271352 -0.216678 1 2.1 6 0.048 3 13 48
42.806 1 -21.71 5.67836 -218.727 -0.702148 0.621617 -0.271274 -0.216776 1 2.1 6 0.048 3 13 48
42.8248 1 -21.71 5.67836 -218.727 -0.701991 0.621794 -0.271219 -0.216845 1 2.1 6 0.048 3 13 48
42.8414 1 -21.71 5.67836 -218.727 -0.70187 0.621931 -0.271177 -0.216898 1 2.1 6 0.048 3 13 48
42.8662 1 -21.71 5.67836 -218.727 -0.700786 0.623151 -0.270799 -0.217369 1 2.1 6 0.048 3 13 48
42.8829 1 -21.71 5.67836 -218.727 -0.699837 0.624217 -0.270468 -0.217781 1 2.1 6 0.048 3 13 48
42.8996 1 -21.71 5.67836 -218.727 -0.699092 0.625052 -0.270208 -0.218104 1 2.1 6 0.048 3 13 48
42.9162 1 -21.71 5.67836 -218.727 -0.698532 0.625677 -0.270012 -0.218345 1 2.1 6 0.048 3 13 48
42.9369 1 -21.71 5.67836 -218.727 -0.698138 0.626117 -0.269875 -0.218516 1 2.1 6 0.048 3 13 48
42.9561 1 -21.71 5.67836 -218.727 -0.697863 0.626423 -0.269779 -0.218634 1 2.1 6 0.048 3 13 48
42.9728 1 -21.71 5.67836 -218.727 -0.697663 0.626646 -0.269709 -0.21872 1 2.1 6 0.048 3 13 48
42.9935 1 -21.71 5.67836 -218.727 -0.697524 0.6268 -0.269661 -0.21878 1 2.1 6 0.048 3 13 48
43.0102 1 -21.71 5.67836 -218.727 -0.697418 0.626919 -0.269623 -0.218826 1 2.1 6 0.048 3 13 48
43.0346 1 -21.71 5.67836 -218.727 -0.696348 0.628107 -0.26925 -0.219285 1 2.1 6 0.048 3 13 48
43.0512 1 -21.71 5.67836 -218.727 -0.695404 0.629152 -0.268921 -0.219689 1 2.1 6 0.048 3 13 48
43.0679 1 -21.71 5.67836 -218.727 -0.694664 0.629969 -0.268662 -0.220005 1 2.1 6 0.048 3 13 48
43.0864 1 -21.71 5.67836 -218.727 -0.694119 0.630569 -0.268472 -0.220237 1 2.1 6 0.048 3 13 48
43.1056 1 -21.71 5.67836 -218.727 -0.693732 0.630995 -0.268336 -0.220402 1 2.1 6 0.048 3 13 48
43.1248 1 -21.71 5.67836 -218.727 -0.69346 0.631294 -0.268241 -0.220518 1 2.1 6 0.048 3 13 48
43.1415 1 -21.71 5.67836 -218.727 -0.693262 0.631512 -0.268172 -0.220602 1 2.1 6 0.048 3 13 48
43.1619 1 -21.71 5.67836 -218.727 -0.693124 0.631663 -0.268124 -0.22066 1 2.1 6 0.048 3 13 48
43.1806 1 -21.71 5.67836 -218.727 -0.693027 0.63177 -0.26809 -0.220701 1 2.1 6 0.048 3 13 48
43.1973 1 -21.71 5.67836 -218.727 -0.692949 0.631855 -0.268063 -0.220734 1 2.1 6 0.048 3 13 48
43.2219 1 -21.71 5.67836 -218.727 -0.691883 0.633022 -0.26769 -0.221186 1 2.1 6 0.048 3 13 48
43.2386 1 -21.71 5.67836 -218.727 -0.690942 0.634049 -0.267362 -0.221583 1 2.1 6 0.048 3 13 48
43.2553 1 -21.71 5.67836 -218.727 -0.690203 0.634854 -0.267103 -0.221895 1 2.1 6 0.048 3 13 48
43.2739 1 -21.71 5.67836 -218.727 -0.68966 0.635444 -0.266913 -0.222123 1 2.1 6 0.048 3 13 48
43.2934 1 -21.71 5.67836 -218.727 -0.689279 0.635857 -0.26678 -0.222283 1 2.1 6 0.048 3 13 48
43.3101 1 -21.71 5.67836 -218.727 -0.689002 0.636157 -0.266684 -0.222399 1 2.1 6 0.048 3 13 48
43.3302 1 -21.71 5.67836 -218.727 -0.688808 0.636367 -0.266616 -0.22248 1 2.1 6 0.048 3 13 48
43.3469 1 -21.71 5.67836 -218.727 -0.688667 0.636519 -0.266567 -0.222539 1 2.1 6 0.048 3 13 48
43.3671 1 -21.71 5.67836 -218.727 -0.688559 0.636636 -0.266529 -0.222584 1 2.1 6 0.048 3 13 48
43.3902 1 -21.71 5.67836 -218.727 -0.687515 0.637764 -0.266163 -0.223021 1 2.1 6 0.048 3 13 48
43.4069 1 -21.71 5.67836 -218.727 -0.686582 0.638768 -0.265837 -0.22341 1 2.1 6 0.048 3 13 48
43.4235 1 -21.71 5.67836 -218.727 -0.685848 0.639555 -0.265581 -0.223715 1 2.1 6 0.048 3 13 48
43.4402 1 -21.71 5.67836 -218.727 -0.685296 0.640147 -0.265388 -0.223944 1 2.1 6 0.048 3 13 48
43.4606 1 -21.71 5.67836 -218.727 -0.684906 0.640564 -0.265251 -0.224105 1 2.1 6 0.048 3 13 48
43.4772 1 -21.71 5.67836 -218.727 -0.684625 0.640865 -0.265153 -0.224222 1 2.1 6 0.048 3 13 48
43.4977 1 -21.71 5.67836 -218.727 -0.684427 0.641076 -0.265084 -0.224303 1 2.1 6 0.048 3 13 48
43.5167 1 -21.71 5.67836 -218.727 -0.68429 0.641223 -0.265035 -0.22436 1 2.1 6 0.048 3 13 48
43.5333 1 -21.71 5.67836 -218.727 -0.684189 0.64133 -0.265 -0.224402 1 2.1 6 0.048 3 13 48
43.5537 1 -21.71 5.67836 -218.727 -0.684109 0.641415 -0.264972 -0.224435 1 2.1 6 0.048 3 13 48
43.5817 1 -21.71 5.67836 -218.727 -0.68292 0.642681 -0.264556 -0.224925 1 2.1 6 0.048 3 13 48
43.5983 1 -21.71 5.67836 -218.727 -0.681903 0.643761 -0.2642 -0.225344 1 2.1 6 0.048 3 13 48
43.615 1 -21.71 5.67836 -218.727 -0.681106 0.644603 -0.263921 -0.22567 1 2.1 6 0.048 3 13 48
43.6317 1 -21.71 5.67836 -218.727 -0.680508 0.645235 -0.263712 -0.225915 1 2.1 6 0.048 3 13 48
43.6483 1 -21.71 5.67836 -218.727 -0.680067 0.645699 -0.263558 -0.226095 1 2.1 6 0.048 3 13 48
43.6654 1 -21.71 5.67836 -218.727 -0.679745 0.646039 -0.263445 -0.226226 1 2.1 6 0.048 3 13 48
43.6847 1 -21.71 5.67836 -218.727 -0.679516 0.646279 -0.263365 -0.226319 1 2.1 6 0.048 3 13 48
43.7013 1 -21.71 5.67836 -218.727 -0.67935 0.646454 -0.263306 -0.226387 1 2.1 6 0.048 3 13 48
43.7218 1 -21.71 5.67836 -218.727 -0.679224 0.646586 -0.263262 -0.226439 1 2.1 6 0.048 3 13 48
43.7447 1 -21.71 5.67836 -218.727 -0.678157 0.647706 -0.262888 -0.226872 1 2.1 6 0.048 3 13 48
43.7613 1 -21.71 5.67836 -218.727 -0.677205 0.648701 -0.262555 -0.227258 1 2.1 6 0.048 3 13 48
43.778 1 -21.71 5.67836 -218.727 -0.676456 0.649482 -0.262293 -0.227561 1 2.1 6 0.048 3 13 48
43.7947 1 -21.71 5.67836 -218.727 -0.675893 0.650068 -0.262095 -0.227788 1 2.1 6 0.048 3 13 48
43.8149 1 -21.71 5.67836 -218.727 -0.675494 0.650482 -0.261955 -0.227949 1 2.1 6 0.048 3 13 48
43.8335 1 -21.71 5.67836 -218.727 -0.675213 0.650774 -0.261857 -0.228062 1 2.1 6 0.048 3 13 48
43.8524 1 -21.71 5.67836 -218.727 -0.675014 0.65098 -0.261787 -0.228142 1 2.1 6 0.048 3 13 48
43.8713 1 -21.71 5.67836 -218.727 -0.674874 0.651125 -0.261738 -0.228198 1 2.1 6 0.048 3 13 48
43.888 1 -21.71 5.67836 -218.727 -0.674772 0.651231 -0.261702 -0.228239 1 2.1 6 0.048 3 13 48
43.9083 1 -21.71 5.67836 -218.727 -0.6747 0.651305 -0.261677 -0.228268 1 2.1 6 0.048 3 13 48
43.925 1 -21.71 5.67836 -218.727 -0.674649 0.651359 -0.261659 -0.228289 1 2.1 6 0.048 3 13 48
43.9453 1 -21.71 5.67836 -218.727 -0.674613 0.651396 -0.261647 -0.228303 1 2.1 6 0.048 3 13 48
43.9639 1 -21.71 5.67836 -218.727 -0.674587 0.651422 -0.261638 -0.228314 1 2.1 6 0.048 3 13 48
43.9806 1 -21.71 5.67836 -218.727 -0.674569 0.651442 -0.261631 -0.228321 1 2.1 6 0.048 3 13 48
44.0013 1 -21.71 5.67836 -218.727 -0.674556 0.651455 -0.261627 -0.228326 1 2.1 6 0.048 3 13 48
44.018 1 -21.71 5.67836 -218.727 -0.674546 0.651465 -0.261623 -0.22833 1 2.1 6 0.048 3 13 48
44.039 1 -21.71 5.67836 -218.727 -0.67454 0.651471 -0.261621 -0.228333 1 2.1 6 0.048 3 13 48
44.0556 1 -21.71 5.67836 -218.727 -0.674535 0.651476 -0.261619 -0.228334 1 2.1 6 0.048 3 13 48
44.0759 1 -21.71 5.67836 -218.727 -0.674532 0.65148 -0.261618 -0.228336 1 2.1 6 0.048 3 13 48
44.0926 1 -21.71 5.67836 -218.727 -0.67453 0.651482 -0.261618 -0.228337 1 2.1 6 0.048 3 13 48
44.113 1 -21.71 5.67836 -218.727 -0.674518 0.651494 -0.261613 -0.228341 1 2.1 6 0.048 3 13 48
44.1364 1 -21.71 5.67836 -218.727 -0.673504 0.652543 -0.261258 -0.228748 1 2.1 6 0.048 3 13 48
44.1531 1 -21.71 5.67836 -218.727 -0.672589 0.653485 -0.260937 -0.229114 1 2.1 6 0.048 3 13 48
44.1698 1 -21.71 5.67836 -218.727 -0.671868 0.654226 -0.260685 -0.229401 1 2.1 6 0.048 3 13 48
44.1864 1 -21.71 5.67836 -218.727 -0.671326 0.654783 -0.260494 -0.229617 1 2.1 6 0.048 3 13 48
44.2068 1 -21.71 5.67836 -218.727 -0.670942 0.655176 -0.26036 -0.22977 1 2.1 6 0.048 3 13 48
44.2256 1 -21.71 5.67836 -218.727 -0.670673 0.655452 -0.260265 -0.229877 1 2.1 6 0.048 3 13 48
44.2422 1 -21.71 5.67836 -218.727 -0.670476 0.655653 -0.260196 -0.229955 1 2.1 6 0.048 3 13 48
44.2629 1 -21.71 5.67836 -218.727 -0.67034 0.655793 -0.260148 -0.230009 1 2.1 6 0.048 3 13 48
44.2813 1 -21.71 5.67836 -218.727 -0.670243 0.655891 -0.260115 -0.230047 1 2.1 6 0.048 3 13 48
44.3005 1 -21.71 5.67836 -218.727 -0.670175 0.655961 -0.260091 -0.230074 1 2.1 6 0.048 3 13 48
44.3172 1 -21.71 5.67836 -218.727 -0.670126 0.656011 -0.260073 -0.230094 1 2.1 6 0.048 3 13 48
44.3375 1 -21.71 5.67836 -218.727 -0.670091 0.656046 -0.260061 -0.230108 1 2.1 6 0.048 3 13 48
44.3542 1 -21.71 5.67836 -218.727 -0.670066 0.656072 -0.260053 -0.230117 1 2.1 6 0.048 3 13 48
44.3747 1 -21.71 5.67836 -218.727 -0.670049 0.65609 -0.260046 -0.230124 1 2.1 6 0.048 3 13 48
44.3938 1 -21.71 5.67836 -218.727 -0.670037 0.656102 -0.260042 -0.230129 1 2.1 6 0.048 3 13 48
44.4104 1 -21.71 5.67836 -218.727 -0.670028 0.656111 -0.260039 -0.230133 1 2.1 6 0.048 3 13 48
44.4313 1 -21.71 5.67836 -218.727 -0.670022 0.656117 -0.260037 -0.230135 1 2.1 6 0.048 3 13 48
44.448 1 -21.71 5.67836 -218.727 -0.670017 0.656122 -0.260035 -0.230137 1 2.1 6 0.048 3 13 48
44.4684 1 -21.71 5.67836 -218.727 -0.670014 0.656125 -0.260034 -0.230138 1 2.1 6 0.048 3 13 48
44.487 1 -21.71 5.67836 -218.727 -0.670012 0.656127 -0.260033 -0.230139 1 2.1 6 0.048 3 13 48
44.5037 1 -21.71 5.67836 -218.727 -0.67001 0.656129 -0.260033 -0.23014 1 2.1 6 0.048 3 13 48
44.5243 1 -21.71 5.67836 -218.727 -0.670009 0.65613 -0.260033 -0.23014 1 2.1 6 0.048 3 13 48
44.5409 1 -21.71 5.67836 -218.727 -0.670008 0.656131 -0.260032 -0.23014 1 2.1 6 0.048 3 13 48
44.5616 1 -21.71 5.67836 -218.727 -0.670008 0.656131 -0.260032 -0.230141 1 2.1 6 0.048 3 13 48
44.5783 1 -21.71 5.67836 -218.727 -0.670007 0.656132 -0.260032 -0.230141 1 2.1 6 0.048 3 13 48
44.5991 1 -21.71 5.67836 -218.727 -0.670007 0.656132 -0.260032 -0.230141 1 2.1 6 0.048 3 13 48
44.6158 1 -21.71 5.67836 -218.727 -0.670007 0.656132 -0.260032 -0.230141 1 2.1 6 0.048 3 13 48
44.6364 1 -21.71 5.67836 -218.727 -0.670007 0.656133 -0.260032 -0.230141 1 2.1 6 0.048 3 13 48
44.6531 1 -21.71 5.67836 -218.727 -0.670007 0.656133 -0.260032 -0.230141 1 2.1 6 0.048 3 13 48
44.6733 1 -21.71 5.67836 -218.727 -0.670007 0.656133 -0.260032 -0.230141 1 2.1 6 0.048 3 13 48
44.6923 1 -21.71 5.67836 -218.727 -0.670007 0.656133 -0.260032 -0.230141 1 2.1 6 0.048 3 13 48
44.709 1 -21.71 5.67836 -218.727 -0.670006 0.656133 -0.260032 -0.230141 1 2.1 6 0.048 3 13 48
44.7299 1 -21.71 5.67836 -218.727 -0.670006 0.656133 -0.260032 -0.230141 1 2.1 6 0.048 3 13 48
44.7466 1 -21.71 5.67836 -218.727 -0.670006 0.656133 -0.260032 -0.230141 1 2.1 6 0.048 3 13 48
44.767 1 -21.71 5.67836 -218.727 -0.670006 0.656133 -0.260032 -0.230141 1 2.1 6 0.048 3 13 48
44.7837 1 -21.71 5.67836 -218.727 -0.670006 0.656133 -0.260032 -0.230141 1 2.1 6 0.048 3 13 48
44.8041 1 -21.71 5.67836 -218.727 -0.670006 0.656133 -0.260032 -0.230141 1 2.1 6 0.048 3 13 48
44.8231 1 -21.71 5.67836 -218.727 -0.670006 0.656133 -0.260032 -0.230141 1 2.1 6 0.048 3 13 48
44.8398 1 -21.71 5.67836 -218.727 -0.670006 0.656133 -0.260032 -0.230141 1 2.1 6 0.048 3 13 48
44.8608 1 -21.71 5.67836 -218.727 -0.670006 0.656133 -0.260032 -0.230141 1 2.1 6 0.048 3 13 48
44.8774 1 -21.71 5.67836 -218.727 -0.670006 0.656133 -0.260032 -0.230141 1 2.1 6 0.048 3 13 48
44.8978 1 -21.71 5.67836 -218.727 -0.670006 0.656133 -0.260032 -0.230141 1 2.1 6 0.048 3 13 48
44.9145 1 -21.71 5.67836 -218.727 -0.670006 0.656133 -0.260032 -0.230141 1 2.1 6 0.048 3 13 48
44.935 1 -21.71 5.67836 -218.727 -0.670006 0.656133 -0.260032 -0.230141 1 2.1 6 0.048 3 13 48
44.9536 1 -21.71 5.67836 -218.727 -0.670006 0.656133 -0.260032 -0.230141 1 2.1 6 0.048 3 13 48
44.9727 1 -21.71 5.67836 -218.727 -0.670006 0.656133 -0.260032 -0.230141 1 2.1 6 0.048 3 13 48
44.9919 1 -21.71 5.67836 -218.727 -0.670006 0.656133 -0.260032 -0.230141 1 2.1 6 0.048 3 13 48
45.0086 1 -21.71 5.67836 -218.727 -0.670006 0.656133 -0.260032 -0.230141 1 2.1 6 0.048 3 13 48
45.0291 1 -21.71 5.67836 -218.727 -0.670006 0.656133 -0.260032 -0.230141 1 2.1 6 0.048 3 13 48
45.0458 1 -21.71 5.67836 -218.727 -0.670006 0.656133 -0.260032 -0.230141 1 2.1 6 0.048 3 13 48
45.0663 1 -21.71 5.6788 -218.727 -0.670006 0.656133 -0.260032 -0.230141 1 2.1 6 0.048 3 13 48
45.0891 1 -21.709 5.69963 -218.727 -0.670006 0.656133 -0.260032 -0.230141 1 2.1 6 0.048 3 13 48
45.1058 1 -21.7082 5.71261 -218.727 -0.670006 0.656133 -0.260032 -0.230141 1 2.1 6 0.048 3 13 48
45.1227 1 -21.7075 5.72392 -218.727 -0.670006 0.656133 -0.260032 -0.230141 1 2.1 6 0.048 3 13 48
45.1393 1 -21.7069 5.73385 -218.727 -0.670006 0.656133 -0.260032 -0.230141 1 2.1 6 0.048 3 13 48
45.1604 1 -21.7062 5.74355 -218.727 -0.670006 0.656133 -0.260032 -0.230141 1 2.1 6 0.048 3 13 48
45.177 1 -21.7055 5.75173 -218.727 -0.670006 0.656133 -0.260032 -0.230141 1 2.1 6 0.048 3 13 48
45.1974 1 -21.7049 5.75968 -218.727 -0.670006 0.656133 -0.260032 -0.230141 1 2.1 6 0.048 3 13 48
45.2141 1 -21.7043 5.767 -218.727 -0.670006 0.656133 -0.260032 -0.230141 1 2.1 6 0.048 3 13 48
45.2345 1 -21.7037 5.77412 -218.726 -0.670006 0.656133 -0.260032 -0.230141 1 2.1 6 0.048 3 13 48
45.2536 1 -21.7031 5.78101 -218.726 -0.670006 0.656133 -0.260032 -0.230141 1 2.1 6 0.048 3 13 48
45.2703 1 -21.7025 5.78776 -218.726 -0.670006 0.656133 -0.260032 -0.230141 1 2.1 6 0.048 3 13 48
45.2911 1 -21.7019 5.79433 -218.726 -0.670006 0.656133 -0.260032 -0.230141 1 2.1 6 0.048 3 13 48
45.3078 1 -21.7013 5.80092 -218.726 -0.670006 0.656133 -0.260032 -0.230141 1 2.1 6 0.048 3 13 48
45.3281 1 -21.7007 5.80736 -218.726 -0.670006 0.656133 -0.260032 -0.230141 1 2.1 6 0.048 3 13 48
45.3448 1 -21.7001 5.81387 -218.726 -0.670006 0.656133 -0.260032 -0.230141 1 2.1 6 0.048 3 13 48
45.3652 1 -21.6995 5.82023 -218.726 -0.670006 0.656133 -0.260032 -0.230141 1 2.1 6 0.048 3 13 48
45.3837 1 -21.6989 5.82665 -218.726 -0.670006 0.656133 -0.260032 -0.230141 1 2.1 6 0.048 3 13 48
45.4027 1 -21.6983 5.83305 -218.726 -0.670006 0.656133 -0.260032 -0.230141 1 2.1 6 0.048 3 13 48
45.422 1 -21.6977 5.83942 -218.726 -0.670006 0.656133 -0.260032 -0.230141 1 2.1 6 0.048 3 13 48
45.4387 1 -21.6971 5.84587 -218.726 -0.670006 0.656133 -0.260032 -0.230141 1 2.1 6 0.048 3 13 48
45.4589 1 -21.6965 5.85216 -218.726 -0.670006 0.656133 -0.260032 -0.230141 1 2.1 6 0.048 3 13 48
45.4756 1 -21.696 5.8586 -218.726 -0.670006 0.656133 -0.260032 -0.230141 1 2.1 6 0.048 3 13 48
45.4959 1 -21.6954 5.86489 -218.726 -0.670006 0.656133 -0.260032 -0.230141 1 2.1 6 0.048 3 13 48
45.5145 1 -21.6948 5.87127 -218.726 -0.670006 0.656133 -0.260032 -0.230141 1 2.1 6 0.048 3 13 48
45.5312 1 -21.6942 5.8777 -218.726 -0.670006 0.656133 -0.260032 -0.230141 1 2.1 6 0.048 3 13 48
45.5521 1 -21.6936 5.88395 -218.726 -0.670006 0.656133 -0.260032 -0.230141 1 2.1 6 0.048 3 13 48
45.5688 1 -21.693 5.89038 -218.726 -0.670006 0.656133 -0.260032 -0.230141 1 2.1 6 0.048 3 13 48
45.5942 1 -21.6924 5.89637 -218.726 -0.670006 0.656133 -0.260032 -0.230141 1 2.1 6 0.048 3 13 48
45.6109 1 -21.6918 5.90288 -218.726 -0.670006 0.656133 -0.260032 -0.230141 1 2.1 6 0.048 3 13 48
45.6275 1 -21.6912 5.90935 -218.725 -0.670006 0.656133 -0.260032 -0.230141 1 2.1 6 0.048 3 13 48
45.6442 1 -21.6906 5.91578 -218.725 -0.670006 0.656133 -0.260032 -0.230141 1 2.1 6 0.048 3 13 48
45.6677 1 -21.6901 5.92189 -218.725 -0.670006 0.656133 -0.260032 -0.230141 1 2.1 6 0.048 3 13 48
45.6843 1 -21.6895 5.92837 -218.725 -0.670006 0.656133 -0.260032 -0.230141 1 2.1 6 0.048 3 13 48
45.701 1 -21.6889 5.93481 -218.725 -0.670006 0.656133 -0.260032 -0.230141 1 2.1 6 0.048 3 13 48
45.7199 1 -21.6883 5.94115 -218.725 -0.670006 0.656133 -0.260032 -0.230141 1 2.1 6 0.048 3 13 48
45.7366 1 -21.6877 5.94758 -218.725 -0.670006 0.656133 -0.260032 -0.230141 1 2.1 6 0.048 3 13 48
45.7608 1 -21.6871 5.95362 -218.725 -0.670006 0.656133 -0.260032 -0.230141 1 2.1 6 0.048 3 13 48
45.7775 1 -21.6865 5.9601 -218.725 -0.670006 0.656133 -0.260032 -0.230141 1 2.1 6 0.048 3 13 48
45.7941 1 -21.6859 5.96655 -218.725 -0.670006 0.656133 -0.260032 -0.230141 1 2.1 6 0.048 3 13 48
45.8121 1 -21.6853 5.97293 -218.725 -0.670006 0.656133 -0.260032 -0.230141 1 2.1 6 0.048 3 13 48
45.8355 1 -21.6847 5.97905 -218.725 -0.670006 0.656133 -0.260032 -0.230141 1 2.1 6 0.048 3 13 48
45.8521 1 -21.6841 5.98552 -218.725 -0.670006 0.656133 -0.260032 -0.230141 1 2.1 6 0.048 3 13 48
45.8688 1 -21.6836 5.99197 -218.725 -0.670006 0.656133 -0.260032 -0.230141 1 2.1 6 0.048 3 13 48
45.8871 1 -21.683 5.99833 -218.725 -0.670006 0.656133 -0.260032 -0.230141 1 2.1 6 0.048 3 13 48
45.9057 1 -21.6824 6.00469 -218.725 -0.670006 0.656133 -0.260032 -0.230141 1 2.1 6 0.048 3 13 48
45.9223 1 -21.6818 6.0111 -218.725 -0.670006 0.656133 -0.260032 -0.230141 1 2.1 6 0.048 3 13 48
45.9427 1 -21.6812 6.01736 -218.725 -0.670006 0.656133 -0.260032 -0.230141 1 2.1 6 0.048 3 13 48
45.9593 1 -21.6806 6.02379 -218.725 -0.670006 0.656133 -0.260032 -0.230141 1 2.1 6 0.048 3 13 48
45.9804 1 -21.68 6.03002 -218.725 -0.670006 0.656133 -0.260032 -0.230141 1 2.1 6 0.048 3 13 48
46.0004 1 -21.6794 6.03635 -218.725 -0.670006 0.656133 -0.260032 -0.230141 1 2.1 6 0.048 3 13 48
46.0173 1 -21.6788 6.04279 -218.724 -0.670006 0.656133 -0.260032 -0.230141 1 2.1 6 0.048 3 13 48
46.036 1 -21.6782 6.04915 -218.724 -0.670006 0.656133 -0.260032 -0.230141 1 2.1 6 0.048 3 13 48
46.0526 1 -21.6776 6.05557 -218.724 -0.670006 0.656133 -0.260032 -0.230141 1 2.1 6 0.048 3 13 48
46.0727 1 -21.6771 6.06186 -218.724 -0.670006 0.656133 -0.260032 -0.230141 1 2.1 6 0.048 3 13 48
46.0894 1 -21.6765 6.06828 -218.724 -0.670006 0.656133 -0.260032 -0.230141 1 2.1 6 0.048 3 13 48
46.1144 1 -21.6759 6.07428 -218.724 -0.670006 0.656133 -0.260032 -0.230141 1 2.1 6 0.048 3 13 48
46.1311 1 -21.6753 6.08077 -218.724 -0.670006 0.656133 -0.260032 -0.230141 1 2.1 6 0.048 3 13 48
46.1477 1 -21.6747 6.08723 -218.724 -0.670006 0.656133 -0.260032 -0.230141 1 2.1 6 0.048 3 13 48
46.1644 1 -21.6741 6.09365 -218.724 -0.670006 0.656133 -0.260032 -0.230141 1 2.1 6 0.048 3 13 48
46.1843 1 -21.6735 6.09994 -218.724 -0.670006 0.656133 -0.260032 -0.230141 1 2.1 6 0.048 3 13 48
46.201 1 -21.6729 6.10637 -218.724 -0.670006 0.656133 -0.260032 -0.230141 1 2.1 6 0.048 3 13 48
46.2211 1 -21.6723 6.11265 -218.724 -0.670006 0.656133 -0.260032 -0.230141 1 2.1 6 0.048 3 13 48
46.24 1 -21.6717 6.11901 -218.724 -0.670006 0.656133 -0.260032 -0.230141 1 2.1 6 0.048 3 13 48
46.2567 1 -21.6711 6.12543 -218.724 -0.670006 0.656133 -0.260032 -0.230141 1 2.1 6 0.048 3 13 48
46.2816 1 -21.6706 6.13144 -218.724 -0.670006 0.656133 -0.260032 -0.230141 1 2.1 6 0.048 3 13 48
46.2983 1 -21.67 6.13794 -218.724 -0.670006 0.656133 -0.260032 -0.230141 1 2.1 6 0.048 3 13 48
46.315 1 -21.6694 6.14439 -218.724 -0.670006 0.656133 -0.260032 -0.230141 1 2.1 6 0.048 3 13 48
46.3316 1 -21.6688 6.15082 -218.724 -0.670006 0.656133 -0.260032 -0.230141 1 2.1 6 0.048 3 13 48
46.3553 1 -21.6682 6.15691 -218.724 -0.670006 0.656133 -0.260032 -0.230141 1 2.1 6 0.048 3 13 48
46.372 1 -21.6676 6.16338 -218.724 -0.670006 0.656133 -0.260032 -0.230141 1 2.1 6 0.048 3 13 48
46.3886 1 -21.667 6.16983 -218.724 -0.670006 0.656133 -0.260032 -0.230141 1 2.1 6 0.048 3 13 48
46.4074 1 -21.6664 6.17618 -218.723 -0.670006 0.656133 -0.260032 -0.230141 1 2.1 6 0.048 3 13 48
46.4259 1 -21.6658 6.18254 -218.723 -0.670006 0.656133 -0.260032 -0.230141 1 2.1 6 0.048 3 13 48
46.4442 1 -21.6652 6.18891 -218.723 -0.670006 0.656133 -0.260032 -0.230141 1 2.1 6 0.048 3 13 48
46.4625 1 -21.6647 6.19527 -218.723 -0.670006 0.656133 -0.260032 -0.230141 1 2.1 6 0.048 3 13 48
46.4792 1 -21.6641 6.20169 -218.723 -0.670006 0.656133 -0.260032 -0.230141 1 2.1 6 0.048 3 13 48
46.5054 1 -21.6635 6.20759 -218.723 -0.670006 0.656133 -0.260032 -0.230141 1 2.1 6 0.048 3 13 48
46.522 1 -21.6629 6.2141 -218.723 -0.670006 0.656133 -0.260032 -0.230141 1 2.1 6 0.048 3 13 48
46.5405 1 -21.6623 6.22051 -218.723 -0.670006 0.656133 -0.260032 -0.230141 1 2.1 6 0.048 3 13 48
46.5572 1 -21.6617 6.22697 -218.723 -0.670006 0.656133 -0.260032 -0.230141 1 2.1 6 0.048 3 13 48
46.5833 1 -21.6611 6.23292 -218.723 -0.670006 0.656133 -0.260032 -0.230141 1 2.1 6 0.048 3 13 48
46.5999 1 -21.6605 6.23945 -218.723 -0.670006 0.656133 -0.260032 -0.230141 1 2.1 6 0.048 3 13 48
46.6166 1 -21.6599 6.24592 -218.723 -0.670006 0.656133 -0.260032 -0.230141 1 2.1 6 0.048 3 13 48
46.6374 1 -21.6593 6.25222 -218.723 -0.670006 0.656133 -0.260032 -0.230141 1 2.1 6 0.048 3 13 48
46.6541 1 -21.6588 6.25868 -218.723 -0.670006 0.656133 -0.260032 -0.230141 1 2.1 6 0.048 3 13 48
46.6809 1 -21.6582 6.2646 -218.723 -0.670006 0.656133 -0.260032 -0.230141 1 2.1 6 0.048 3 13 48
46.6976 1 -21.6576 6.27114 -218.723 -0.670006 0.656133 -0.260032 -0.230141 1 2.1 6 0.048 3 13 48
46.7159 1 -21.657 6.27759 -218.723 -0.670006 0.656133 -0.260032 -0.230141 1 2.1 6 0.048 3 13 48
46.7326 1 -21.6564 6.28406 -218.723 -0.670006 0.656133 -0.260032 -0.230141 1 2.1 6 0.048 3 13 48
46.7591 1 -21.6558 6.29 -218.723 -0.670006 0.656133 -0.260032 -0.230141 1 2.1 6 0.048 3 13 48
46.7758 1 -21.6552 6.29654 -218.723 -0.670006 0.656133 -0.260032 -0.230141 1 2.1 6 0.048 3 13 48
46.7935 1 -21.6546 6.303 -218.723 -0.670006 0.656133 -0.260032 -0.230141 1 2.1 6 0.048 3 13 48
46.8132 1 -21.654 6.30937 -218.722 -0.670006 0.656133 -0.260032 -0.230141 1 2.1 6 0.048 3 13 48
46.8327 1 -21.6534 6.31575 -218.722 -0.670006 0.656133 -0.260032 -0.230141 1 2.1 6 0.048 3 13 48
46.8527 1 -21.6528 6.3221 -218.722 -0.670006 0.656133 -0.260032 -0.230141 1 2.1 6 0.048 3 13 48
46.8694 1 -21.6523 6.32856 -218.722 -0.670006 0.656133 -0.260032 -0.230141 1 2.1 6 0.048 3 13 48
46.8913 1 -21.6517 6.33479 -218.722 -0.670006 0.656133 -0.260032 -0.230141 1 2.1 6 0.048 3 13 48
46.908 1 -21.6511 6.34125 -218.722 -0.670006 0.656133 -0.260032 -0.230141 1 2.1 6 0.048 3 13 48
46.9345 1 -21.6505 6.3472 -218.722 -0.670006 0.656133 -0.260032 -0.230141 1 2.1 6 0.048 3 13 48
46.9511 1 -21.6499 6.35374 -218.722 -0.670006 0.656133 -0.260032 -0.230141 1 2.1 6 0.048 3 13 48
46.9678 1 -21.6493 6.36023 -218.722 -0.670006 0.656133 -0.260032 -0.230141 1 2.1 6 0.048 3 13 48
46.9895 1 -21.6487 6.36649 -218.722 -0.670006 0.656133 -0.260032 -0.230141 1 2.1 6 0.048 3 13 48
47.0062 1 -21.6481 6.37297 -218.722 -0.670006 0.656133 -0.260032 -0.230141 1 2.1 6 0.048 3 13 48
47.0283 1 -21.6475 6.37921 -218.722 -0.670006 0.656133 -0.260032 -0.230141 1 2.1 6 0.048 3 13 48
47.0449 1 -21.6469 6.38568 -218.722 -0.670006 0.656133 -0.260032 -0.230141 1 2.1 6 0.048 3 13 48
47.0672 1 -21.6464 6.39191 -218.722 -0.670006 0.656133 -0.260032 -0.230141 1 2.1 6 0.048 3 13 48
47.0912 1 -21.6458 6.3981 -218.722 -0.670006 0.656133 -0.260032 -0.230141 1 2.1 6 0.048 3 13 48
47.1079 1 -21.6452 6.40462 -218.722 -0.670006 0.656133 -0.260032 -0.230141 1 2.1 6 0.048 3 13 48
47.1264 1 -21.6446 6.41105 -218.722 -0.670006 0.656133 -0.260032 -0.230141 1 2.1 6 0.048 3 13 48
47.143 1 -21.644 6.41751 -218.722 -0.670006 0.656133 -0.260032 -0.230141 1 2.1 6 0.048 3 13 48
47.1693 1 -21.6434 6.42347 -218.722 -0.670006 0.656133 -0.260032 -0.230141 1 2.1 6 0.048 3 13 48
47.186 1 -21.6428 6.43 -218.722 -0.670006 0.656133 -0.260032 -0.230141 1 2.1 6 0.048 3 13 48
47.2041 1 -21.6422 6.43645 -218.722 -0.670006 0.656133 -0.260032 -0.230141 1 2.1 6 0.048 3 13 48
47.2239 1 -21.6416 6.44282 -218.721 -0.670006 0.656133 -0.260032 -0.230141 1 2.1 6 0.048 3 13 48
47.2405 1 -21.641 6.44928 -218.721 -0.670006 0.656133 -0.260032 -0.230141 1 2.1 6 0.048 3 13 48
47.2676 1 -21.6405 6.45517 -218.721 -0.670006 0.656133 -0.260032 -0.230141 1 2.1 6 0.048 3 13 48
47.2843 1 -21.6399 6.46171 -218.721 -0.670006 0.656133 -0.260032 -0.230141 1 2.1 6 0.048 3 13 48
47.3022 1 -21.6393 6.46818 -218.721 -0.670006 0.656133 -0.260032 -0.230141 1 2.1 6 0.048 3 13 48
47.3188 1 -21.6387 6.47464 -218.721 -0.670006 0.656133 -0.260032 -0.230141 1 2.1 6 0.048 3 13 48
47.3456 1 -21.6381 6.48057 -218.721 -0.670006 0.656133 -0.260032 -0.230141 1 2.1 6 0.048 3 13 48
47.3623 1 -21.6375 6.48711 -218.721 -0.670006 0.656133 -0.260032 -0.230141 1 2.1 6 0.048 3 13 48
47.3789 1 -21.6369 6.4936 -218.721 -0.670006 0.656133 -0.260032 -0.230141 1 2.1 6 0.048 3 13 48
47.4005 1 -21.6363 6.49988 -218.721 -0.670006 0.656133 -0.260032 -0.230141 1 2.1 6 0.048 3 13 48
47.4171 1 -21.6357 6.50636 -218.721 -0.670006 0.656133 -0.260032 -0.230141 1 2.1 6 0.048 3 13 48
47.4435 1 -21.6351 6.51233 -218.721 -0.670006 0.656133 -0.260032 -0.230141 1 2.1 6 0.048 3 13 48
47.4601 1 -21.6345 6.51887 -218.721 -0.670006 0.656133 -0.260032 -0.230141 1 2.1 6 0.048 3 13 48
47.478 1 -21.634 6.52533 -218.721 -0.670006 0.656133 -0.260032 -0.230141 1 2.1 6 0.048 3 13 48
47.5022 1 -21.6334 6.53147 -218.721 -0.670006 0.656133 -0.260032 -0.230141 1 2.1 6 0.048 3 13 48
47.5189 1 -21.6328 6.53799 -218.721 -0.670006 0.656133 -0.260032 -0.230141 1 2.1 6 0.048 3 13 48
47.5373 1 -21.6322 6.54442 -218.721 -0.670006 0.656133 -0.260032 -0.230141 1 2.1 6 0.048 3 13 48
47.554 1 -21.6316 6.55087 -218.721 -0.670006 0.656133 -0.260032 -0.230141 1 2.1 6 0.048 3 13 48
47.576 1 -21.631 6.55709 -218.721 -0.670006 0.656133 -0.260032 -0.230141 1 2.1 6 0.048 3 13 48
47.5927 1 -21.6304 6.56356 -218.721 -0.670006 0.656133 -0.260032 -0.230141 1 2.1 6 0.048 3 13 48
47.615 1 -21.6298 6.56977 -218.721 -0.670006 0.656133 -0.260032 -0.230141 1 2.1 6 0.048 3 13 48
47.6346 1 -21.6292 6.57616 -218.72 -0.670006 0.656133 -0.260032 -0.230141 1 2.1 6 0.048 3 13 48
47.6513 1 -21.6286 6.58233 -218.72 -0.670006 0.656133 -0.260032 -0.230141 1 2.1 6 0.048 3 13 48
47.6742 1 -21.6291 6.56763 -218.72 -0.670006 0.656133 -0.260032 -0.230141 1 2.1 6 0.048 3 13 48
47.6908 1 -21.6292 6.56112 -218.72 -0.670006 0.656133 -0.260032 -0.230141 1 2.1 6 0.048 3 13 48
47.7127 1 -21.6294 6.55439 -218.72 -0.670006 0.656133 -0.260032 -0.230141 1 2.1 6 0.048 3 13 48
47.7293 1 -21.6295 6.55119 -218.721 -0.670006 0.656133 -0.260032 -0.230141 1 2.1 6 0.048 3 13 48
47.7514 1 -21.6296 6.54784 -218.721 -0.670006 0.656133 -0.260032 -0.230141 1 2.1 6 0.048 3 13 48
47.7714 1 -21.6296 6.54586 -218.721 -0.670006 0.656133 -0.260032 -0.230141 1 2.1 6 0.048 3 13 48
47.7881 1 -21.6297 6.54477 -218.721 -0.670006 0.656133 -0.260032 -0.230141 1 2.1 6 0.048 3 13 48
47.8106 1 -21.6297 6.54361 -218.721 -0.670006 0.656133 -0.260032 -0.230141 1 2.1 6 0.048 3 13 48
47.8272 1 -21.6297 6.54308 -218.721 -0.670006 0.656133 -0.260032 -0.230141 1 2.1 6 0.048 3 13 48
47.8493 1 -21.6297 6.54253 -218.721 -0.670006 0.656133 -0.260032 -0.230141 1 2.1 6 0.048 3 13 48
47.866 1 -21.6297 6.54227 -218.721 -0.670006 0.656133 -0.260032 -0.230141 1 2.1 6 0.048 3 13 48
47.8881 1 -21.6297 6.542 -218.721 -0.670006 0.656133 -0.260032 -0.230141 1 2.1 6 0.048 3 13 48
47.908 1 -21.6297 6.54184 -218.721 -0.670006 0.656133 -0.260032 -0.230141 1 2.1 6 0.048 3 13 48
47.9247 1 -21.6297 6.54175 -218.721 -0.670006 0.656133 -0.260032 -0.230141 1 2.1 6 0.048 3 13 48
47.9472 1 -21.6297 6.54166 -218.721 -0.670006 0.656133 -0.260032 -0.230141 1 2.1 6 0.048 3 13 48
47.9639 1 -21.6297 6.54162 -218.721 -0.670006 0.656133 -0.260032 -0.230141 1 2.1 6 0.048 3 13 48
47.986 1 -21.6297 6.54157 -218.721 -0.670006 0.656133 -0.260032 -0.230141 1 2.1 6 0.048 3 13 48
48.0027 1 -21.6297 6.54155 -218.721 -0.670006 0.656133 -0.260032 -0.230141 1 2.1 6 0.048 3 13 48
48.0248 1 -21.6297 6.54153 -218.721 -0.670006 0.656133 -0.260032 -0.230141 1 2.1 6 0.048 3 13 48
48.0448 1 -21.6297 6.54152 -218.721 -0.670006 0.656133 -0.260032 -0.230141 1 2.1 6 0.048 3 13 48
48.0614 1 -21.6297 6.54151 -218.721 -0.670006 0.656133 -0.260032 -0.230141 1 2.1 6 0.048 3 13 48
48.0843 1 -21.6297 6.5415 -218.721 -0.670006 0.656133 -0.260032 -0.230141 1 2.1 6 0.048 3 13 48
48.1009 1 -21.6297 6.5415 -218.721 -0.670006 0.656133 -0.260032 -0.230141 1 2.1 6 0.048 3 13 48
48.1229 1 -21.6297 6.5415 -218.721 -0.670006 0.656133 -0.260032 -0.230141 1 2.1 6 0.048 3 13 48
48.1396 1 -21.6297 6.54149 -218.721 -0.670006 0.656133 -0.260032 -0.230141 1 2.1 6 0.048 3 13 48
48.1617 1 -21.6297 6.54149 -218.721 -0.670006 0.656133 -0.260032 -0.230141 1 2.1 6 0.048 3 13 48
48.1817 1 -21.6297 6.54149 -218.721 -0.670006 0.656133 -0.260032 -0.230141 1 2.1 6 0.048 3 13 48
48.1984 1 -21.6297 6.54149 -218.721 -0.670006 0.656133 -0.260032 -0.230141 1 2.1 6 0.048 3 13 48
48.2209 1 -21.6297 6.54149 -218.721 -0.670006 0.656133 -0.260032 -0.230141 1 2.1 6 0.048 3 13 48
48.2376 1 -21.6297 6.54149 -218.721 -0.670006 0.656133 -0.260032 -0.230141 1 2.1 6 0.048 3 13 48
48.2597 1 -21.6297 6.54149 -218.721 -0.670006 0.656133 -0.260032 -0.230141 1 2.1 6 0.048 3 13 48
48.2764 1 -21.6297 6.54149 -218.721 -0.670006 0.656133 -0.260032 -0.230141 1 2.1 6 0.048 3 13 48
48.2985 1 -21.6297 6.54149 -218.721 -0.670006 0.656133 -0.260032 -0.230141 1 2.1 6 0.048 3 13 48
48.3184 1 -21.6297 6.54149 -218.721 -0.670006 0.656133 -0.260032 -0.230141 1 2.1 6 0.048 3 13 48
48.335 1 -21.6297 6.54149 -218.721 -0.670006 0.656133 -0.260032 -0.230141 1 2.1 6 0.048 3 13 48
48.3576 1 -21.6297 6.54149 -218.721 -0.670006 0.656133 -0.260032 -0.230141 1 2.1 6 0.048 3 13 48
48.3743 1 -21.6297 6.54149 -218.721 -0.670006 0.656133 -0.260032 -0.230141 1 2.1 6 0.048 3 13 48
48.3964 1 -21.6297 6.54149 -218.721 -0.670006 0.656133 -0.260032 -0.230141 1 2.1 6 0.048 3 13 48
48.413 1 -21.6297 6.54149 -218.721 -0.670006 0.656133 -0.260032 -0.230141 1 2.1 6 0.048 3 13 48
48.4352 1 -21.6297 6.54149 -218.721 -0.670006 0.656133 -0.260032 -0.230141 1 2.1 6 0.048 3 13 48
48.455 1 -21.6297 6.54149 -218.721 -0.670006 0.656133 -0.260032 -0.230141 1 2.1 6 0.048 3 13 48
48.4716 1 -21.6299 6.5415 -218.721 -0.670006 0.656133 -0.260032 -0.230141 1 2.1 6 0.048 3 13 48
48.497 1 -21.6454 6.54224 -218.739 -0.670006 0.656133 -0.260032 -0.230141 1 2.1 6 0.048 3 13 48
48.5137 1 -21.6556 6.54266 -218.751 -0.670006 0.656133 -0.260032 -0.230141 1 2.1 6 0.048 3 13 48
48.5303 1 -21.6652 6.54303 -218.762 -0.670006 0.656133 -0.260032 -0.230141 1 2.1 6 0.048 3 13 48
48.547 1 -21.6745 6.54335 -218.773 -0.670006 0.656133 -0.260032 -0.230141 1 2.1 6 0.048 3 13 48
48.5667 1 -21.6839 6.54366 -218.784 -0.670006 0.656133 -0.260032 -0.230141 1 2.1 6 0.048 3 13 48
48.5856 1 -21.6929 6.54394 -218.794 -0.670006 0.656133 -0.260032 -0.230141 1 2.1 6 0.048 3 13 48
48.6023 1 -21.7016 6.5442 -218.804 -0.670006 0.656133 -0.260032 -0.230141 1 2.1 6 0.048 3 13 48
48.623 1 -21.7103 6.54444 -218.815 -0.670006 0.656133 -0.260032 -0.230141 1 2.1 6 0.048 3 13 48
48.6397 1 -21.7187 6.54467 -218.825 -0.670006 0.656133 -0.260032 -0.230141 1 2.1 6 0.048 3 13 48
48.6601 1 -21.7272 6.5449 -218.834 -0.670006 0.656133 -0.260032 -0.230141 1 2.1 6 0.048 3 13 48
48.6768 1 -21.7356 6.54512 -218.844 -0.670006 0.656133 -0.260032 -0.230141 1 2.1 6 0.048 3 13 48
48.697 1 -21.7439 6.54534 -218.854 -0.670006 0.656133 -0.260032 -0.230141 1 2.1 6 0.048 3 13 48
48.7163 1 -21.7523 6.54556 -218.864 -0.670006 0.656133 -0.260032 -0.230141 1 2.1 6 0.048 3 13 48
48.7344 1 -21.7606 6.54577 -218.874 -0.670006 0.656133 -0.260032 -0.230141 1 2.1 6 0.048 3 13 48
48.7535 1 -21.7689 6.54599 -218.883 -0.670006 0.656133 -0.260032 -0.230141 1 2.1 6 0.048 3 13 48
48.7705 1 -21.7772 6.5462 -218.893 -0.670006 0.656133 -0.260032 -0.230141 1 2.1 6 0.048 3 13 48
48.7904 1 -21.7855 6.54641 -218.903 -0.670006 0.656133 -0.260032 -0.230141 1 2.1 6 0.048 3 13 48
48.807 1 -21.7938 6.54663 -218.912 -0.670006 0.656133 -0.260032 -0.230141 1 2.1 6 0.048 3 13 48
48.8273 1 -21.802 6.54683 -218.922 -0.670006 0.656133 -0.260032 -0.230141 1 2.1 6 0.048 3 13 48
48.8459 1 -21.8103 6.54705 -218.932 -0.670006 0.656133 -0.260032 -0.230141 1 2.1 6 0.048 3 13 48
48.8648 1 -21.8186 6.54726 -218.941 -0.670006 0.656133 -0.260032 -0.230141 1 2.1 6 0.048 3 13 48
48.8815 1 -21.8269 6.54747 -218.951 -0.670006 0.656133 -0.260032 -0.230141 1 2.1 6 0.048 3 13 48
48.9022 1 -21.8351 6.54768 -218.961 -0.670006 0.656133 -0.260032 -0.230141 1 2.1 6 0.048 3 13 48
48.9189 1 -21.8434 6.54789 -218.97 -0.670006 0.656133 -0.260032 -0.230141 1 2.1 6 0.048 3 13 48
48.9391 1 -21.8516 6.5481 -218.98 -0.670006 0.656133 -0.260032 -0.230141 1 2.1 6 0.048 3 13 48
48.9557 1 -21.8599 6.54831 -218.99 -0.670006 0.656133 -0.260032 -0.230141 1 2.1 6 0.048 3 13 48
48.9759 1 -21.8682 6.54852 -218.999 -0.670006 0.656133 -0.260032 -0.230141 1 2.1 6 0.048 3 13 48
48.9988 1 -21.8764 6.54872 -219.009 -0.670006 0.656133 -0.260032 -0.230141 1 2.1 6 0.048 3 13 48
49.0155 1 -21.8847 6.54894 -219.019 -0.670006 0.656133 -0.260032 -0.230141 1 2.1 6 0.048 3 13 48
49.0322 1 -21.893 6.54915 -219.028 -0.670006 0.656133 -0.260032 -0.230141 1 2.1 6 0.048 3 13 48
49.0488 1 -21.9013 6.54936 -219.038 -0.670006 0.656133 -0.260032 -0.230141 1 2.1 6 0.048 3 13 48
49.0689 1 -21.9095 6.54957 -219.048 -0.670006 0.656133 -0.260032 -0.230141 1 2.1 6 0.048 3 13 48
49.0914 1 -21.9177 6.54977 -219.057 -0.670006 0.656133 -0.260032 -0.230141 1 2.1 6 0.048 3 13 48
49.108 1 -21.926 6.54999 -219.067 -0.670006 0.656133 -0.260032 -0.230141 1 2.1 6 0.048 3 13 48
49.1247 1 -21.9343 6.5502 -219.077 -0.670006 0.656133 -0.260032 -0.230141 1 2.1 6 0.048 3 13 48
49.1414 1 -21.9426 6.55041 -219.086 -0.670006 0.656133 -0.260032 -0.230141 1 2.1 6 0.048 3 13 48
49.1653 1 -21.9507 6.55061 -219.096 -0.670006 0.656133 -0.260032 -0.230141 1 2.1 6 0.048 3 13 48
49.182 1 -21.959 6.55083 -219.106 -0.670006 0.656133 -0.260032 -0.230141 1 2.1 6 0.048 3 13 48
49.1988 1 -21.9673 6.55104 -219.115 -0.670006 0.656133 -0.260032 -0.230141 1 2.1 6 0.048 3 13 48
49.2155 1 -21.9756 6.55125 -219.125 -0.670006 0.656133 -0.260032 -0.230141 1 2.1 6 0.048 3 13 48
49.2354 1 -21.9838 6.55146 -219.135 -0.670006 0.656133 -0.260032 -0.230141 1 2.1 6 0.048 3 13 48
49.2521 1 -21.9921 6.55167 -219.144 -0.670006 0.656133 -0.260032 -0.230141 1 2.1 6 0.048 3 13 48
49.2722 1 -22.0004 6.55188 -219.154 -0.670006 0.656133 -0.260032 -0.230141 1 2.1 6 0.048 3 13 48
49.2913 1 -22.0086 6.55209 -219.164 -0.670006 0.656133 -0.260032 -0.230141 1 2.1 6 0.048 3 13 48
49.3079 1 -22.0169 6.5523 -219.173 -0.670006 0.656133 -0.260032 -0.230141 1 2.1 6 0.048 3 13 48
49.3333 1 -22.0251 6.5525 -219.183 -0.670006 0.656133 -0.260032 -0.230141 1 2.1 6 0.048 3 13 48
49.35 1 -22.0334 6.55272 -219.192 -0.670006 0.656133 -0.260032 -0.230141 1 2.1 6 0.048 3 13 48
49.3667 1 -22.0417 6.55293 -219.202 -0.670006 0.656133 -0.260032 -0.230141 1 2.1 6 0.048 3 13 48
49.3839 1 -22.0499 6.55314 -219.212 -0.670006 0.656133 -0.260032 -0.230141 1 2.1 6 0.048 3 13 48
49.4006 1 -22.0582 6.55335 -219.221 -0.670006 0.656133 -0.260032 -0.230141 1 2.1 6 0.048 3 13 48
49.4249 1 -22.0664 6.55355 -219.231 -0.670006 0.656133 -0.260032 -0.230141 1 2.1 6 0.048 3 13 48
49.4416 1 -22.0747 6.55377 -219.241 -0.670006 0.656133 -0.260032 -0.230141 1 2.1 6 0.048 3 13 48
49.4582 1 -22.0829 6.55398 -219.25 -0.670006 0.656133 -0.260032 -0.230141 1 2.1 6 0.048 3 13 48
49.4749 1 -22.0912 6.55419 -219.26 -0.670006 0.656133 -0.260032 -0.230141 1 2.1 6 0.048 3 13 48
49.4989 1 -22.0994 6.55439 -219.27 -0.670006 0.656133 -0.260032 -0.230141 1 2.1 6 0.048 3 13 48
49.5155 1 -22.1077 6.55461 -219.279 -0.670006 0.656133 -0.260032 -0.230141 1 2.1 6 0.048 3 13 48
49.5322 1 -22.116 6.55482 -219.289 -0.670006 0.656133 -0.260032 -0.230141 1 2.1 6 0.048 3 13 48
49.5504 1 -22.1242 6.55503 -219.299 -0.670006 0.656133 -0.260032 -0.230141 1 2.1 6 0.048 3 13 48
49.5671 1 -22.1325 6.55525 -219.308 -0.670006 0.656133 -0.260032 -0.230141 1 2.1 6 0.048 3 13 48
49.5922 1 -22.1407 6.55544 -219.318 -0.670006 0.656133 -0.260032 -0.230141 1 2.1 6 0.048 3 13 48
49.6089 1 -22.149 6.55566 -219.328 -0.670006 0.656133 -0.260032 -0.230141 1 2.1 6 0.048 3 13 48
49.6256 1 -22.1572 6.55587 -219.337 -0.670006 0.656133 -0.260032 -0.230141 1 2.1 6 0.048 3 13 48
49.6434 1 -22.1655 6.55608 -219.347 -0.670006 0.656133 -0.260032 -0.230141 1 2.1 6 0.048 3 13 48
49.66 1 -22.1738 6.55629 -219.357 -0.670006 0.656133 -0.260032 -0.230141 1 2.1 6 0.048 3 13 48
49.6844 1 -22.182 6.55649 -219.366 -0.670006 0.656133 -0.260032 -0.230141 1 2.1 6 0.048 3 13 48
49.7011 1 -22.1903 6.55671 -219.376 -0.670006 0.656133 -0.260032 -0.230141 1 2.1 6 0.048 3 13 48
49.7178 1 -22.1985 6.55692 -219.386 -0.670006 0.656133 -0.260032 -0.230141 1 2.1 6 0.048 3 13 48
49.7359 1 -22.2068 6.55713 -219.395 -0.670006 0.656133 -0.260032 -0.230141 1 2.1 6 0.048 3 13 48
49.7594 1 -22.215 6.55734 -219.405 -0.670006 0.656133 -0.260032 -0.230141 1 2.1 6 0.048 3 13 48
49.776 1 -22.2233 6.55755 -219.415 -0.670006 0.656133 -0.260032 -0.230141 1 2.1 6 0.048 3 13 48
49.7927 1 -22.2316 6.55776 -219.424 -0.670006 0.656133 -0.260032 -0.230141 1 2.1 6 0.048 3 13 48
49.8094 1 -22.2399 6.55798 -219.434 -0.670006 0.656133 -0.260032 -0.230141 1 2.1 6 0.048 3 13 48
49.8328 1 -22.248 6.55818 -219.443 -0.670006 0.656133 -0.260032 -0.230141 1 2.1 6 0.048 3 13 48
49.8495 1 -22.2563 6.55839 -219.453 -0.670006 0.656133 -0.260032 -0.230141 1 2.1 6 0.048 3 13 48
49.8661 1 -22.2646 6.5586 -219.463 -0.670006 0.656133 -0.260032 -0.230141 1 2.1 6 0.048 3 13 48
49.8848 1 -22.2729 6.55881 -219.472 -0.670006 0.656133 -0.260032 -0.230141 1 2.1 6 0.048 3 13 48
49.9015 1 -22.2812 6.55903 -219.482 -0.670006 0.656133 -0.260032 -0.230141 1 2.1 6 0.048 3 13 48
49.9262 1 -22.2893 6.55923 -219.492 -0.670006 0.656133 -0.260032 -0.230141 1 2.1 6 0.048 3 13 48
49.9428 1 -22.2976 6.55944 -219.501 -0.670006 0.656133 -0.260032 -0.230141 1 2.1 6 0.048 3 13 48
49.9595 1 -22.3059 6.55965 -219.511 -0.670006 0.656133 -0.260032 -0.230141 1 2.1 6 0.048 3 13 48
49.9762 1 -22.3142 6.55987 -219.521 -0.670006 0.656133 -0.260032 -0.230141 1 2.1 6 0.048 3 13 48
49.996 1 -22.3224 6.56007 -219.53 -0.670006 0.656133 -0.260032 -0.230141 1 2.1 6 0.048 3 13 48
50.0164 1 -22.3307 6.56028 -219.54 -0.670006 0.656133 -0.260032 -0.230141 1 2.1 6 0.048 3 13 48
50.0331 1 -22.339 6.56049 -219.55 -0.670006 0.656133 -0.260032 -0.230141 1 2.1 6 0.048 3 13 48
50.0521 1 -22.3472 6.5607 -219.559 -0.670006 0.656133 -0.260032 -0.230141 1 2.1 6 0.048 3 13 48
50.0688 1 -22.3555 6.56092 -219.569 -0.670006 0.656133 -0.260032 -0.230141 1 2.1 6 0.048 3 13 48
50.0931 1 -22.3637 6.56112 -219.579 -0.670006 0.656133 -0.260032 -0.230141 1 2.1 6 0.048 3 13 48
50.1098 1 -22.372 6.56133 -219.588 -0.670006 0.656133 -0.260032 -0.230141 1 2.1 6 0.048 3 13 48
50.1264 1 -22.3803 6.56154 -219.598 -0.670006 0.656133 -0.260032 -0.230141 1 2.1 6 0.048 3 13 48
50.1431 1 -22.3885 6.56176 -219.608 -0.670006 0.656133 -0.260032 -0.230141 1 2.1 6 0.048 3 13 48
50.1667 1 -22.3967 6.56196 -219.617 -0.670006 0.656133 -0.260032 -0.230141 1 2.1 6 0.048 3 13 48
50.1834 1 -22.405 6.56217 -219.627 -0.670006 0.656133 -0.260032 -0.230141 1 2.1 6 0.048 3 13 48
50.2 1 -22.4133 6.56239 -219.637 -0.670006 0.656133 -0.260032 -0.230141 1 2.1 6 0.048 3 13 48
50.2183 1 -22.4216 6.5626 -219.646 -0.670006 0.656133 -0.260032 -0.230141 1 2.1 6 0.048 3 13 48
50.235 1 -22.4298 6.56281 -219.656 -0.670006 0.656133 -0.260032 -0.230141 1 2.1 6 0.048 3 13 48
50.2602 1 -22.438 6.56301 -219.666 -0.670006 0.656133 -0.260032 -0.230141 1 2.1 6 0.048 3 13 48
50.2769 1 -22.4463 6.56322 -219.675 -0.670006 0.656133 -0.260032 -0.230141 1 2.1 6 0.048 3 13 48
50.2936 1 -22.4546 6.56343 -219.685 -0.670006 0.656133 -0.260032 -0.230141 1 2.1 6 0.048 3 13 48
50.3102 1 -22.4628 6.56365 -219.695 -0.670006 0.656133 -0.260032 -0.230141 1 2.1 6 0.048 3 13 48
50.3333 1 -22.471 6.56385 -219.704 -0.670006 0.656133 -0.260032 -0.230141 1 2.1 6 0.048 3 13 48
50.3499 1 -22.4793 6.56406 -219.714 -0.670006 0.656133 -0.260032 -0.230141 1 2.1 6 0.048 3 13 48
50.3667 1 -22.4876 6.56428 -219.724 -0.670006 0.656133 -0.260032 -0.230141 1 2.1 6 0.048 3 13 48
50.3858 1 -22.4959 6.56449 -219.733 -0.670006 0.656133 -0.260032 -0.230141 1 2.1 6 0.048 3 13 48
50.4025 1 -22.5042 6.5647 -219.743 -0.670006 0.656133 -0.260032 -0.230141 1 2.1 6 0.048 3 13 48
50.4267 1 -22.5123 6.5649 -219.752 -0.670006 0.656133 -0.260032 -0.230141 1 2.1 6 0.048 3 13 48
50.4434 1 -22.5206 6.56511 -219.762 -0.670006 0.656133 -0.260032 -0.230141 1 2.1 6 0.048 3 13 48
50.46 1 -22.5289 6.56533 -219.772 -0.670006 0.656133 -0.260032 -0.230141 1 2.1 6 0.048 3 13 48
50.4778 1 -22.5372 6.56554 -219.781 -0.670006 0.656133 -0.260032 -0.230141 1 2.1 6 0.048 3 13 48
50.4945 1 -22.5455 6.56575 -219.791 -0.670006 0.656133 -0.260032 -0.230141 1 2.1 6 0.048 3 13 48
50.5194 1 -22.5536 6.56595 -219.801 -0.670006 0.656133 -0.260032 -0.230141 1 2.1 6 0.048 3 13 48
50.536 1 -22.5619 6.56616 -219.81 -0.670006 0.656133 -0.260032 -0.230141 1 2.1 6 0.048 3 13 48
50.5529 1 -22.5702 6.56638 -219.82 -0.670006 0.656133 -0.260032 -0.230141 1 2.1 6 0.048 3 13 48
50.5695 1 -22.5785 6.56659 -219.83 -0.670006 0.656133 -0.260032 -0.230141 1 2.1 6 0.048 3 13 48
50.594 1 -22.5866 6.56679 -219.839 -0.670006 0.656133 -0.260032 -0.230141 1 2.1 6 0.048 3 13 48
50.6107 1 -22.5949 6.567 -219.849 -0.670006 0.656133 -0.260032 -0.230141 1 2.1 6 0.048 3 13 48
50.6273 1 -22.6032 6.56722 -219.859 -0.670006 0.656133 -0.260032 -0.230141 1 2.1 6 0.048 3 13 48
50.6459 1 -22.6115 6.56743 -219.868 -0.670006 0.656133 -0.260032 -0.230141 1 2.1 6 0.048 3 13 48
50.6626 1 -22.6198 6.56764 -219.878 -0.670006 0.656133 -0.260032 -0.230141 1 2.1 6 0.048 3 13 48
50.6887 1 -22.6279 6.56783 -219.888 -0.670006 0.656133 -0.260032 -0.230141 1 2.1 6 0.048 3 13 48
50.7053 1 -22.6362 6.56805 -219.897 -0.670006 0.656133 -0.260032 -0.230141 1 2.1 6 0.048 3 13 48
50.7236 1 -22.6445 6.56826 -219.907 -0.670006 0.656133 -0.260032 -0.230141 1 2.1 6 0.048 3 13 48
50.7402 1 -22.6527 6.56848 -219.917 -0.670006 0.656133 -0.260032 -0.230141 1 2.1 6 0.048 3 13 48
50.7663 1 -22.6609 6.56867 -219.926 -0.670006 0.656133 -0.260032 -0.230141 1 2.1 6 0.048 3 13 48
50.783 1 -22.6692 6.56889 -219.936 -0.670006 0.656133 -0.260032 -0.230141 1 2.1 6 0.048 3 13 48
50.7996 1 -22.6775 6.5691 -219.946 -0.670006 0.656133 -0.260032 -0.230141 1 2.1 6 0.048 3 13 48
50.8212 1 -22.6857 6.56931 -219.955 -0.670006 0.656133 -0.260032 -0.230141 1 2.1 6 0.048 3 13 48
50.8379 1 -22.694 6.56952 -219.965 -0.670006 0.656133 -0.260032 -0.230141 1 2.1 6 0.048 3 13 48
50.8644 1 -22.7021 6.56972 -219.974 -0.670006 0.656133 -0.260032 -0.230141 1 2.1 6 0.048 3 13 48
50.881 1 -22.7105 6.56994 -219.984 -0.670006 0.656133 -0.260032 -0.230141 1 2.1 6 0.048 3 13 48
50.899 1 -22.7188 6.57015 -219.994 -0.670006 0.656133 -0.260032 -0.230141 1 2.1 6 0.048 3 13 48
50.9156 1 -22.727 6.57036 -220.003 -0.670006 0.656133 -0.260032 -0.230141 1 2.1 6 0.048 3 13 48
50.9421 1 -22.7352 6.57056 -220.013 -0.670006 0.656133 -0.260032 -0.230141 1 2.1 6 0.048 3 13 48
50.9587 1 -22.7435 6.57078 -220.023 -0.670006 0.656133 -0.260032 -0.230141 1 2.1 6 0.048 3 13 48
50.9754 1 -22.7518 6.57099 -220.032 -0.670006 0.656133 -0.260032 -0.230141 1 2.1 6 0.048 3 13 48
50.9966 1 -22.76 6.5712 -220.042 -0.670006 0.656133 -0.260032 -0.230141 1 2.1 6 0.048 3 13 48
51.0219 1 -22.7682 6.5714 -220.052 -0.670006 0.656133 -0.260032 -0.230141 1 2.1 6 0.048 3 13 48
51.0385 1 -22.7765 6.57162 -220.061 -0.670006 0.656133 -0.260032 -0.230141 1 2.1 6 0.048 3 13 48
51.0552 1 -22.7848 6.57183 -220.071 -0.670006 0.656133 -0.260032 -0.230141 1 2.1 6 0.048 3 13 48
51.0739 1 -22.7931 6.57204 -220.081 -0.670006 0.656133 -0.260032 -0.230141 1 2.1 6 0.048 3 13 48
51.0982 1 -22.8013 6.57225 -220.09 -0.670006 0.656133 -0.260032 -0.230141 1 2.1 6 0.048 3 13 48
51.1149 1 -22.8096 6.57246 -220.1 -0.670006 0.656133 -0.260032 -0.230141 1 2.1 6 0.048 3 13 48
51.1333 1 -22.8179 6.57267 -220.11 -0.670006 0.656133 -0.260032 -0.230141 1 2.1 6 0.048 3 13 48
51.1499 1 -22.8262 6.57289 -220.119 -0.670006 0.656133 -0.260032 -0.230141 1 2.1 6 0.048 3 13 48
51.1761 1 -22.8343 6.57308 -220.129 -0.670006 0.656133 -0.260032 -0.230141 1 2.1 6 0.048 3 13 48
51.1929 1 -22.8426 6.5733 -220.139 -0.670006 0.656133 -0.260032 -0.230141 1 2.1 6 0.048 3 13 48
51.2107 1 -22.8509 6.57351 -220.148 -0.670006 0.656133 -0.260032 -0.230141 1 2.1 6 0.048 3 13 48
51.2305 1 -22.8592 6.57372 -220.158 -0.670006 0.656133 -0.260032 -0.230141 1 2.1 6 0.048 3 13 48
51.2472 1 -22.8675 6.57394 -220.168 -0.670006 0.656133 -0.260032 -0.230141 1 2.1 6 0.048 3 13 48
51.2741 1 -22.8756 6.57413 -220.177 -0.670006 0.656133 -0.260032 -0.230141 1 2.1 6 0.048 3 13 48
51.2907 1 -22.8839 6.57435 -220.187 -0.670006 0.656133 -0.260032 -0.230141 1 2.1 6 0.048 3 13 48
51.3086 1 -22.8922 6.57456 -220.197 -0.670006 0.656133 -0.260032 -0.230141 1 2.1 6 0.048 3 13 48
51.3252 1 -22.9005 6.57478 -220.206 -0.670006 0.656133 -0.260032 -0.230141 1 2.1 6 0.048 3 13 48
51.3518 1 -22.9086 6.57497 -220.216 -0.670006 0.656133 -0.260032 -0.230141 1 2.1 6 0.048 3 13 48
51.3684 1 -22.9169 6.57519 -220.226 -0.670006 0.656133 -0.260032 -0.230141 1 2.1 6 0.048 3 13 48
51.3851 1 -22.9252 6.5754 -220.235 -0.670006 0.656133 -0.260032 -0.230141 1 2.1 6 0.048 3 13 48
51.4067 1 -22.9332 6.5756 -220.244 -0.670006 0.656133 -0.260032 -0.230141 1 2.1 6 0.048 3 13 48
51.4234 1 -22.9302 6.57527 -220.241 -0.670006 0.656133 -0.260032 -0.230141 1 2.1 6 0.048 3 13 48
51.4452 1 -22.9261 6.57493 -220.236 -0.670006 0.656133 -0.260032 -0.230141 1 2.1 6 0.048 3 13 48
51.4619 1 -22.9247 6.57477 -220.235 -0.670006 0.656133 -0.260032 -0.230141 1 2.1 6 0.048 3 13 48
51.484 1 -22.9226 6.5746 -220.232 -0.670006 0.656133 -0.260032 -0.230141 1 2.1 6 0.048 3 13 48
51.504 1 -22.9215 6.57451 -220.231 -0.670006 0.656133 -0.260032 -0.230141 1 2.1 6 0.048 3 13 48
51.5206 1 -22.921 6.57445 -220.23 -0.670006 0.656133 -0.260032 -0.230141 1 2.1 6 0.048 3 13 48
51.5432 1 -22.9203 6.57439 -220.229 -0.670006 0.656133 -0.260032 -0.230141 1 2.1 6 0.048 3 13 48
51.5599 1 -22.92 6.57437 -220.229 -0.670006 0.656133 -0.260032 -0.230141 1 2.1 6 0.048 3 13 48
51.582 1 -22.9197 6.57434 -220.229 -0.670006 0.656133 -0.260032 -0.230141 1 2.1 6 0.048 3 13 48
51.5986 1 -22.9196 6.57433 -220.229 -0.670006 0.656133 -0.260032 -0.230141 1 2.1 6 0.048 3 13 48
51.6207 1 -22.9194 6.57431 -220.228 -0.670006 0.656133 -0.260032 -0.230141 1 2.1 6 0.048 3 13 48
51.6405 1 -22.9193 6.5743 -220.228 -0.670006 0.656133 -0.260032 -0.230141 1 2.1 6 0.048 3 13 48
51.6572 1 -22.9193 6.5743 -220.228 -0.670006 0.656133 -0.260032 -0.230141 1 2.1 6 0.048 3 13 48
51.6798 1 -22.9192 6.5743 -220.228 -0.670006 0.656133 -0.260032 -0.230141 1 2.1 6 0.048 3 13 48
51.6965 1 -22.9192 6.57429 -220.228 -0.670006 0.656133 -0.260032 -0.230141 1 2.1 6 0.048 3 13 48
51.7185 1 -22.9192 6.57429 -220.228 -0.670006 0.656133 -0.260032 -0.230141 1 2.1 6 0.048 3 13 48
51.7352 1 -22.9192 6.57429 -220.228 -0.670006 0.656133 -0.260032 -0.230141 1 2.1 6 0.048 3 13 48
51.7573 1 -22.9191 6.57429 -220.228 -0.670006 0.656133 -0.260032 -0.230141 1 2.1 6 0.048 3 13 48
51.7771 1 -22.9191 6.57429 -220.228 -0.670006 0.656133 -0.260032 -0.230141 1 2.1 6 0.048 3 13 48
51.7938 1 -22.9191 6.57429 -220.228 -0.670006 0.656133 -0.260032 -0.230141 1 2.1 6 0.048 3 13 48
51.8165 1 -22.9191 6.57429 -220.228 -0.670006 0.656133 -0.260032 -0.230141 1 2.1 6 0.048 3 13 48
51.8331 1 -22.9191 6.57429 -220.228 -0.670006 0.656133 -0.260032 -0.230141 1 2.1 6 0.048 3 13 48
51.8553 1 -22.9191 6.57429 -220.228 -0.670006 0.656133 -0.260032 -0.230141 1 2.1 6 0.048 3 13 48
51.872 1 -22.9191 6.57429 -220.228 -0.670006 0.656133 -0.260032 -0.230141 1 2.1 6 0.048 3 13 48
51.894 1 -22.9191 6.57429 -220.228 -0.670006 0.656133 -0.260032 -0.230141 1 2.1 6 0.048 3 13 48
51.914 1 -22.9191 6.57429 -220.228 -0.670006 0.656133 -0.260032 -0.230141 1 2.1 6 0.048 3 13 48
51.9306 1 -22.9191 6.57429 -220.228 -0.670006 0.656133 -0.260032 -0.230141 1 2.1 6 0.048 3 13 48
51.9531 1 -22.9191 6.57429 -220.228 -0.670006 0.656133 -0.260032 -0.230141 1 2.1 6 0.048 3 13 48
51.9698 1 -22.9191 6.57429 -220.228 -0.670006 0.656133 -0.260032 -0.230141 1 2.1 6 0.048 3 13 48
51.9919 1 -22.9191 6.57429 -220.228 -0.670006 0.656133 -0.260032 -0.230141 1 2.1 6 0.048 3 13 48
52.0085 1 -22.9191 6.57429 -220.228 -0.670006 0.656133 -0.260032 -0.230141 1 2.1 6 0.048 3 13 48
52.0306 1 -22.9191 6.57429 -220.228 -0.670006 0.656133 -0.260032 -0.230141 1 2.1 6 0.048 3 13 48
52.0504 1 -22.9191 6.57429 -220.228 -0.670006 0.656133 -0.260032 -0.230141 1 2.1 6 0.048 3 13 48
52.0671 1 -22.9191 6.57429 -220.228 -0.670006 0.656133 -0.260032 -0.230141 1 2.1 6 0.048 3 13 48
52.0898 1 -22.9191 6.57429 -220.228 -0.670006 0.656133 -0.260032 -0.230141 1 2.1 6 0.048 3 13 48
52.1064 1 -22.9191 6.57429 -220.228 -0.670006 0.656133 -0.260032 -0.230141 1 2.1 6 0.048 3 13 48
52.1285 1 -22.9191 6.57429 -220.228 -0.670006 0.656133 -0.260032 -0.230141 1 2.1 6 0.048 3 13 48
52.1451 1 -22.9191 6.57429 -220.228 -0.670006 0.656133 -0.260032 -0.230141 1 2.1 6 0.048 3 13 48
52.1672 1 -22.9191 6.57429 -220.228 -0.670006 0.656133 -0.260032 -0.230141 1 2.1 6 0.048 3 13 48
52.187 1 -22.9191 6.57429 -220.228 -0.670006 0.656133 -0.260032 -0.230141 1 2.1 6 0.048 3 13 48
52.2037 1 -22.9191 6.57429 -220.228 -0.670006 0.656133 -0.260032 -0.230141 1 2.1 6 0.048 3 13 48
52.2263 1 -22.9191 6.57429 -220.228 -0.670006 0.656133 -0.260032 -0.230141 1 2.1 6 0.048 3 13 48
52.2429 1 -22.9191 6.57429 -220.228 -0.670006 0.656133 -0.260032 -0.230141 1 2.1 6 0.048 3 13 48
52.265 1 -22.9191 6.57429 -220.228 -0.670006 0.656133 -0.260032 -0.230141 1 2.1 6 0.048 3 13 48
52.2816 1 -22.9191 6.57429 -220.228 -0.670006 0.656133 -0.260032 -0.230141 1 2.1 6 0.048 3 13 48
52.3037 1 -22.9191 6.57429 -220.228 -0.670006 0.656133 -0.260032 -0.230141 1 2.1 6 0.048 3 13 48
52.3235 1 -22.9191 6.57429 -220.228 -0.670006 0.656133 -0.260032 -0.230141 1 2.1 6 0.048 3 13 48
52.3402 1 -22.9191 6.57429 -220.228 -0.670006 0.656133 -0.260032 -0.230141 1 2.1 6 0.048 3 13 48
52.3627 1 -22.9191 6.57429 -220.228 -0.670006 0.656133 -0.260032 -0.230141 1 2.1 6 0.048 3 13 48
52.3794 1 -22.9191 6.57429 -220.228 -0.670006 0.656133 -0.260032 -0.230141 1 2.1 6 0.048 3 13 48
52.4015 1 -22.9191 6.57429 -220.228 -0.670006 0.656133 -0.260032 -0.230141 1 2.1 6 0.048 3 13 48
52.4182 1 -22.9191 6.57429 -220.228 -0.670006 0.656133 -0.260032 -0.230141 1 2.1 6 0.048 3 13 48
52.4402 1 -22.9191 6.57429 -220.228 -0.670006 0.656133 -0.260032 -0.230141 1 2.1 6 0.048 3 13 48
52.46 1 -22.9191 6.57429 -220.228 -0.670006 0.656133 -0.260032 -0.230141 1 2.1 6 0.048 3 13 48
52.4767 1 -22.9191 6.57429 -220.228 -0.670006 0.656133 -0.260032 -0.230141 1 2.1 6 0.048 3 13 48
52.4993 1 -22.9191 6.57429 -220.228 -0.670006 0.656133 -0.260032 -0.230141 1 2.1 6 0.048 3 13 48
52.516 1 -22.9191 6.57429 -220.228 -0.670006 0.656133 -0.260032 -0.230141 1 2.1 6 0.048 3 13 48
52.538 1 -22.9191 6.57429 -220.228 -0.670006 0.656133 -0.260032 -0.230141 1 2.1 6 0.048 3 13 48
52.5547 1 -22.9191 6.57429 -220.228 -0.670006 0.656133 -0.260032 -0.230141 1 2.1 6 0.048 3 13 48
52.5767 1 -22.9191 6.57429 -220.228 -0.670006 0.656133 -0.260032 -0.230141 1 2.1 6 0.048 3 13 48
52.5966 1 -22.9191 6.57429 -220.228 -0.670006 0.656133 -0.260032 -0.230141 1 2.1 6 0.048 3 13 48
52.6132 1 -22.9191 6.57429 -220.228 -0.670006 0.656133 -0.260032 -0.230141 1 2.1 6 0.048 3 13 48
52.6358 1 -22.9191 6.57429 -220.228 -0.670006 0.656133 -0.260032 -0.230141 1 2.1 6 0.048 3 13 48
52.6524 1 -22.9191 6.57429 -220.228 -0.670006 0.656133 -0.260032 -0.230141 1 2.1 6 0.048 3 13 48
52.6744 1 -22.9191 6.57429 -220.228 -0.670006 0.656133 -0.260032 -0.230141 1 2.1 6 0.048 3 13 48
52.691 1 -22.9191 6.57429 -220.228 -0.670006 0.656133 -0.260032 -0.230141 1 2.1 6 0.048 3 13 48
52.713 1 -22.9191 6.57429 -220.228 -0.670006 0.656133 -0.260032 -0.230141 1 2.1 6 0.048 3 13 48
52.7329 1 -22.9191 6.57429 -220.228 -0.670006 0.656133 -0.260032 -0.230141 1 2.1 6 0.048 3 13 48
52.7496 1 -22.9191 6.57429 -220.228 -0.670006 0.656133 -0.260032 -0.230141 1 2.1 6 0.048 3 13 48
52.7722 1 -22.9191 6.57429 -220.228 -0.670006 0.656133 -0.260032 -0.230141 1 2.1 6 0.048 3 13 48
52.7888 1 -22.9191 6.57429 -220.228 -0.670006 0.656133 -0.260032 -0.230141 1 2.1 6 0.048 3 13 48
52.8102 1 -22.9191 6.57429 -220.228 -0.670006 0.656133 -0.260032 -0.230141 1 2.1 6 0.048 3 13 48
52.8268 1 -22.9191 6.57429 -220.228 -0.670006 0.656133 -0.260032 -0.230141 1 2.1 6 0.048 3 13 48
52.8469 1 -22.9191 6.57429 -220.228 -0.670006 0.656133 -0.260032 -0.230141 1 2.1 6 0.048 3 13 48
52.8657 1 -22.9191 6.57429 -220.228 -0.670006 0.656133 -0.260032 -0.230141 1 2.1 6 0.048 3 13 48
52.8824 1 -22.9193 6.5743 -220.228 -0.670006 0.656133 -0.260032 -0.230141 1 2.1 6 0.048 3 13 48
52.9073 1 -22.9346 6.57503 -220.246 -0.670006 0.656133 -0.260032 -0.230141 1 2.1 6 0.048 3 13 48
52.924 1 -22.9448 6.57545 -220.258 -0.670006 0.656133 -0.260032 -0.230141 1 2.1 6 0.048 3 13 48
52.9406 1 -22.9544 6.57582 -220.269 -0.670006 0.656133 -0.260032 -0.230141 1 2.1 6 0.048 3 13 48
52.9573 1 -22.9637 6.57615 -220.28 -0.670006 0.656133 -0.260032 -0.230141 1 2.1 6 0.048 3 13 48
52.9764 1 -22.9731 6.57645 -220.291 -0.670006 0.656133 -0.260032 -0.230141 1 2.1 6 0.048 3 13 48
52.995 1 -22.982 6.57673 -220.302 -0.670006 0.656133 -0.260032 -0.230141 1 2.1 6 0.048 3 13 48
53.0139 1 -22.9908 6.57699 -220.312 -0.670006 0.656133 -0.260032 -0.230141 1 2.1 6 0.048 3 13 48
53.0326 1 -22.9995 6.57723 -220.322 -0.670006 0.656133 -0.260032 -0.230141 1 2.1 6 0.048 3 13 48
53.0493 1 -23.0079 6.57747 -220.332 -0.670006 0.656133 -0.260032 -0.230141 1 2.1 6 0.048 3 13 48
53.0695 1 -23.0164 6.5777 -220.342 -0.670006 0.656133 -0.260032 -0.230141 1 2.1 6 0.048 3 13 48
53.088 1 -23.0248 6.57792 -220.352 -0.670006 0.656133 -0.260032 -0.230141 1 2.1 6 0.048 3 13 48
53.1047 1 -23.0331 6.57814 -220.361 -0.670006 0.656133 -0.260032 -0.230141 1 2.1 6 0.048 3 13 48
53.1247 1 -23.0415 6.57835 -220.371 -0.670006 0.656133 -0.260032 -0.230141 1 2.1 6 0.048 3 13 48
53.1414 1 -23.0498 6.57857 -220.381 -0.670006 0.656133 -0.260032 -0.230141 1 2.1 6 0.048 3 13 48
53.1619 1 -23.0581 6.57878 -220.391 -0.670006 0.656133 -0.260032 -0.230141 1 2.1 6 0.048 3 13 48
53.1803 1 -23.0664 6.57899 -220.4 -0.670006 0.656133 -0.260032 -0.230141 1 2.1 6 0.048 3 13 48
53.1991 1 -23.0747 6.57921 -220.41 -0.670006 0.656133 -0.260032 -0.230141 1 2.1 6 0.048 3 13 48
53.2158 1 -23.0829 6.57942 -220.42 -0.670006 0.656133 -0.260032 -0.230141 1 2.1 6 0.048 3 13 48
53.2358 1 -23.0912 6.57963 -220.429 -0.670006 0.656133 -0.260032 -0.230141 1 2.1 6 0.048 3 13 48
53.2524 1 -23.0995 6.57984 -220.439 -0.670006 0.656133 -0.260032 -0.230141 1 2.1 6 0.048 3 13 48
53.2725 1 -23.1078 6.58005 -220.449 -0.670006 0.656133 -0.260032 -0.230141 1 2.1 6 0.048 3 13 48
53.2913 1 -23.116 6.58026 -220.458 -0.670006 0.656133 -0.260032 -0.230141 1 2.1 6 0.048 3 13 48
53.308 1 -23.1243 6.58047 -220.468 -0.670006 0.656133 -0.260032 -0.230141 1 2.1 6 0.048 3 13 48
53.3285 1 -23.1326 6.58068 -220.478 -0.670006 0.656133 -0.260032 -0.230141 1 2.1 6 0.048 3 13 48
53.3452 1 -23.1408 6.58089 -220.487 -0.670006 0.656133 -0.260032 -0.230141 1 2.1 6 0.048 3 13 48
53.3652 1 -23.1491 6.5811 -220.497 -0.670006 0.656133 -0.260032 -0.230141 1 2.1 6 0.048 3 13 48
53.3818 1 -23.1574 6.58131 -220.507 -0.670006 0.656133 -0.260032 -0.230141 1 2.1 6 0.048 3 13 48
53.402 1 -23.1656 6.58152 -220.516 -0.670006 0.656133 -0.260032 -0.230141 1 2.1 6 0.048 3 13 48
53.4203 1 -23.1739 6.58173 -220.526 -0.670006 0.656133 -0.260032 -0.230141 1 2.1 6 0.048 3 13 48
53.4392 1 -23.1822 6.58194 -220.536 -0.670006 0.656133 -0.260032 -0.230141 1 2.1 6 0.048 3 13 48
53.4623 1 -23.1904 6.58215 -220.545 -0.670006 0.656133 -0.260032 -0.230141 1 2.1 6 0.048 3 13 48
53.479 1 -23.1987 6.58236 -220.555 -0.670006 0.656133 -0.260032 -0.230141 1 2.1 6 0.048 3 13 48
53.4956 1 -23.207 6.58257 -220.565 -0.670006 0.656133 -0.260032 -0.230141 1 2.1 6 0.048 3 13 48
53.5133 1 -23.2152 6.58279 -220.574 -0.670006 0.656133 -0.260032 -0.230141 1 2.1 6 0.048 3 13 48
53.53 1 -23.2235 6.583 -220.584 -0.670006 0.656133 -0.260032 -0.230141 1 2.1 6 0.048 3 13 48
53.5544 1 -23.2317 6.5832 -220.593 -0.670006 0.656133 -0.260032 -0.230141 1 2.1 6 0.048 3 13 48
53.571 1 -23.24 6.58341 -220.603 -0.670006 0.656133 -0.260032 -0.230141 1 2.1 6 0.048 3 13 48
53.5877 1 -23.2482 6.58362 -220.613 -0.670006 0.656133 -0.260032 -0.230141 1 2.1 6 0.048 3 13 48
53.6058 1 -23.2565 6.58383 -220.623 -0.670006 0.656133 -0.260032 -0.230141 1 2.1 6 0.048 3 13 48
53.6284 1 -23.2647 6.58404 -220.632 -0.670006 0.656133 -0.260032 -0.230141 1 2.1 6 0.048 3 13 48
53.645 1 -23.273 6.58425 -220.642 -0.670006 0.656133 -0.260032 -0.230141 1 2.1 6 0.048 3 13 48
53.6617 1 -23.2813 6.58447 -220.652 -0.670006 0.656133 -0.260032 -0.230141 1 2.1 6 0.048 3 13 48
53.6784 1 -23.2896 6.58468 -220.661 -0.670006 0.656133 -0.260032 -0.230141 1 2.1 6 0.048 3 13 48
53.698 1 -23.2978 6.58489 -220.671 -0.670006 0.656133 -0.260032 -0.230141 1 2.1 6 0.048 3 13 48
53.7209 1 -23.306 6.58509 -220.68 -0.670006 0.656133 -0.260032 -0.230141 1 2.1 6 0.048 3 13 48
53.7376 1 -23.3143 6.5853 -220.69 -0.670006 0.656133 -0.260032 -0.230141 1 2.1 6 0.048 3 13 48
53.7543 1 -23.3226 6.58552 -220.7 -0.670006 0.656133 -0.260032 -0.230141 1 2.1 6 0.048 3 13 48
53.7709 1 -23.3309 6.58573 -220.709 -0.670006 0.656133 -0.260032 -0.230141 1 2.1 6 0.048 3 13 48
53.7949 1 -23.3391 6.58593 -220.719 -0.670006 0.656133 -0.260032 -0.230141 1 2.1 6 0.048 3 13 48
53.8115 1 -23.3473 6.58614 -220.729 -0.670006 0.656133 -0.260032 -0.230141 1 2.1 6 0.048 3 13 48
53.8282 1 -23.3556 6.58636 -220.738 -0.670006 0.656133 -0.260032 -0.230141 1 2.1 6 0.048 3 13 48
53.8449 1 -23.3639 6.58657 -220.748 -0.670006 0.656133 -0.260032 -0.230141 1 2.1 6 0.048 3 13 48
53.8645 1 -23.3722 6.58678 -220.758 -0.670006 0.656133 -0.260032 -0.230141 1 2.1 6 0.048 3 13 48
53.8811 1 -23.3804 6.58699 -220.767 -0.670006 0.656133 -0.260032 -0.230141 1 2.1 6 0.048 3 13 48
53.9012 1 -23.3887 6.5872 -220.777 -0.670006 0.656133 -0.260032 -0.230141 1 2.1 6 0.048 3 13 48
53.9199 1 -23.397 6.58741 -220.787 -0.670006 0.656133 -0.260032 -0.230141 1 2.1 6 0.048 3 13 48
53.9366 1 -23.4052 6.58762 -220.796 -0.670006 0.656133 -0.260032 -0.230141 1 2.1 6 0.048 3 13 48
53.9607 1 -23.4134 6.58782 -220.806 -0.670006 0.656133 -0.260032 -0.230141 1 2.1 6 0.048 3 13 48
53.9774 1 -23.4217 6.58803 -220.816 -0.670006 0.656133 -0.260032 -0.230141 1 2.1 6 0.048 3 13 48
53.9941 1 -23.43 6.58825 -220.825 -0.670006 0.656133 -0.260032 -0.230141 1 2.1 6 0.048 3 13 48
54.0119 1 -23.4383 6.58846 -220.835 -0.670006 0.656133 -0.260032 -0.230141 1 2.1 6 0.048 3 13 48
54.0286 1 -23.4465 6.58867 -220.845 -0.670006 0.656133 -0.260032 -0.230141 1 2.1 6 0.048 3 13 48
54.053 1 -23.4547 6.58887 -220.854 -0.670006 0.656133 -0.260032 -0.230141 1 2.1 6 0.048 3 13 48
54.0696 1 -23.463 6.58908 -220.864 -0.670006 0.656133 -0.260032 -0.230141 1 2.1 6 0.048 3 13 48
54.0863 1 -23.4713 6.5893 -220.874 -0.670006 0.656133 -0.260032 -0.230141 1 2.1 6 0.048 3 13 48
54.1048 1 -23.4795 6.58951 -220.883 -0.670006 0.656133 -0.260032 -0.230141 1 2.1 6 0.048 3 13 48
54.1214 1 -23.4878 6.58972 -220.893 -0.670006 0.656133 -0.260032 -0.230141 1 2.1 6 0.048 3 13 48
54.1457 1 -23.496 6.58992 -220.903 -0.670006 0.656133 -0.260032 -0.230141 1 2.1 6 0.048 3 13 48
54.1624 1 -23.5043 6.59013 -220.912 -0.670006 0.656133 -0.260032 -0.230141 1 2.1 6 0.048 3 13 48
54.1791 1 -23.5126 6.59035 -220.922 -0.670006 0.656133 -0.260032 -0.230141 1 2.1 6 0.048 3 13 48
54.1965 1 -23.5208 6.59056 -220.932 -0.670006 0.656133 -0.260032 -0.230141 1 2.1 6 0.048 3 13 48
54.2198 1 -23.529 6.59076 -220.941 -0.670006 0.656133 -0.260032 -0.230141 1 2.1 6 0.048 3 13 48
54.2364 1 -23.5373 6.59098 -220.951 -0.670006 0.656133 -0.260032 -0.230141 1 2.1 6 0.048 3 13 48
54.2531 1 -23.5456 6.59119 -220.961 -0.670006 0.656133 -0.260032 -0.230141 1 2.1 6 0.048 3 13 48
54.2711 1 -23.5539 6.5914 -220.97 -0.670006 0.656133 -0.260032 -0.230141 1 2.1 6 0.048 3 13 48
54.2895 1 -23.5621 6.59161 -220.98 -0.670006 0.656133 -0.260032 -0.230141 1 2.1 6 0.048 3 13 48
54.3062 1 -23.5704 6.59182 -220.99 -0.670006 0.656133 -0.260032 -0.230141 1 2.1 6 0.048 3 13 48
54.3264 1 -23.5787 6.59203 -220.999 -0.670006 0.656133 -0.260032 -0.230141 1 2.1 6 0.048 3 13 48
54.3431 1 -23.5869 6.59224 -221.009 -0.670006 0.656133 -0.260032 -0.230141 1 2.1 6 0.048 3 13 48
54.364 1 -23.5952 6.59245 -221.019 -0.670006 0.656133 -0.260032 -0.230141 1 2.1 6 0.048 3 13 48
54.3842 1 -23.6034 6.59266 -221.028 -0.670006 0.656133 -0.260032 -0.230141 1 2.1 6 0.048 3 13 48
54.401 1 -23.6117 6.59287 -221.038 -0.670006 0.656133 -0.260032 -0.230141 1 2.1 6 0.048 3 13 48
54.4193 1 -23.62 6.59308 -221.048 -0.670006 0.656133 -0.260032 -0.230141 1 2.1 6 0.048 3 13 48
54.436 1 -23.6283 6.59329 -221.057 -0.670006 0.656133 -0.260032 -0.230141 1 2.1 6 0.048 3 13 48
54.456 1 -23.6365 6.5935 -221.067 -0.670006 0.656133 -0.260032 -0.230141 1 2.1 6 0.048 3 13 48
54.4727 1 -23.6448 6.59371 -221.077 -0.670006 0.656133 -0.260032 -0.230141 1 2.1 6 0.048 3 13 48
54.4974 1 -23.653 6.59391 -221.086 -0.670006 0.656133 -0.260032 -0.230141 1 2.1 6 0.048 3 13 48
54.5141 1 -23.6613 6.59413 -221.096 -0.670006 0.656133 -0.260032 -0.230141 1 2.1 6 0.048 3 13 48
54.5308 1 -23.6695 6.59434 -221.105 -0.670006 0.656133 -0.260032 -0.230141 1 2.1 6 0.048 3 13 48
54.5474 1 -23.6778 6.59455 -221.115 -0.670006 0.656133 -0.260032 -0.230141 1 2.1 6 0.048 3 13 48
54.5716 1 -23.686 6.59475 -221.125 -0.670006 0.656133 -0.260032 -0.230141 1 2.1 6 0.048 3 13 48
54.5883 1 -23.6943 6.59497 -221.134 -0.670006 0.656133 -0.260032 -0.230141 1 2.1 6 0.048 3 13 48
54.605 1 -23.7026 6.59518 -221.144 -0.670006 0.656133 -0.260032 -0.230141 1 2.1 6 0.048 3 13 48
54.623 1 -23.7108 6.59539 -221.154 -0.670006 0.656133 -0.260032 -0.230141 1 2.1 6 0.048 3 13 48
54.6397 1 -23.7191 6.5956 -221.163 -0.670006 0.656133 -0.260032 -0.230141 1 2.1 6 0.048 3 13 48
54.6646 1 -23.7273 6.5958 -221.173 -0.670006 0.656133 -0.260032 -0.230141 1 2.1 6 0.048 3 13 48
54.6813 1 -23.7356 6.59602 -221.183 -0.670006 0.656133 -0.260032 -0.230141 1 2.1 6 0.048 3 13 48
54.6979 1 -23.7438 6.59623 -221.192 -0.670006 0.656133 -0.260032 -0.230141 1 2.1 6 0.048 3 13 48
54.7248 1 -23.752 6.59643 -221.202 -0.670006 0.656133 -0.260032 -0.230141 1 2.1 6 0.048 3 13 48
54.7415 1 -23.7603 6.59664 -221.212 -0.670006 0.656133 -0.260032 -0.230141 1 2.1 6 0.048 3 13 48
54.7581 1 -23.7686 6.59686 -221.221 -0.670006 0.656133 -0.260032 -0.230141 1 2.1 6 0.048 3 13 48
54.7748 1 -23.7768 6.59707 -221.231 -0.670006 0.656133 -0.260032 -0.230141 1 2.1 6 0.048 3 13 48
54.7915 1 -23.7851 6.59728 -221.241 -0.670006 0.656133 -0.260032 -0.230141 1 2.1 6 0.048 3 13 48
54.8103 1 -23.7934 6.59749 -221.25 -0.670006 0.656133 -0.260032 -0.230141 1 2.1 6 0.048 3 13 48
54.8273 1 -23.8017 6.5977 -221.26 -0.670006 0.656133 -0.260032 -0.230141 1 2.1 6 0.048 3 13 48
54.844 1 -23.8099 6.59792 -221.27 -0.670006 0.656133 -0.260032 -0.230141 1 2.1 6 0.048 3 13 48
54.8641 1 -23.8182 6.59812 -221.279 -0.670006 0.656133 -0.260032 -0.230141 1 2.1 6 0.048 3 13 48
54.8869 1 -23.8264 6.59833 -221.289 -0.670006 0.656133 -0.260032 -0.230141 1 2.1 6 0.048 3 13 48
54.9036 1 -23.8347 6.59854 -221.299 -0.670006 0.656133 -0.260032 -0.230141 1 2.1 6 0.048 3 13 48
54.9203 1 -23.843 6.59875 -221.308 -0.670006 0.656133 -0.260032 -0.230141 1 2.1 6 0.048 3 13 48
54.939 1 -23.8512 6.59896 -221.318 -0.670006 0.656133 -0.260032 -0.230141 1 2.1 6 0.048 3 13 48
54.9557 1 -23.8595 6.59917 -221.328 -0.670006 0.656133 -0.260032 -0.230141 1 2.1 6 0.048 3 13 48
54.9802 1 -23.8677 6.59937 -221.337 -0.670006 0.656133 -0.260032 -0.230141 1 2.1 6 0.048 3 13 48
54.9969 1 -23.876 6.59959 -221.347 -0.670006 0.656133 -0.260032 -0.230141 1 2.1 6 0.048 3 13 48
55.0136 1 -23.8842 6.5998 -221.356 -0.670006 0.656133 -0.260032 -0.230141 1 2.1 6 0.048 3 13 48
55.0314 1 -23.8925 6.60001 -221.366 -0.670006 0.656133 -0.260032 -0.230141 1 2.1 6 0.048 3 13 48
55.0481 1 -23.9008 6.60023 -221.376 -0.670006 0.656133 -0.260032 -0.230141 1 2.1 6 0.048 3 13 48
55.0731 1 -23.9089 6.60042 -221.385 -0.670006 0.656133 -0.260032 -0.230141 1 2.1 6 0.048 3 13 48
55.0898 1 -23.9172 6.60064 -221.395 -0.670006 0.656133 -0.260032 -0.230141 1 2.1 6 0.048 3 13 48
55.1065 1 -23.9255 6.60085 -221.405 -0.670006 0.656133 -0.260032 -0.230141 1 2.1 6 0.048 3 13 48
55.1231 1 -23.9338 6.60106 -221.414 -0.670006 0.656133 -0.260032 -0.230141 1 2.1 6 0.048 3 13 48
55.1469 1 -23.942 6.60127 -221.424 -0.670006 0.656133 -0.260032 -0.230141 1 2.1 6 0.048 3 13 48
55.1636 1 -23.9503 6.60148 -221.434 -0.670006 0.656133 -0.260032 -0.230141 1 2.1 6 0.048 3 13 48
55.1802 1 -23.9585 6.60169 -221.443 -0.670006 0.656133 -0.260032 -0.230141 1 2.1 6 0.048 3 13 48
55.1969 1 -23.9668 6.6019 -221.453 -0.670006 0.656133 -0.260032 -0.230141 1 2.1 6 0.048 3 13 48
55.2213 1 -23.975 6.6021 -221.463 -0.670006 0.656133 -0.260032 -0.230141 1 2.1 6 0.048 3 13 48
55.2379 1 -23.9833 6.60232 -221.472 -0.670006 0.656133 -0.260032 -0.230141 1 2.1 6 0.048 3 13 48
55.2546 1 -23.9916 6.60253 -221.482 -0.670006 0.656133 -0.260032 -0.230141 1 2.1 6 0.048 3 13 48
55.2749 1 -23.9998 6.60274 -221.492 -0.670006 0.656133 -0.260032 -0.230141 1 2.1 6 0.048 3 13 48
55.2916 1 -24.0081 6.60295 -221.501 -0.670006 0.656133 -0.260032 -0.230141 1 2.1 6 0.048 3 13 48
55.3179 1 -24.0162 6.60315 -221.511 -0.670006 0.656133 -0.260032 -0.230141 1 2.1 6 0.048 3 13 48
55.3346 1 -24.0245 6.60336 -221.521 -0.670006 0.656133 -0.260032 -0.230141 1 2.1 6 0.048 3 13 48
55.3532 1 -24.0328 6.60358 -221.53 -0.670006 0.656133 -0.260032 -0.230141 1 2.1 6 0.048 3 13 48
55.3731 1 -24.0411 6.60379 -221.54 -0.670006 0.656133 -0.260032 -0.230141 1 2.1 6 0.048 3 13 48
55.3897 1 -24.0494 6.604 -221.55 -0.670006 0.656133 -0.260032 -0.230141 1 2.1 6 0.048 3 13 48
55.4119 1 -24.0576 6.60421 -221.559 -0.670006 0.656133 -0.260032 -0.230141 1 2.1 6 0.048 3 13 48
55.4285 1 -24.0659 6.60442 -221.569 -0.670006 0.656133 -0.260032 -0.230141 1 2.1 6 0.048 3 13 48
55.4508 1 -24.0742 6.60463 -221.579 -0.670006 0.656133 -0.260032 -0.230141 1 2.1 6 0.048 3 13 48
55.4746 1 -24.0824 6.60483 -221.588 -0.670006 0.656133 -0.260032 -0.230141 1 2.1 6 0.048 3 13 48
55.4913 1 -24.0907 6.60505 -221.598 -0.670006 0.656133 -0.260032 -0.230141 1 2.1 6 0.048 3 13 48
55.5079 1 -24.099 6.60526 -221.608 -0.670006 0.656133 -0.260032 -0.230141 1 2.1 6 0.048 3 13 48
55.5287 1 -24.1072 6.60547 -221.617 -0.670006 0.656133 -0.260032 -0.230141 1 2.1 6 0.048 3 13 48
55.5529 1 -24.1154 6.60567 -221.627 -0.670006 0.656133 -0.260032 -0.230141 1 2.1 6 0.048 3 13 48
55.5696 1 -24.1238 6.60589 -221.637 -0.670006 0.656133 -0.260032 -0.230141 1 2.1 6 0.048 3 13 48
55.5876 1 -24.132 6.6061 -221.646 -0.670006 0.656133 -0.260032 -0.230141 1 2.1 6 0.048 3 13 48
55.6043 1 -24.1403 6.60632 -221.656 -0.670006 0.656133 -0.260032 -0.230141 1 2.1 6 0.048 3 13 48
55.631 1 -24.1484 6.60651 -221.665 -0.670006 0.656133 -0.260032 -0.230141 1 2.1 6 0.048 3 13 48
55.6476 1 -24.1568 6.60673 -221.675 -0.670006 0.656133 -0.260032 -0.230141 1 2.1 6 0.048 3 13 48
55.6657 1 -24.1651 6.60694 -221.685 -0.670006 0.656133 -0.260032 -0.230141 1 2.1 6 0.048 3 13 48
55.6824 1 -24.1733 6.60715 -221.694 -0.670006 0.656133 -0.260032 -0.230141 1 2.1 6 0.048 3 13 48
55.7042 1 -24.1816 6.60736 -221.704 -0.670006 0.656133 -0.260032 -0.230141 1 2.1 6 0.048 3 13 48
55.7284 1 -24.1898 6.60756 -221.714 -0.670006 0.656133 -0.260032 -0.230141 1 2.1 6 0.048 3 13 48
55.7451 1 -24.1981 6.60778 -221.723 -0.670006 0.656133 -0.260032 -0.230141 1 2.1 6 0.048 3 13 48
55.7635 1 -24.2064 6.60799 -221.733 -0.670006 0.656133 -0.260032 -0.230141 1 2.1 6 0.048 3 13 48
55.7802 1 -24.2147 6.60821 -221.743 -0.670006 0.656133 -0.260032 -0.230141 1 2.1 6 0.048 3 13 48
55.8065 1 -24.2228 6.6084 -221.752 -0.670006 0.656133 -0.260032 -0.230141 1 2.1 6 0.048 3 13 48
55.8232 1 -24.2311 6.60862 -221.762 -0.670006 0.656133 -0.260032 -0.230141 1 2.1 6 0.048 3 13 48
55.8412 1 -24.2394 6.60883 -221.772 -0.670006 0.656133 -0.260032 -0.230141 1 2.1 6 0.048 3 13 48
55.8611 1 -24.2477 6.60904 -221.781 -0.670006 0.656133 -0.260032 -0.230141 1 2.1 6 0.048 3 13 48
55.8777 1 -24.256 6.60926 -221.791 -0.670006 0.656133 -0.260032 -0.230141 1 2.1 6 0.048 3 13 48
55.9047 1 -24.2641 6.60945 -221.801 -0.670006 0.656133 -0.260032 -0.230141 1 2.1 6 0.048 3 13 48
55.9214 1 -24.2724 6.60967 -221.81 -0.670006 0.656133 -0.260032 -0.230141 1 2.1 6 0.048 3 13 48
55.9392 1 -24.2807 6.60988 -221.82 -0.670006 0.656133 -0.260032 -0.230141 1 2.1 6 0.048 3 13 48
55.9559 1 -24.289 6.6101 -221.83 -0.670006 0.656133 -0.260032 -0.230141 1 2.1 6 0.048 3 13 48
55.9819 1 -24.2971 6.61029 -221.839 -0.670006 0.656133 -0.260032 -0.230141 1 2.1 6 0.048 3 13 48
55.9986 1 -24.3054 6.61051 -221.849 -0.670006 0.656133 -0.260032 -0.230141 1 2.1 6 0.048 3 13 48
56.0152 1 -24.3137 6.61072 -221.859 -0.670006 0.656133 -0.260032 -0.230141 1 2.1 6 0.048 3 13 48
56.0377 1 -24.322 6.61093 -221.868 -0.670006 0.656133 -0.260032 -0.230141 1 2.1 6 0.048 3 13 48
56.0544 1 -24.3303 6.61115 -221.878 -0.670006 0.656133 -0.260032 -0.230141 1 2.1 6 0.048 3 13 48
56.0764 1 -24.3385 6.61135 -221.888 -0.670006 0.656133 -0.260032 -0.230141 1 2.1 6 0.048 3 13 48
56.0931 1 -24.3468 6.61157 -221.897 -0.670006 0.656133 -0.260032 -0.230141 1 2.1 6 0.048 3 13 48
56.1152 1 -24.3551 6.61177 -221.907 -0.670006 0.656133 -0.260032 -0.230141 1 2.1 6 0.048 3 13 48
56.1389 1 -24.3633 6.61198 -221.917 -0.670006 0.656133 -0.260032 -0.230141 1 2.1 6 0.048 3 13 48
56.1556 1 -24.3716 6.61219 -221.926 -0.670006 0.656133 -0.260032 -0.230141 1 2.1 6 0.048 3 13 48
56.1741 1 -24.3799 6.61241 -221.936 -0.670006 0.656133 -0.260032 -0.230141 1 2.1 6 0.048 3 13 48
56.1907 1 -24.3882 6.61262 -221.946 -0.670006 0.656133 -0.260032 -0.230141 1 2.1 6 0.048 3 13 48
56.2172 1 -24.3963 6.61282 -221.955 -0.670006 0.656133 -0.260032 -0.230141 1 2.1 6 0.048 3 13 48
56.2339 1 -24.4046 6.61303 -221.965 -0.670006 0.656133 -0.260032 -0.230141 1 2.1 6 0.048 3 13 48
56.2522 1 -24.4129 6.61325 -221.975 -0.670006 0.656133 -0.260032 -0.230141 1 2.1 6 0.048 3 13 48
56.2689 1 -24.4212 6.61346 -221.984 -0.670006 0.656133 -0.260032 -0.230141 1 2.1 6 0.048 3 13 48
56.2911 1 -24.4294 6.61366 -221.994 -0.670006 0.656133 -0.260032 -0.230141 1 2.1 6 0.048 3 13 48
56.3153 1 -24.4376 6.61387 -222.004 -0.670006 0.656133 -0.260032 -0.230141 1 2.1 6 0.048 3 13 48
56.3319 1 -24.446 6.61408 -222.013 -0.670006 0.656133 -0.260032 -0.230141 1 2.1 6 0.048 3 13 48
56.3506 1 -24.4542 6.6143 -222.023 -0.670006 0.656133 -0.260032 -0.230141 1 2.1 6 0.048 3 13 48
56.3673 1 -24.4625 6.61451 -222.033 -0.670006 0.656133 -0.260032 -0.230141 1 2.1 6 0.048 3 13 48
56.3935 1 -24.4707 6.61471 -222.042 -0.670006 0.656133 -0.260032 -0.230141 1 2.1 6 0.048 3 13 48
56.4102 1 -24.479 6.61492 -222.052 -0.670006 0.656133 -0.260032 -0.230141 1 2.1 6 0.048 3 13 48
56.4282 1 -24.4873 6.61514 -222.062 -0.670006 0.656133 -0.260032 -0.230141 1 2.1 6 0.048 3 13 48
56.4484 1 -24.4956 6.61535 -222.071 -0.670006 0.656133 -0.260032 -0.230141 1 2.1 6 0.048 3 13 48
56.4678 1 -24.5038 6.61556 -222.081 -0.670006 0.656133 -0.260032 -0.230141 1 2.1 6 0.048 3 13 48
56.4875 1 -24.5121 6.61577 -222.091 -0.670006 0.656133 -0.260032 -0.230141 1 2.1 6 0.048 3 13 48
56.5042 1 -24.5204 6.61598 -222.1 -0.670006 0.656133 -0.260032 -0.230141 1 2.1 6 0.048 3 13 48
56.5263 1 -24.5286 6.61619 -222.11 -0.670006 0.656133 -0.260032 -0.230141 1 2.1 6 0.048 3 13 48
56.5429 1 -24.5369 6.6164 -222.12 -0.670006 0.656133 -0.260032 -0.230141 1 2.1 6 0.048 3 13 48
56.5694 1 -24.5451 6.6166 -222.129 -0.670006 0.656133 -0.260032 -0.230141 1 2.1 6 0.048 3 13 48
56.5861 1 -24.5534 6.61682 -222.139 -0.670006 0.656133 -0.260032 -0.230141 1 2.1 6 0.048 3 13 48
56.6027 1 -24.5617 6.61703 -222.149 -0.670006 0.656133 -0.260032 -0.230141 1 2.1 6 0.048 3 13 48
56.6245 1 -24.5699 6.61724 -222.158 -0.670006 0.656133 -0.260032 -0.230141 1 2.1 6 0.048 3 13 48
56.6412 1 -24.5782 6.61745 -222.168 -0.670006 0.656133 -0.260032 -0.230141 1 2.1 6 0.048 3 13 48
56.6635 1 -24.5865 6.61766 -222.178 -0.670006 0.656133 -0.260032 -0.230141 1 2.1 6 0.048 3 13 48
56.6801 1 -24.5947 6.61787 -222.187 -0.670006 0.656133 -0.260032 -0.230141 1 2.1 6 0.048 3 13 48
56.7024 1 -24.603 6.61808 -222.197 -0.670006 0.656133 -0.260032 -0.230141 1 2.1 6 0.048 3 13 48
56.7264 1 -24.6112 6.61828 -222.206 -0.670006 0.656133 -0.260032 -0.230141 1 2.1 6 0.048 3 13 48
56.7431 1 -24.6195 6.6185 -222.216 -0.670006 0.656133 -0.260032 -0.230141 1 2.1 6 0.048 3 13 48
56.7614 1 -24.6278 6.61871 -222.226 -0.670006 0.656133 -0.260032 -0.230141 1 2.1 6 0.048 3 13 48
56.7781 1 -24.6361 6.61893 -222.236 -0.670006 0.656133 -0.260032 -0.230141 1 2.1 6 0.048 3 13 48
56.8044 1 -24.6442 6.61912 -222.245 -0.670006 0.656133 -0.260032 -0.230141 1 2.1 6 0.048 3 13 48
56.821 1 -24.6525 6.61934 -222.255 -0.670006 0.656133 -0.260032 -0.230141 1 2.1 6 0.048 3 13 48
56.8391 1 -24.6608 6.61955 -222.264 -0.670006 0.656133 -0.260032 -0.230141 1 2.1 6 0.048 3 13 48
56.8589 1 -24.6691 6.61976 -222.274 -0.670006 0.656133 -0.260032 -0.230141 1 2.1 6 0.048 3 13 48
56.8755 1 -24.6774 6.61998 -222.284 -0.670006 0.656133 -0.260032 -0.230141 1 2.1 6 0.048 3 13 48
56.9024 1 -24.6855 6.62017 -222.293 -0.670006 0.656133 -0.260032 -0.230141 1 2.1 6 0.048 3 13 48
56.9191 1 -24.6938 6.62039 -222.303 -0.670006 0.656133 -0.260032 -0.230141 1 2.1 6 0.048 3 13 48
56.9369 1 -24.7021 6.6206 -222.313 -0.670006 0.656133 -0.260032 -0.230141 1 2.1 6 0.048 3 13 48
56.9536 1 -24.7104 6.62082 -222.322 -0.670006 0.656133 -0.260032 -0.230141 1 2.1 6 0.048 3 13 48
56.9801 1 -24.7185 6.62101 -222.332 -0.670006 0.656133 -0.260032 -0.230141 1 2.1 6 0.048 3 13 48
56.9968 1 -24.7269 6.62123 -222.342 -0.670006 0.656133 -0.260032 -0.230141 1 2.1 6 0.048 3 13 48
57.0135 1 -24.7352 6.62144 -222.351 -0.670006 0.656133 -0.260032 -0.230141 1 2.1 6 0.048 3 13 48
57.0347 1 -24.7434 6.62165 -222.361 -0.670006 0.656133 -0.260032 -0.230141 1 2.1 6 0.048 3 13 48
57.0514 1 -24.7517 6.62187 -222.371 -0.670006 0.656133 -0.260032 -0.230141 1 2.1 6 0.048 3 13 48
57.0777 1 -24.7598 6.62206 -222.38 -0.670006 0.656133 -0.260032 -0.230141 1 2.1 6 0.048 3 13 48
57.0943 1 -24.7682 6.62228 -222.39 -0.670006 0.656133 -0.260032 -0.230141 1 2.1 6 0.048 3 13 48
57.1122 1 -24.7765 6.62249 -222.4 -0.670006 0.656133 -0.260032 -0.230141 1 2.1 6 0.048 3 13 48
57.1363 1 -24.7847 6.6227 -222.409 -0.670006 0.656133 -0.260032 -0.230141 1 2.1 6 0.048 3 13 48
57.153 1 -24.793 6.62291 -222.419 -0.670006 0.656133 -0.260032 -0.230141 1 2.1 6 0.048 3 13 48
57.1714 1 -24.8013 6.62313 -222.429 -0.670006 0.656133 -0.260032 -0.230141 1 2.1 6 0.048 3 13 48
57.188 1 -24.8095 6.62334 -222.438 -0.670006 0.656133 -0.260032 -0.230141 1 2.1 6 0.048 3 13 48
57.2101 1 -24.8178 6.62354 -222.448 -0.670006 0.656133 -0.260032 -0.230141 1 2.1 6 0.048 3 13 48
57.2268 1 -24.8261 6.62376 -222.458 -0.670006 0.656133 -0.260032 -0.230141 1 2.1 6 0.048 3 13 48
57.2489 1 -24.8343 6.62396 -222.467 -0.670006 0.656133 -0.260032 -0.230141 1 2.1 6 0.048 3 13 48
57.2686 1 -24.8426 6.62418 -222.477 -0.670006 0.656133 -0.260032 -0.230141 1 2.1 6 0.048 3 13 48
57.2853 1 -24.8509 6.62439 -222.487 -0.670006 0.656133 -0.260032 -0.230141 1 2.1 6 0.048 3 13 48
57.3121 1 -24.859 6.62459 -222.496 -0.670006 0.656133 -0.260032 -0.230141 1 2.1 6 0.048 3 13 48
57.3288 1 -24.8673 6.6248 -222.506 -0.670006 0.656133 -0.260032 -0.230141 1 2.1 6 0.048 3 13 48
57.3464 1 -24.8756 6.62502 -222.516 -0.670006 0.656133 -0.260032 -0.230141 1 2.1 6 0.048 3 13 48
57.363 1 -24.8839 6.62523 -222.525 -0.670006 0.656133 -0.260032 -0.230141 1 2.1 6 0.048 3 13 48
57.3889 1 -24.892 6.62543 -222.535 -0.670006 0.656133 -0.260032 -0.230141 1 2.1 6 0.048 3 13 48
57.4055 1 -24.9004 6.62564 -222.545 -0.670006 0.656133 -0.260032 -0.230141 1 2.1 6 0.048 3 13 48
57.4222 1 -24.9087 6.62586 -222.554 -0.670006 0.656133 -0.260032 -0.230141 1 2.1 6 0.048 3 13 48
57.444 1 -24.9169 6.62606 -222.564 -0.670006 0.656133 -0.260032 -0.230141 1 2.1 6 0.048 3 13 48
57.4607 1 -24.9252 6.62628 -222.574 -0.670006 0.656133 -0.260032 -0.230141 1 2.1 6 0.048 3 13 48
57.4868 1 -24.9333 6.62648 -222.583 -0.670006 0.656133 -0.260032 -0.230141 1 2.1 6 0.048 3 13 48
57.5036 1 -24.9416 6.62669 -222.593 -0.670006 0.656133 -0.260032 -0.230141 1 2.1 6 0.048 3 13 48
57.521 1 -24.9499 6.62691 -222.602 -0.670006 0.656133 -0.260032 -0.230141 1 2.1 6 0.048 3 13 48
57.5409 1 -24.9582 6.62712 -222.612 -0.670006 0.656133 -0.260032 -0.230141 1 2.1 6 0.048 3 13 48
57.5576 1 -24.9665 6.62733 -222.622 -0.670006 0.656133 -0.260032 -0.230141 1 2.1 6 0.048 3 13 48
57.5845 1 -24.9746 6.62753 -222.631 -0.670006 0.656133 -0.260032 -0.230141 1 2.1 6 0.048 3 13 48
57.6012 1 -24.9829 6.62774 -222.641 -0.670006 0.656133 -0.260032 -0.230141 1 2.1 6 0.048 3 13 48
57.6187 1 -24.9912 6.62796 -222.651 -0.670006 0.656133 -0.260032 -0.230141 1 2.1 6 0.048 3 13 48
57.6353 1 -24.9995 6.62817 -222.66 -0.670006 0.656133 -0.260032 -0.230141 1 2.1 6 0.048 3 13 48
57.6615 1 -25.0077 6.62837 -222.67 -0.670006 0.656133 -0.260032 -0.230141 1 2.1 6 0.048 3 13 48
57.6782 1 -25.016 6.62858 -222.68 -0.670006 0.656133 -0.260032 -0.230141 1 2.1 6 0.048 3 13 48
57.6948 1 -25.0243 6.6288 -222.689 -0.670006 0.656133 -0.260032 -0.230141 1 2.1 6 0.048 3 13 48
57.7195 1 -25.0324 6.629 -222.699 -0.670006 0.656133 -0.260032 -0.230141 1 2.1 6 0.048 3 13 48
57.7362 1 -25.0407 6.62922 -222.709 -0.670006 0.656133 -0.260032 -0.230141 1 2.1 6 0.048 3 13 48
57.7548 1 -25.049 6.62943 -222.718 -0.670006 0.656133 -0.260032 -0.230141 1 2.1 6 0.048 3 13 48
57.7714 1 -25.0573 6.62964 -222.728 -0.670006 0.656133 -0.260032 -0.230141 1 2.1 6 0.048 3 13 48
57.7931 1 -25.0656 6.62985 -222.738 -0.670006 0.656133 -0.260032 -0.230141 1 2.1 6 0.048 3 13 48
57.8098 1 -25.0739 6.63006 -222.747 -0.670006 0.656133 -0.260032 -0.230141 1 2.1 6 0.048 3 13 48
57.8362 1 -25.082 6.63026 -222.757 -0.670006 0.656133 -0.260032 -0.230141 1 2.1 6 0.048 3 13 48
57.8529 1 -25.0903 6.63047 -222.767 -0.670006 0.656133 -0.260032 -0.230141 1 2.1 6 0.048 3 13 48
57.8696 1 -25.0986 6.63069 -222.776 -0.670006 0.656133 -0.260032 -0.230141 1 2.1 6 0.048 3 13 48
57.895 1 -25.1068 6.63089 -222.786 -0.670006 0.656133 -0.260032 -0.230141 1 2.1 6 0.048 3 13 48
57.9117 1 -25.1151 6.6311 -222.796 -0.670006 0.656133 -0.260032 -0.230141 1 2.1 6 0.048 3 13 48
57.9294 1 -25.1234 6.63132 -222.805 -0.670006 0.656133 -0.260032 -0.230141 1 2.1 6 0.048 3 13 48
57.9461 1 -25.1317 6.63153 -222.815 -0.670006 0.656133 -0.260032 -0.230141 1 2.1 6 0.048 3 13 48
57.9723 1 -25.1398 6.63173 -222.824 -0.670006 0.656133 -0.260032 -0.230141 1 2.1 6 0.048 3 13 48
57.989 1 -25.1481 6.63194 -222.834 -0.670006 0.656133 -0.260032 -0.230141 1 2.1 6 0.048 3 13 48
58.0056 1 -25.1564 6.63216 -222.844 -0.670006 0.656133 -0.260032 -0.230141 1 2.1 6 0.048 3 13 48
58.0268 1 -25.1646 6.63237 -222.854 -0.670006 0.656133 -0.260032 -0.230141 1 2.1 6 0.048 3 13 48
58.0435 1 -25.1729 6.63258 -222.863 -0.670006 0.656133 -0.260032 -0.230141 1 2.1 6 0.048 3 13 48
58.0698 1 -25.1811 6.63278 -222.873 -0.670006 0.656133 -0.260032 -0.230141 1 2.1 6 0.048 3 13 48
58.0866 1 -25.1894 6.63299 -222.882 -0.670006 0.656133 -0.260032 -0.230141 1 2.1 6 0.048 3 13 48
58.1042 1 -25.1977 6.63321 -222.892 -0.670006 0.656133 -0.260032 -0.230141 1 2.1 6 0.048 3 13 48
58.1239 1 -25.206 6.63342 -222.902 -0.670006 0.656133 -0.260032 -0.230141 1 2.1 6 0.048 3 13 48
58.1438 1 -25.2142 6.63363 -222.912 -0.670006 0.656133 -0.260032 -0.230141 1 2.1 6 0.048 3 13 48
58.1629 1 -25.2225 6.63384 -222.921 -0.670006 0.656133 -0.260032 -0.230141 1 2.1 6 0.048 3 13 48
58.1796 1 -25.2308 6.63405 -222.931 -0.670006 0.656133 -0.260032 -0.230141 1 2.1 6 0.048 3 13 48
58.2016 1 -25.239 6.63426 -222.941 -0.670006 0.656133 -0.260032 -0.230141 1 2.1 6 0.048 3 13 48
58.2301 1 -25.2471 6.63445 -222.95 -0.670006 0.656133 -0.260032 -0.230141 1 2.1 6 0.048 3 13 48
58.2467 1 -25.2555 6.63467 -222.96 -0.670006 0.656133 -0.260032 -0.230141 1 2.1 6 0.048 3 13 48
58.2634 1 -25.2638 6.63489 -222.969 -0.670006 0.656133 -0.260032 -0.230141 1 2.1 6 0.048 3 13 48
58.2801 1 -25.2721 6.6351 -222.979 -0.670006 0.656133 -0.260032 -0.230141 1 2.1 6 0.048 3 13 48
58.2967 1 -25.2803 6.63532 -222.989 -0.670006 0.656133 -0.260032 -0.230141 1 2.1 6 0.048 3 13 48
58.3141 1 -25.2886 6.63553 -222.998 -0.670006 0.656133 -0.260032 -0.230141 1 2.1 6 0.048 3 13 48
58.3333 1 -25.2969 6.63574 -223.008 -0.670006 0.656133 -0.260032 -0.230141 1 2.1 6 0.048 3 13 48
58.3499 1 -25.3052 6.63595 -223.018 -0.670006 0.656133 -0.260032 -0.230141 1 2.1 6 0.048 3 13 48
58.3698 1 -25.3134 6.63616 -223.027 -0.670006 0.656133 -0.260032 -0.230141 1 2.1 6 0.048 3 13 48
58.3932 1 -25.3216 6.63636 -223.037 -0.670006 0.656133 -0.260032 -0.230141 1 2.1 6 0.048 3 13 48
58.4099 1 -25.3299 6.63657 -223.047 -0.670006 0.656133 -0.260032 -0.230141 1 2.1 6 0.048 3 13 48
58.4266 1 -25.3382 6.63679 -223.056 -0.670006 0.656133 -0.260032 -0.230141 1 2.1 6 0.048 3 13 48
58.4442 1 -25.3465 6.637 -223.066 -0.670006 0.656133 -0.260032 -0.230141 1 2.1 6 0.048 3 13 48
58.4609 1 -25.3547 6.63721 -223.076 -0.670006 0.656133 -0.260032 -0.230141 1 2.1 6 0.048 3 13 48
58.4852 1 -25.3629 6.63741 -223.085 -0.670006 0.656133 -0.260032 -0.230141 1 2.1 6 0.048 3 13 48
58.5018 1 -25.3712 6.63762 -223.095 -0.670006 0.656133 -0.260032 -0.230141 1 2.1 6 0.048 3 13 48
58.5185 1 -25.3795 6.63784 -223.105 -0.670006 0.656133 -0.260032 -0.230141 1 2.1 6 0.048 3 13 48
58.5363 1 -25.3877 6.63805 -223.114 -0.670006 0.656133 -0.260032 -0.230141 1 2.1 6 0.048 3 13 48
58.553 1 -25.396 6.63826 -223.124 -0.670006 0.656133 -0.260032 -0.230141 1 2.1 6 0.048 3 13 48
58.5779 1 -25.4042 6.63846 -223.134 -0.670006 0.656133 -0.260032 -0.230141 1 2.1 6 0.048 3 13 48
58.5946 1 -25.4125 6.63867 -223.143 -0.670006 0.656133 -0.260032 -0.230141 1 2.1 6 0.048 3 13 48
58.6112 1 -25.4207 6.63889 -223.153 -0.670006 0.656133 -0.260032 -0.230141 1 2.1 6 0.048 3 13 48
58.6279 1 -25.429 6.6391 -223.163 -0.670006 0.656133 -0.260032 -0.230141 1 2.1 6 0.048 3 13 48
58.6513 1 -25.4372 6.6393 -223.172 -0.670006 0.656133 -0.260032 -0.230141 1 2.1 6 0.048 3 13 48
58.668 1 -25.4455 6.63951 -223.182 -0.670006 0.656133 -0.260032 -0.230141 1 2.1 6 0.048 3 13 48
58.6847 1 -25.4538 6.63973 -223.192 -0.670006 0.656133 -0.260032 -0.230141 1 2.1 6 0.048 3 13 48
58.7036 1 -25.462 6.63994 -223.201 -0.670006 0.656133 -0.260032 -0.230141 1 2.1 6 0.048 3 13 48
58.7233 1 -25.4703 6.64015 -223.211 -0.670006 0.656133 -0.260032 -0.230141 1 2.1 6 0.048 3 13 48
58.7404 1 -25.4786 6.64036 -223.221 -0.670006 0.656133 -0.260032 -0.230141 1 2.1 6 0.048 3 13 48
58.7587 1 -25.4869 6.64057 -223.23 -0.670006 0.656133 -0.260032 -0.230141 1 2.1 6 0.048 3 13 48
58.7754 1 -25.4951 6.64078 -223.24 -0.670006 0.656133 -0.260032 -0.230141 1 2.1 6 0.048 3 13 48
58.7956 1 -25.5034 6.64099 -223.25 -0.670006 0.656133 -0.260032 -0.230141 1 2.1 6 0.048 3 13 48
58.8123 1 -25.5117 6.6412 -223.259 -0.670006 0.656133 -0.260032 -0.230141 1 2.1 6 0.048 3 13 48
58.8369 1 -25.5198 6.6414 -223.269 -0.670006 0.656133 -0.260032 -0.230141 1 2.1 6 0.048 3 13 48
58.8536 1 -25.5281 6.64161 -223.278 -0.670006 0.656133 -0.260032 -0.230141 1 2.1 6 0.048 3 13 48
58.8702 1 -25.5364 6.64183 -223.288 -0.670006 0.656133 -0.260032 -0.230141 1 2.1 6 0.048 3 13 48
58.8869 1 -25.5447 6.64204 -223.298 -0.670006 0.656133 -0.260032 -0.230141 1 2.1 6 0.048 3 13 48
58.911 1 -25.5528 6.64224 -223.307 -0.670006 0.656133 -0.260032 -0.230141 1 2.1 6 0.048 3 13 48
58.9277 1 -25.5611 6.64246 -223.317 -0.670006 0.656133 -0.260032 -0.230141 1 2.1 6 0.048 3 13 48
58.9443 1 -25.5694 6.64267 -223.327 -0.670006 0.656133 -0.260032 -0.230141 1 2.1 6 0.048 3 13 48
58.9621 1 -25.5777 6.64288 -223.336 -0.670006 0.656133 -0.260032 -0.230141 1 2.1 6 0.048 3 13 48
58.9788 1 -25.586 6.64309 -223.346 -0.670006 0.656133 -0.260032 -0.230141 1 2.1 6 0.048 3 13 48
59.0039 1 -25.5941 6.64329 -223.356 -0.670006 0.656133 -0.260032 -0.230141 1 2.1 6 0.048 3 13 48
59.0206 1 -25.6024 6.6435 -223.365 -0.670006 0.656133 -0.260032 -0.230141 1 2.1 6 0.048 3 13 48
59.0372 1 -25.6107 6.64372 -223.375 -0.670006 0.656133 -0.260032 -0.230141 1 2.1 6 0.048 3 13 48
59.0539 1 -25.619 6.64393 -223.385 -0.670006 0.656133 -0.260032 -0.230141 1 2.1 6 0.048 3 13 48
59.0772 1 -25.6272 6.64413 -223.394 -0.670006 0.656133 -0.260032 -0.230141 1 2.1 6 0.048 3 13 48
59.0938 1 -25.6355 6.64435 -223.404 -0.670006 0.656133 -0.260032 -0.230141 1 2.1 6 0.048 3 13 48
59.1105 1 -25.6437 6.64456 -223.414 -0.670006 0.656133 -0.260032 -0.230141 1 2.1 6 0.048 3 13 48
59.1293 1 -25.652 6.64477 -223.423 -0.670006 0.656133 -0.260032 -0.230141 1 2.1 6 0.048 3 13 48
59.1477 1 -25.6603 6.64498 -223.433 -0.670006 0.656133 -0.260032 -0.230141 1 2.1 6 0.048 3 13 48
59.1659 1 -25.6686 6.64519 -223.443 -0.670006 0.656133 -0.260032 -0.230141 1 2.1 6 0.048 3 13 48
59.1826 1 -25.6768 6.6454 -223.452 -0.670006 0.656133 -0.260032 -0.230141 1 2.1 6 0.048 3 13 48
59.2028 1 -25.6851 6.64561 -223.462 -0.670006 0.656133 -0.260032 -0.230141 1 2.1 6 0.048 3 13 48
59.2195 1 -25.6934 6.64582 -223.472 -0.670006 0.656133 -0.260032 -0.230141 1 2.1 6 0.048 3 13 48
59.2362 1 -25.7016 6.64603 -223.481 -0.670006 0.656133 -0.260032 -0.230141 1 2.1 6 0.048 3 13 48
59.2585 1 -25.7098 6.64624 -223.491 -0.670006 0.656133 -0.260032 -0.230141 1 2.1 6 0.048 3 13 48
59.2752 1 -25.7181 6.64645 -223.501 -0.670006 0.656133 -0.260032 -0.230141 1 2.1 6 0.048 3 13 48
59.2959 1 -25.7264 6.64666 -223.51 -0.670006 0.656133 -0.260032 -0.230141 1 2.1 6 0.048 3 13 48
59.3126 1 -25.7346 6.64687 -223.52 -0.670006 0.656133 -0.260032 -0.230141 1 2.1 6 0.048 3 13 48
59.3326 1 -25.7429 6.64708 -223.53 -0.670006 0.656133 -0.260032 -0.230141 1 2.1 6 0.048 3 13 48
59.3493 1 -25.7512 6.64729 -223.539 -0.670006 0.656133 -0.260032 -0.230141 1 2.1 6 0.048 3 13 48
59.3693 1 -25.7594 6.6475 -223.549 -0.670006 0.656133 -0.260032 -0.230141 1 2.1 6 0.048 3 13 48
59.3926 1 -25.7676 6.6477 -223.559 -0.670006 0.656133 -0.260032 -0.230141 1 2.1 6 0.048 3 13 48
59.4093 1 -25.7759 6.64792 -223.568 -0.670006 0.656133 -0.260032 -0.230141 1 2.1 6 0.048 3 13 48
59.4259 1 -25.7842 6.64813 -223.578 -0.670006 0.656133 -0.260032 -0.230141 1 2.1 6 0.048 3 13 48
59.4426 1 -25.7923 6.64834 -223.587 -0.670006 0.656133 -0.260032 -0.230141 1 2.1 6 0.048 3 13 48
59.4627 1 -25.7875 6.64792 -223.582 -0.670006 0.656133 -0.260032 -0.230141 1 2.1 6 0.048 3 13 48
59.4793 1 -25.7855 6.64769 -223.579 -0.670006 0.656133 -0.260032 -0.230141 1 2.1 6 0.048 3 13 48
59.4992 1 -25.7831 6.64748 -223.577 -0.670006 0.656133 -0.260032 -0.230141 1 2.1 6 0.048 3 13 48
59.5177 1 -25.7817 6.64734 -223.575 -0.670006 0.656133 -0.260032 -0.230141 1 2.1 6 0.048 3 13 48
59.5369 1 -25.7807 6.64725 -223.574 -0.670006 0.656133 -0.260032 -0.230141 1 2.1 6 0.048 3 13 48
59.5559 1 -25.7799 6.64718 -223.573 -0.670006 0.656133 -0.260032 -0.230141 1 2.1 6 0.048 3 13 48
59.5726 1 -25.7797 6.64715 -223.573 -0.670006 0.656133 -0.260032 -0.230141 1 2.1 6 0.048 3 13 48
59.597 1 -25.7942 6.64782 -223.59 -0.670006 0.656133 -0.260032 -0.230141 1 2.1 6 0.048 3 13 48
59.6136 1 -25.8042 6.64823 -223.601 -0.670006 0.656133 -0.260032 -0.230141 1 2.1 6 0.048 3 13 48
59.6303 1 -25.8137 6.64858 -223.612 -0.670006 0.656133 -0.260032 -0.230141 1 2.1 6 0.048 3 13 48
59.6482 1 -25.8231 6.64891 -223.623 -0.670006 0.656133 -0.260032 -0.230141 1 2.1 6 0.048 3 13 48
59.6649 1 -25.8319 6.64918 -223.634 -0.670006 0.656133 -0.260032 -0.230141 1 2.1 6 0.048 3 13 48
59.686 1 -25.8275 6.64881 -223.628 -0.670006 0.656133 -0.260032 -0.230141 1 2.1 6 0.048 3 13 48
59.7027 1 -25.8258 6.64862 -223.627 -0.670006 0.656133 -0.260032 -0.230141 1 2.1 6 0.048 3 13 48
59.7226 1 -25.8238 6.64845 -223.624 -0.670006 0.656133 -0.260032 -0.230141 1 2.1 6 0.048 3 13 48
59.7411 1 -25.8227 6.64834 -223.623 -0.670006 0.656133 -0.260032 -0.230141 1 2.1 6 0.048 3 13 48
59.7578 1 -25.8221 6.64828 -223.622 -0.670006 0.656133 -0.260032 -0.230141 1 2.1 6 0.048 3 13 48
59.7781 1 -25.8214 6.64821 -223.621 -0.670006 0.656133 -0.260032 -0.230141 1 2.1 6 0.048 3 13 48
59.7947 1 -25.821 6.64818 -223.621 -0.670006 0.656133 -0.260032 -0.230141 1 2.1 6 0.048 3 13 48
59.8154 1 -25.8207 6.64814 -223.621 -0.670006 0.656133 -0.260032 -0.230141 1 2.1 6 0.048 3 13 48
59.8321 1 -25.8205 6.64813 -223.62 -0.670006 0.656133 -0.260032 -0.230141 1 2.1 6 0.048 3 13 48
59.8527 1 -25.8203 6.64811 -223.62 -0.670006 0.656133 -0.260032 -0.230141 1 2.1 6 0.048 3 13 48
59.8693 1 -25.8202 6.6481 -223.62 -0.670006 0.656133 -0.260032 -0.230141 1 2.1 6 0.048 3 13 48
59.8895 1 -25.8201 6.64809 -223.62 -0.670006 0.656133 -0.260032 -0.230141 1 2.1 6 0.048 3 13 48
59.9081 1 -25.8201 6.64809 -223.62 -0.670006 0.656133 -0.260032 -0.230141 1 2.1 6 0.048 3 13 48
59.9248 1 -25.8201 6.64809 -223.62 -0.670006 0.656133 -0.260032 -0.230141 1 2.1 6 0.048 3 13 48
59.9454 1 -25.82 6.64808 -223.62 -0.670006 0.656133 -0.260032 -0.230141 1 2.1 6 0.048 3 13 48
59.9639 1 -25.82 6.64808 -223.62 -0.670006 0.656133 -0.260032 -0.230141 1 2.1 6 0.048 3 13 48
59.983 1 -25.82 6.64808 -223.62 -0.670006 0.656133 -0.260032 -0.230141 1 2.1 6 0.048 3 13 48
59.9996 1 -25.82 6.64808 -223.62 -0.670006 0.656133 -0.260032 -0.230141 1 2.1 6 0.048 3 13 48
60.0199 1 -25.82 6.64808 -223.62 -0.670006 0.656133 -0.260032 -0.230141 1 2.1 6 0.048 3 13 48
60.0366 1 -25.82 6.64808 -223.62 -0.670006 0.656133 -0.260032 -0.230141 1 2.1 6 0.048 3 13 48
60.0569 1 -25.82 6.64808 -223.62 -0.670006 0.656133 -0.260032 -0.230141 1 2.1 6 0.048 3 13 48
60.0759 1 -25.82 6.64808 -223.62 -0.670006 0.656133 -0.260032 -0.230141 1 2.1 6 0.048 3 13 48
60.0926 1 -25.82 6.64808 -223.62 -0.670006 0.656133 -0.260032 -0.230141 1 2.1 6 0.048 3 13 48
60.1135 1 -25.82 6.64808 -223.62 -0.670006 0.656133 -0.260032 -0.230141 1 2.1 6 0.048 3 13 48
60.1301 1 -25.82 6.64808 -223.62 -0.670006 0.656133 -0.260032 -0.230141 1 2.1 6 0.048 3 13 48
60.1503 1 -25.82 6.64808 -223.62 -0.670006 0.656133 -0.260032 -0.230141 1 2.1 6 0.048 3 13 48
60.167 1 -25.82 6.64808 -223.62 -0.670006 0.656133 -0.260032 -0.230141 1 2.1 6 0.048 3 13 48
60.1874 1 -25.82 6.64808 -223.62 -0.670006 0.656133 -0.260032 -0.230141 1 2.1 6 0.048 3 13 48
60.206 1 -25.82 6.64808 -223.62 -0.670006 0.656133 -0.260032 -0.230141 1 2.1 6 0.048 3 13 48
60.2251 1 -25.82 6.64808 -223.62 -0.670006 0.656133 -0.260032 -0.230141 1 2.1 6 0.048 3 13 48
60.2441 1 -25.82 6.64808 -223.62 -0.670006 0.656133 -0.260032 -0.230141 1 2.1 6 0.048 3 13 48
60.2607 1 -25.82 6.64808 -223.62 -0.670006 0.656133 -0.260032 -0.230141 1 2.1 6 0.048 3 13 48
60.2813 1 -25.82 6.64808 -223.62 -0.670006 0.656133 -0.260032 -0.230141 1 2.1 6 0.048 3 13 48
60.2999 1 -25.82 6.64808 -223.62 -0.670006 0.656133 -0.260032 -0.230141 1 2.1 6 0.048 3 13 48
60.3165 1 -25.82 6.64808 -223.62 -0.670006 0.656133 -0.260032 -0.230141 1 2.1 6 0.048 3 13 48
60.3369 1 -25.82 6.64808 -223.62 -0.670006 0.656133 -0.260032 -0.230141 1 2.1 6 0.048 3 13 48
60.3535 1 -25.82 6.64808 -223.62 -0.670006 0.656133 -0.260032 -0.230141 1 2.1 6 0.048 3 13 48
60.3702 1 -25.82 6.64808 -223.62 -0.670006 0.656133 -0.260032 -0.230141 1 2.1 6 0.048 3 13 48
60.3931 1 -25.82 6.64808 -223.62 -0.670006 0.656133 -0.260032 -0.230141 1 2.1 6 0.048 3 13 48
60.4122 1 -25.82 6.64808 -223.62 -0.670006 0.656133 -0.260032 -0.230141 1 2.1 6 0.048 3 13 48
60.4289 1 -25.82 6.64808 -223.62 -0.670006 0.656133 -0.260032 -0.230141 1 2.1 6 0.048 3 13 48
60.4491 1 -25.82 6.64808 -223.62 -0.670006 0.656133 -0.260032 -0.230141 1 2.1 6 0.048 3 13 48
60.4658 1 -25.82 6.64808 -223.62 -0.670006 0.656133 -0.260032 -0.230141 1 2.1 6 0.048 3 13 48
60.4862 1 -25.82 6.64808 -223.62 -0.670006 0.656133 -0.260032 -0.230141 1 2.1 6 0.048 3 13 48
60.5048 1 -25.82 6.64808 -223.62 -0.670006 0.656133 -0.260032 -0.230141 1 2.1 6 0.048 3 13 48
60.5237 1 -25.82 6.64808 -223.62 -0.670006 0.656133 -0.260032 -0.230141 1 2.1 6 0.048 3 13 48
60.5428 1 -25.82 6.64808 -223.62 -0.670006 0.656133 -0.260032 -0.230141 1 2.1 6 0.048 3 13 48
60.5594 1 -25.82 6.64808 -223.62 -0.670006 0.656133 -0.260032 -0.230141 1 2.1 6 0.048 3 13 48
60.5797 1 -25.82 6.64808 -223.62 -0.670006 0.656133 -0.260032 -0.230141 1 2.1 6 0.048 3 13 48
60.5984 1 -25.82 6.64808 -223.62 -0.670006 0.656133 -0.260032 -0.230141 1 2.1 6 0.048 3 13 48
60.615 1 -25.82 6.64808 -223.62 -0.670006 0.656133 -0.260032 -0.230141 1 2.1 6 0.048 3 13 48
60.6354 1 -25.82 6.64808 -223.62 -0.670006 0.656133 -0.260032 -0.230141 1 2.1 6 0.048 3 13 48
60.6521 1 -25.82 6.64808 -223.62 -0.670006 0.656133 -0.260032 -0.230141 1 2.1 6 0.048 3 13 48
60.6727 1 -25.82 6.64808 -223.62 -0.670006 0.656133 -0.260032 -0.230141 1 2.1 6 0.048 3 13 48
60.6894 1 -25.82 6.64808 -223.62 -0.670006 0.656133 -0.260032 -0.230141 1 2.1 6 0.048 3 13 48
60.7101 1 -25.82 6.64808 -223.62 -0.670006 0.656133 -0.260032 -0.230141 1 2.1 6 0.048 3 13 48
60.7267 1 -25.82 6.64808 -223.62 -0.670006 0.656133 -0.260032 -0.230141 1 2.1 6 0.048 3 13 48
60.747 1 -25.82 6.64808 -223.62 -0.670006 0.656133 -0.260032 -0.230141 1 2.1 6 0.048 3 13 48
60.7637 1 -25.82 6.64808 -223.62 -0.670006 0.656133 -0.260032 -0.230141 1 2.1 6 0.048 3 13 48
60.784 1 -25.82 6.64808 -223.62 -0.670006 0.656133 -0.260032 -0.230141 1 2.1 6 0.048 3 13 48
60.803 1 -25.82 6.64808 -223.62 -0.670006 0.656133 -0.260032 -0.230141 1 2.1 6 0.048 3 13 48
60.8196 1 -25.82 6.64808 -223.62 -0.670006 0.656133 -0.260032 -0.230141 1 2.1 6 0.048 3 13 48
60.8405 1 -25.82 6.64808 -223.62 -0.670006 0.656133 -0.260032 -0.230141 1 2.1 6 0.048 3 13 48
60.8571 1 -25.82 6.64808 -223.62 -0.670006 0.656133 -0.260032 -0.230141 1 2.1 6 0.048 3 13 48
60.879 1 -25.82 6.64808 -223.62 -0.670006 0.656133 -0.260032 -0.230141 1 2.1 6 0.048 3 13 48
60.8957 1 -25.82 6.64808 -223.62 -0.670006 0.656133 -0.260032 -0.230141 1 2.1 6 0.048 3 13 48
60.9179 1 -25.82 6.64808 -223.62 -0.670006 0.656133 -0.260032 -0.230141 1 2.1 6 0.048 3 13 48
60.9374 1 -25.82 6.64808 -223.62 -0.670006 0.656133 -0.260032 -0.230141 1 2.1 6 0.048 3 13 48
60.9575 1 -25.82 6.64808 -223.62 -0.670006 0.656133 -0.260032 -0.230141 1 2.1 6 0.048 3 13 48
60.9777 1 -25.82 6.64808 -223.62 -0.670006 0.656133 -0.260032 -0.230141 1 2.1 6 0.048 3 13 48
60.9944 1 -25.82 6.64808 -223.62 -0.670006 0.656133 -0.260032 -0.230141 1 2.1 6 0.048 3 13 48
61.0165 1 -25.82 6.64808 -223.62 -0.670006 0.656133 -0.260032 -0.230141 1 2.1 6 0.048 3 13 48
61.0332 1 -25.82 6.64808 -223.62 -0.670006 0.656133 -0.260032 -0.230141 1 2.1 6 0.048 3 13 48
61.0553 1 -25.82 6.64808 -223.62 -0.670006 0.656133 -0.260032 -0.230141 1 2.1 6 0.048 3 13 48
61.0749 1 -25.82 6.64808 -223.62 -0.670006 0.656133 -0.260032 -0.230141 1 2.1 6 0.048 3 13 48
61.0916 1 -25.82 6.64808 -223.62 -0.670006 0.656133 -0.260032 -0.230141 1 2.1 6 0.048 3 13 48
61.1141 1 -25.82 6.64808 -223.62 -0.670006 0.656133 -0.260032 -0.230141 1 2.1 6 0.048 3 13 48
61.1307 1 -25.82 6.64808 -223.62 -0.670006 0.656133 -0.260032 -0.230141 1 2.1 6 0.048 3 13 48
61.1532 1 -25.82 6.64808 -223.62 -0.670006 0.656133 -0.260032 -0.230141 1 2.1 6 0.048 3 13 48
61.1699 1 -25.82 6.64808 -223.62 -0.670006 0.656133 -0.260032 -0.230141 1 2.1 6 0.048 3 13 48
61.192 1 -25.82 6.64808 -223.62 -0.670006 0.656133 -0.260032 -0.230141 1 2.1 6 0.048 3 13 48
61.2087 1 -25.82 6.64808 -223.62 -0.670006 0.656133 -0.260032 -0.230141 1 2.1 6 0.048 3 13 48
61.2307 1 -25.82 6.64808 -223.62 -0.670006 0.656133 -0.260032 -0.230141 1 2.1 6 0.048 3 13 48
61.2507 1 -25.82 6.64808 -223.62 -0.670006 0.656133 -0.260032 -0.230141 1 2.1 6 0.048 3 13 48
61.2674 1 -25.82 6.64808 -223.62 -0.670006 0.656133 -0.260032 -0.230141 1 2.1 6 0.048 3 13 48
61.29 1 -25.82 6.64808 -223.62 -0.670006 0.656133 -0.260032 -0.230141 1 2.1 6 0.048 3 13 48
61.3067 1 -25.82 6.64808 -223.62 -0.670006 0.656133 -0.260032 -0.230141 1 2.1 6 0.048 3 13 48
61.3288 1 -25.82 6.64808 -223.62 -0.670006 0.656133 -0.260032 -0.230141 1 2.1 6 0.048 3 13 48
61.3455 1 -25.82 6.64808 -223.62 -0.670006 0.656133 -0.260032 -0.230141 1 2.1 6 0.048 3 13 48
61.3675 1 -25.82 6.64808 -223.62 -0.670006 0.656133 -0.260032 -0.230141 1 2.1 6 0.048 3 13 48
61.3874 1 -25.82 6.64808 -223.62 -0.670006 0.656133 -0.260032 -0.230141 1 2.1 6 0.048 3 13 48
61.4041 1 -25.82 6.64808 -223.62 -0.670006 0.656133 -0.260032 -0.230141 1 2.1 6 0.048 3 13 48
61.4267 1 -25.82 6.64808 -223.62 -0.670006 0.656133 -0.260032 -0.230141 1 2.1 6 0.048 3 13 48
61.4434 1 -25.82 6.64808 -223.62 -0.670006 0.656133 -0.260032 -0.230141 1 2.1 6 0.048 3 13 48
61.4654 1 -25.82 6.64808 -223.62 -0.670006 0.656133 -0.260032 -0.230141 1 2.1 6 0.048 3 13 48
61.4821 1 -25.82 6.64808 -223.62 -0.670006 0.656133 -0.260032 -0.230141 1 2.1 6 0.048 3 13 48
61.5042 1 -25.82 6.64808 -223.62 -0.670006 0.656133 -0.260032 -0.230141 1 2.1 6 0.048 3 13 48
61.5239 1 -25.82 6.64808 -223.62 -0.670006 0.656133 -0.260032 -0.230141 1 2.1 6 0.048 3 13 48
61.5406 1 -25.82 6.64808 -223.62 -0.670006 0.656133 -0.260032 -0.230141 1 2.1 6 0.048 3 13 48
61.5633 1 -25.82 6.64808 -223.62 -0.670006 0.656133 -0.260032 -0.230141 1 2.1 6 0.048 3 13 48
61.5799 1 -25.82 6.64808 -223.62 -0.670006 0.656133 -0.260032 -0.230141 1 2.1 6 0.048 3 13 48
61.602 1 -25.82 6.64808 -223.62 -0.670006 0.656133 -0.260032 -0.230141 1 2.1 6 0.048 3 13 48
61.6186 1 -25.82 6.64808 -223.62 -0.670006 0.656133 -0.260032 -0.230141 1 2.1 6 0.048 3 13 48
61.6407 1 -25.82 6.64808 -223.62 -0.670006 0.656133 -0.260032 -0.230141 1 2.1 6 0.048 3 13 48
61.6606 1 -25.82 6.64808 -223.62 -0.670006 0.656133 -0.260032 -0.230141 1 2.1 6 0.048 3 13 48
61.6773 1 -25.82 6.64808 -223.62 -0.670006 0.656133 -0.260032 -0.230141 1 2.1 6 0.048 3 13 48
61.6998 1 -25.82 6.64808 -223.62 -0.670006 0.656133 -0.260032 -0.230141 1 2.1 6 0.048 3 13 48
61.7165 1 -25.82 6.64808 -223.62 -0.670006 0.656133 -0.260032 -0.230141 1 2.1 6 0.048 3 13 48
61.7385 1 -25.82 6.64808 -223.62 -0.670006 0.656133 -0.260032 -0.230141 1 2.1 6 0.048 3 13 48
61.7552 1 -25.82 6.64808 -223.62 -0.670006 0.656133 -0.260032 -0.230141 1 2.1 6 0.048 3 13 48
61.7772 1 -25.82 6.64808 -223.62 -0.670006 0.656133 -0.260032 -0.230141 1 2.1 6 0.048 3 13 48
61.7971 1 -25.82 6.64808 -223.62 -0.670006 0.656133 -0.260032 -0.230141 1 2.1 6 0.048 3 13 48
61.8138 1 -25.82 6.64808 -223.62 -0.670006 0.656133 -0.260032 -0.230141 1 2.1 6 0.048 3 13 48
61.8363 1 -25.82 6.64808 -223.62 -0.670006 0.656133 -0.260032 -0.230141 1 2.1 6 0.048 3 13 48
61.853 1 -25.82 6.64808 -223.62 -0.670006 0.656133 -0.260032 -0.230141 1 2.1 6 0.048 3 13 48
61.875 1 -25.82 6.64808 -223.62 -0.670006 0.656133 -0.260032 -0.230141 1 2.1 6 0.048 3 13 48
61.8917 1 -25.82 6.64808 -223.62 -0.670006 0.656133 -0.260032 -0.230141 1 2.1 6 0.048 3 13 48
61.9137 1 -25.82 6.64808 -223.62 -0.670006 0.656133 -0.260032 -0.230141 1 2.1 6 0.048 3 13 48
61.9337 1 -25.82 6.64808 -223.62 -0.670006 0.656133 -0.260032 -0.230141 1 2.1 6 0.048 3 13 48
61.9503 1 -25.82 6.64808 -223.62 -0.670006 0.656133 -0.260032 -0.230141 1 2.1 6 0.048 3 13 48
61.9729 1 -25.82 6.64808 -223.62 -0.670006 0.656133 -0.260032 -0.230141 1 2.1 6 0.048 3 13 48
61.9895 1 -25.82 6.64808 -223.62 -0.670006 0.656133 -0.260032 -0.230141 1 2.1 6 0.048 3 13 48
62.0116 1 -25.82 6.64808 -223.62 -0.670006 0.656133 -0.260032 -0.230141 1 2.1 6 0.048 3 13 48
62.0282 1 -25.82 6.64808 -223.62 -0.670006 0.656133 -0.260032 -0.230141 1 2.1 6 0.048 3 13 48
62.0502 1 -25.82 6.64808 -223.62 -0.670006 0.656133 -0.260032 -0.230141 1 2.1 6 0.048 3 13 48
62.0702 1 -25.82 6.64808 -223.62 -0.670006 0.656133 -0.260032 -0.230141 1 2.1 6 0.048 3 13 48
62.0868 1 -25.82 6.64808 -223.62 -0.670006 0.656133 -0.260032 -0.230141 1 2.1 6 0.048 3 13 48
62.1093 1 -25.82 6.64808 -223.62 -0.670006 0.656133 -0.260032 -0.230141 1 2.1 6 0.048 3 13 48
62.126 1 -25.82 6.64808 -223.62 -0.670006 0.656133 -0.260032 -0.230141 1 2.1 6 0.048 3 13 48
62.148 1 -25.82 6.64808 -223.62 -0.670006 0.656133 -0.260032 -0.230141 1 2.1 6 0.048 3 13 48
62.1647 1 -25.82 6.64808 -223.62 -0.670006 0.656133 -0.260032 -0.230141 1 2.1 6 0.048 3 13 48
62.1867 1 -25.82 6.64808 -223.62 -0.670006 0.656133 -0.260032 -0.230141 1 2.1 6 0.048 3 13 48
62.2065 1 -25.82 6.64808 -223.62 -0.670006 0.656133 -0.260032 -0.230141 1 2.1 6 0.048 3 13 48
62.2231 1 -25.82 6.64808 -223.62 -0.670006 0.656133 -0.260032 -0.230141 1 2.1 6 0.048 3 13 48
62.2456 1 -25.82 6.64808 -223.62 -0.670006 0.656133 -0.260032 -0.230141 1 2.1 6 0.048 3 13 48
62.2623 1 -25.82 6.64808 -223.62 -0.670006 0.656133 -0.260032 -0.230141 1 2.1 6 0.048 3 13 48
62.2843 1 -25.82 6.64808 -223.62 -0.670006 0.656133 -0.260032 -0.230141 1 2.1 6 0.048 3 13 48
62.3009 1 -25.82 6.64808 -223.62 -0.670006 0.656133 -0.260032 -0.230141 1 2.1 6 0.048 3 13 48
62.323 1 -25.82 6.64808 -223.62 -0.670006 0.656133 -0.260032 -0.230141 1 2.1 6 0.048 3 13 48
62.343 1 -25.82 6.64808 -223.62 -0.670006 0.656133 -0.260032 -0.230141 1 2.1 6 0.048 3 13 48
62.3596 1 -25.82 6.64808 -223.62 -0.670006 0.656133 -0.260032 -0.230141 1 2.1 6 0.048 3 13 48
62.3821 1 -25.82 6.64808 -223.62 -0.670006 0.656133 -0.260032 -0.230141 1 2.1 6 0.048 3 13 48
62.3988 1 -25.82 6.64808 -223.62 -0.670006 0.656133 -0.260032 -0.230141 1 2.1 6 0.048 3 13 48
62.4209 1 -25.82 6.64808 -223.62 -0.670006 0.656133 -0.260032 -0.230141 1 2.1 6 0.048 3 13 48
62.4375 1 -25.82 6.64808 -223.62 -0.670006 0.656133 -0.260032 -0.230141 1 2.1 6 0.048 3 13 48
62.4595 1 -25.82 6.64808 -223.62 -0.670006 0.656133 -0.260032 -0.230141 1 2.1 6 0.048 3 13 48
62.4793 1 -25.82 6.64808 -223.62 -0.670006 0.656133 -0.260032 -0.230141 1 2.1 6 0.048 3 13 48
62.496 1 -25.82 6.64808 -223.62 -0.670006 0.656133 -0.260032 -0.230141 1 2.1 6 0.048 3 13 48
62.5167 1 -25.82 6.64808 -223.62 -0.670006 0.656133 -0.260032 -0.230141 1 2.1 6 0.048 3 13 48
62.5334 1 -25.82 6.64808 -223.62 -0.670006 0.656133 -0.260032 -0.230141 1 2.1 6 0.048 3 13 48
62.5534 1 -25.82 6.64808 -223.62 -0.670006 0.656133 -0.260032 -0.230141 1 2.1 6 0.048 3 13 48
62.5701 1 -25.82 6.64808 -223.62 -0.670006 0.656133 -0.260032 -0.230141 1 2.1 6 0.048 3 13 48
62.5902 1 -25.82 6.64808 -223.62 -0.670006 0.656133 -0.260032 -0.230141 1 2.1 6 0.048 3 13 48
62.6092 1 -25.82 6.64808 -223.62 -0.670006 0.656133 -0.260032 -0.230141 1 2.1 6 0.048 3 13 48
62.6259 1 -25.82 6.64808 -223.62 -0.670006 0.656133 -0.260032 -0.230141 1 2.1 6 0.048 3 13 48
62.6464 1 -25.82 6.64808 -223.62 -0.670006 0.656133 -0.260032 -0.230141 1 2.1 6 0.048 3 13 48
62.663 1 -25.82 6.64808 -223.62 -0.670006 0.656133 -0.260032 -0.230141 1 2.1 6 0.048 3 13 48
62.6832 1 -25.82 6.64808 -223.62 -0.670006 0.656133 -0.260032 -0.230141 1 2.1 6 0.048 3 13 48
62.7017 1 -25.82 6.64808 -223.62 -0.670006 0.656133 -0.260032 -0.230141 1 2.1 6 0.048 3 13 48
62.7184 1 -25.82 6.64808 -223.62 -0.670006 0.656133 -0.260032 -0.230141 1 2.1 6 0.048 3 13 48
62.7385 1 -25.82 6.64808 -223.62 -0.670006 0.656133 -0.260032 -0.230141 1 2.1 6 0.048 3 13 48
62.7576 1 -25.82 6.64808 -223.62 -0.670006 0.656133 -0.260032 -0.230141 1 2.1 6 0.048 3 13 48
62.7764 1 -25.82 6.64808 -223.62 -0.670006 0.656133 -0.260032 -0.230141 1 2.1 6 0.048 3 13 48
62.7931 1 -25.82 6.64808 -223.62 -0.670006 0.656133 -0.260032 -0.230141 1 2.1 6 0.048 3 13 48
62.8135 1 -25.82 6.64808 -223.62 -0.670006 0.656133 -0.260032 -0.230141 1 2.1 6 0.048 3 13 48
62.832 1 -25.82 6.64808 -223.62 -0.670006 0.656133 -0.260032 -0.230141 1 2.1 6 0.048 3 13 48
62.8486 1 -25.82 6.64808 -223.62 -0.670006 0.656133 -0.260032 -0.230141 1 2.1 6 0.048 3 13 48
62.8688 1 -25.82 6.64808 -223.62 -0.670006 0.656133 -0.260032 -0.230141 1 2.1 6 0.048 3 13 48
62.8854 1 -25.82 6.64808 -223.62 -0.670006 0.656133 -0.260032 -0.230141 1 2.1 6 0.048 3 13 48
62.9063 1 -25.82 6.64808 -223.62 -0.670006 0.656133 -0.260032 -0.230141 1 2.1 6 0.048 3 13 48
62.9247 1 -25.82 6.64808 -223.62 -0.670006 0.656133 -0.260032 -0.230141 1 2.1 6 0.048 3 13 48
62.9436 1 -25.82 6.64808 -223.62 -0.670006 0.656133 -0.260032 -0.230141 1 2.1 6 0.048 3 13 48
62.9603 1 -25.82 6.64808 -223.62 -0.670006 0.656133 -0.260032 -0.230141 1 2.1 6 0.048 3 13 48
62.9804 1 -25.82 6.64808 -223.62 -0.670006 0.656133 -0.260032 -0.230141 1 2.1 6 0.048 3 13 48
62.9971 1 -25.82 6.64808 -223.62 -0.670006 0.656133 -0.260032 -0.230141 1 2.1 6 0.048 3 13 48
63.0173 1 -25.82 6.64808 -223.62 -0.670006 0.656133 -0.260032 -0.230141 1 2.1 6 0.048 3 13 48
63.0362 1 -25.82 6.64808 -223.62 -0.670006 0.656133 -0.260032 -0.230141 1 2.1 6 0.048 3 13 48
63.0528 1 -25.82 6.64808 -223.62 -0.670006 0.656133 -0.260032 -0.230141 1 2.1 6 0.048 3 13 48
63.0738 1 -25.82 6.64808 -223.62 -0.670006 0.656133 -0.260032 -0.230141 1 2.1 6 0.048 3 13 48
63.0905 1 -25.82 6.64808 -223.62 -0.670006 0.656133 -0.260032 -0.230141 1 2.1 6 0.048 3 13 48
63.1103 1 -25.82 6.64808 -223.62 -0.670006 0.656133 -0.260032 -0.230141 1 2.1 6 0.048 3 13 48
63.127 1 -25.82 6.64808 -223.62 -0.670006 0.656133 -0.260032 -0.230141 1 2.1 6 0.048 3 13 48
63.1472 1 -25.82 6.64808 -223.62 -0.670006 0.656133 -0.260032 -0.230141 1 2.1 6 0.048 3 13 48
63.1661 1 -25.82 6.64808 -223.62 -0.670006 0.656133 -0.260032 -0.230141 1 2.1 6 0.048 3 13 48
63.1828 1 -25.82 6.64808 -223.62 -0.670006 0.656133 -0.260032 -0.230141 1 2.1 6 0.048 3 13 48
63.2034 1 -25.82 6.64808 -223.62 -0.670006 0.656133 -0.260032 -0.230141 1 2.1 6 0.048 3 13 48
63.22 1 -25.82 6.64808 -223.62 -0.670006 0.656133 -0.260032 -0.230141 1 2.1 6 0.048 3 13 48
63.2402 1 -25.82 6.64808 -223.62 -0.670006 0.656133 -0.260032 -0.230141 1 2.1 6 0.048 3 13 48
63.2568 1 -25.82 6.64808 -223.62 -0.670006 0.656133 -0.260032 -0.230141 1 2.1 6 0.048 3 13 48
63.277 1 -25.82 6.64808 -223.62 -0.670006 0.656133 -0.260032 -0.230141 1 2.1 6 0.048 3 13 48
63.2958 1 -25.82 6.64808 -223.62 -0.670006 0.656133 -0.260032 -0.230141 1 2.1 6 0.048 3 13 48
63.3125 1 -25.82 6.64808 -223.62 -0.670006 0.656133 -0.260032 -0.230141 1 2.1 6 0.048 3 13 48
63.3332 1 -25.82 6.64808 -223.62 -0.670006 0.656133 -0.260032 -0.230141 1 2.1 6 0.048 3 13 48
63.3499 1 -25.82 6.64808 -223.62 -0.670006 0.656133 -0.260032 -0.230141 1 2.1 6 0.048 3 13 48
63.37 1 -25.82 6.64808 -223.62 -0.670006 0.656133 -0.260032 -0.230141 1 2.1 6 0.048 3 13 48
63.3867 1 -25.82 6.64808 -223.62 -0.670006 0.656133 -0.260032 -0.230141 1 2.1 6 0.048 3 13 48
63.4069 1 -25.82 6.64808 -223.62 -0.670006 0.656133 -0.260032 -0.230141 1 2.1 6 0.048 3 13 48
63.4256 1 -25.82 6.64808 -223.62 -0.670006 0.656133 -0.260032 -0.230141 1 2.1 6 0.048 3 13 48
63.4423 1 -25.82 6.64808 -223.62 -0.670006 0.656133 -0.260032 -0.230141 1 2.1 6 0.048 3 13 48
63.463 1 -25.82 6.64808 -223.62 -0.670006 0.656133 -0.260032 -0.230141 1 2.1 6 0.048 3 13 48
63.4796 1 -25.82 6.64808 -223.62 -0.670006 0.656133 -0.260032 -0.230141 1 2.1 6 0.048 3 13 48
63.4998 1 -25.82 6.64808 -223.62 -0.670006 0.656133 -0.260032 -0.230141 1 2.1 6 0.048 3 13 48
63.5164 1 -25.82 6.64808 -223.62 -0.670006 0.656133 -0.260032 -0.230141 1 2.1 6 0.048 3 13 48
63.5363 1 -25.82 6.64808 -223.62 -0.670006 0.656133 -0.260032 -0.230141 1 2.1 6 0.048 3 13 48
63.5553 1 -25.82 6.64808 -223.62 -0.670006 0.656133 -0.260032 -0.230141 1 2.1 6 0.048 3 13 48
63.5719 1 -25.82 6.64808 -223.62 -0.670006 0.656133 -0.260032 -0.230141 1 2.1 6 0.048 3 13 48
63.5924 1 -25.82 6.64808 -223.62 -0.670006 0.656133 -0.260032 -0.230141 1 2.1 6 0.048 3 13 48
63.6091 1 -25.82 6.64808 -223.62 -0.670006 0.656133 -0.260032 -0.230141 1 2.1 6 0.048 3 13 48
63.6291 1 -25.82 6.64808 -223.62 -0.670006 0.656133 -0.260032 -0.230141 1 2.1 6 0.048 3 13 48
63.6458 1 -25.82 6.64808 -223.62 -0.670006 0.656133 -0.260032 -0.230141 1 2.1 6 0.048 3 13 48
63.6666 1 -25.82 6.64808 -223.62 -0.670006 0.656133 -0.260032 -0.230141 2.649 2.1 6 0.048 3 13 48
63.6849 1 -25.82 6.64808 -223.62 -0.670006 0.656133 -0.260032 -0.230141 2.649 2.1 6 0.048 3 13 48
63.7015 1 -25.82 6.64808 -223.62 -0.670006 0.656133 -0.260032 -0.230141 2.649 2.1 6 0.048 3 13 48
63.722 1 -25.82 6.64808 -223.62 -0.670006 0.656133 -0.260032 -0.230141 2.649 2.1 6 0.048 3 13 48
63.7387 1 -25.82 6.64808 -223.62 -0.670006 0.656133 -0.260032 -0.230141 2.649 2.1 6 0.048 3 13 48
63.7589 1 -25.82 6.64808 -223.62 -0.670006 0.656133 -0.260032 -0.230141 2.649 2.1 6 0.048 3 13 48
63.7771 1 -25.82 6.64808 -223.62 -0.670006 0.656133 -0.260032 -0.230141 2.649 2.1 6 0.048 3 13 48
63.7938 1 -25.82 6.64808 -223.62 -0.670006 0.656133 -0.260032 -0.230141 2.649 2.1 6 0.048 3 13 48
63.8144 1 -25.82 6.64808 -223.62 -0.670006 0.656133 -0.260032 -0.230141 2.649 2.1 6 0.048 3 13 48
63.8328 1 -25.82 6.64808 -223.62 -0.670006 0.656133 -0.260032 -0.230141 2.649 2.1 6 0.048 3 13 48
63.8519 1 -25.82 6.64808 -223.62 -0.670006 0.656133 -0.260032 -0.230141 2.649 2.1 6 0.048 3 13 48
63.8685 1 -25.82 6.64808 -223.62 -0.670006 0.656133 -0.260032 -0.230141 2.649 2.1 6 0.048 3 13 48
63.8886 1 -25.82 6.64808 -223.62 -0.670006 0.656133 -0.260032 -0.230141 2.649 2.1 6 0.048 3 13 48
63.9053 1 -25.82 6.64808 -223.62 -0.670006 0.656133 -0.260032 -0.230141 2.649 2.1 6 0.048 3 13 48
63.9253 1 -25.82 6.64808 -223.62 -0.670006 0.656133 -0.260032 -0.230141 2.649 2.1 6 0.048 3 13 48
63.9443 1 -25.82 6.64808 -223.62 -0.670006 0.656133 -0.260032 -0.230141 2.649 2.1 6 0.048 3 13 48
63.9609 1 -25.82 6.64808 -223.62 -0.670006 0.656133 -0.260032 -0.230141 2.649 2.1 6 0.048 3 13 48
63.9809 1 -25.82 6.64808 -223.62 -0.670006 0.656133 -0.260032 -0.230141 2.649 2.1 6 0.048 3 13 48
64 1 -25.82 6.64808 -223.62 -0.670006 0.656133 -0.260032 -0.230141 2.649 2.1 6 0.048 3 13 48
64.0166 1 -25.82 6.64808 -223.62 -0.670006 0.656133 -0.260032 -0.230141 2.649 2.1 6 0.048 3 13 48
64.0367 1 -25.82 6.64808 -223.62 -0.670006 0.656133 -0.260032 -0.230141 2.649 2.1 6 0.048 3 13 48
64.0533 1 -25.82 6.64808 -223.62 -0.670006 0.656133 -0.260032 -0.230141 2.649 2.1 6 0.048 3 13 48
64.0734 1 -25.82 6.64808 -223.62 -0.670006 0.656133 -0.260032 -0.230141 2.649 2.1 6 0.048 3 13 48
64.0923 1 -25.82 6.64808 -223.62 -0.670006 0.656133 -0.260032 -0.230141 2.649 2.1 6 0.048 3 13 48
64.109 1 -25.82 6.64808 -223.62 -0.670006 0.656133 -0.260032 -0.230141 2.649 2.1 6 0.048 3 13 48
64.129 1 -25.82 6.64808 -223.62 -0.670006 0.656133 -0.260032 -0.230141 2.649 2.1 6 0.048 3 13 48
64.1456 1 -25.82 6.64808 -223.62 -0.670006 0.656133 -0.260032 -0.230141 2.649 2.1 6 0.048 3 13 48
64.1661 1 -25.82 6.64808 -223.62 -0.670006 0.656133 -0.260032 -0.230141 2.649 2.1 6 0.048 3 13 48
64.1828 1 -25.82 6.64808 -223.62 -0.670006 0.656133 -0.260032 -0.230141 2.649 2.1 6 0.048 3 13 48
64.2028 1 -25.82 6.64808 -223.62 -0.670006 0.656133 -0.260032 -0.230141 2.649 2.1 6 0.048 3 13 48
64.2195 1 -25.82 6.64808 -223.62 -0.670006 0.656133 -0.260032 -0.230141 2.649 2.1 6 0.048 3 13 48
64.2401 1 -25.82 6.64808 -223.62 -0.670006 0.656133 -0.260032 -0.230141 2.649 2.1 6 0.048 3 13 48
64.2568 1 -25.82 6.64808 -223.62 -0.670006 0.656133 -0.260032 -0.230141 2.649 2.1 6 0.048 3 13 48
64.2768 1 -25.82 6.64808 -223.62 -0.670006 0.656133 -0.260032 -0.230141 2.649 2.1 6 0.048 3 13 48
64.2958 1 -25.82 6.64808 -223.62 -0.670006 0.656133 -0.260032 -0.230141 2.649 2.1 6 0.048 3 13 48
64.3125 1 -25.82 6.64808 -223.62 -0.670006 0.656133 -0.260032 -0.230141 2.649 2.1 6 0.048 3 13 48
64.3325 1 -25.82 6.64808 -223.62 -0.670006 0.656133 -0.260032 -0.230141 2.649 2.1 6 0.048 3 13 48
64.3492 1 -25.82 6.64808 -223.62 -0.670006 0.656133 -0.260032 -0.230141 2.649 2.1 6 0.048 3 13 48
64.3692 1 -25.82 6.64808 -223.62 -0.670006 0.656133 -0.260032 -0.230141 2.649 2.1 6 0.048 3 13 48
64.3881 1 -25.82 6.64808 -223.62 -0.670006 0.656133 -0.260032 -0.230141 2.649 2.1 6 0.048 3 13 48
64.4047 1 -25.82 6.64808 -223.62 -0.670006 0.656133 -0.260032 -0.230141 2.649 2.1 6 0.048 3 13 48
64.4247 1 -25.82 6.64808 -223.62 -0.670006 0.656133 -0.260032 -0.230141 2.649 2.1 6 0.048 3 13 48
64.4414 1 -25.82 6.64808 -223.62 -0.670006 0.656133 -0.260032 -0.230141 2.649 2.1 6 0.048 3 13 48
64.4619 1 -25.82 6.64808 -223.62 -0.670006 0.656133 -0.260032 -0.230141 2.649 2.1 6 0.048 3 13 48
64.4786 1 -25.82 6.64808 -223.62 -0.670006 0.656133 -0.260032 -0.230141 2.649 2.1 6 0.048 3 13 48
64.4986 1 -25.82 6.64808 -223.62 -0.670006 0.656133 -0.260032 -0.230141 2.649 2.1 6 0.048 3 13 48
64.5153 1 -25.82 6.64808 -223.62 -0.670006 0.656133 -0.260032 -0.230141 2.649 2.1 6 0.048 3 13 48
64.5358 1 -25.82 6.64808 -223.62 -0.670006 0.656133 -0.260032 -0.230141 2.649 2.1 6 0.048 3 13 48
64.5525 1 -25.82 6.64808 -223.62 -0.670006 0.656133 -0.260032 -0.230141 2.649 2.1 6 0.048 3 13 48
64.5731 1 -25.82 6.64808 -223.62 -0.670006 0.656133 -0.260032 -0.230141 2.649 2.1 6 0.048 3 13 48
64.5898 1 -25.82 6.64808 -223.62 -0.670006 0.656133 -0.260032 -0.230141 2.649 2.1 6 0.048 3 13 48
64.6099 1 -25.82 6.64808 -223.62 -0.670006 0.656133 -0.260032 -0.230141 2.649 2.1 6 0.048 3 13 48
64.6265 1 -25.82 6.64808 -223.62 -0.670006 0.656133 -0.260032 -0.230141 2.649 2.1 6 0.048 3 13 48
64.6466 1 -25.82 6.64808 -223.62 -0.670006 0.656133 -0.260032 -0.230141 2.649 2.1 6 0.048 3 13 48
64.6651 1 -25.82 6.64808 -223.62 -0.670006 0.656133 -0.260032 -0.230141 2.649 2.1 6 0.048 3 13 48
64.6842 1 -25.82 6.64808 -223.62 -0.670006 0.656133 -0.260032 -0.230141 2.649 2.1 6 0.048 3 13 48
64.7029 1 -25.82 6.64808 -223.62 -0.670006 0.656133 -0.260032 -0.230141 2.649 2.1 6 0.048 3 13 48
64.7196 1 -25.82 6.64808 -223.62 -0.670006 0.656133 -0.260032 -0.230141 2.649 2.1 6 0.048 3 13 48
64.7399 1 -25.82 6.64808 -223.62 -0.670006 0.656133 -0.260032 -0.230141 2.649 2.1 6 0.048 3 13 48
64.7584 1 -25.82 6.64808 -223.62 -0.670006 0.656133 -0.260032 -0.230141 2.649 2.1 6 0.048 3 13 48
64.775 1 -25.82 6.64808 -223.62 -0.670006 0.656133 -0.260032 -0.230141 2.649 2.1 6 0.048 3 13 48
64.7951 1 -25.82 6.64808 -223.62 -0.670006 0.656133 -0.260032 -0.230141 2.649 2.1 6 0.048 3 13 48
64.8118 1 -25.82 6.64808 -223.62 -0.670006 0.656133 -0.260032 -0.230141 2.649 2.1 6 0.048 3 13 48
64.8323 1 -25.82 6.64808 -223.62 -0.670006 0.656133 -0.260032 -0.230141 2.649 2.1 6 0.048 3 13 48
64.8507 1 -25.82 6.64808 -223.62 -0.670006 0.656133 -0.260032 -0.230141 2.649 2.1 6 0.048 3 13 48
64.8697 1 -25.82 6.64808 -223.62 -0.670006 0.656133 -0.260032 -0.230141 2.649 2.1 6 0.048 3 13 48
64.8864 1 -25.82 6.64808 -223.62 -0.670006 0.656133 -0.260032 -0.230141 2.649 2.1 6 0.048 3 13 48
64.9065 1 -25.82 6.64808 -223.62 -0.670006 0.656133 -0.260032 -0.230141 2.649 2.1 6 0.048 3 13 48
64.9231 1 -25.82 6.64808 -223.62 -0.670006 0.656133 -0.260032 -0.230141 2.649 2.1 6 0.048 3 13 48
64.9432 1 -25.82 6.64808 -223.62 -0.670006 0.656133 -0.260032 -0.230141 2.649 2.1 6 0.048 3 13 48
64.9621 1 -25.82 6.64808 -223.62 -0.670006 0.656133 -0.260032 -0.230141 2.649 2.1 6 0.048 3 13 48
64.9788 1 -25.82 6.64808 -223.62 -0.670006 0.656133 -0.260032 -0.230141 2.649 2.1 6 0.048 3 13 48
64.9994 1 -25.82 6.64808 -223.62 -0.670006 0.656133 -0.260032 -0.230141 2.649 2.1 6 0.048 3 13 48
65.0161 1 -25.82 6.64808 -223.62 -0.670006 0.656133 -0.260032 -0.230141 2.649 2.1 6 0.048 3 13 48
65.0361 1 -25.82 6.64808 -223.62 -0.670006 0.656133 -0.260032 -0.230141 2.649 2.1 6 0.048 3 13 48
65.0528 1 -25.82 6.64808 -223.62 -0.670006 0.656133 -0.260032 -0.230141 2.649 2.1 6 0.048 3 13 48
65.0729 1 -25.82 6.64808 -223.62 -0.670006 0.656133 -0.260032 -0.230141 2.649 2.1 6 0.048 3 13 48
65.0913 1 -25.82 6.64808 -223.62 -0.670006 0.656133 -0.260032 -0.230141 2.649 2.1 6 0.048 3 13 48
65.1102 1 -25.82 6.64808 -223.62 -0.670006 0.656133 -0.260032 -0.230141 2.649 2.1 6 0.048 3 13 48
65.1291 1 -25.82 6.64808 -223.62 -0.670006 0.656133 -0.260032 -0.230141 2.649 2.1 6 0.048 3 13 48
65.1458 1 -25.82 6.64808 -223.62 -0.670006 0.656133 -0.260032 -0.230141 2.649 2.1 6 0.048 3 13 48
65.1659 1 -25.82 6.64808 -223.62 -0.670006 0.656133 -0.260032 -0.230141 2.649 2.1 6 0.048 3 13 48
65.1826 1 -25.82 6.64808 -223.62 -0.670006 0.656133 -0.260032 -0.230141 2.649 2.1 6 0.048 3 13 48
65.2027 1 -25.82 6.64808 -223.62 -0.670006 0.656133 -0.260032 -0.230141 2.649 2.1 6 0.048 3 13 48
65.2194 1 -25.82 6.64808 -223.62 -0.670006 0.656133 -0.260032 -0.230141 2.649 2.1 6 0.048 3 13 48
65.2394 1 -25.82 6.64808 -223.62 -0.670006 0.656133 -0.260032 -0.230141 2.649 2.1 6 0.048 3 13 48
65.2561 1 -25.82 6.64808 -223.62 -0.670006 0.656133 -0.260032 -0.230141 2.649 2.1 6 0.048 3 13 48
65.2767 1 -25.82 6.64808 -223.62 -0.670006 0.656133 -0.260032 -0.230141 2.649 2.1 6 0.048 3 13 48
65.2957 1 -25.82 6.64808 -223.62 -0.670006 0.656133 -0.260032 -0.230141 2.649 2.1 6 0.048 3 13 48
65.3124 1 -25.82 6.64808 -223.62 -0.670006 0.656133 -0.260032 -0.230141 2.649 2.1 6 0.048 3 13 48
65.3325 1 -25.82 6.64808 -223.62 -0.670006 0.656133 -0.260032 -0.230141 2.649 2.1 6 0.048 3 13 48
65.3491 1 -25.82 6.64808 -223.62 -0.670006 0.656133 -0.260032 -0.230141 2.649 2.1 6 0.048 3 13 48
65.3693 1 -25.82 6.64808 -223.62 -0.670006 0.656133 -0.260032 -0.230141 2.649 2.1 6 0.048 3 13 48
65.3878 1 -25.82 6.64808 -223.62 -0.670006 0.656133 -0.260032 -0.230141 2.649 2.1 6 0.048 3 13 48
65.4068 1 -25.82 6.64808 -223.62 -0.670006 0.656133 -0.260032 -0.230141 2.649 2.1 6 0.048 3 13 48
65.4235 1 -25.82 6.64808 -223.62 -0.670006 0.656133 -0.260032 -0.230141 2.649 2.1 6 0.048 3 13 48
65.4441 1 -25.82 6.64808 -223.62 -0.670006 0.656133 -0.260032 -0.230141 2.649 2.1 6 0.048 3 13 48
65.4607 1 -25.82 6.64808 -223.62 -0.670006 0.656133 -0.260032 -0.230141 2.649 2.1 6 0.048 3 13 48
65.4809 1 -25.82 6.64808 -223.62 -0.670006 0.656133 -0.260032 -0.230141 2.649 2.1 6 0.048 3 13 48
65.4994 1 -25.82 6.64808 -223.62 -0.670006 0.656133 -0.260032 -0.230141 2.649 2.1 6 0.048 3 13 48
65.5161 1 -25.82 6.64808 -223.62 -0.670006 0.656133 -0.260032 -0.230141 2.649 2.1 6 0.048 3 13 48
65.5362 1 -25.82 6.64808 -223.62 -0.670006 0.656133 -0.260032 -0.230141 2.649 2.1 6 0.048 3 13 48
65.5529 1 -25.82 6.64808 -223.62 -0.670006 0.656133 -0.260032 -0.230141 2.649 2.1 6 0.048 3 13 48
65.5754 1 -25.82 6.64808 -223.62 -0.670006 0.656133 -0.260032 -0.230141 2.649 2.1 6 0.048 3 13 48
65.5921 1 -25.82 6.64808 -223.62 -0.670006 0.656133 -0.260032 -0.230141 2.649 2.1 6 0.048 3 13 48
65.6147 1 -25.82 6.64808 -223.62 -0.670006 0.656133 -0.260032 -0.230141 2.649 2.1 6 0.048 3 13 48
65.6313 1 -25.82 6.64808 -223.62 -0.670006 0.656133 -0.260032 -0.230141 2.649 2.1 6 0.048 3 13 48
65.6534 1 -25.82 6.64808 -223.62 -0.670006 0.656133 -0.260032 -0.230141 2.649 2.1 6 0.048 3 13 48
65.6701 1 -25.82 6.64808 -223.62 -0.670006 0.656133 -0.260032 -0.230141 2.649 2.1 6 0.048 3 13 48
65.6922 1 -25.82 6.64808 -223.62 -0.670006 0.656133 -0.260032 -0.230141 2.649 2.1 6 0.048 3 13 48
65.7122 1 -25.82 6.64808 -223.62 -0.670006 0.656133 -0.260032 -0.230141 2.649 2.1 6 0.048 3 13 48
65.7289 1 -25.82 6.64808 -223.62 -0.670006 0.656133 -0.260032 -0.230141 2.649 2.1 6 0.048 3 13 48
65.7516 1 -25.82 6.64808 -223.62 -0.670006 0.656133 -0.260032 -0.230141 2.649 2.1 6 0.048 3 13 48
65.7683 1 -25.82 6.64808 -223.62 -0.670006 0.656133 -0.260032 -0.230141 2.649 2.1 6 0.048 3 13 48
65.7904 1 -25.82 6.64808 -223.62 -0.670006 0.656133 -0.260032 -0.230141 2.649 2.1 6 0.048 3 13 48
65.8071 1 -25.82 6.64808 -223.62 -0.670006 0.656133 -0.260032 -0.230141 2.649 2.1 6 0.048 3 13 48
65.8292 1 -25.82 6.64808 -223.62 -0.670006 0.656133 -0.260032 -0.230141 2.649 2.1 6 0.048 3 13 48
65.8491 1 -25.82 6.64808 -223.62 -0.670006 0.656133 -0.260032 -0.230141 2.649 2.1 6 0.048 3 13 48
65.8658 1 -25.82 6.64808 -223.62 -0.670006 0.656133 -0.260032 -0.230141 2.649 2.1 6 0.048 3 13 48
65.8883 1 -25.82 6.64808 -223.62 -0.670006 0.656133 -0.260032 -0.230141 2.649 2.1 6 0.048 3 13 48
65.905 1 -25.82 6.64808 -223.62 -0.670006 0.656133 -0.260032 -0.230141 2.649 2.1 6 0.048 3 13 48
65.9272 1 -25.82 6.64808 -223.62 -0.670006 0.656133 -0.260032 -0.230141 2.649 2.1 6 0.048 3 13 48
65.9439 1 -25.82 6.64808 -223.62 -0.670006 0.656133 -0.260032 -0.230141 2.649 2.1 6 0.048 3 13 48
65.9661 1 -25.82 6.64808 -223.62 -0.670006 0.656133 -0.260032 -0.230141 2.649 2.1 6 0.048 3 13 48
65.986 1 -25.82 6.64808 -223.62 -0.670006 0.656133 -0.260032 -0.230141 2.649 2.1 6 0.048 3 13 48
66.0026 1 -25.82 6.64808 -223.62 -0.670006 0.656133 -0.260032 -0.230141 2.649 2.1 6 0.048 3 13 48
66.0254 1 -25.82 6.64808 -223.62 -0.670006 0.656133 -0.260032 -0.230141 2.649 2.1 6 0.048 3 13 48
66.0421 1 -25.82 6.64808 -223.62 -0.670006 0.656133 -0.260032 -0.230141 2.649 2.1 6 0.048 3 13 48
66.0642 1 -25.82 6.64808 -223.62 -0.670006 0.656133 -0.260032 -0.230141 2.649 2.1 6 0.048 3 13 48
66.0809 1 -25.82 6.64808 -223.62 -0.670006 0.656133 -0.260032 -0.230141 2.649 2.1 6 0.048 3 13 48
66.1031 1 -25.82 6.64808 -223.62 -0.670006 0.656133 -0.260032 -0.230141 2.649 2.1 6 0.048 3 13 48
66.1232 1 -25.82 6.64808 -223.62 -0.670006 0.656133 -0.260032 -0.230141 2.649 2.1 6 0.048 3 13 48
66.1399 1 -25.82 6.64808 -223.62 -0.670006 0.656133 -0.260032 -0.230141 2.649 2.1 6 0.048 3 13 48
66.1625 1 -25.82 6.64808 -223.62 -0.670006 0.656133 -0.260032 -0.230141 2.649 2.1 6 0.048 3 13 48
66.1791 1 -25.82 6.64808 -223.62 -0.670006 0.656133 -0.260032 -0.230141 2.649 2.1 6 0.048 3 13 48
66.2013 1 -25.82 6.64808 -223.62 -0.670006 0.656133 -0.260032 -0.230141 2.649 2.1 6 0.048 3 13 48
66.218 1 -25.82 6.64808 -223.62 -0.670006 0.656133 -0.260032 -0.230141 2.649 2.1 6 0.048 3 13 48
66.2401 1 -25.82 6.64808 -223.62 -0.670006 0.656133 -0.260032 -0.230141 2.649 2.1 6 0.048 3 13 48
66.2601 1 -25.82 6.64808 -223.62 -0.670006 0.656133 -0.260032 -0.230141 2.649 2.1 6 0.048 3 13 48
66.2768 1 -25.82 6.64808 -223.62 -0.670006 0.656133 -0.260032 -0.230141 2.649 2.1 6 0.048 3 13 48
66.2994 1 -25.82 6.64808 -223.62 -0.670006 0.656133 -0.260032 -0.230141 2.649 2.1 6 0.048 3 13 48
66.3161 1 -25.82 6.64808 -223.62 -0.670006 0.656133 -0.260032 -0.230141 2.649 2.1 6 0.048 3 13 48
66.3381 1 -25.82 6.64808 -223.62 -0.670006 0.656133 -0.260032 -0.230141 2.649 2.1 6 0.048 3 13 48
66.3548 1 -25.82 6.64808 -223.62 -0.670006 0.656133 -0.260032 -0.230141 2.649 2.1 6 0.048 3 13 48
66.3768 1 -25.82 6.64808 -223.62 -0.670006 0.656133 -0.260032 -0.230141 2.649 2.1 6 0.048 3 13 48
66.3967 1 -25.82 6.64808 -223.62 -0.670006 0.656133 -0.260032 -0.230141 2.649 2.1 6 0.048 3 13 48
66.4134 1 -25.82 6.64808 -223.62 -0.670006 0.656133 -0.260032 -0.230141 2.649 2.1 6 0.048 3 13 48
66.4359 1 -25.82 6.64808 -223.62 -0.670006 0.656133 -0.260032 -0.230141 2.649 2.1 6 0.048 3 13 48
66.4526 1 -25.82 6.64808 -223.62 -0.670006 0.656133 -0.260032 -0.230141 2.649 2.1 6 0.048 3 13 48
66.4746 1 -25.82 6.64808 -223.62 -0.670006 0.656133 -0.260032 -0.230141 2.649 2.1 6 0.048 3 13 48
66.4912 1 -25.82 6.64808 -223.62 -0.670006 0.656133 -0.260032 -0.230141 2.649 2.1 6 0.048 3 13 48
66.5132 1 -25.82 6.64808 -223.62 -0.670006 0.656133 -0.260032 -0.230141 2.649 2.1 6 0.048 3 13 48
66.5331 1 -25.82 6.64808 -223.62 -0.670006 0.656133 -0.260032 -0.230141 2.649 2.1 6 0.048 3 13 48
66.5498 1 -25.82 6.64808 -223.62 -0.670006 0.656133 -0.260032 -0.230141 2.649 2.1 6 0.048 3 13 48
66.5725 1 -25.82 6.64808 -223.62 -0.670006 0.656133 -0.260032 -0.230141 2.649 2.1 6 0.048 3 13 48
66.5891 1 -25.82 6.64808 -223.62 -0.670006 0.656133 -0.260032 -0.230141 2.649 2.1 6 0.048 3 13 48
66.6111 1 -25.82 6.64808 -223.62 -0.670006 0.656133 -0.260032 -0.230141 2.649 2.1 6 0.048 3 13 48
66.6278 1 -25.82 6.64808 -223.62 -0.670006 0.656133 -0.260032 -0.230141 2.649 2.1 6 0.048 3 13 48
66.6497 1 -25.82 6.64808 -223.62 -0.670006 0.656133 -0.260032 -0.230141 2.649 2.1 6 0.048 3 13 48
66.6695 1 -25.82 6.64808 -223.62 -0.670006 0.656133 -0.260032 -0.230141 2.649 2.1 6 0.048 3 13 48
66.6862 1 -25.82 6.64808 -223.62 -0.670006 0.656133 -0.260032 -0.230141 2.649 2.1 6 0.048 3 13 48
66.7085 1 -25.82 6.64808 -223.62 -0.670006 0.656133 -0.260032 -0.230141 2.649 2.1 6 0.048 3 13 48
66.7252 1 -25.82 6.64808 -223.62 -0.670006 0.656133 -0.260032 -0.230141 2.649 2.1 6 0.048 3 13 48
66.7471 1 -25.82 6.64808 -223.62 -0.670006 0.656133 -0.260032 -0.230141 2.649 2.1 6 0.048 3 13 48
66.7638 1 -25.82 6.64808 -223.62 -0.670006 0.656133 -0.260032 -0.230141 2.649 2.1 6 0.048 3 13 48
66.7858 1 -25.82 6.64808 -223.62 -0.670006 0.656133 -0.260032 -0.230141 2.649 2.1 6 0.048 3 13 48
66.8057 1 -25.82 6.64808 -223.62 -0.670006 0.656133 -0.260032 -0.230141 2.649 2.1 6 0.048 3 13 48
66.8224 1 -25.82 6.64808 -223.62 -0.670006 0.656133 -0.260032 -0.230141 2.649 2.1 6 0.048 3 13 48
66.8448 1 -25.82 6.64808 -223.62 -0.670006 0.656133 -0.260032 -0.230141 2.649 2.1 6 0.048 3 13 48
66.8615 1 -25.82 6.64808 -223.62 -0.670006 0.656133 -0.260032 -0.230141 2.649 2.1 6 0.048 3 13 48
66.8834 1 -25.82 6.64808 -223.62 -0.670006 0.656133 -0.260032 -0.230141 2.649 2.1 6 0.048 3 13 48
66.9001 1 -25.82 6.64808 -223.62 -0.670006 0.656133 -0.260032 -0.230141 2.649 2.1 6 0.048 3 13 48
66.922 1 -25.82 6.64808 -223.62 -0.670006 0.656133 -0.260032 -0.230141 2.649 2.1 6 0.048 3 13 48
66.9419 1 -25.82 6.64808 -223.62 -0.670006 0.656133 -0.260032 -0.230141 2.649 2.1 6 0.048 3 13 48
66.9585 1 -25.82 6.64808 -223.62 -0.670006 0.656133 -0.260032 -0.230141 2.649 2.1 6 0.048 3 13 48
66.981 1 -25.82 6.64808 -223.62 -0.670006 0.656133 -0.260032 -0.230141 2.649 2.1 6 0.048 3 13 48
66.9976 1 -25.82 6.64808 -223.62 -0.670006 0.656133 -0.260032 -0.230141 2.649 2.1 6 0.048 3 13 48
67.0195 1 -25.82 6.64808 -223.62 -0.670006 0.656133 -0.260032 -0.230141 2.649 2.1 6 0.048 3 13 48
67.0362 1 -25.82 6.64808 -223.62 -0.670006 0.656133 -0.260032 -0.230141 2.649 2.1 6 0.048 3 13 48
67.0581 1 -25.82 6.64808 -223.62 -0.670006 0.656133 -0.260032 -0.230141 2.649 2.1 6 0.048 3 13 48
67.0778 1 -25.82 6.64808 -223.62 -0.670006 0.656133 -0.260032 -0.230141 2.649 2.1 6 0.048 3 13 48
67.0945 1 -25.82 6.64808 -223.62 -0.670006 0.656133 -0.260032 -0.230141 2.649 2.1 6 0.048 3 13 48
67.1168 1 -25.82 6.64808 -223.62 -0.670006 0.656133 -0.260032 -0.230141 2.649 2.1 6 0.048 3 13 48
67.1335 1 -25.82 6.64808 -223.62 -0.670006 0.656133 -0.260032 -0.230141 2.649 2.1 6 0.048 3 13 48
67.1554 1 -25.82 6.64808 -223.62 -0.670006 0.656133 -0.260032 -0.230141 2.649 2.1 6 0.048 3 13 48
67.172 1 -25.82 6.64808 -223.62 -0.670006 0.656133 -0.260032 -0.230141 2.649 2.1 6 0.048 3 13 48
67.1939 1 -25.82 6.64808 -223.62 -0.670006 0.656133 -0.260032 -0.230141 2.649 2.1 6 0.048 3 13 48
67.2136 1 -25.82 6.64808 -223.62 -0.670006 0.656133 -0.260032 -0.230141 2.649 2.1 6 0.048 3 13 48
67.2303 1 -25.82 6.64808 -223.62 -0.670006 0.656133 -0.260032 -0.230141 2.649 2.1 6 0.048 3 13 48
67.2522 1 -25.82 6.64808 -223.62 -0.670006 0.656133 -0.260032 -0.230141 2.649 2.1 6 0.048 3 13 48
67.2689 1 -25.82 6.64808 -223.62 -0.670006 0.656133 -0.260032 -0.230141 2.649 2.1 6 0.048 3 13 48
67.2888 1 -25.82 6.64808 -223.62 -0.670006 0.656133 -0.260032 -0.230141 2.649 2.1 6 0.048 3 13 48
67.3055 1 -25.82 6.64808 -223.62 -0.670006 0.656133 -0.260032 -0.230141 2.649 2.1 6 0.048 3 13 48
67.3254 1 -25.82 6.64808 -223.62 -0.670006 0.656133 -0.260032 -0.230141 2.649 2.1 6 0.048 3 13 48
67.3442 1 -25.82 6.64808 -223.62 -0.670006 0.656133 -0.260032 -0.230141 2.649 2.1 6 0.048 3 13 48
67.3609 1 -25.82 6.64808 -223.62 -0.670006 0.656133 -0.260032 -0.230141 2.649 2.1 6 0.048 3 13 48
67.3813 1 -25.82 6.64808 -223.62 -0.670006 0.656133 -0.260032 -0.230141 2.649 2.1 6 0.048 3 13 48
67.3979 1 -25.82 6.64808 -223.62 -0.670006 0.656133 -0.260032 -0.230141 2.649 2.1 6 0.048 3 13 48
67.4179 1 -25.82 6.64808 -223.62 -0.670006 0.656133 -0.260032 -0.230141 2.649 2.1 6 0.048 3 13 48
67.4363 1 -25.82 6.64808 -223.62 -0.670006 0.656133 -0.260032 -0.230141 2.649 2.1 6 0.048 3 13 48
67.453 1 -25.82 6.64808 -223.62 -0.670006 0.656133 -0.260032 -0.230141 2.649 2.1 6 0.048 3 13 48
67.4731 1 -25.82 6.64808 -223.62 -0.670006 0.656133 -0.260032 -0.230141 2.649 2.1 6 0.048 3 13 48
67.4918 1 -25.82 6.64808 -223.62 -0.670006 0.656133 -0.260032 -0.230141 2.649 2.1 6 0.048 3 13 48
67.5107 1 -25.82 6.64808 -223.62 -0.670006 0.656133 -0.260032 -0.230141 2.649 2.1 6 0.048 3 13 48
67.5273 1 -25.82 6.64808 -223.62 -0.670006 0.656133 -0.260032 -0.230141 2.649 2.1 6 0.048 3 13 48
67.5474 1 -25.82 6.64808 -223.62 -0.670006 0.656133 -0.260032 -0.230141 2.649 2.1 6 0.048 3 13 48
67.5641 1 -25.82 6.64808 -223.62 -0.670006 0.656133 -0.260032 -0.230141 2.649 2.1 6 0.048 3 13 48
67.5841 1 -25.82 6.64808 -223.62 -0.670006 0.656133 -0.260032 -0.230141 2.649 2.1 6 0.048 3 13 48
67.6007 1 -25.82 6.64808 -223.62 -0.670006 0.656133 -0.260032 -0.230141 2.649 2.1 6 0.048 3 13 48
67.6208 1 -25.82 6.64808 -223.62 -0.670006 0.656133 -0.260032 -0.230141 2.649 2.1 6 0.048 3 13 48
67.6374 1 -25.82 6.64808 -223.62 -0.670006 0.656133 -0.260032 -0.230141 2.649 2.1 6 0.048 3 13 48
67.6581 1 -25.82 6.64808 -223.62 -0.670006 0.656133 -0.260032 -0.230141 2.649 2.1 6 0.048 3 13 48
67.677 1 -25.82 6.64808 -223.62 -0.670006 0.656133 -0.260032 -0.230141 2.649 2.1 6 0.048 3 13 48
67.6937 1 -25.82 6.64808 -223.62 -0.670006 0.656133 -0.260032 -0.230141 2.649 2.1 6 0.048 3 13 48
67.7138 1 -25.82 6.64808 -223.62 -0.670006 0.656133 -0.260032 -0.230141 2.649 2.1 6 0.048 3 13 48
67.7304 1 -25.82 6.64808 -223.62 -0.670006 0.656133 -0.260032 -0.230141 2.649 2.1 6 0.048 3 13 48
67.7505 1 -25.82 6.64808 -223.62 -0.670006 0.656133 -0.260032 -0.230141 2.649 2.1 6 0.048 3 13 48
67.769 1 -25.82 6.64808 -223.62 -0.670006 0.656133 -0.260032 -0.230141 2.649 2.1 6 0.048 3 13 48
67.7878 1 -25.82 6.64808 -223.62 -0.670006 0.656133 -0.260032 -0.230141 2.649 2.1 6 0.048 3 13 48
67.8067 1 -25.82 6.64808 -223.62 -0.670006 0.656133 -0.260032 -0.230141 2.649 2.1 6 0.048 3 13 48
67.8234 1 -25.82 6.64808 -223.62 -0.670006 0.656133 -0.260032 -0.230141 2.649 2.1 6 0.048 3 13 48
67.8435 1 -25.82 6.64808 -223.62 -0.670006 0.656133 -0.260032 -0.230141 2.649 2.1 6 0.048 3 13 48
67.862 1 -25.82 6.64808 -223.62 -0.670006 0.656133 -0.260032 -0.230141 2.649 2.1 6 0.048 3 13 48
67.8787 1 -25.82 6.64808 -223.62 -0.670006 0.656133 -0.260032 -0.230141 2.649 2.1 6 0.048 3 13 48
67.8988 1 -25.82 6.64808 -223.62 -0.670006 0.656133 -0.260032 -0.230141 2.649 2.1 6 0.048 3 13 48
67.9155 1 -25.82 6.64808 -223.62 -0.670006 0.656133 -0.260032 -0.230141 2.649 2.1 6 0.048 3 13 48
67.9364 1 -25.82 6.64808 -223.62 -0.670006 0.656133 -0.260032 -0.230141 2.649 2.1 6 0.048 3 13 48
67.953 1 -25.82 6.64808 -223.62 -0.670006 0.656133 -0.260032 -0.230141 2.649 2.1 6 0.048 3 13 48
67.9732 1 -25.82 6.64808 -223.62 -0.670006 0.656133 -0.260032 -0.230141 2.649 2.1 6 0.048 3 13 48
67.9917 1 -25.82 6.64808 -223.62 -0.670006 0.656133 -0.260032 -0.230141 2.649 2.1 6 0.048 3 13 48
68.0084 1 -25.82 6.64808 -223.62 -0.670006 0.656133 -0.260032 -0.230141 2.649 2.1 6 0.048 3 13 48
68.0286 1 -25.82 6.64808 -223.62 -0.670006 0.656133 -0.260032 -0.230141 2.649 2.1 6 0.048 3 13 48
68.0453 1 -25.82 6.64808 -223.62 -0.670006 0.656133 -0.260032 -0.230141 2.649 2.1 6 0.048 3 13 48
68.066 1 -25.82 6.64808 -223.62 -0.670006 0.656133 -0.260032 -0.230141 2.649 2.1 6 0.048 3 13 48
68.0827 1 -25.82 6.64808 -223.62 -0.670006 0.656133 -0.260032 -0.230141 2.649 2.1 6 0.048 3 13 48
68.1032 1 -25.82 6.64808 -223.62 -0.670006 0.656133 -0.260032 -0.230141 2.649 2.1 6 0.048 3 13 48
68.1199 1 -25.82 6.64808 -223.62 -0.670006 0.656133 -0.260032 -0.230141 2.649 2.1 6 0.048 3 13 48
68.1402 1 -25.82 6.64808 -223.62 -0.670006 0.656133 -0.260032 -0.230141 2.649 2.1 6 0.048 3 13 48
68.1587 1 -25.82 6.64808 -223.62 -0.670006 0.656133 -0.260032 -0.230141 2.649 2.1 6 0.048 3 13 48
68.1753 1 -25.82 6.64808 -223.62 -0.670006 0.656133 -0.260032 -0.230141 2.649 2.1 6 0.048 3 13 48
68.196 1 -25.82 6.64808 -223.62 -0.670006 0.656133 -0.260032 -0.230141 2.649 2.1 6 0.048 3 13 48
68.2145 1 -25.82 6.64808 -223.62 -0.670006 0.656133 -0.260032 -0.230141 2.649 2.1 6 0.048 3 13 48
68.2335 1 -25.82 6.64808 -223.62 -0.670006 0.656133 -0.260032 -0.230141 2.649 2.1 6 0.048 3 13 48
68.2502 1 -25.82 6.64808 -223.62 -0.670006 0.656133 -0.260032 -0.230141 2.649 2.1 6 0.048 3 13 48
68.2704 1 -25.82 6.64808 -223.62 -0.670006 0.656133 -0.260032 -0.230141 2.649 2.1 6 0.048 3 13 48
68.2871 1 -25.82 6.64808 -223.62 -0.670006 0.656133 -0.260032 -0.230141 2.649 2.1 6 0.048 3 13 48
68.3074 1 -25.82 6.64808 -223.62 -0.670006 0.656133 -0.260032 -0.230141 2.649 2.1 6 0.048 3 13 48
68.3264 1 -25.82 6.64808 -223.62 -0.670006 0.656133 -0.260032 -0.230141 2.649 2.1 6 0.048 3 13 48
68.343 1 -25.82 6.64808 -223.62 -0.670006 0.656133 -0.260032 -0.230141 2.649 2.1 6 0.048 3 13 48
68.3638 2 0.966193 2.1846 -36 -0.613572 9.0414e-198 -1.16359e-197 0.789638 2.649 2.1 6 0.048 3 13 48
68.3804 2 0.966193 2.1846 -36 -0.613572 2.34474e-197 -3.01757e-197 0.789638 2.649 2.1 6 0.048 3 13 48
68.4362 2 0.966193 2.1846 -36 -0.613572 2.98057e-197 -3.83585e-197 0.789638 2.649 2.1 6 0.048 3 13 48
68.4529 2 0.966193 2.1846 -36 -0.613572 3.35975e-197 -4.32384e-197 0.789638 2.649 2.1 6 0.048 3 13 48
68.4696 2 0.966193 2.1846 -36 -0.613572 3.63869e-197 -4.68283e-197 0.789638 2.649 2.1 6 0.048 3 13 48
68.4862 2 0.966193 2.1846 -36 -0.613572 3.8439e-197 -4.94691e-197 0.789638 2.649 2.1 6 0.048 3 13 48
68.5029 2 0.966193 2.1846 -36 -0.613572 3.99485e-197 -5.14118e-197 0.789638 2.649 2.1 6 0.048 3 13 48
68.5196 2 0.966193 2.1846 -36 -0.613572 4.1059e-197 -5.2841e-197 0.789638 2.649 2.1 6 0.048 3 13 48
68.5362 2 0.966193 2.1846 -36 -0.613572 4.18759e-197 -5.38923e-197 0.789638 2.649 2.1 6 0.048 3 13 48
68.5529 2 0.966193 2.1846 -36 -0.613572 4.24769e-197 -5.46657e-197 0.789638 2.649 2.1 6 0.048 3 13 48
68.5696 2 0.966193 2.1846 -36 -0.613572 4.2919e-197 -5.52347e-197 0.789638 2.649 2.1 6 0.048 3 13 48
68.5862 2 0.966193 2.1846 -36 -0.613572 4.32442e-197 -5.56532e-197 0.789638 2.649 2.1 6 0.048 3 13 48
68.6029 2 0.966193 2.1846 -36 -0.613572 4.34834e-197 -5.59611e-197 0.789638 2.649 2.1 6 0.048 3 13 48
68.6196 2 0.966193 2.1846 -36 -0.613572 4.36594e-197 -5.61876e-197 0.789638 2.649 2.1 6 0.048 3 13 48
68.6362 2 0.966193 2.1846 -36 -0.613572 4.37889e-197 -5.63542e-197 0.789638 2.649 2.1 6 0.048 3 13 48
68.6529 2 0.966193 2.1846 -36 -0.613572 4.38842e-197 -5.64768e-197 0.789638 2.649 2.1 6 0.048 3 13 48
68.6696 2 0.966193 2.1846 -36 -0.613572 4.39542e-197 -5.6567e-197 0.789638 2.649 2.1 6 0.048 3 13 48
68.6862 2 0.966193 2.1846 -36 -0.613572 4.40058e-197 -5.66333e-197 0.789638 2.649 2.1 6 0.048 3 13 48
68.7029 2 0.966193 2.1846 -36 -0.613572 4.40437e-197 -5.66821e-197 0.789638 2.649 2.1 6 0.048 3 13 48
68.7196 2 0.966193 2.1846 -36 -0.613572 4.40716e-197 -5.6718e-197 0.789638 2.649 2.1 6 0.048 3 13 48
68.7362 2 0.966193 2.1846 -36 -0.613572 4.40921e-197 -5.67444e-197 0.789638 2.649 2.1 6 0.048 3 13 48
68.7529 2 0.966193 2.1846 -36 -0.613572 4.41072e-197 -5.67639e-197 0.789638 2.649 2.1 6 0.048 3 13 48
68.7696 2 0.966193 2.1846 -36 -0.613572 4.41183e-197 -5.67781e-197 0.789638 2.649 2.1 6 0.048 3 13 48
68.7862 2 0.966193 2.1846 -36 -0.613572 4.41265e-197 -5.67887e-197 0.789638 2.649 2.1 6 0.048 3 13 48
68.8029 2 0.966193 2.1846 -36 -0.613572 4.41325e-197 -5.67964e-197 0.789638 2.649 2.1 6 0.048 3 13 48
68.8196 2 0.966193 2.1846 -36 -0.613572 4.41369e-197 -5.68021e-197 0.789638 2.649 2.1 6 0.048 3 13 48
68.8362 2 0.966193 2.1846 -36 -0.613572 4.41401e-197 -5.68063e-197 0.789638 2.649 2.1 6 0.048 3 13 48
68.8529 2 0.966193 2.1846 -36 -0.613572 4.41425e-197 -5.68093e-197 0.789638 2.649 2.1 6 0.048 3 13 48
68.8696 2 0.966193 2.1846 -36 -0.613572 4.41443e-197 -5.68116e-197 0.789638 2.649 2.1 6 0.048 3 13 48
68.8862 2 0.966193 2.1846 -36 -0.613572 4.41456e-197 -5.68133e-197 0.789638 2.649 2.1 6 0.048 3 13 48
68.9029 2 0.966193 2.1846 -36 -0.613572 4.41465e-197 -5.68145e-197 0.789638 2.649 2.1 6 0.048 3 13 48
68.9196 2 0.966193 2.1846 -36 -0.613572 4.41472e-197 -5.68154e-197 0.789638 2.649 2.1 6 0.048 3 13 48
68.9362 2 0.966193 2.1846 -36 -0.613572 4.41478e-197 -5.68161e-197 0.789638 2.649 2.1 6 0.048 3 13 48
68.9529 2 0.966193 2.1846 -36 -0.613572 4.41481e-197 -5.68166e-197 0.789638 2.649 2.1 6 0.048 3 13 48
68.9696 2 0.966193 2.1846 -36 -0.613572 4.41484e-197 -5.68169e-197 0.789638 2.649 2.1 6 0.048 3 13 48
68.9862 2 0.966193 2.1846 -36 -0.613572 4.41486e-197 -5.68172e-197 0.789638 2.649 2.1 6 0.048 3 13 48
69.0029 2 0.966193 2.1846 -36 -0.613572 4.41488e-197 -5.68174e-197 0.789638 2.649 2.1 6 0.048 3 13 48
69.0196 2 0.966193 2.1846 -36 -0.613572 4.41489e-197 -5.68175e-197 0.789638 2.649 2.1 6 0.048 3 13 48
69.0362 2 0.966193 2.1846 -36 -0.613572 4.4149e-197 -5.68176e-197 0.789638 2.649 2.1 6 0.048 3 13 48
69.0529 2 0.966193 2.1846 -36 -0.613572 4.4149e-197 -5.68177e-197 0.789638 2.649 2.1 6 0.048 3 13 48
69.0696 2 0.966193 2.1846 -36 -0.613572 4.41491e-197 -5.68178e-197 0.789638 2.649 2.1 6 0.048 3 13 48
69.0862 2 0.966193 2.1846 -36 -0.613572 4.41491e-197 -5.68178e-197 0.789638 2.649 2.1 6 0.048 3 13 48
69.1029 2 0.966193 2.1846 -36 -0.613572 4.41491e-197 -5.68178e-197 0.789638 2.649 2.1 6 0.048 3 13 48
69.1196 2 0.966193 2.1846 -36 -0.613572 4.41491e-197 -5.68179e-197 0.789638 2.649 2.1 6 0.048 3 13 48
69.1362 2 0.966193 2.1846 -36 -0.613572 4.41492e-197 -5.68179e-197 0.789638 2.649 2.1 6 0.048 3 13 48
69.1529 2 0.966193 2.1846 -36 -0.613572 4.41492e-197 -5.68179e-197 0.789638 2.649 2.1 6 0.048 3 13 48
69.1696 2 0.966193 2.1846 -36 -0.613572 4.41492e-197 -5.68179e-197 0.789638 2.649 2.1 6 0.048 3 13 48
69.1862 2 0.966193 2.1846 -36 -0.613572 4.41492e-197 -5.68179e-197 0.789638 2.649 2.1 6 0.048 3 13 48
69.2029 2 0.966193 2.1846 -36 -0.613572 4.41492e-197 -5.68179e-197 0.789638 2.649 2.1 6 0.048 3 13 48
69.2196 2 0.966193 2.1846 -36 -0.613572 4.41492e-197 -5.68179e-197 0.789638 2.649 2.1 6 0.048 3 13 48
69.2362 2 0.966193 2.1846 -36 -0.613572 4.41492e-197 -5.68179e-197 0.789638 2.649 2.1 6 0.048 3 13 48
69.2529 2 0.966193 2.1846 -36 -0.613572 4.41492e-197 -5.68179e-197 0.789638 2.649 2.1 6 0.048 3 13 48
69.2696 2 0.966193 2.1846 -36 -0.613572 4.41492e-197 -5.68179e-197 0.789638 2.649 2.1 6 0.048 3 13 48
69.2862 2 0.966193 2.1846 -36 -0.613572 4.41492e-197 -5.68179e-197 0.789638 2.649 2.1 6 0.048 3 13 48
69.3029 2 0.966193 2.1846 -36 -0.613572 4.41492e-197 -5.68179e-197 0.789638 2.649 2.1 6 0.048 3 13 48
69.3196 2 0.966193 2.1846 -36 -0.613572 4.41492e-197 -5.68179e-197 0.789638 2.649 2.1 6 0.048 3 13 48
69.3362 2 0.966193 2.1846 -36 -0.613572 4.41492e-197 -5.68179e-197 0.789638 2.649 2.1 6 0.048 3 13 48
69.3529 2 0.966193 2.1846 -36 -0.613572 4.41492e-197 -5.68179e-197 0.789638 2.649 2.1 6 0.048 3 13 48
69.3696 2 0.966193 2.1846 -36 -0.613572 4.41492e-197 -5.68179e-197 0.789638 2.649 2.1 6 0.048 3 13 48
69.3862 2 0.966193 2.1846 -36 -0.613572 4.41492e-197 -5.68179e-197 0.789638 2.649 2.1 6 0.048 3 13 48
69.4029 2 0.966193 2.1846 -36 -0.613572 4.41492e-197 -5.68179e-197 0.789638 2.649 2.1 6 0.048 3 13 48
69.4196 2 0.966193 2.1846 -36 -0.613572 4.41492e-197 -5.68179e-197 0.789638 2.649 2.1 6 0.048 3 13 48
69.4362 2 0.966193 2.1846 -36 -0.613572 4.41492e-197 -5.68179e-197 0.789638 2.649 2.1 6 0.048 3 13 48
69.4529 2 0.966193 2.1846 -36 -0.613572 4.41492e-197 -5.68179e-197 0.789638 2.649 2.1 6 0.048 3 13 48
69.4696 2 0.966193 2.1846 -36 -0.613572 4.41492e-197 -5.68179e-197 0.789638 2.649 2.1 6 0.048 3 13 48
69.4862 2 0.966193 2.1846 -36 -0.613572 4.41492e-197 -5.68179e-197 0.789638 2.649 2.1 6 0.048 3 13 48
69.5029 2 0.966193 2.1846 -36 -0.613572 4.41492e-197 -5.68179e-197 0.789638 2.649 2.1 6 0.048 3 13 48
69.5196 2 0.966193 2.1846 -36 -0.613572 4.41492e-197 -5.68179e-197 0.789638 2.649 2.1 6 0.048 3 13 48
69.5362 2 0.966193 2.1846 -36 -0.613572 4.41492e-197 -5.68179e-197 0.789638 2.649 2.1 6 0.048 3 13 48
69.5529 2 0.966193 2.1846 -36 -0.613572 4.41492e-197 -5.68179e-197 0.789638 2.649 2.1 6 0.048 3 13 48
69.5696 2 0.966193 2.1846 -36 -0.613572 4.41492e-197 -5.68179e-197 0.789638 2.649 2.1 6 0.048 3 13 48
69.5862 2 0.966193 2.1846 -36 -0.613572 4.41492e-197 -5.68179e-197 0.789638 2.649 2.1 6 0.048 3 13 48
69.6029 2 0.966193 2.1846 -36 -0.613572 4.41492e-197 -5.68179e-197 0.789638 2.649 2.1 6 0.048 3 13 48
69.6196 2 0.966193 2.1846 -36 -0.613572 4.41492e-197 -5.68179e-197 0.789638 2.649 2.1 6 0.048 3 13 48
69.6362 2 0.966193 2.1846 -36 -0.613572 4.41492e-197 -5.68179e-197 0.789638 2.649 2.1 6 0.048 3 13 48
69.6529 2 0.966193 2.1846 -36 -0.613572 4.41492e-197 -5.68179e-197 0.789638 2.649 2.1 6 0.048 3 13 48
69.6696 2 0.966193 2.1846 -36 -0.613572 4.41492e-197 -5.68179e-197 0.789638 2.649 2.1 6 0.048 3 13 48
69.6862 2 0.966193 2.1846 -36 -0.613572 4.41492e-197 -5.68179e-197 0.789638 2.649 2.1 6 0.048 3 13 48
69.7029 2 0.966193 2.1846 -36 -0.613572 4.41492e-197 -5.68179e-197 0.789638 2.649 2.1 6 0.048 3 13 48
69.7196 2 0.966193 2.1846 -36 -0.613572 4.41492e-197 -5.68179e-197 0.789638 2.649 2.1 6 0.048 3 13 48
69.7362 2 0.966193 2.1846 -36 -0.613572 4.41492e-197 -5.68179e-197 0.789638 2.649 2.1 6 0.048 3 13 48
69.7529 2 0.966193 2.1846 -36 -0.613572 4.41492e-197 -5.68179e-197 0.789638 2.649 2.1 6 0.048 3 13 48
69.7696 2 0.966193 2.1846 -36 -0.613572 4.41492e-197 -5.68179e-197 0.789638 2.649 2.1 6 0.048 3 13 48
69.7862 2 0.966193 2.1846 -36 -0.613572 4.41492e-197 -5.68179e-197 0.789638 2.649 2.1 6 0.048 3 13 48
69.8029 2 0.966193 2.1846 -36 -0.613572 4.41492e-197 -5.68179e-197 0.789638 2.649 2.1 6 0.048 3 13 48
69.8196 2 0.966193 2.1846 -36 -0.613572 4.41492e-197 -5.68179e-197 0.789638 2.649 2.1 6 0.048 3 13 48
69.8362 2 0.966193 2.1846 -36 -0.613572 4.41492e-197 -5.68179e-197 0.789638 2.649 2.1 6 0.048 3 13 48
69.8529 2 0.966193 2.1846 -36 -0.613572 4.41492e-197 -5.68179e-197 0.789638 2.649 2.1 6 0.048 3 13 48
69.8696 2 0.966193 2.1846 -36 -0.613572 4.41492e-197 -5.68179e-197 0.789638 2.649 2.1 6 0.048 3 13 48
69.8862 2 0.966193 2.1846 -36 -0.613572 4.41492e-197 -5.68179e-197 0.789638 2.649 2.1 6 0.048 3 13 48
69.9029 2 0.966193 2.1846 -36 -0.613572 4.41492e-197 -5.68179e-197 0.789638 2.649 2.1 6 0.048 3 13 48
69.9196 2 0.966193 2.1846 -36 -0.613572 4.41492e-197 -5.68179e-197 0.789638 2.649 2.1 6 0.048 3 13 48
69.9362 2 0.966193 2.1846 -36 -0.613572 4.41492e-197 -5.68179e-197 0.789638 2.649 2.1 6 0.048 3 13 48
69.9529 2 0.966193 2.1846 -36 -0.613572 4.41492e-197 -5.68179e-197 0.789638 2.649 2.1 6 0.048 3 13 48
69.9696 2 0.966193 2.1846 -36 -0.613572 4.41492e-197 -5.68179e-197 0.789638 2.649 2.1 6 0.048 3 13 48
69.9862 2 0.966193 2.1846 -36 -0.613572 4.41492e-197 -5.68179e-197 0.789638 2.649 2.1 6 0.048 3 13 48
70.0029 2 0.966193 2.1846 -36 -0.613572 4.41492e-197 -5.68179e-197 0.789638 2.649 2.1 6 0.048 3 13 48
70.0196 2 0.966193 2.1846 -36 -0.613572 4.41492e-197 -5.68179e-197 0.789638 2.649 2.1 6 0.048 3 13 48
70.0362 2 0.966193 2.1846 -36 -0.613572 4.41492e-197 -5.68179e-197 0.789638 2.649 2.1 6 0.048 3 13 48
70.0529 2 0.966193 2.1846 -36 -0.613572 4.41492e-197 -5.68179e-197 0.789638 2.649 2.1 6 0.048 3 13 48
70.0696 2 0.966193 2.1846 -36 -0.613572 4.41492e-197 -5.68179e-197 0.789638 2.649 2.1 6 0.048 3 13 48
70.0862 2 0.966193 2.1846 -36 -0.613572 4.41492e-197 -5.68179e-197 0.789638 2.649 2.1 6 0.048 3 13 48
70.1029 2 0.966193 2.1846 -36 -0.613572 4.41492e-197 -5.68179e-197 0.789638 2.649 2.1 6 0.048 3 13 48
70.1196 2 0.966193 2.1846 -36 -0.613572 4.41492e-197 -5.68179e-197 0.789638 2.649 2.1 6 0.048 3 13 48
70.1362 2 0.96648 2.18453 -36 -0.613572 4.41492e-197 -5.68179e-197 0.789638 2.649 2.1 6 0.048 3 13 48
70.1529 2 0.983252 2.18048 -36 -0.613572 4.41492e-197 -5.68179e-197 0.789638 2.649 2.1 6 0.048 3 13 48
70.1696 2 0.998846 2.17708 -36 -0.613572 4.41492e-197 -5.68179e-197 0.789638 2.649 2.1 6 0.048 3 13 48
70.1862 2 1.01357 2.17417 -36 -0.613572 4.41492e-197 -5.68179e-197 0.789638 2.649 2.1 6 0.048 3 13 48
70.2029 2 1.02766 2.17161 -36 -0.613572 4.41492e-197 -5.68179e-197 0.789638 2.649 2.1 6 0.048 3 13 48
70.2196 2 1.04128 2.16932 -36 -0.613572 4.41492e-197 -5.68179e-197 0.789638 2.649 2.1 6 0.048 3 13 48
70.2362 2 1.05456 2.16721 -36 -0.613572 4.41492e-197 -5.68179e-197 0.789638 2.649 2.1 6 0.048 3 13 48
70.2529 2 1.06758 2.16525 -36 -0.613572 4.41492e-197 -5.68179e-197 0.789638 2.649 2.1 6 0.048 3 13 48
70.2696 2 1.08041 2.16339 -36 -0.613572 4.41492e-197 -5.68179e-197 0.789638 2.649 2.1 6 0.048 3 13 48
70.2862 2 1.09311 2.16161 -36 -0.613572 4.41492e-197 -5.68179e-197 0.789638 2.649 2.1 6 0.048 3 13 48
70.3029 2 1.1057 2.15988 -36 -0.613572 4.41492e-197 -5.68179e-197 0.789638 2.649 2.1 6 0.048 3 13 48
70.3196 2 1.11823 2.1582 -36 -0.613572 4.41492e-197 -5.68179e-197 0.789638 2.649 2.1 6 0.048 3 13 48
70.3362 2 1.13069 2.15654 -36 -0.613572 4.41492e-197 -5.68179e-197 0.789638 2.649 2.1 6 0.048 3 13 48
70.3529 2 1.14312 2.15491 -36 -0.613572 4.41492e-197 -5.68179e-197 0.789638 2.649 2.1 6 0.048 3 13 48
70.3696 2 1.15551 2.1533 -36 -0.613572 4.41492e-197 -5.68179e-197 0.789638 2.649 2.1 6 0.048 3 13 48
70.3862 2 1.16789 2.15169 -36 -0.613572 4.41492e-197 -5.68179e-197 0.789638 2.649 2.1 6 0.048 3 13 48
70.4029 2 1.18025 2.1501 -36 -0.613572 4.41492e-197 -5.68179e-197 0.789638 2.649 2.1 6 0.048 3 13 48
70.4196 2 1.1926 2.14851 -36 -0.613572 4.41492e-197 -5.68179e-197 0.789638 2.649 2.1 6 0.048 3 13 48
70.4362 2 1.20493 2.14693 -36 -0.613572 4.41492e-197 -5.68179e-197 0.789638 2.649 2.1 6 0.048 3 13 48
70.4529 2 1.21727 2.14535 -36 -0.613572 4.41492e-197 -5.68179e-197 0.789638 2.649 2.1 6 0.048 3 13 48
70.4696 2 1.22959 2.14377 -36 -0.613572 4.41492e-197 -5.68179e-197 0.789638 2.649 2.1 6 0.048 3 13 48
70.4862 2 1.24192 2.14219 -36 -0.613572 4.41492e-197 -5.68179e-197 0.789638 2.649 2.1 6 0.048 3 13 48
70.5029 2 1.25424 2.14062 -36 -0.613572 4.41492e-197 -5.68179e-197 0.789638 2.649 2.1 6 0.048 3 13 48
70.5196 2 1.26656 2.13905 -36 -0.613572 4.41492e-197 -5.68179e-197 0.789638 2.649 2.1 6 0.048 3 13 48
70.5362 2 1.27888 2.13748 -36 -0.613572 4.41492e-197 -5.68179e-197 0.789638 2.649 2.1 6 0.048 3 13 48
70.5529 2 1.29119 2.1359 -36 -0.613572 4.41492e-197 -5.68179e-197 0.789638 2.649 2.1 6 0.048 3 13 48
70.5696 2 1.30351 2.13433 -36 -0.613572 4.41492e-197 -5.68179e-197 0.789638 2.649 2.1 6 0.048 3 13 48
70.5862 2 1.31583 2.13276 -36 -0.613572 4.41492e-197 -5.68179e-197 0.789638 2.649 2.1 6 0.048 3 13 48
70.6029 2 1.32814 2.13119 -36 -0.613572 4.41492e-197 -5.68179e-197 0.789638 2.649 2.1 6 0.048 3 13 48
70.6196 2 1.34046 2.12962 -36 -0.613572 4.41492e-197 -5.68179e-197 0.789638 2.649 2.1 6 0.048 3 13 48
70.6362 2 1.35277 2.12805 -36 -0.613572 4.41492e-197 -5.68179e-197 0.789638 2.649 2.1 6 0.048 3 13 48
70.6529 2 1.36509 2.12648 -36 -0.613572 4.41492e-197 -5.68179e-197 0.789638 2.649 2.1 6 0.048 3 13 48
70.6696 2 1.3774 2.12491 -36 -0.613572 4.41492e-197 -5.68179e-197 0.789638 2.649 2.1 6 0.048 3 13 48
70.6862 2 1.38972 2.12334 -36 -0.613572 4.41492e-197 -5.68179e-197 0.789638 2.649 2.1 6 0.048 3 13 48
70.7029 2 1.40203 2.12177 -36 -0.613572 4.41492e-197 -5.68179e-197 0.789638 2.649 2.1 6 0.048 3 13 48
70.7196 2 1.41435 2.1202 -36 -0.613572 4.41492e-197 -5.68179e-197 0.789638 2.649 2.1 6 0.048 3 13 48
70.7362 2 1.42666 2.11863 -36 -0.613572 4.41492e-197 -5.68179e-197 0.789638 2.649 2.1 6 0.048 3 13 48
70.7529 2 1.43897 2.11706 -36 -0.613572 4.41492e-197 -5.68179e-197 0.789638 2.649 2.1 6 0.048 3 13 48
70.7696 2 1.45129 2.11549 -36 -0.613572 4.41492e-197 -5.68179e-197 0.789638 2.649 2.1 6 0.048 3 13 48
70.7862 2 1.4636 2.11392 -36 -0.613572 4.41492e-197 -5.68179e-197 0.789638 2.649 2.1 6 0.048 3 13 48
70.8029 2 1.47592 2.11235 -36 -0.613572 4.41492e-197 -5.68179e-197 0.789638 2.649 2.1 6 0.048 3 13 48
70.8196 2 1.48823 2.11078 -36 -0.613572 4.41492e-197 -5.68179e-197 0.789638 2.649 2.1 6 0.048 3 13 48
70.8362 2 1.50055 2.10921 -36 -0.613572 4.41492e-197 -5.68179e-197 0.789638 2.649 2.1 6 0.048 3 13 48
70.8529 2 1.51286 2.10764 -36 -0.613572 4.41492e-197 -5.68179e-197 0.789638 2.649 2.1 6 0.048 3 13 48
70.8696 2 1.52518 2.10607 -36 -0.613572 4.41492e-197 -5.68179e-197 0.789638 2.649 2.1 6 0.048 3 13 48
70.8862 2 1.53749 2.1045 -36 -0.613572 4.41492e-197 -5.68179e-197 0.789638 2.649 2.1 6 0.048 3 13 48
70.9029 2 1.5498 2.10293 -36 -0.613572 4.41492e-197 -5.68179e-197 0.789638 2.649 2.1 6 0.048 3 13 48
70.9196 2 1.56212 2.10136 -36 -0.613572 4.41492e-197 -5.68179e-197 0.789638 2.649 2.1 6 0.048 3 13 48
70.9362 2 1.57443 2.09979 -36 -0.613572 4.41492e-197 -5.68179e-197 0.789638 2.649 2.1 6 0.048 3 13 48
70.9529 2 1.58675 2.09822 -36 -0.613572 4.41492e-197 -5.68179e-197 0.789638 2.649 2.1 6 0.048 3 13 48
70.9696 2 1.59906 2.09665 -36 -0.613572 4.41492e-197 -5.68179e-197 0.789638 2.649 2.1 6 0.048 3 13 48
70.9862 2 1.61138 2.09508 -36 -0.613572 4.41492e-197 -5.68179e-197 0.789638 2.649 2.1 6 0.048 3 13 48
71.0029 2 1.62369 2.09351 -36 -0.613572 4.41492e-197 -5.68179e-197 0.789638 2.649 2.1 6 0.048 3 13 48
71.0196 2 1.63601 2.09194 -36 -0.613572 4.41492e-197 -5.68179e-197 0.789638 2.649 2.1 6 0.048 3 13 48
71.0362 2 1.64832 2.09037 -36 -0.613572 4.41492e-197 -5.68179e-197 0.789638 2.649 2.1 6 0.048 3 13 48
71.0529 2 1.66063 2.0888 -36 -0.613572 4.41492e-197 -5.68179e-197 0.789638 2.649 2.1 6 0.048 3 13 48
71.0696 2 1.67295 2.08723 -36 -0.613572 4.41492e-197 -5.68179e-197 0.789638 2.649 2.1 6 0.048 3 13 48
71.0862 2 1.68526 2.08566 -36 -0.613572 4.41492e-197 -5.68179e-197 0.789638 2.649 2.1 6 0.048 3 13 48
71.1029 2 1.69758 2.08409 -36 -0.613572 4.41492e-197 -5.68179e-197 0.789638 2.649 2.1 6 0.048 3 13 48
71.1196 2 1.70989 2.08253 -36 -0.613572 4.41492e-197 -5.68179e-197 0.789638 2.649 2.1 6 0.048 3 13 48
71.1362 2 1.72221 2.08096 -36 -0.613572 4.41492e-197 -5.68179e-197 0.789638 2.649 2.1 6 0.048 3 13 48
71.1529 2 1.73452 2.07939 -36 -0.613572 4.41492e-197 -5.68179e-197 0.789638 2.649 2.1 6 0.048 3 13 48
71.1696 2 1.74683 2.07782 -36 -0.613572 4.41492e-197 -5.68179e-197 0.789638 2.649 2.1 6 0.048 3 13 48
71.1862 2 1.75915 2.07625 -36 -0.613572 4.41492e-197 -5.68179e-197 0.789638 2.649 2.1 6 0.048 3 13 48
71.2029 2 1.77146 2.07468 -36 -0.613572 4.41492e-197 -5.68179e-197 0.789638 2.649 2.1 6 0.048 3 13 48
71.2196 2 1.78378 2.07311 -36 -0.613572 4.41492e-197 -5.68179e-197 0.789638 2.649 2.1 6 0.048 3 13 48
71.2362 2 1.79609 2.07154 -36 -0.613572 4.41492e-197 -5.68179e-197 0.789638 2.649 2.1 6 0.048 3 13 48
71.2529 2 1.80841 2.06997 -36 -0.613572 4.41492e-197 -5.68179e-197 0.789638 2.649 2.1 6 0.048 3 13 48
71.2696 2 1.82072 2.0684 -36 -0.613572 4.41492e-197 -5.68179e-197 0.789638 2.649 2.1 6 0.048 3 13 48
71.2862 2 1.83304 2.06683 -36 -0.613572 4.41492e-197 -5.68179e-197 0.789638 2.649 2.1 6 0.048 3 13 48
71.3029 2 1.84535 2.06526 -36 -0.613572 4.41492e-197 -5.68179e-197 0.789638 2.649 2.1 6 0.048 3 13 48
71.3196 2 1.85766 2.06369 -36 -0.613572 4.41492e-197 -5.68179e-197 0.789638 2.649 2.1 6 0.048 3 13 48
71.3362 2 1.86998 2.06212 -36 -0.613572 4.41492e-197 -5.68179e-197 0.789638 2.649 2.1 6 0.048 3 13 48
71.3529 2 1.88229 2.06055 -36 -0.613572 4.41492e-197 -5.68179e-197 0.789638 2.649 2.1 6 0.048 3 13 48
71.3696 2 1.89461 2.05898 -36 -0.613572 4.41492e-197 -5.68179e-197 0.789638 2.649 2.1 6 0.048 3 13 48
71.3862 2 1.90692 2.05741 -36 -0.613572 4.41492e-197 -5.68179e-197 0.789638 2.649 2.1 6 0.048 3 13 48
71.4029 2 1.91924 2.05584 -36 -0.613572 4.41492e-197 -5.68179e-197 0.789638 2.649 2.1 6 0.048 3 13 48
71.4196 2 1.93155 2.05427 -36 -0.613572 4.41492e-197 -5.68179e-197 0.789638 2.649 2.1 6 0.048 3 13 48
71.4362 2 1.94386 2.0527 -36 -0.613572 4.41492e-197 -5.68179e-197 0.789638 2.649 2.1 6 0.048 3 13 48
71.4529 2 1.95618 2.05113 -36 -0.613572 4.41492e-197 -5.68179e-197 0.789638 2.649 2.1 6 0.048 3 13 48
71.4696 2 1.96849 2.04956 -36 -0.613572 4.41492e-197 -5.68179e-197 0.789638 2.649 2.1 6 0.048 3 13 48
71.4862 2 1.98081 2.04799 -36 -0.613572 4.41492e-197 -5.68179e-197 0.789638 2.649 2.1 6 0.048 3 13 48
71.5029 2 1.99312 2.04642 -36 -0.613572 4.41492e-197 -5.68179e-197 0.789638 2.649 2.1 6 0.048 3 13 48
71.5196 2 2.00544 2.04485 -36 -0.613572 4.41492e-197 -5.68179e-197 0.789638 2.649 2.1 6 0.048 3 13 48
71.5362 2 2.01775 2.04328 -36 -0.613572 4.41492e-197 -5.68179e-197 0.789638 2.649 2.1 6 0.048 3 13 48
71.5529 2 2.03007 2.04171 -36 -0.613572 4.41492e-197 -5.68179e-197 0.789638 2.649 2.1 6 0.048 3 13 48
71.5696 2 2.04238 2.04014 -36 -0.613572 4.41492e-197 -5.68179e-197 0.789638 2.649 2.1 6 0.048 3 13 48
71.5862 2 2.05469 2.03857 -36 -0.613572 4.41492e-197 -5.68179e-197 0.789638 2.649 2.1 6 0.048 3 13 48
71.6029 2 2.06701 2.037 -36 -0.613572 4.41492e-197 -5.68179e-197 0.789638 2.649 2.1 6 0.048 3 13 48
71.6196 2 2.07932 2.03543 -36 -0.613572 4.41492e-197 -5.68179e-197 0.789638 2.649 2.1 6 0.048 3 13 48
71.6362 2 2.09164 2.03386 -36 -0.613572 4.41492e-197 -5.68179e-197 0.789638 2.649 2.1 6 0.048 3 13 48
71.6529 2 2.10395 2.03229 -36 -0.613572 4.41492e-197 -5.68179e-197 0.789638 2.649 2.1 6 0.048 3 13 48
71.6696 2 2.11627 2.03072 -36 -0.613572 4.41492e-197 -5.68179e-197 0.789638 2.649 2.1 6 0.048 3 13 48
71.6862 2 2.12858 2.02915 -36 -0.613572 4.41492e-197 -5.68179e-197 0.789638 2.649 2.1 6 0.048 3 13 48
71.7029 2 2.14089 2.02758 -36 -0.613572 4.41492e-197 -5.68179e-197 0.789638 2.649 2.1 6 0.048 3 13 48
71.7196 2 2.15321 2.02601 -36 -0.613572 4.41492e-197 -5.68179e-197 0.789638 2.649 2.1 6 0.048 3 13 48
71.7362 2 2.16552 2.02444 -36 -0.613572 4.41492e-197 -5.68179e-197 0.789638 2.649 2.1 6 0.048 3 13 48
71.7529 2 2.17784 2.02287 -36 -0.613572 4.41492e-197 -5.68179e-197 0.789638 2.649 2.1 6 0.048 3 13 48
71.7696 2 2.19015 2.0213 -36 -0.613572 4.41492e-197 -5.68179e-197 0.789638 2.649 2.1 6 0.048 3 13 48
71.7862 2 2.20247 2.01973 -36 -0.613572 4.41492e-197 -5.68179e-197 0.789638 2.649 2.1 6 0.048 3 13 48
71.8029 2 2.21478 2.01816 -36 -0.613572 4.41492e-197 -5.68179e-197 0.789638 2.649 2.1 6 0.048 3 13 48
71.8196 2 2.2271 2.01659 -36 -0.613572 4.41492e-197 -5.68179e-197 0.789638 2.649 2.1 6 0.048 3 13 48
71.8362 2 2.23941 2.01502 -36 -0.613572 4.41492e-197 -5.68179e-197 0.789638 2.649 2.1 6 0.048 3 13 48
71.8529 2 2.25172 2.01345 -36 -0.613572 4.41492e-197 -5.68179e-197 0.789638 2.649 2.1 6 0.048 3 13 48
71.8696 2 2.26404 2.01188 -36 -0.613572 4.41492e-197 -5.68179e-197 0.789638 2.649 2.1 6 0.048 3 13 48
71.8862 2 2.27635 2.01031 -36 -0.613572 4.41492e-197 -5.68179e-197 0.789638 2.649 2.1 6 0.048 3 13 48
71.9029 2 2.28867 2.00874 -36 -0.613572 4.41492e-197 -5.68179e-197 0.789638 2.649 2.1 6 0.048 3 13 48
71.9196 2 2.30098 2.00717 -36 -0.613572 4.41492e-197 -5.68179e-197 0.789638 2.649 2.1 6 0.048 3 13 48
71.9362 2 2.3133 2.0056 -36 -0.613572 4.41492e-197 -5.68179e-197 0.789638 2.649 2.1 6 0.048 3 13 48
71.9529 2 2.32561 2.00403 -36 -0.613572 4.41492e-197 -5.68179e-197 0.789638 2.649 2.1 6 0.048 3 13 48
71.9696 2 2.33793 2.00246 -36 -0.613572 4.41492e-197 -5.68179e-197 0.789638 2.649 2.1 6 0.048 3 13 48
71.9862 2 2.35024 2.00089 -36 -0.613572 4.41492e-197 -5.68179e-197 0.789638 2.649 2.1 6 0.048 3 13 48
72.0029 2 2.36255 1.99932 -36 -0.613572 4.41492e-197 -5.68179e-197 0.789638 2.649 2.1 6 0.048 3 13 48
72.0196 2 2.37487 1.99775 -36 -0.613572 4.41492e-197 -5.68179e-197 0.789638 2.649 2.1 6 0.048 3 13 48
72.0362 2 2.38718 1.99618 -36 -0.613572 4.41492e-197 -5.68179e-197 0.789638 2.649 2.1 6 0.048 3 13 48
72.0529 2 2.3995 1.99461 -36 -0.613572 4.41492e-197 -5.68179e-197 0.789638 2.649 2.1 6 0.048 3 13 48
72.0696 2 2.41181 1.99304 -36 -0.613572 4.41492e-197 -5.68179e-197 0.789638 2.649 2.1 6 0.048 3 13 48
72.0862 2 2.42413 1.99147 -36 -0.613572 4.41492e-197 -5.68179e-197 0.789638 2.649 2.1 6 0.048 3 13 48
72.1029 2 2.43644 1.9899 -36 -0.613572 4.41492e-197 -5.68179e-197 0.789638 2.649 2.1 6 0.048 3 13 48
72.1196 2 2.44875 1.98833 -36 -0.613572 4.41492e-197 -5.68179e-197 0.789638 2.649 2.1 6 0.048 3 13 48
72.1362 2 2.46107 1.98676 -36 -0.613572 4.41492e-197 -5.68179e-197 0.789638 2.649 2.1 6 0.048 3 13 48
72.1529 2 2.47338 1.98519 -36 -0.613572 4.41492e-197 -5.68179e-197 0.789638 2.649 2.1 6 0.048 3 13 48
72.1696 2 2.4857 1.98362 -36 -0.613572 4.41492e-197 -5.68179e-197 0.789638 2.649 2.1 6 0.048 3 13 48
72.1862 2 2.49801 1.98205 -36 -0.613572 4.41492e-197 -5.68179e-197 0.789638 2.649 2.1 6 0.048 3 13 48
72.2029 2 2.51033 1.98049 -36 -0.613572 4.41492e-197 -5.68179e-197 0.789638 2.649 2.1 6 0.048 3 13 48
72.2196 2 2.52264 1.97892 -36 -0.613572 4.41492e-197 -5.68179e-197 0.789638 2.649 2.1 6 0.048 3 13 48
72.2362 2 2.53496 1.97735 -36 -0.613572 4.41492e-197 -5.68179e-197 0.789638 2.649 2.1 6 0.048 3 13 48
72.2529 2 2.54698 1.97585 -36 -0.613572 4.41492e-197 -5.68179e-197 0.789638 2.649 2.1 6 0.048 3 13 48
72.2696 2 2.54252 1.97833 -36 -0.613572 4.41492e-197 -5.68179e-197 0.789638 2.649 2.1 6 0.048 3 13 48
72.2862 2 2.53925 1.98015 -36 -0.613572 4.41492e-197 -5.68179e-197 0.789638 2.649 2.1 6 0.048 3 13 48
72.3029 2 2.53683 1.98149 -36 -0.613572 4.41492e-197 -5.68179e-197 0.789638 2.649 2.1 6 0.048 3 13 48
72.3196 2 2.53506 1.98248 -36 -0.613572 4.41492e-197 -5.68179e-197 0.789638 2.649 2.1 6 0.048 3 13 48
72.3362 2 2.53375 1.98321 -36 -0.613572 4.41492e-197 -5.68179e-197 0.789638 2.649 2.1 6 0.048 3 13 48
72.3529 2 2.53279 1.98374 -36 -0.613572 4.41492e-197 -5.68179e-197 0.789638 2.649 2.1 6 0.048 3 13 48
72.3696 2 2.53209 1.98414 -36 -0.613572 4.41492e-197 -5.68179e-197 0.789638 2.649 2.1 6 0.048 3 13 48
72.3862 2 2.53157 1.98442 -36 -0.613572 4.41492e-197 -5.68179e-197 0.789638 2.649 2.1 6 0.048 3 13 48
72.4029 2 2.53118 1.98464 -36 -0.613572 4.41492e-197 -5.68179e-197 0.789638 2.649 2.1 6 0.048 3 13 48
72.4196 2 2.5309 1.98479 -36 -0.613572 4.41492e-197 -5.68179e-197 0.789638 2.649 2.1 6 0.048 3 13 48
72.4362 2 2.5307 1.98491 -36 -0.613572 4.41492e-197 -5.68179e-197 0.789638 2.649 2.1 6 0.048 3 13 48
72.4529 2 2.53054 1.98499 -36 -0.613572 4.41492e-197 -5.68179e-197 0.789638 2.649 2.1 6 0.048 3 13 48
72.4696 2 2.53043 1.98506 -36 -0.613572 4.41492e-197 -5.68179e-197 0.789638 2.649 2.1 6 0.048 3 13 48
72.4862 2 2.53035 1.9851 -36 -0.613572 4.41492e-197 -5.68179e-197 0.789638 2.649 2.1 6 0.048 3 13 48
72.5029 2 2.53029 1.98514 -36 -0.613572 4.41492e-197 -5.68179e-197 0.789638 2.649 2.1 6 0.048 3 13 48
72.5196 2 2.53024 1.98516 -36 -0.613572 4.41492e-197 -5.68179e-197 0.789638 2.649 2.1 6 0.048 3 13 48
72.5362 2 2.53021 1.98518 -36 -0.613572 4.41492e-197 -5.68179e-197 0.789638 2.649 2.1 6 0.048 3 13 48
72.5529 2 2.53019 1.98519 -36 -0.613572 4.41492e-197 -5.68179e-197 0.789638 2.649 2.1 6 0.048 3 13 48
72.5696 2 2.53017 1.9852 -36 -0.613572 4.41492e-197 -5.68179e-197 0.789638 2.649 2.1 6 0.048 3 13 48
72.5862 2 2.53016 1.98521 -36 -0.613572 4.41492e-197 -5.68179e-197 0.789638 2.649 2.1 6 0.048 3 13 48
72.6029 2 2.53015 1.98521 -36 -0.613572 4.41492e-197 -5.68179e-197 0.789638 2.649 2.1 6 0.048 3 13 48
72.6196 2 2.53014 1.98522 -36 -0.613572 4.41492e-197 -5.68179e-197 0.789638 2.649 2.1 6 0.048 3 13 48
72.6362 2 2.53013 1.98522 -36 -0.613572 4.41492e-197 -5.68179e-197 0.789638 2.649 2.1 6 0.048 3 13 48
72.6529 2 2.53013 1.98522 -36 -0.613572 4.41492e-197 -5.68179e-197 0.789638 2.649 2.1 6 0.048 3 13 48
72.6696 2 2.53013 1.98523 -36 -0.613572 4.41492e-197 -5.68179e-197 0.789638 2.649 2.1 6 0.048 3 13 48
72.6862 2 2.53013 1.98523 -36 -0.613572 4.41492e-197 -5.68179e-197 0.789638 2.649 2.1 6 0.048 3 13 48
72.7029 2 2.53012 1.98523 -36 -0.613572 4.41492e-197 -5.68179e-197 0.789638 2.649 2.1 6 0.048 3 13 48
72.7196 2 2.53012 1.98523 -36 -0.613572 4.41492e-197 -5.68179e-197 0.789638 2.649 2.1 6 0.048 3 13 48
72.7362 2 2.53012 1.98523 -36 -0.613572 4.41492e-197 -5.68179e-197 0.789638 2.649 2.1 6 0.048 3 13 48
72.7529 2 2.53012 1.98523 -36 -0.613572 4.41492e-197 -5.68179e-197 0.789638 2.649 2.1 6 0.048 3 13 48
72.7696 2 2.53012 1.98523 -36 -0.613572 4.41492e-197 -5.68179e-197 0.789638 2.649 2.1 6 0.048 3 13 48
72.7862 2 2.53012 1.98523 -36 -0.613572 4.41492e-197 -5.68179e-197 0.789638 2.649 2.1 6 0.048 3 13 48
72.8029 2 2.53012 1.98523 -36 -0.613572 4.41492e-197 -5.68179e-197 0.789638 2.649 2.1 6 0.048 3 13 48
72.8196 2 2.53012 1.98523 -36 -0.613572 4.41492e-197 -5.68179e-197 0.789638 2.649 2.1 6 0.048 3 13 48
72.8362 2 2.53012 1.98523 -36 -0.613572 4.41492e-197 -5.68179e-197 0.789638 2.649 2.1 6 0.048 3 13 48
72.8529 2 2.53012 1.98523 -36 -0.613572 4.41492e-197 -5.68179e-197 0.789638 2.649 2.1 6 0.048 3 13 48
72.8696 2 2.53012 1.98523 -36 -0.613572 4.41492e-197 -5.68179e-197 0.789638 2.649 2.1 6 0.048 3 13 48
72.8862 2 2.53012 1.98523 -36 -0.613572 4.41492e-197 -5.68179e-197 0.789638 2.649 2.1 6 0.048 3 13 48
72.9029 2 2.53012 1.98523 -36 -0.613572 4.41492e-197 -5.68179e-197 0.789638 2.649 2.1 6 0.048 3 13 48
72.9196 2 2.53012 1.98523 -36 -0.613572 4.41492e-197 -5.68179e-197 0.789638 2.649 2.1 6 0.048 3 13 48
72.9362 2 2.53012 1.98523 -36 -0.613572 4.41492e-197 -5.68179e-197 0.789638 2.649 2.1 6 0.048 3 13 48
72.9529 2 2.53012 1.98523 -36 -0.613572 4.41492e-197 -5.68179e-197 0.789638 2.649 2.1 6 0.048 3 13 48
72.9696 2 2.53012 1.98523 -36 -0.613572 4.41492e-197 -5.68179e-197 0.789638 2.649 2.1 6 0.048 3 13 48
72.9862 2 2.53012 1.98523 -36 -0.613572 4.41492e-197 -5.68179e-197 0.789638 2.649 2.1 6 0.048 3 13 48
73.0029 2 2.53012 1.98523 -36 -0.613572 4.41492e-197 -5.68179e-197 0.789638 2.649 2.1 6 0.048 3 13 48
73.0196 2 2.53012 1.98523 -36 -0.613572 4.41492e-197 -5.68179e-197 0.789638 2.649 2.1 6 0.048 3 13 48
73.0362 2 2.53012 1.98523 -36 -0.613572 4.41492e-197 -5.68179e-197 0.789638 2.649 2.1 6 0.048 3 13 48
73.0529 2 2.53012 1.98523 -36.0003 -0.613572 4.41492e-197 -5.68179e-197 0.789638 2.649 2.1 6 0.048 3 13 48
73.0696 2 2.53012 1.98523 -36.0176 -0.613572 4.41492e-197 -5.68179e-197 0.789638 2.649 2.1 6 0.048 3 13 48
73.0862 2 2.53012 1.98523 -36.0337 -0.613572 4.41492e-197 -5.68179e-197 0.789638 2.649 2.1 6 0.048 3 13 48
73.1029 2 2.53012 1.98523 -36.0489 -0.613572 4.41492e-197 -5.68179e-197 0.789638 2.649 2.1 6 0.048 3 13 48
73.1196 2 2.53012 1.98523 -36.0634 -0.613572 4.41492e-197 -5.68179e-197 0.789638 2.649 2.1 6 0.048 3 13 48
73.1362 2 2.53012 1.98523 -36.0775 -0.613572 4.41492e-197 -5.68179e-197 0.789638 2.649 2.1 6 0.048 3 13 48
73.1529 2 2.53012 1.98523 -36.0912 -0.613572 4.41492e-197 -5.68179e-197 0.789638 2.649 2.1 6 0.048 3 13 48
73.1696 2 2.53012 1.98523 -36.1046 -0.613572 4.41492e-197 -5.68179e-197 0.789638 2.649 2.1 6 0.048 3 13 48
73.1862 2 2.53012 1.98523 -36.1179 -0.613572 4.41492e-197 -5.68179e-197 0.789638 2.649 2.1 6 0.048 3 13 48
73.2029 2 2.53012 1.98523 -36.131 -0.613572 4.41492e-197 -5.68179e-197 0.789638 2.649 2.1 6 0.048 3 13 48
73.2196 2 2.53012 1.98523 -36.144 -0.613572 4.41492e-197 -5.68179e-197 0.789638 2.649 2.1 6 0.048 3 13 48
73.2362 2 2.53012 1.98523 -36.1569 -0.613572 4.41492e-197 -5.68179e-197 0.789638 2.649 2.1 6 0.048 3 13 48
73.2529 2 2.53012 1.98523 -36.1698 -0.613572 4.41492e-197 -5.68179e-197 0.789638 2.649 2.1 6 0.048 3 13 48
73.2696 2 2.53012 1.98523 -36.1826 -0.613572 4.41492e-197 -5.68179e-197 0.789638 2.649 2.1 6 0.048 3 13 48
73.2862 2 2.53012 1.98523 -36.1954 -0.613572 4.41492e-197 -5.68179e-197 0.789638 2.649 2.1 6 0.048 3 13 48
73.3029 2 2.53012 1.98523 -36.2081 -0.613572 4.41492e-197 -5.68179e-197 0.789638 2.649 2.1 6 0.048 3 13 48
73.3196 2 2.53012 1.98523 -36.2209 -0.613572 4.41492e-197 -5.68179e-197 0.789638 2.649 2.1 6 0.048 3 13 48
73.3362 2 2.53012 1.98523 -36.2336 -0.613572 4.41492e-197 -5.68179e-197 0.789638 2.649 2.1 6 0.048 3 13 48
73.3529 2 2.53012 1.98523 -36.2464 -0.613572 4.41492e-197 -5.68179e-197 0.789638 2.649 2.1 6 0.048 3 13 48
73.3696 2 2.53012 1.98523 -36.2591 -0.613572 4.41492e-197 -5.68179e-197 0.789638 2.649 2.1 6 0.048 3 13 48
73.3862 2 2.53012 1.98523 -36.2718 -0.613572 4.41492e-197 -5.68179e-197 0.789638 2.649 2.1 6 0.048 3 13 48
73.4029 2 2.53012 1.98523 -36.2845 -0.613572 4.41492e-197 -5.68179e-197 0.789638 2.649 2.1 6 0.048 3 13 48
73.4196 2 2.53012 1.98523 -36.2973 -0.613572 4.41492e-197 -5.68179e-197 0.789638 2.649 2.1 6 0.048 3 13 48
73.4362 2 2.53012 1.98523 -36.31 -0.613572 4.41492e-197 -5.68179e-197 0.789638 2.649 2.1 6 0.048 3 13 48
73.4529 2 2.53012 1.98523 -36.3227 -0.613572 4.41492e-197 -5.68179e-197 0.789638 2.649 2.1 6 0.048 3 13 48
73.4696 2 2.53012 1.98523 -36.3354 -0.613572 4.41492e-197 -5.68179e-197 0.789638 2.649 2.1 6 0.048 3 13 48
73.4862 2 2.53012 1.98523 -36.3481 -0.613572 4.41492e-197 -5.68179e-197 0.789638 2.649 2.1 6 0.048 3 13 48
73.5029 2 2.53012 1.98523 -36.3608 -0.613572 4.41492e-197 -5.68179e-197 0.789638 2.649 2.1 6 0.048 3 13 48
73.5196 2 2.53012 1.98523 -36.3735 -0.613572 4.41492e-197 -5.68179e-197 0.789638 2.649 2.1 6 0.048 3 13 48
73.5362 2 2.53012 1.98523 -36.3862 -0.613572 4.41492e-197 -5.68179e-197 0.789638 2.649 2.1 6 0.048 3 13 48
73.5529 2 2.53012 1.98523 -36.3989 -0.613572 4.41492e-197 -5.68179e-197 0.789638 2.649 2.1 6 0.048 3 13 48
73.5696 2 2.53012 1.98523 -36.4117 -0.613572 4.41492e-197 -5.68179e-197 0.789638 2.649 2.1 6 0.048 3 13 48
73.5862 2 2.53012 1.98523 -36.4244 -0.613572 4.41492e-197 -5.68179e-197 0.789638 2.649 2.1 6 0.048 3 13 48
73.6029 2 2.53012 1.98523 -36.4371 -0.613572 4.41492e-197 -5.68179e-197 0.789638 2.649 2.1 6 0.048 3 13 48
73.6196 2 2.53012 1.98523 -36.4498 -0.613572 4.41492e-197 -5.68179e-197 0.789638 2.649 2.1 6 0.048 3 13 48
73.6362 2 2.53012 1.98523 -36.4625 -0.613572 4.41492e-197 -5.68179e-197 0.789638 2.649 2.1 6 0.048 3 13 48
73.6529 2 2.53012 1.98523 -36.4752 -0.613572 4.41492e-197 -5.68179e-197 0.789638 2.649 2.1 6 0.048 3 13 48
73.6696 2 2.53012 1.98523 -36.4879 -0.613572 4.41492e-197 -5.68179e-197 0.789638 2.649 2.1 6 0.048 3 13 48
73.6862 2 2.53012 1.98523 -36.5006 -0.613572 4.41492e-197 -5.68179e-197 0.789638 2.649 2.1 6 0.048 3 13 48
73.7029 2 2.53012 1.98523 -36.5133 -0.613572 4.41492e-197 -5.68179e-197 0.789638 2.649 2.1 6 0.048 3 13 48
73.7196 2 2.53012 1.98523 -36.526 -0.613572 4.41492e-197 -5.68179e-197 0.789638 2.649 2.1 6 0.048 3 13 48
73.7362 2 2.53012 1.98523 -36.5387 -0.613572 4.41492e-197 -5.68179e-197 0.789638 2.649 2.1 6 0.048 3 13 48
73.7529 2 2.53012 1.98523 -36.5514 -0.613572 4.41492e-197 -5.68179e-197 0.789638 2.649 2.1 6 0.048 3 13 48
73.7696 2 2.53012 1.98523 -36.5642 -0.613572 4.41492e-197 -5.68179e-197 0.789638 2.649 2.1 6 0.048 3 13 48
73.7862 2 2.53012 1.98523 -36.5769 -0.613572 4.41492e-197 -5.68179e-197 0.789638 2.649 2.1 6 0.048 3 13 48
73.8029 2 2.53012 1.98523 -36.5896 -0.613572 4.41492e-197 -5.68179e-197 0.789638 2.649 2.1 6 0.048 3 13 48
73.8196 2 2.53012 1.98523 -36.6023 -0.613572 4.41492e-197 -5.68179e-197 0.789638 2.649 2.1 6 0.048 3 13 48
73.8362 2 2.53012 1.98523 -36.615 -0.613572 4.41492e-197 -5.68179e-197 0.789638 2.649 2.1 6 0.048 3 13 48
73.8529 2 2.53012 1.98523 -36.6277 -0.613572 4.41492e-197 -5.68179e-197 0.789638 2.649 2.1 6 0.048 3 13 48
73.8696 2 2.53012 1.98523 -36.6404 -0.613572 4.41492e-197 -5.68179e-197 0.789638 2.649 2.1 6 0.048 3 13 48
73.8862 2 2.53012 1.98523 -36.6531 -0.613572 4.41492e-197 -5.68179e-197 0.789638 2.649 2.1 6 0.048 3 13 48
73.9029 2 2.53012 1.98523 -36.6658 -0.613572 4.41492e-197 -5.68179e-197 0.789638 2.649 2.1 6 0.048 3 13 48
73.9196 2 2.53012 1.98523 -36.6785 -0.613572 4.41492e-197 -5.68179e-197 0.789638 2.649 2.1 6 0.048 3 13 48
73.9362 2 2.53012 1.98523 -36.6912 -0.613572 4.41492e-197 -5.68179e-197 0.789638 2.649 2.1 6 0.048 3 13 48
73.9529 2 2.53012 1.98523 -36.7039 -0.613572 4.41492e-197 -5.68179e-197 0.789638 2.649 2.1 6 0.048 3 13 48
73.9696 2 2.53012 1.98523 -36.7167 -0.613572 4.41492e-197 -5.68179e-197 0.789638 2.649 2.1 6 0.048 3 13 48
73.9862 2 2.53012 1.98523 -36.7294 -0.613572 4.41492e-197 -5.68179e-197 0.789638 2.649 2.1 6 0.048 3 13 48
74.0029 2 2.53012 1.98523 -36.7421 -0.613572 4.41492e-197 -5.68179e-197 0.789638 2.649 2.1 6 0.048 3 13 48
74.0196 2 2.53012 1.98523 -36.7548 -0.613572 4.41492e-197 -5.68179e-197 0.789638 2.649 2.1 6 0.048 3 13 48
74.0362 2 2.53012 1.98523 -36.7675 -0.613572 4.41492e-197 -5.68179e-197 0.789638 2.649 2.1 6 0.048 3 13 48
74.0529 2 2.53012 1.98523 -36.7802 -0.613572 4.41492e-197 -5.68179e-197 0.789638 2.649 2.1 6 0.048 3 13 48
74.0696 2 2.53012 1.98523 -36.7929 -0.613572 4.41492e-197 -5.68179e-197 0.789638 2.649 2.1 6 0.048 3 13 48
74.0862 2 2.53012 1.98523 -36.8056 -0.613572 4.41492e-197 -5.68179e-197 0.789638 2.649 2.1 6 0.048 3 13 48
74.1029 2 2.53012 1.98523 -36.8183 -0.613572 4.41492e-197 -5.68179e-197 0.789638 2.649 2.1 6 0.048 3 13 48
74.1196 2 2.53012 1.98523 -36.831 -0.613572 4.41492e-197 -5.68179e-197 0.789638 2.649 2.1 6 0.048 3 13 48
74.1362 2 2.53012 1.98523 -36.8437 -0.613572 4.41492e-197 -5.68179e-197 0.789638 2.649 2.1 6 0.048 3 13 48
74.1529 2 2.53012 1.98523 -36.8564 -0.613572 4.41492e-197 -5.68179e-197 0.789638 2.649 2.1 6 0.048 3 13 48
74.1696 2 2.53012 1.98523 -36.8692 -0.613572 4.41492e-197 -5.68179e-197 0.789638 2.649 2.1 6 0.048 3 13 48
74.1862 2 2.53012 1.98523 -36.8819 -0.613572 4.41492e-197 -5.68179e-197 0.789638 2.649 2.1 6 0.048 3 13 48
74.2029 2 2.53012 1.98523 -36.8946 -0.613572 4.41492e-197 -5.68179e-197 0.789638 2.649 2.1 6 0.048 3 13 48
74.2196 2 2.53012 1.98523 -36.9073 -0.613572 4.41492e-197 -5.68179e-197 0.789638 2.649 2.1 6 0.048 3 13 48
74.2362 2 2.53012 1.98523 -36.92 -0.613572 4.41492e-197 -5.68179e-197 0.789638 2.649 2.1 6 0.048 3 13 48
74.2529 2 2.53012 1.98523 -36.9327 -0.613572 4.41492e-197 -5.68179e-197 0.789638 2.649 2.1 6 0.048 3 13 48
74.2696 2 2.53012 1.98523 -36.9454 -0.613572 4.41492e-197 -5.68179e-197 0.789638 2.649 2.1 6 0.048 3 13 48
74.2862 2 2.53012 1.98523 -36.9581 -0.613572 4.41492e-197 -5.68179e-197 0.789638 2.649 2.1 6 0.048 3 13 48
74.3029 2 2.53012 1.98523 -36.9708 -0.613572 4.41492e-197 -5.68179e-197 0.789638 2.649 2.1 6 0.048 3 13 48
74.3196 2 2.53012 1.98523 -36.9835 -0.613572 4.41492e-197 -5.68179e-197 0.789638 2.649 2.1 6 0.048 3 13 48
74.3362 2 2.53012 1.98523 -36.9962 -0.613572 4.41492e-197 -5.68179e-197 0.789638 2.649 2.1 6 0.048 3 13 48
74.3529 2 2.53012 1.98523 -37.0089 -0.613572 4.41492e-197 -5.68179e-197 0.789638 2.649 2.1 6 0.048 3 13 48
74.3696 2 2.53012 1.98523 -37.0217 -0.613572 4.41492e-197 -5.68179e-197 0.789638 2.649 2.1 6 0.048 3 13 48
74.3862 2 2.53012 1.98523 -37.0344 -0.613572 4.41492e-197 -5.68179e-197 0.789638 2.649 2.1 6 0.048 3 13 48
74.4029 2 2.53012 1.98523 -37.0471 -0.613572 4.41492e-197 -5.68179e-197 0.789638 2.649 2.1 6 0.048 3 13 48
74.4196 2 2.53012 1.98523 -37.0598 -0.613572 4.41492e-197 -5.68179e-197 0.789638 2.649 2.1 6 0.048 3 13 48
74.4362 2 2.53012 1.98523 -37.0725 -0.613572 4.41492e-197 -5.68179e-197 0.789638 2.649 2.1 6 0.048 3 13 48
74.4529 2 2.53012 1.98523 -37.0852 -0.613572 4.41492e-197 -5.68179e-197 0.789638 2.649 2.1 6 0.048 3 13 48
74.4696 2 2.53012 1.98523 -37.0979 -0.613572 4.41492e-197 -5.68179e-197 0.789638 2.649 2.1 6 0.048 3 13 48
74.4862 2 2.53012 1.98523 -37.1106 -0.613572 4.41492e-197 -5.68179e-197 0.789638 2.649 2.1 6 0.048 3 13 48
74.5029 2 2.53012 1.98523 -37.1233 -0.613572 4.41492e-197 -5.68179e-197 0.789638 2.649 2.1 6 0.048 3 13 48
74.5196 2 2.53012 1.98523 -37.136 -0.613572 4.41492e-197 -5.68179e-197 0.789638 2.649 2.1 6 0.048 3 13 48
74.5362 2 2.53012 1.98523 -37.1487 -0.613572 4.41492e-197 -5.68179e-197 0.789638 2.649 2.1 6 0.048 3 13 48
74.5529 2 2.53012 1.98523 -37.1614 -0.613572 4.41492e-197 -5.68179e-197 0.789638 2.649 2.1 6 0.048 3 13 48
74.5696 2 2.53012 1.98523 -37.1742 -0.613572 4.41492e-197 -5.68179e-197 0.789638 2.649 2.1 6 0.048 3 13 48
74.5862 2 2.53012 1.98523 -37.1869 -0.613572 4.41492e-197 -5.68179e-197 0.789638 2.649 2.1 6 0.048 3 13 48
74.6029 2 2.53012 1.98523 -37.1996 -0.613572 4.41492e-197 -5.68179e-197 0.789638 2.649 2.1 6 0.048 3 13 48
74.6196 2 2.53012 1.98523 -37.2123 -0.613572 4.41492e-197 -5.68179e-197 0.789638 2.649 2.1 6 0.048 3 13 48
74.6362 2 2.53012 1.98523 -37.225 -0.613572 4.41492e-197 -5.68179e-197 0.789638 2.649 2.1 6 0.048 3 13 48
74.6529 2 2.53012 1.98523 -37.2377 -0.613572 4.41492e-197 -5.68179e-197 0.789638 2.649 2.1 6 0.048 3 13 48
74.6696 2 2.53012 1.98523 -37.2504 -0.613572 4.41492e-197 -5.68179e-197 0.789638 2.649 2.1 6 0.048 3 13 48
74.6862 2 2.53012 1.98523 -37.2631 -0.613572 4.41492e-197 -5.68179e-197 0.789638 2.649 2.1 6 0.048 3 13 48
74.7029 2 2.53012 1.98523 -37.2758 -0.613572 4.41492e-197 -5.68179e-197 0.789638 2.649 2.1 6 0.048 3 13 48
74.7196 2 2.53012 1.98523 -37.2885 -0.613572 4.41492e-197 -5.68179e-197 0.789638 2.649 2.1 6 0.048 3 13 48
74.7362 2 2.53012 1.98523 -37.3012 -0.613572 4.41492e-197 -5.68179e-197 0.789638 2.649 2.1 6 0.048 3 13 48
74.7529 2 2.53012 1.98523 -37.3139 -0.613572 4.41492e-197 -5.68179e-197 0.789638 2.649 2.1 6 0.048 3 13 48
74.7696 2 2.53012 1.98523 -37.3267 -0.613572 4.41492e-197 -5.68179e-197 0.789638 2.649 2.1 6 0.048 3 13 48
74.7862 2 2.53012 1.98523 -37.3394 -0.613572 4.41492e-197 -5.68179e-197 0.789638 2.649 2.1 6 0.048 3 13 48
74.8029 2 2.53012 1.98523 -37.3521 -0.613572 4.41492e-197 -5.68179e-197 0.789638 2.649 2.1 6 0.048 3 13 48
74.8196 2 2.53012 1.98523 -37.3648 -0.613572 4.41492e-197 -5.68179e-197 0.789638 2.649 2.1 6 0.048 3 13 48
74.8362 2 2.53012 1.98523 -37.3775 -0.613572 4.41492e-197 -5.68179e-197 0.789638 2.649 2.1 6 0.048 3 13 48
74.8529 2 2.53012 1.98523 -37.3902 -0.613572 4.41492e-197 -5.68179e-197 0.789638 2.649 2.1 6 0.048 3 13 48
74.8696 2 2.53012 1.98523 -37.4029 -0.613572 4.41492e-197 -5.68179e-197 0.789638 2.649 2.1 6 0.048 3 13 48
74.8862 2 2.53012 1.98523 -37.4156 -0.613572 4.41492e-197 -5.68179e-197 0.789638 2.649 2.1 6 0.048 3 13 48
74.9029 2 2.53012 1.98523 -37.4283 -0.613572 4.41492e-197 -5.68179e-197 0.789638 2.649 2.1 6 0.048 3 13 48
74.9196 2 2.53012 1.98523 -37.441 -0.613572 4.41492e-197 -5.68179e-197 0.789638 2.649 2.1 6 0.048 3 13 48
74.9362 2 2.53012 1.98523 -37.4537 -0.613572 4.41492e-197 -5.68179e-197 0.789638 2.649 2.1 6 0.048 3 13 48
74.9529 2 2.53012 1.98523 -37.4664 -0.613572 4.41492e-197 -5.68179e-197 0.789638 2.649 2.1 6 0.048 3 13 48
74.9696 2 2.53012 1.98523 -37.4792 -0.613572 4.41492e-197 -5.68179e-197 0.789638 2.649 2.1 6 0.048 3 13 48
74.9862 2 2.53012 1.98523 -37.4919 -0.613572 4.41492e-197 -5.68179e-197 0.789638 2.649 2.1 6 0.048 3 13 48
75.0029 2 2.53012 1.98523 -37.5046 -0.613572 4.41492e-197 -5.68179e-197 0.789638 2.649 2.1 6 0.048 3 13 48
75.0196 2 2.53012 1.98523 -37.5173 -0.613572 4.41492e-197 -5.68179e-197 0.789638 2.649 2.1 6 0.048 3 13 48
75.0362 2 2.53012 1.98523 -37.53 -0.613572 4.41492e-197 -5.68179e-197 0.789638 2.649 2.1 6 0.048 3 13 48
75.0529 2 2.53012 1.98523 -37.5427 -0.613572 4.41492e-197 -5.68179e-197 0.789638 2.649 2.1 6 0.048 3 13 48
75.0696 2 2.53012 1.98523 -37.5554 -0.613572 4.41492e-197 -5.68179e-197 0.789638 2.649 2.1 6 0.048 3 13 48
75.0862 2 2.53012 1.98523 -37.5681 -0.613572 4.41492e-197 -5.68179e-197 0.789638 2.649 2.1 6 0.048 3 13 48
75.1029 2 2.53012 1.98523 -37.5808 -0.613572 4.41492e-197 -5.68179e-197 0.789638 2.649 2.1 6 0.048 3 13 48
75.1196 2 2.53012 1.98523 -37.5935 -0.613572 4.41492e-197 -5.68179e-197 0.789638 2.649 2.1 6 0.048 3 13 48
75.1362 2 2.53012 1.98523 -37.6062 -0.613572 4.41492e-197 -5.68179e-197 0.789638 2.649 2.1 6 0.048 3 13 48
75.1529 2 2.53012 1.98523 -37.6189 -0.613572 4.41492e-197 -5.68179e-197 0.789638 2.649 2.1 6 0.048 3 13 48
75.1696 2 2.53012 1.98523 -37.6317 -0.613572 4.41492e-197 -5.68179e-197 0.789638 2.649 2.1 6 0.048 3 13 48
75.1862 2 2.53012 1.98523 -37.6444 -0.613572 4.41492e-197 -5.68179e-197 0.789638 2.649 2.1 6 0.048 3 13 48
75.2029 2 2.53012 1.98523 -37.6571 -0.613572 4.41492e-197 -5.68179e-197 0.789638 2.649 2.1 6 0.048 3 13 48
75.2196 2 2.53012 1.98523 -37.6698 -0.613572 4.41492e-197 -5.68179e-197 0.789638 2.649 2.1 6 0.048 3 13 48
75.2362 2 2.53012 1.98523 -37.6825 -0.613572 4.41492e-197 -5.68179e-197 0.789638 2.649 2.1 6 0.048 3 13 48
75.2529 2 2.53012 1.98523 -37.6952 -0.613572 4.41492e-197 -5.68179e-197 0.789638 2.649 2.1 6 0.048 3 13 48
75.2696 2 2.53012 1.98523 -37.7079 -0.613572 4.41492e-197 -5.68179e-197 0.789638 2.649 2.1 6 0.048 3 13 48
75.2862 2 2.53012 1.98523 -37.7206 -0.613572 4.41492e-197 -5.68179e-197 0.789638 2.649 2.1 6 0.048 3 13 48
75.3029 2 2.53012 1.98523 -37.7333 -0.613572 4.41492e-197 -5.68179e-197 0.789638 2.649 2.1 6 0.048 3 13 48
75.3196 2 2.53012 1.98523 -37.746 -0.613572 4.41492e-197 -5.68179e-197 0.789638 2.649 2.1 6 0.048 3 13 48
75.3362 2 2.53012 1.98523 -37.7587 -0.613572 4.41492e-197 -5.68179e-197 0.789638 2.649 2.1 6 0.048 3 13 48
75.3529 2 2.53012 1.98523 -37.7714 -0.613572 4.41492e-197 -5.68179e-197 0.789638 2.649 2.1 6 0.048 3 13 48
75.3696 2 2.53012 1.98523 -37.7842 -0.613572 4.41492e-197 -5.68179e-197 0.789638 2.649 2.1 6 0.048 3 13 48
75.3862 2 2.53012 1.98523 -37.7969 -0.613572 4.41492e-197 -5.68179e-197 0.789638 2.649 2.1 6 0.048 3 13 48
75.4029 2 2.53012 1.98523 -37.8096 -0.613572 4.41492e-197 -5.68179e-197 0.789638 2.649 2.1 6 0.048 3 13 48
75.4196 2 2.53012 1.98523 -37.8223 -0.613572 4.41492e-197 -5.68179e-197 0.789638 2.649 2.1 6 0.048 3 13 48
75.4362 2 2.53012 1.98523 -37.835 -0.613572 4.41492e-197 -5.68179e-197 0.789638 2.649 2.1 6 0.048 3 13 48
75.4529 2 2.53012 1.98523 -37.8477 -0.613572 4.41492e-197 -5.68179e-197 0.789638 2.649 2.1 6 0.048 3 13 48
75.4696 2 2.53012 1.98523 -37.8604 -0.613572 4.41492e-197 -5.68179e-197 0.789638 2.649 2.1 6 0.048 3 13 48
75.4862 2 2.53012 1.98523 -37.8731 -0.613572 4.41492e-197 -5.68179e-197 0.789638 2.649 2.1 6 0.048 3 13 48
75.5029 2 2.53012 1.98523 -37.8858 -0.613572 4.41492e-197 -5.68179e-197 0.789638 2.649 2.1 6 0.048 3 13 48
75.5196 2 2.53012 1.98523 -37.8985 -0.613572 4.41492e-197 -5.68179e-197 0.789638 2.649 2.1 6 0.048 3 13 48
75.5362 2 2.53012 1.98523 -37.9112 -0.613572 4.41492e-197 -5.68179e-197 0.789638 2.649 2.1 6 0.048 3 13 48
75.5529 2 2.53012 1.98523 -37.9239 -0.613572 4.41492e-197 -5.68179e-197 0.789638 2.649 2.1 6 0.048 3 13 48
75.5696 2 2.53012 1.98523 -37.9367 -0.613572 4.41492e-197 -5.68179e-197 0.789638 2.649 2.1 6 0.048 3 13 48
75.5862 2 2.53012 1.98523 -37.9494 -0.613572 4.41492e-197 -5.68179e-197 0.789638 2.649 2.1 6 0.048 3 13 48
75.6029 2 2.53012 1.98523 -37.9621 -0.613572 4.41492e-197 -5.68179e-197 0.789638 2.649 2.1 6 0.048 3 13 48
75.6196 2 2.53012 1.98523 -37.9748 -0.613572 4.41492e-197 -5.68179e-197 0.789638 2.649 2.1 6 0.048 3 13 48
75.6362 2 2.53012 1.98523 -37.9875 -0.613572 4.41492e-197 -5.68179e-197 0.789638 2.649 2.1 6 0.048 3 13 48
75.6529 2 2.53012 1.98523 -38.0002 -0.613572 4.41492e-197 -5.68179e-197 0.789638 2.649 2.1 6 0.048 3 13 48
75.6696 2 2.53012 1.98523 -38.0129 -0.613572 4.41492e-197 -5.68179e-197 0.789638 2.649 2.1 6 0.048 3 13 48
75.6862 2 2.53012 1.98523 -38.0256 -0.613572 4.41492e-197 -5.68179e-197 0.789638 2.649 2.1 6 0.048 3 13 48
75.7029 2 2.53012 1.98523 -38.0383 -0.613572 4.41492e-197 -5.68179e-197 0.789638 2.649 2.1 6 0.048 3 13 48
75.7196 2 2.53012 1.98523 -38.051 -0.613572 4.41492e-197 -5.68179e-197 0.789638 2.649 2.1 6 0.048 3 13 48
75.7362 2 2.53012 1.98523 -38.0637 -0.613572 4.41492e-197 -5.68179e-197 0.789638 2.649 2.1 6 0.048 3 13 48
75.7529 2 2.53012 1.98523 -38.0764 -0.613572 4.41492e-197 -5.68179e-197 0.789638 2.649 2.1 6 0.048 3 13 48
75.7696 2 2.53012 1.98523 -38.0892 -0.613572 4.41492e-197 -5.68179e-197 0.789638 2.649 2.1 6 0.048 3 13 48
75.7862 2 2.53012 1.98523 -38.1019 -0.613572 4.41492e-197 -5.68179e-197 0.789638 2.649 2.1 6 0.048 3 13 48
75.8029 2 2.53012 1.98523 -38.1146 -0.613572 4.41492e-197 -5.68179e-197 0.789638 2.649 2.1 6 0.048 3 13 48
75.8196 2 2.53012 1.98523 -38.1273 -0.613572 4.41492e-197 -5.68179e-197 0.789638 2.649 2.1 6 0.048 3 13 48
75.8362 2 2.53012 1.98523 -38.14 -0.613572 4.41492e-197 -5.68179e-197 0.789638 2.649 2.1 6 0.048 3 13 48
75.8529 2 2.53012 1.98523 -38.1527 -0.613572 4.41492e-197 -5.68179e-197 0.789638 2.649 2.1 6 0.048 3 13 48
75.8696 2 2.53012 1.98523 -38.1654 -0.613572 4.41492e-197 -5.68179e-197 0.789638 2.649 2.1 6 0.048 3 13 48
75.8862 2 2.53012 1.98523 -38.1781 -0.613572 4.41492e-197 -5.68179e-197 0.789638 2.649 2.1 6 0.048 3 13 48
75.9029 2 2.53012 1.98523 -38.1908 -0.613572 4.41492e-197 -5.68179e-197 0.789638 2.649 2.1 6 0.048 3 13 48
75.9196 2 2.53012 1.98523 -38.2035 -0.613572 4.41492e-197 -5.68179e-197 0.789638 2.649 2.1 6 0.048 3 13 48
75.9362 2 2.53012 1.98523 -38.2162 -0.613572 4.41492e-197 -5.68179e-197 0.789638 2.649 2.1 6 0.048 3 13 48
75.9529 2 2.53012 1.98523 -38.2289 -0.613572 4.41492e-197 -5.68179e-197 0.789638 2.649 2.1 6 0.048 3 13 48
75.9696 2 2.53012 1.98523 -38.2417 -0.613572 4.41492e-197 -5.68179e-197 0.789638 2.649 2.1 6 0.048 3 13 48
75.9862 2 2.53012 1.98523 -38.2544 -0.613572 4.41492e-197 -5.68179e-197 0.789638 2.649 2.1 6 0.048 3 13 48
76.0029 2 2.53012 1.98523 -38.2671 -0.613572 4.41492e-197 -5.68179e-197 0.789638 2.649 2.1 6 0.048 3 13 48
76.0196 2 2.53012 1.98523 -38.2798 -0.613572 4.41492e-197 -5.68179e-197 0.789638 2.649 2.1 6 0.048 3 13 48
76.0362 2 2.53012 1.98523 -38.2925 -0.613572 4.41492e-197 -5.68179e-197 0.789638 2.649 2.1 6 0.048 3 13 48
76.0529 2 2.53012 1.98523 -38.3052 -0.613572 4.41492e-197 -5.68179e-197 0.789638 2.649 2.1 6 0.048 3 13 48
76.0696 2 2.53012 1.98523 -38.3179 -0.613572 4.41492e-197 -5.68179e-197 0.789638 2.649 2.1 6 0.048 3 13 48
76.0862 2 2.53012 1.98523 -38.3306 -0.613572 4.41492e-197 -5.68179e-197 0.789638 2.649 2.1 6 0.048 3 13 48
76.1029 2 2.53012 1.98523 -38.3433 -0.613572 4.41492e-197 -5.68179e-197 0.789638 2.649 2.1 6 0.048 3 13 48
76.1196 2 2.53012 1.98523 -38.356 -0.613572 4.41492e-197 -5.68179e-197 0.789638 2.649 2.1 6 0.048 3 13 48
76.1362 2 2.53012 1.98523 -38.3687 -0.613572 4.41492e-197 -5.68179e-197 0.789638 2.649 2.1 6 0.048 3 13 48
76.1529 2 2.53012 1.98523 -38.3814 -0.613572 4.41492e-197 -5.68179e-197 0.789638 2.649 2.1 6 0.048 3 13 48
76.1696 2 2.53012 1.98523 -38.3942 -0.613572 4.41492e-197 -5.68179e-197 0.789638 2.649 2.1 6 0.048 3 13 48
76.1862 2 2.53012 1.98523 -38.4069 -0.613572 4.41492e-197 -5.68179e-197 0.789638 2.649 2.1 6 0.048 3 13 48
76.2029 2 2.53012 1.98523 -38.4196 -0.613572 4.41492e-197 -5.68179e-197 0.789638 2.649 2.1 6 0.048 3 13 48
76.2196 2 2.53012 1.98523 -38.4323 -0.613572 4.41492e-197 -5.68179e-197 0.789638 2.649 2.1 6 0.048 3 13 48
76.2362 2 2.53012 1.98523 -38.445 -0.613572 4.41492e-197 -5.68179e-197 0.789638 2.649 2.1 6 0.048 3 13 48
76.2529 2 2.53012 1.98523 -38.4577 -0.613572 4.41492e-197 -5.68179e-197 0.789638 2.649 2.1 6 0.048 3 13 48
76.2696 2 2.53012 1.98523 -38.4704 -0.613572 4.41492e-197 -5.68179e-197 0.789638 2.649 2.1 6 0.048 3 13 48
76.2862 2 2.53012 1.98523 -38.4831 -0.613572 4.41492e-197 -5.68179e-197 0.789638 2.649 2.1 6 0.048 3 13 48
76.3029 2 2.53012 1.98523 -38.4958 -0.613572 4.41492e-197 -5.68179e-197 0.789638 2.649 2.1 6 0.048 3 13 48
76.3196 2 2.53012 1.98523 -38.5085 -0.613572 4.41492e-197 -5.68179e-197 0.789638 2.649 2.1 6 0.048 3 13 48
76.3362 2 2.53012 1.98523 -38.5212 -0.613572 4.41492e-197 -5.68179e-197 0.789638 2.649 2.1 6 0.048 3 13 48
76.3529 2 2.53012 1.98523 -38.5339 -0.613572 4.41492e-197 -5.68179e-197 0.789638 2.649 2.1 6 0.048 3 13 48
76.3696 2 2.53012 1.98523 -38.5467 -0.613572 4.41492e-197 -5.68179e-197 0.789638 2.649 2.1 6 0.048 3 13 48
76.3862 2 2.53012 1.98523 -38.5594 -0.613572 4.41492e-197 -5.68179e-197 0.789638 2.649 2.1 6 0.048 3 13 48
76.4029 2 2.53012 1.98523 -38.5721 -0.613572 4.41492e-197 -5.68179e-197 0.789638 2.649 2.1 6 0.048 3 13 48
76.4196 2 2.53012 1.98523 -38.5848 -0.613572 4.41492e-197 -5.68179e-197 0.789638 2.649 2.1 6 0.048 3 13 48
76.4362 2 2.53012 1.98523 -38.5975 -0.613572 4.41492e-197 -5.68179e-197 0.789638 2.649 2.1 6 0.048 3 13 48
76.4529 2 2.53012 1.98523 -38.6102 -0.613572 4.41492e-197 -5.68179e-197 0.789638 2.649 2.1 6 0.048 3 13 48
76.4696 2 2.53012 1.98523 -38.6229 -0.613572 4.41492e-197 -5.68179e-197 0.789638 2.649 2.1 6 0.048 3 13 48
76.4862 2 2.53012 1.98523 -38.6356 -0.613572 4.41492e-197 -5.68179e-197 0.789638 2.649 2.1 6 0.048 3 13 48
76.5029 2 2.53012 1.98523 -38.6483 -0.613572 4.41492e-197 -5.68179e-197 0.789638 2.649 2.1 6 0.048 3 13 48
76.5196 2 2.53012 1.98523 -38.661 -0.613572 4.41492e-197 -5.68179e-197 0.789638 2.649 2.1 6 0.048 3 13 48
76.5362 2 2.53012 1.98523 -38.6737 -0.613572 4.41492e-197 -5.68179e-197 0.789638 2.649 2.1 6 0.048 3 13 48
76.5529 2 2.53012 1.98523 -38.6864 -0.613572 4.41492e-197 -5.68179e-197 0.789638 2.649 2.1 6 0.048 3 13 48
76.5696 2 2.53012 1.98523 -38.6992 -0.613572 4.41492e-197 -5.68179e-197 0.789638 2.649 2.1 6 0.048 3 13 48
76.5862 2 2.53012 1.98523 -38.7119 -0.613572 4.41492e-197 -5.68179e-197 0.789638 2.649 2.1 6 0.048 3 13 48
76.6029 2 2.53012 1.98523 -38.7246 -0.613572 4.41492e-197 -5.68179e-197 0.789638 2.649 2.1 6 0.048 3 13 48
76.6196 2 2.53012 1.98523 -38.7373 -0.613572 4.41492e-197 -5.68179e-197 0.789638 2.649 2.1 6 0.048 3 13 48
76.6362 2 2.53012 1.98523 -38.75 -0.613572 4.41492e-197 -5.68179e-197 0.789638 2.649 2.1 6 0.048 3 13 48
76.6529 2 2.53012 1.98523 -38.7627 -0.613572 4.41492e-197 -5.68179e-197 0.789638 2.649 2.1 6 0.048 3 13 48
76.6696 2 2.53012 1.98523 -38.7754 -0.613572 4.41492e-197 -5.68179e-197 0.789638 2.649 2.1 6 0.048 3 13 48
76.6862 2 2.53012 1.98523 -38.7881 -0.613572 4.41492e-197 -5.68179e-197 0.789638 2.649 2.1 6 0.048 3 13 48
76.7029 2 2.53012 1.98523 -38.8008 -0.613572 4.41492e-197 -5.68179e-197 0.789638 2.649 2.1 6 0.048 3 13 48
76.7196 2 2.53012 1.98523 -38.8135 -0.613572 4.41492e-197 -5.68179e-197 0.789638 2.649 2.1 6 0.048 3 13 48
76.7362 2 2.53012 1.98523 -38.8262 -0.613572 4.41492e-197 -5.68179e-197 0.789638 2.649 2.1 6 0.048 3 13 48
76.7529 2 2.53012 1.98523 -38.8389 -0.613572 4.41492e-197 -5.68179e-197 0.789638 2.649 2.1 6 0.048 3 13 48
76.7696 2 2.53012 1.98523 -38.8517 -0.613572 4.41492e-197 -5.68179e-197 0.789638 2.649 2.1 6 0.048 3 13 48
76.7862 2 2.53012 1.98523 -38.8644 -0.613572 4.41492e-197 -5.68179e-197 0.789638 2.649 2.1 6 0.048 3 13 48
76.8029 2 2.53012 1.98523 -38.8771 -0.613572 4.41492e-197 -5.68179e-197 0.789638 2.649 2.1 6 0.048 3 13 48
76.8196 2 2.53012 1.98523 -38.8898 -0.613572 4.41492e-197 -5.68179e-197 0.789638 2.649 2.1 6 0.048 3 13 48
76.8362 2 2.53012 1.98523 -38.9025 -0.613572 4.41492e-197 -5.68179e-197 0.789638 2.649 2.1 6 0.048 3 13 48
76.8529 2 2.53012 1.98523 -38.9152 -0.613572 4.41492e-197 -5.68179e-197 0.789638 2.649 2.1 6 0.048 3 13 48
76.8696 2 2.53012 1.98523 -38.9279 -0.613572 4.41492e-197 -5.68179e-197 0.789638 2.649 2.1 6 0.048 3 13 48
76.8862 2 2.53012 1.98523 -38.9406 -0.613572 4.41492e-197 -5.68179e-197 0.789638 2.649 2.1 6 0.048 3 13 48
76.9029 2 2.53012 1.98523 -38.9533 -0.613572 4.41492e-197 -5.68179e-197 0.789638 2.649 2.1 6 0.048 3 13 48
76.9196 2 2.53012 1.98523 -38.966 -0.613572 4.41492e-197 -5.68179e-197 0.789638 2.649 2.1 6 0.048 3 13 48
76.9362 2 2.53012 1.98523 -38.9787 -0.613572 4.41492e-197 -5.68179e-197 0.789638 2.649 2.1 6 0.048 3 13 48
76.9529 2 2.53012 1.98523 -38.9914 -0.613572 4.41492e-197 -5.68179e-197 0.789638 2.649 2.1 6 0.048 3 13 48
76.9696 2 2.53012 1.98523 -39.0042 -0.613572 4.41492e-197 -5.68179e-197 0.789638 2.649 2.1 6 0.048 3 13 48
76.9862 2 2.53012 1.98523 -39.0169 -0.613572 4.41492e-197 -5.68179e-197 0.789638 2.649 2.1 6 0.048 3 13 48
77.0029 2 2.53012 1.98523 -39.0296 -0.613572 4.41492e-197 -5.68179e-197 0.789638 2.649 2.1 6 0.048 3 13 48
77.0196 2 2.53012 1.98523 -39.0423 -0.613572 4.41492e-197 -5.68179e-197 0.789638 2.649 2.1 6 0.048 3 13 48
77.0362 2 2.53012 1.98523 -39.055 -0.613572 4.41492e-197 -5.68179e-197 0.789638 2.649 2.1 6 0.048 3 13 48
77.0529 2 2.53012 1.98523 -39.0677 -0.613572 4.41492e-197 -5.68179e-197 0.789638 2.649 2.1 6 0.048 3 13 48
77.0696 2 2.53012 1.98523 -39.0804 -0.613572 4.41492e-197 -5.68179e-197 0.789638 2.649 2.1 6 0.048 3 13 48
77.0862 2 2.53012 1.98523 -39.0931 -0.613572 4.41492e-197 -5.68179e-197 0.789638 2.649 2.1 6 0.048 3 13 48
77.1029 2 2.53012 1.98523 -39.1058 -0.613572 4.41492e-197 -5.68179e-197 0.789638 2.649 2.1 6 0.048 3 13 48
77.1196 2 2.53012 1.98523 -39.1185 -0.613572 4.41492e-197 -5.68179e-197 0.789638 2.649 2.1 6 0.048 3 13 48
77.1362 2 2.53012 1.98523 -39.1312 -0.613572 4.41492e-197 -5.68179e-197 0.789638 2.649 2.1 6 0.048 3 13 48
77.1529 2 2.53012 1.98523 -39.1439 -0.613572 4.41492e-197 -5.68179e-197 0.789638 2.649 2.1 6 0.048 3 13 48
77.1696 2 2.53012 1.98523 -39.1567 -0.613572 4.41492e-197 -5.68179e-197 0.789638 2.649 2.1 6 0.048 3 13 48
77.1862 2 2.53012 1.98523 -39.1694 -0.613572 4.41492e-197 -5.68179e-197 0.789638 2.649 2.1 6 0.048 3 13 48
77.2029 2 2.53012 1.98523 -39.1821 -0.613572 4.41492e-197 -5.68179e-197 0.789638 2.649 2.1 6 0.048 3 13 48
77.2196 2 2.53012 1.98523 -39.1948 -0.613572 4.41492e-197 -5.68179e-197 0.789638 2.649 2.1 6 0.048 3 13 48
77.2362 2 2.53012 1.98523 -39.2075 -0.613572 4.41492e-197 -5.68179e-197 0.789638 2.649 2.1 6 0.048 3 13 48
77.2529 2 2.53012 1.98523 -39.2202 -0.613572 4.41492e-197 -5.68179e-197 0.789638 2.649 2.1 6 0.048 3 13 48
77.2696 2 2.53012 1.98523 -39.2329 -0.613572 4.41492e-197 -5.68179e-197 0.789638 2.649 2.1 6 0.048 3 13 48
77.2862 2 2.53012 1.98523 -39.2456 -0.613572 4.41492e-197 -5.68179e-197 0.789638 2.649 2.1 6 0.048 3 13 48
77.3029 2 2.53012 1.98523 -39.2583 -0.613572 4.41492e-197 -5.68179e-197 0.789638 2.649 2.1 6 0.048 3 13 48
77.3196 2 2.53012 1.98523 -39.271 -0.613572 4.41492e-197 -5.68179e-197 0.789638 2.649 2.1 6 0.048 3 13 48
77.3362 2 2.53012 1.98523 -39.2837 -0.613572 4.41492e-197 -5.68179e-197 0.789638 2.649 2.1 6 0.048 3 13 48
77.3529 2 2.53012 1.98523 -39.2964 -0.613572 4.41492e-197 -5.68179e-197 0.789638 2.649 2.1 6 0.048 3 13 48
77.3696 2 2.53012 1.98523 -39.3092 -0.613572 4.41492e-197 -5.68179e-197 0.789638 2.649 2.1 6 0.048 3 13 48
77.3862 2 2.53012 1.98523 -39.3219 -0.613572 4.41492e-197 -5.68179e-197 0.789638 2.649 2.1 6 0.048 3 13 48
77.4029 2 2.53012 1.98523 -39.3346 -0.613572 4.41492e-197 -5.68179e-197 0.789638 2.649 2.1 6 0.048 3 13 48
77.4196 2 2.53012 1.98523 -39.3473 -0.613572 4.41492e-197 -5.68179e-197 0.789638 2.649 2.1 6 0.048 3 13 48
77.4362 2 2.53012 1.98523 -39.36 -0.613572 4.41492e-197 -5.68179e-197 0.789638 2.649 2.1 6 0.048 3 13 48
77.4529 2 2.53012 1.98523 -39.3727 -0.613572 4.41492e-197 -5.68179e-197 0.789638 2.649 2.1 6 0.048 3 13 48
77.4696 2 2.53012 1.98523 -39.3854 -0.613572 4.41492e-197 -5.68179e-197 0.789638 2.649 2.1 6 0.048 3 13 48
77.4862 2 2.53012 1.98523 -39.3981 -0.613572 4.41492e-197 -5.68179e-197 0.789638 2.649 2.1 6 0.048 3 13 48
77.5029 2 2.53012 1.98523 -39.4108 -0.613572 4.41492e-197 -5.68179e-197 0.789638 2.649 2.1 6 0.048 3 13 48
77.5196 2 2.53012 1.98523 -39.4235 -0.613572 4.41492e-197 -5.68179e-197 0.789638 2.649 2.1 6 0.048 3 13 48
77.5362 2 2.53012 1.98523 -39.4362 -0.613572 4.41492e-197 -5.68179e-197 0.789638 2.649 2.1 6 0.048 3 13 48
77.5529 2 2.53012 1.98523 -39.4489 -0.613572 4.41492e-197 -5.68179e-197 0.789638 2.649 2.1 6 0.048 3 13 48
77.5696 2 2.53012 1.98523 -39.4617 -0.613572 4.41492e-197 -5.68179e-197 0.789638 2.649 2.1 6 0.048 3 13 48
77.5862 2 2.53012 1.98523 -39.4744 -0.613572 4.41492e-197 -5.68179e-197 0.789638 2.649 2.1 6 0.048 3 13 48
77.6029 2 2.53012 1.98523 -39.4871 -0.613572 4.41492e-197 -5.68179e-197 0.789638 2.649 2.1 6 0.048 3 13 48
77.6196 2 2.53012 1.98523 -39.4998 -0.613572 4.41492e-197 -5.68179e-197 0.789638 2.649 2.1 6 0.048 3 13 48
77.6362 2 2.53012 1.98523 -39.5125 -0.613572 4.41492e-197 -5.68179e-197 0.789638 2.649 2.1 6 0.048 3 13 48
77.6529 2 2.53012 1.98523 -39.5252 -0.613572 4.41492e-197 -5.68179e-197 0.789638 2.649 2.1 6 0.048 3 13 48
77.6696 2 2.53012 1.98523 -39.5379 -0.613572 4.41492e-197 -5.68179e-197 0.789638 2.649 2.1 6 0.048 3 13 48
77.6862 2 2.53012 1.98523 -39.5506 -0.613572 4.41492e-197 -5.68179e-197 0.789638 2.649 2.1 6 0.048 3 13 48
77.7029 2 2.53012 1.98523 -39.5633 -0.613572 4.41492e-197 -5.68179e-197 0.789638 2.649 2.1 6 0.048 3 13 48
77.7196 2 2.53012 1.98523 -39.576 -0.613572 4.41492e-197 -5.68179e-197 0.789638 2.649 2.1 6 0.048 3 13 48
77.7362 2 2.53012 1.98523 -39.5887 -0.613572 4.41492e-197 -5.68179e-197 0.789638 2.649 2.1 6 0.048 3 13 48
77.7529 2 2.53012 1.98523 -39.6014 -0.613572 4.41492e-197 -5.68179e-197 0.789638 2.649 2.1 6 0.048 3 13 48
77.7696 2 2.53012 1.98523 -39.6142 -0.613572 4.41492e-197 -5.68179e-197 0.789638 2.649 2.1 6 0.048 3 13 48
77.7862 2 2.53012 1.98523 -39.6269 -0.613572 4.41492e-197 -5.68179e-197 0.789638 2.649 2.1 6 0.048 3 13 48
77.8029 2 2.53012 1.98523 -39.6396 -0.613572 4.41492e-197 -5.68179e-197 0.789638 2.649 2.1 6 0.048 3 13 48
77.8196 2 2.53012 1.98523 -39.6523 -0.613572 4.41492e-197 -5.68179e-197 0.789638 2.649 2.1 6 0.048 3 13 48
77.8362 2 2.53012 1.98523 -39.665 -0.613572 4.41492e-197 -5.68179e-197 0.789638 2.649 2.1 6 0.048 3 13 48
77.8529 2 2.53012 1.98523 -39.6777 -0.613572 4.41492e-197 -5.68179e-197 0.789638 2.649 2.1 6 0.048 3 13 48
77.8696 2 2.53012 1.98523 -39.6904 -0.613572 4.41492e-197 -5.68179e-197 0.789638 2.649 2.1 6 0.048 3 13 48
77.8862 2 2.53012 1.98523 -39.7031 -0.613572 4.41492e-197 -5.68179e-197 0.789638 2.649 2.1 6 0.048 3 13 48
77.9029 2 2.53012 1.98523 -39.7158 -0.613572 4.41492e-197 -5.68179e-197 0.789638 2.649 2.1 6 0.048 3 13 48
77.9196 2 2.53012 1.98523 -39.7285 -0.613572 4.41492e-197 -5.68179e-197 0.789638 2.649 2.1 6 0.048 3 13 48
77.9362 2 2.53012 1.98523 -39.7412 -0.613572 4.41492e-197 -5.68179e-197 0.789638 2.649 2.1 6 0.048 3 13 48
77.9529 2 2.53012 1.98523 -39.7539 -0.613572 4.41492e-197 -5.68179e-197 0.789638 2.649 2.1 6 0.048 3 13 48
77.9696 2 2.53012 1.98523 -39.7667 -0.613572 4.41492e-197 -5.68179e-197 0.789638 2.649 2.1 6 0.048 3 13 48
77.9862 2 2.53012 1.98523 -39.7794 -0.613572 4.41492e-197 -5.68179e-197 0.789638 2.649 2.1 6 0.048 3 13 48
78.0029 2 2.53012 1.98523 -39.7921 -0.613572 4.41492e-197 -5.68179e-197 0.789638 2.649 2.1 6 0.048 3 13 48
78.0196 2 2.53012 1.98523 -39.8048 -0.613572 4.41492e-197 -5.68179e-197 0.789638 2.649 2.1 6 0.048 3 13 48
78.0362 2 2.53012 1.98523 -39.8175 -0.613572 4.41492e-197 -5.68179e-197 0.789638 2.649 2.1 6 0.048 3 13 48
78.0529 2 2.53012 1.98523 -39.8302 -0.613572 4.41492e-197 -5.68179e-197 0.789638 2.649 2.1 6 0.048 3 13 48
78.0696 2 2.53012 1.98523 -39.8429 -0.613572 4.41492e-197 -5.68179e-197 0.789638 2.649 2.1 6 0.048 3 13 48
78.0862 2 2.53012 1.98523 -39.8556 -0.613572 4.41492e-197 -5.68179e-197 0.789638 2.649 2.1 6 0.048 3 13 48
78.1029 2 2.53012 1.98523 -39.8683 -0.613572 4.41492e-197 -5.68179e-197 0.789638 2.649 2.1 6 0.048 3 13 48
78.1196 2 2.53012 1.98523 -39.881 -0.613572 4.41492e-197 -5.68179e-197 0.789638 2.649 2.1 6 0.048 3 13 48
78.1362 2 2.53012 1.98523 -39.8937 -0.613572 4.41492e-197 -5.68179e-197 0.789638 2.649 2.1 6 0.048 3 13 48
78.1529 2 2.53012 1.98523 -39.9064 -0.613572 4.41492e-197 -5.68179e-197 0.789638 2.649 2.1 6 0.048 3 13 48
78.1696 2 2.53012 1.98523 -39.9192 -0.613572 4.41492e-197 -5.68179e-197 0.789638 2.649 2.1 6 0.048 3 13 48
78.1862 2 2.53012 1.98523 -39.9319 -0.613572 4.41492e-197 -5.68179e-197 0.789638 2.649 2.1 6 0.048 3 13 48
78.2029 2 2.53012 1.98523 -39.9446 -0.613572 4.41492e-197 -5.68179e-197 0.789638 2.649 2.1 6 0.048 3 13 48
78.2196 2 2.53012 1.98523 -39.9573 -0.613572 4.41492e-197 -5.68179e-197 0.789638 2.649 2.1 6 0.048 3 13 48
78.2362 2 2.53012 1.98523 -39.97 -0.613572 4.41492e-197 -5.68179e-197 0.789638 2.649 2.1 6 0.048 3 13 48
78.2529 2 2.53012 1.98523 -39.9827 -0.613572 4.41492e-197 -5.68179e-197 0.789638 2.649 2.1 6 0.048 3 13 48
78.2696 2 2.53012 1.98523 -39.9954 -0.613572 4.41492e-197 -5.68179e-197 0.789638 2.649 2.1 6 0.048 3 13 48
78.2862 2 2.53012 1.98523 -40.0081 -0.613572 4.41492e-197 -5.68179e-197 0.789638 2.649 2.1 6 0.048 3 13 48
78.3029 2 2.53012 1.98523 -40.0208 -0.613572 4.41492e-197 -5.68179e-197 0.789638 2.649 2.1 6 0.048 3 13 48
78.3196 2 2.53012 1.98523 -40.0335 -0.613572 4.41492e-197 -5.68179e-197 0.789638 2.649 2.1 6 0.048 3 13 48
78.3362 2 2.53012 1.98523 -40.0462 -0.613572 4.41492e-197 -5.68179e-197 0.789638 2.649 2.1 6 0.048 3 13 48
78.3529 2 2.53012 1.98523 -40.0589 -0.613572 4.41492e-197 -5.68179e-197 0.789638 2.649 2.1 6 0.048 3 13 48
78.3696 2 2.53012 1.98523 -40.0717 -0.613572 4.41492e-197 -5.68179e-197 0.789638 2.649 2.1 6 0.048 3 13 48
78.3862 2 2.53012 1.98523 -40.0844 -0.613572 4.41492e-197 -5.68179e-197 0.789638 2.649 2.1 6 0.048 3 13 48
78.4029 2 2.53012 1.98523 -40.0971 -0.613572 4.41492e-197 -5.68179e-197 0.789638 2.649 2.1 6 0.048 3 13 48
78.4196 2 2.53012 1.98523 -40.1098 -0.613572 4.41492e-197 -5.68179e-197 0.789638 2.649 2.1 6 0.048 3 13 48
78.4362 2 2.53012 1.98523 -40.1225 -0.613572 4.41492e-197 -5.68179e-197 0.789638 2.649 2.1 6 0.048 3 13 48
78.4529 2 2.53012 1.98523 -40.1352 -0.613572 4.41492e-197 -5.68179e-197 0.789638 2.649 2.1 6 0.048 3 13 48
78.4696 2 2.53012 1.98523 -40.1479 -0.613572 4.41492e-197 -5.68179e-197 0.789638 2.649 2.1 6 0.048 3 13 48
78.4862 2 2.53012 1.98523 -40.16 -0.613572 4.41492e-197 -5.68179e-197 0.789638 2.649 2.1 6 0.048 3 13 48
78.5031 2 2.53012 1.98523 -40.1377 -0.613572 4.41492e-197 -5.68179e-197 0.789638 2.649 2.1 6 0.048 3 13 48
78.5198 2 2.53012 1.98523 -40.1183 -0.613572 4.41492e-197 -5.68179e-197 0.789638 2.649 2.1 6 0.048 3 13 48
78.5365 2 2.53012 1.98523 -40.1006 -0.613572 4.41492e-197 -5.68179e-197 0.789638 2.649 2.1 6 0.048 3 13 48
78.5531 2 2.53012 1.98523 -40.0842 -0.613572 4.41492e-197 -5.68179e-197 0.789638 2.649 2.1 6 0.048 3 13 48
78.5698 2 2.53012 1.98523 -40.0688 -0.613572 4.41492e-197 -5.68179e-197 0.789638 2.649 2.1 6 0.048 3 13 48
78.5865 2 2.53012 1.98523 -40.0542 -0.613572 4.41492e-197 -5.68179e-197 0.789638 2.649 2.1 6 0.048 3 13 48
78.6031 2 2.53012 1.98523 -40.04 -0.613572 4.41492e-197 -5.68179e-197 0.789638 2.649 2.1 6 0.048 3 13 48
78.6198 2 2.53012 1.98523 -40.0262 -0.613572 4.41492e-197 -5.68179e-197 0.789638 2.649 2.1 6 0.048 3 13 48
78.6365 2 2.53012 1.98523 -40.0127 -0.613572 4.41492e-197 -5.68179e-197 0.789638 2.649 2.1 6 0.048 3 13 48
78.6531 2 2.53012 1.98523 -39.9994 -0.613572 4.41492e-197 -5.68179e-197 0.789638 2.649 2.1 6 0.048 3 13 48
78.6698 2 2.53012 1.98523 -39.9863 -0.613572 4.41492e-197 -5.68179e-197 0.789638 2.649 2.1 6 0.048 3 13 48
78.6865 2 2.53012 1.98523 -39.9733 -0.613572 4.41492e-197 -5.68179e-197 0.789638 2.649 2.1 6 0.048 3 13 48
78.7031 2 2.53012 1.98523 -39.9604 -0.613572 4.41492e-197 -5.68179e-197 0.789638 2.649 2.1 6 0.048 3 13 48
78.7198 2 2.53012 1.98523 -39.9475 -0.613572 4.41492e-197 -5.68179e-197 0.789638 2.649 2.1 6 0.048 3 13 48
78.7365 2 2.53012 1.98523 -39.9346 -0.613572 4.41492e-197 -5.68179e-197 0.789638 2.649 2.1 6 0.048 3 13 48
78.7531 2 2.53012 1.98523 -39.9218 -0.613572 4.41492e-197 -5.68179e-197 0.789638 2.649 2.1 6 0.048 3 13 48
78.7698 2 2.53012 1.98523 -39.9091 -0.613572 4.41492e-197 -5.68179e-197 0.789638 2.649 2.1 6 0.048 3 13 48
78.7865 2 2.53012 1.98523 -39.8963 -0.613572 4.41492e-197 -5.68179e-197 0.789638 2.649 2.1 6 0.048 3 13 48
78.8031 2 2.53012 1.98523 -39.8836 -0.613572 4.41492e-197 -5.68179e-197 0.789638 2.649 2.1 6 0.048 3 13 48
78.8198 2 2.53012 1.98523 -39.8708 -0.613572 4.41492e-197 -5.68179e-197 0.789638 2.649 2.1 6 0.048 3 13 48
78.8365 2 2.53012 1.98523 -39.8581 -0.613572 4.41492e-197 -5.68179e-197 0.789638 2.649 2.1 6 0.048 3 13 48
78.8531 2 2.53012 1.98523 -39.8454 -0.613572 4.41492e-197 -5.68179e-197 0.789638 2.649 2.1 6 0.048 3 13 48
78.8698 2 2.53012 1.98523 -39.8327 -0.613572 4.41492e-197 -5.68179e-197 0.789638 2.649 2.1 6 0.048 3 13 48
78.8865 2 2.53012 1.98523 -39.8199 -0.613572 4.41492e-197 -5.68179e-197 0.789638 2.649 2.1 6 0.048 3 13 48
78.9031 2 2.53012 1.98523 -39.8072 -0.613572 4.41492e-197 -5.68179e-197 0.789638 2.649 2.1 6 0.048 3 13 48
78.9198 2 2.53012 1.98523 -39.7945 -0.613572 4.41492e-197 -5.68179e-197 0.789638 2.649 2.1 6 0.048 3 13 48
78.9365 2 2.53012 1.98523 -39.7818 -0.613572 4.41492e-197 -5.68179e-197 0.789638 2.649 2.1 6 0.048 3 13 48
78.9531 2 2.53012 1.98523 -39.7691 -0.613572 4.41492e-197 -5.68179e-197 0.789638 2.649 2.1 6 0.048 3 13 48
78.9698 2 2.53012 1.98523 -39.7564 -0.613572 4.41492e-197 -5.68179e-197 0.789638 2.649 2.1 6 0.048 3 13 48
78.9865 2 2.53012 1.98523 -39.7437 -0.613572 4.41492e-197 -5.68179e-197 0.789638 2.649 2.1 6 0.048 3 13 48
79.0031 2 2.53012 1.98523 -39.731 -0.613572 4.41492e-197 -5.68179e-197 0.789638 2.649 2.1 6 0.048 3 13 48
79.0198 2 2.53012 1.98523 -39.7183 -0.613572 4.41492e-197 -5.68179e-197 0.789638 2.649 2.1 6 0.048 3 13 48
79.0365 2 2.53012 1.98523 -39.7058 -0.613572 4.41492e-197 -5.68179e-197 0.789638 2.649 2.1 6 0.048 3 13 48
79.0531 2 2.53012 1.98523 -39.7104 -0.613572 4.41492e-197 -5.68179e-197 0.789638 2.649 2.1 6 0.048 3 13 48
79.0698 2 2.53012 1.98523 -39.7138 -0.613572 4.41492e-197 -5.68179e-197 0.789638 2.649 2.1 6 0.048 3 13 48
79.0865 2 2.53012 1.98523 -39.7163 -0.613572 4.41492e-197 -5.68179e-197 0.789638 2.649 2.1 6 0.048 3 13 48
79.1031 2 2.53012 1.98523 -39.7182 -0.613572 4.41492e-197 -5.68179e-197 0.789638 2.649 2.1 6 0.048 3 13 48
79.1198 2 2.53012 1.98523 -39.7195 -0.613572 4.41492e-197 -5.68179e-197 0.789638 2.649 2.1 6 0.048 3 13 48
79.1365 2 2.53012 1.98523 -39.7205 -0.613572 4.41492e-197 -5.68179e-197 0.789638 2.649 2.1 6 0.048 3 13 48
79.1531 2 2.53012 1.98523 -39.7212 -0.613572 4.41492e-197 -5.68179e-197 0.789638 2.649 2.1 6 0.048 3 13 48
79.1698 2 2.53012 1.98523 -39.7218 -0.613572 4.41492e-197 -5.68179e-197 0.789638 2.649 2.1 6 0.048 3 13 48
79.1865 2 2.53012 1.98523 -39.7221 -0.613572 4.41492e-197 -5.68179e-197 0.789638 2.649 2.1 6 0.048 3 13 48
79.2031 2 2.53012 1.98523 -39.7224 -0.613572 4.41492e-197 -5.68179e-197 0.789638 2.649 2.1 6 0.048 3 13 48
79.2198 2 2.53012 1.98523 -39.7227 -0.613572 4.41492e-197 -5.68179e-197 0.789638 2.649 2.1 6 0.048 3 13 48
79.2365 2 2.53012 1.98523 -39.7228 -0.613572 4.41492e-197 -5.68179e-197 0.789638 2.649 2.1 6 0.048 3 13 48
79.2531 2 2.53012 1.98523 -39.7229 -0.613572 4.41492e-197 -5.68179e-197 0.789638 2.649 2.1 6 0.048 3 13 48
79.2698 2 2.53012 1.98523 -39.723 -0.613572 4.41492e-197 -5.68179e-197 0.789638 2.649 2.1 6 0.048 3 13 48
79.2865 2 2.53012 1.98523 -39.7231 -0.613572 4.41492e-197 -5.68179e-197 0.789638 2.649 2.1 6 0.048 3 13 48
79.3031 2 2.53012 1.98523 -39.7231 -0.613572 4.41492e-197 -5.68179e-197 0.789638 2.649 2.1 6 0.048 3 13 48
79.3198 2 2.53012 1.98523 -39.7232 -0.613572 4.41492e-197 -5.68179e-197 0.789638 2.649 2.1 6 0.048 3 13 48
79.3365 2 2.53012 1.98523 -39.7232 -0.613572 4.41492e-197 -5.68179e-197 0.789638 2.649 2.1 6 0.048 3 13 48
79.3531 2 2.53012 1.98523 -39.7232 -0.613572 4.41492e-197 -5.68179e-197 0.789638 2.649 2.1 6 0.048 3 13 48
79.3698 2 2.53012 1.98523 -39.7232 -0.613572 4.41492e-197 -5.68179e-197 0.789638 2.649 2.1 6 0.048 3 13 48
79.3865 2 2.53012 1.98523 -39.7232 -0.613572 4.41492e-197 -5.68179e-197 0.789638 2.649 2.1 6 0.048 3 13 48
79.4031 2 2.53012 1.98523 -39.7232 -0.613572 4.41492e-197 -5.68179e-197 0.789638 2.649 2.1 6 0.048 3 13 48
79.4198 2 2.53012 1.98523 -39.7232 -0.613572 4.41492e-197 -5.68179e-197 0.789638 2.649 2.1 6 0.048 3 13 48
79.4365 2 2.53012 1.98523 -39.7232 -0.613572 4.41492e-197 -5.68179e-197 0.789638 2.649 2.1 6 0.048 3 13 48
79.4531 2 2.53012 1.98523 -39.7232 -0.613572 4.41492e-197 -5.68179e-197 0.789638 2.649 2.1 6 0.048 3 13 48
79.4698 2 2.53012 1.98523 -39.7232 -0.613572 4.41492e-197 -5.68179e-197 0.789638 2.649 2.1 6 0.048 3 13 48
79.4865 2 2.53012 1.98523 -39.7232 -0.613572 4.41492e-197 -5.68179e-197 0.789638 2.649 2.1 6 0.048 3 13 48
79.5031 2 2.53012 1.98523 -39.7232 -0.613572 4.41492e-197 -5.68179e-197 0.789638 2.649 2.1 6 0.048 3 13 48
79.5198 2 2.53012 1.98523 -39.7232 -0.613572 4.41492e-197 -5.68179e-197 0.789638 2.649 2.1 6 0.048 3 13 48
79.5365 2 2.53012 1.98523 -39.7232 -0.613572 4.41492e-197 -5.68179e-197 0.789638 2.649 2.1 6 0.048 3 13 48
79.5531 2 2.53012 1.98523 -39.7232 -0.613572 4.41492e-197 -5.68179e-197 0.789638 2.649 2.1 6 0.048 3 13 48
79.5698 2 2.53012 1.98523 -39.7232 -0.613572 4.41492e-197 -5.68179e-197 0.789638 2.649 2.1 6 0.048 3 13 48
79.5865 2 2.53012 1.98523 -39.7232 -0.613572 4.41492e-197 -5.68179e-197 0.789638 2.649 2.1 6 0.048 3 13 48
79.6031 2 2.53012 1.98523 -39.7232 -0.613572 4.41492e-197 -5.68179e-197 0.789638 2.649 2.1 6 0.048 3 13 48
79.6198 2 2.53012 1.98523 -39.7232 -0.613572 4.41492e-197 -5.68179e-197 0.789638 2.649 2.1 6 0.048 3 13 48
79.6365 2 2.53012 1.98523 -39.7232 -0.613572 4.41492e-197 -5.68179e-197 0.789638 2.649 2.1 6 0.048 3 13 48
79.6531 2 2.53012 1.98523 -39.7232 -0.613572 4.41492e-197 -5.68179e-197 0.789638 2.649 2.1 6 0.048 3 13 48
79.6698 2 2.53012 1.98523 -39.7232 -0.613572 4.41492e-197 -5.68179e-197 0.789638 2.649 2.1 6 0.048 3 13 48
79.6865 2 2.53012 1.98523 -39.7232 -0.613572 4.41492e-197 -5.68179e-197 0.789638 2.649 2.1 6 0.048 3 13 48
79.7031 2 2.53012 1.98523 -39.7232 -0.613572 4.41492e-197 -5.68179e-197 0.789638 2.649 2.1 6 0.048 3 13 48
79.7198 2 2.53012 1.98523 -39.7232 -0.613572 4.41492e-197 -5.68179e-197 0.789638 2.649 2.1 6 0.048 3 13 48
79.7365 2 2.53012 1.98523 -39.7232 -0.613572 4.41492e-197 -5.68179e-197 0.789638 2.649 2.1 6 0.048 3 13 48
79.7531 2 2.53012 1.98523 -39.7232 -0.613572 4.41492e-197 -5.68179e-197 0.789638 2.649 2.1 6 0.048 3 13 48
79.7698 2 2.53012 1.98523 -39.7232 -0.613572 4.41492e-197 -5.68179e-197 0.789638 2.649 2.1 6 0.048 3 13 48
79.7865 2 2.53012 1.98523 -39.7232 -0.613572 4.41492e-197 -5.68179e-197 0.789638 2.649 2.1 6 0.048 3 13 48
79.8031 2 2.53012 1.98523 -39.7232 -0.613572 4.41492e-197 -5.68179e-197 0.789638 2.649 2.1 6 0.048 3 13 48
79.8198 2 2.53012 1.98523 -39.7232 -0.613572 4.41492e-197 -5.68179e-197 0.789638 2.649 2.1 6 0.048 3 13 48
79.8365 2 2.53012 1.98523 -39.7232 -0.613572 4.41492e-197 -5.68179e-197 0.789638 2.649 2.1 6 0.048 3 13 48
79.8531 2 2.53012 1.98523 -39.7232 -0.613572 4.41492e-197 -5.68179e-197 0.789638 2.649 2.1 6 0.048 3 13 48
79.8698 2 2.53012 1.98523 -39.7232 -0.613572 4.41492e-197 -5.68179e-197 0.789638 2.649 2.1 6 0.048 3 13 48
79.8865 2 2.53012 1.98523 -39.7232 -0.613572 4.41492e-197 -5.68179e-197 0.789638 2.649 2.1 6 0.048 3 13 48
79.9031 2 2.53012 1.98523 -39.7232 -0.613572 4.41492e-197 -5.68179e-197 0.789638 2.649 2.1 6 0.048 3 13 48
79.9198 2 2.53012 1.98523 -39.7232 -0.613572 4.41492e-197 -5.68179e-197 0.789638 2.649 2.1 6 0.048 3 13 48
79.9365 2 2.53012 1.98523 -39.7232 -0.613572 4.41492e-197 -5.68179e-197 0.789638 2.649 2.1 6 0.048 3 13 48
79.9531 2 2.53012 1.98523 -39.7232 -0.613572 4.41492e-197 -5.68179e-197 0.789638 2.649 2.1 6 0.048 3 13 48
79.9698 2 2.53012 1.98523 -39.7232 -0.613572 4.41492e-197 -5.68179e-197 0.789638 2.649 2.1 6 0.048 3 13 48
79.9865 2 2.53012 1.98523 -39.7232 -0.613572 4.41492e-197 -5.68179e-197 0.789638 2.649 2.1 6 0.048 3 13 48
80.0031 2 2.53012 1.98523 -39.7232 -0.613572 4.41492e-197 -5.68179e-197 0.789638 2.649 2.1 6 0.048 3 13 48
80.0198 2 2.53012 1.98523 -39.7232 -0.613572 4.41492e-197 -5.68179e-197 0.789638 2.649 2.1 6 0.048 3 13 48
80.0365 2 2.53012 1.98523 -39.7232 -0.613572 4.41492e-197 -5.68179e-197 0.789638 2.649 2.1 6 0.048 3 13 48
80.0531 2 2.53012 1.98523 -39.7232 -0.613572 4.41492e-197 -5.68179e-197 0.789638 2.649 2.1 6 0.048 3 13 48
80.0698 2 2.53012 1.98523 -39.7232 -0.613572 4.41492e-197 -5.68179e-197 0.789638 2.649 2.1 6 0.048 3 13 48
80.0865 2 2.53012 1.98523 -39.7232 -0.613572 4.41492e-197 -5.68179e-197 0.789638 2.649 2.1 6 0.048 3 13 48
80.1031 2 2.53012 1.98523 -39.7232 -0.613572 4.41492e-197 -5.68179e-197 0.789638 2.649 2.1 6 0.048 3 13 48
80.1198 2 2.53012 1.98523 -39.7232 -0.613572 4.41492e-197 -5.68179e-197 0.789638 2.649 2.1 6 0.048 3 13 48
80.1365 2 2.53012 1.98523 -39.7232 -0.613572 4.41492e-197 -5.68179e-197 0.789638 2.649 2.1 6 0.048 3 13 48
80.1531 2 2.53012 1.98523 -39.7232 -0.613572 4.41492e-197 -5.68179e-197 0.789638 2.649 2.1 6 0.048 3 13 48
80.1698 2 2.53012 1.98523 -39.7232 -0.613572 4.41492e-197 -5.68179e-197 0.789638 2.649 2.1 6 0.048 3 13 48
80.1865 2 2.53012 1.98523 -39.7232 -0.613572 4.41492e-197 -5.68179e-197 0.789638 2.649 2.1 6 0.048 3 13 48
80.2031 2 2.53012 1.98523 -39.7232 -0.613572 4.41492e-197 -5.68179e-197 0.789638 2.649 2.1 6 0.048 3 13 48
80.2198 2 2.53012 1.98523 -39.7232 -0.613572 4.41492e-197 -5.68179e-197 0.789638 2.649 2.1 6 0.048 3 13 48
80.2365 2 2.53012 1.98523 -39.7232 -0.613572 4.41492e-197 -5.68179e-197 0.789638 2.649 2.1 6 0.048 3 13 48
80.2531 2 2.53012 1.98523 -39.7232 -0.613572 4.41492e-197 -5.68179e-197 0.789638 2.649 2.1 6 0.048 3 13 48
80.2698 2 2.53012 1.98523 -39.7232 -0.613572 4.41492e-197 -5.68179e-197 0.789638 2.649 2.1 6 0.048 3 13 48
80.2865 2 2.53012 1.98523 -39.7232 -0.613572 4.41492e-197 -5.68179e-197 0.789638 2.649 2.1 6 0.048 3 13 48
80.3031 2 2.53012 1.98523 -39.7232 -0.613572 4.41492e-197 -5.68179e-197 0.789638 2.649 2.1 6 0.048 3 13 48
80.3198 2 2.53012 1.98523 -39.7232 -0.613572 4.41492e-197 -5.68179e-197 0.789638 2.649 2.1 6 0.048 3 13 48
80.3365 2 2.53012 1.98523 -39.7232 -0.613572 4.41492e-197 -5.68179e-197 0.789638 2.649 2.1 6 0.048 3 13 48
80.3531 2 2.53012 1.98523 -39.7232 -0.613572 4.41492e-197 -5.68179e-197 0.789638 2.649 2.1 6 0.048 3 13 48
80.3698 2 2.53012 1.98523 -39.7232 -0.613572 4.41492e-197 -5.68179e-197 0.789638 2.649 2.1 6 0.048 3 13 48
80.3865 2 2.53012 1.98523 -39.7232 -0.613572 4.41492e-197 -5.68179e-197 0.789638 2.649 2.1 6 0.048 3 13 48
80.4031 2 2.53012 1.98523 -39.7232 -0.613572 4.41492e-197 -5.68179e-197 0.789638 2.649 2.1 6 0.048 3 13 48
80.4198 2 2.53012 1.98523 -39.7232 -0.613572 4.41492e-197 -5.68179e-197 0.789638 2.649 2.1 6 0.048 3 13 48
80.4365 2 2.53012 1.98523 -39.7232 -0.613572 4.41492e-197 -5.68179e-197 0.789638 2.649 2.1 6 0.048 3 13 48
80.4531 2 2.53012 1.98523 -39.7232 -0.613572 4.41492e-197 -5.68179e-197 0.789638 2.649 2.1 6 0.048 3 13 48
80.4698 2 2.53012 1.98523 -39.7232 -0.613572 4.41492e-197 -5.68179e-197 0.789638 2.649 2.1 6 0.048 3 13 48
80.4865 2 2.53012 1.98523 -39.7232 -0.613572 4.41492e-197 -5.68179e-197 0.789638 2.649 2.1 6 0.048 3 13 48
80.5031 2 2.53012 1.98523 -39.7232 -0.613572 4.41492e-197 -5.68179e-197 0.789638 2.649 2.1 6 0.048 3 13 48
80.5198 2 2.53012 1.98523 -39.7232 -0.613572 4.41492e-197 -5.68179e-197 0.789638 2.649 2.1 6 0.048 3 13 48
80.5365 2 2.53012 1.98523 -39.7232 -0.613572 4.41492e-197 -5.68179e-197 0.789638 2.649 2.1 6 0.048 3 13 48
80.5531 2 2.53012 1.98523 -39.7232 -0.613572 4.41492e-197 -5.68179e-197 0.789638 2.649 2.1 6 0.048 3 13 48
80.5698 2 2.53012 1.98523 -39.7232 -0.613572 4.41492e-197 -5.68179e-197 0.789638 2.649 2.1 6 0.048 3 13 48
80.5865 2 2.53012 1.98523 -39.7232 -0.613572 4.41492e-197 -5.68179e-197 0.789638 2.649 2.1 6 0.048 3 13 48
80.6031 2 2.53012 1.98523 -39.7232 -0.613572 4.41492e-197 -5.68179e-197 0.789638 2.649 2.1 6 0.048 3 13 48
80.6198 2 2.53012 1.98523 -39.7232 -0.613572 4.41492e-197 -5.68179e-197 0.789638 2.649 2.1 6 0.048 3 13 48
80.6365 2 2.53012 1.98523 -39.7232 -0.613572 4.41492e-197 -5.68179e-197 0.789638 2.649 2.1 6 0.048 3 13 48
80.6531 2 2.53012 1.98523 -39.7232 -0.613572 4.41492e-197 -5.68179e-197 0.789638 2.649 2.1 6 0.048 3 13 48
80.6698 2 2.53012 1.98523 -39.7232 -0.613572 4.41492e-197 -5.68179e-197 0.789638 2.649 2.1 6 0.048 3 13 48
80.6865 2 2.53012 1.98523 -39.7232 -0.613572 4.41492e-197 -5.68179e-197 0.789638 2.649 2.1 6 0.048 3 13 48
80.7031 2 2.53012 1.98523 -39.7232 -0.613572 4.41492e-197 -5.68179e-197 0.789638 2.649 2.1 6 0.048 3 13 48
80.7198 2 2.53012 1.98523 -39.7232 -0.613572 4.41492e-197 -5.68179e-197 0.789638 2.649 2.1 6 0.048 3 13 48
80.7365 2 2.53012 1.98523 -39.7232 -0.613572 4.41492e-197 -5.68179e-197 0.789638 2.649 2.1 6 0.048 3 13 48
80.7531 2 2.53012 1.98523 -39.7232 -0.613572 4.41492e-197 -5.68179e-197 0.789638 2.649 2.1 6 0.048 3 13 48
80.7698 2 2.53012 1.98523 -39.7232 -0.613572 4.41492e-197 -5.68179e-197 0.789638 2.649 2.1 6 0.048 3 13 48
80.7865 2 2.53012 1.98523 -39.7232 -0.613572 4.41492e-197 -5.68179e-197 0.789638 2.649 2.1 6 0.048 3 13 48
80.8031 2 2.53012 1.98523 -39.7232 -0.613572 4.41492e-197 -5.68179e-197 0.789638 2.649 2.1 6 0.048 3 13 48
80.8198 2 2.53012 1.98523 -39.7232 -0.613572 4.41492e-197 -5.68179e-197 0.789638 2.649 2.1 6 0.048 3 13 48
80.8365 2 2.53012 1.98523 -39.7232 -0.613572 4.41492e-197 -5.68179e-197 0.789638 2.649 2.1 6 0.048 3 13 48
80.8531 2 2.53012 1.98523 -39.7232 -0.613572 4.41492e-197 -5.68179e-197 0.789638 2.649 2.1 6 0.048 3 13 48
80.8698 2 2.53012 1.98523 -39.7232 -0.613572 4.41492e-197 -5.68179e-197 0.789638 2.649 2.1 6 0.048 3 13 48
80.8865 2 2.53012 1.98523 -39.7232 -0.613572 4.41492e-197 -5.68179e-197 0.789638 2.649 2.1 6 0.048 3 13 48
80.9031 2 2.53012 1.98523 -39.7232 -0.613572 4.41492e-197 -5.68179e-197 0.789638 2.649 2.1 6 0.048 3 13 48
80.9198 2 2.53012 1.98523 -39.7232 -0.613572 4.41492e-197 -5.68179e-197 0.789638 2.649 2.1 6 0.048 3 13 48
80.9365 2 2.53012 1.98523 -39.7232 -0.613572 4.41492e-197 -5.68179e-197 0.789638 2.649 2.1 6 0.048 3 13 48
80.9531 2 2.53012 1.98523 -39.7232 -0.613572 4.41492e-197 -5.68179e-197 0.789638 2.649 2.1 6 0.048 3 13 48
80.9698 2 2.53012 1.98523 -39.7232 -0.613572 4.41492e-197 -5.68179e-197 0.789638 2.649 2.1 6 0.048 3 13 48
80.9865 2 2.53012 1.98523 -39.7232 -0.613572 4.41492e-197 -5.68179e-197 0.789638 2.649 2.1 6 0.048 3 13 48
81.0031 2 2.53012 1.98523 -39.7232 -0.613572 4.41492e-197 -5.68179e-197 0.789638 2.649 2.1 6 0.048 3 13 48
81.0198 2 2.53012 1.98523 -39.7232 -0.613572 4.41492e-197 -5.68179e-197 0.789638 2.649 2.1 6 0.048 3 13 48
81.0365 2 2.53012 1.98523 -39.7232 -0.613572 4.41492e-197 -5.68179e-197 0.789638 2.649 2.1 6 0.048 3 13 48
81.0531 2 2.53012 1.98523 -39.7232 -0.613572 4.41492e-197 -5.68179e-197 0.789638 2.649 2.1 6 0.048 3 13 48
81.0698 2 2.53012 1.98523 -39.7232 -0.613572 4.41492e-197 -5.68179e-197 0.789638 2.649 2.1 6 0.048 3 13 48
81.0865 2 2.53012 1.98523 -39.7232 -0.613572 4.41492e-197 -5.68179e-197 0.789638 2.649 2.1 6 0.048 3 13 48
81.1031 2 2.53012 1.98523 -39.7232 -0.613572 4.41492e-197 -5.68179e-197 0.789638 2.649 2.1 6 0.048 3 13 48
81.1198 2 2.53012 1.98523 -39.7232 -0.613572 4.41492e-197 -5.68179e-197 0.789638 2.649 2.1 6 0.048 3 13 48
81.1365 2 2.53012 1.98523 -39.7232 -0.613572 4.41492e-197 -5.68179e-197 0.789638 2.649 2.1 6 0.048 3 13 48
81.1531 2 2.53012 1.98523 -39.7232 -0.613572 4.41492e-197 -5.68179e-197 0.789638 2.649 2.1 6 0.048 3 13 48
81.1698 2 2.53012 1.98523 -39.7232 -0.613572 4.41492e-197 -5.68179e-197 0.789638 2.649 2.1 6 0.048 3 13 48
81.1865 2 2.53012 1.98523 -39.7232 -0.613572 4.41492e-197 -5.68179e-197 0.789638 2.649 2.1 6 0.048 3 13 48
81.2031 2 2.53012 1.98523 -39.7232 -0.613572 4.41492e-197 -5.68179e-197 0.789638 2.649 2.1 6 0.048 3 13 48
81.2198 2 2.53012 1.98523 -39.7232 -0.613572 4.41492e-197 -5.68179e-197 0.789638 2.649 2.1 6 0.048 3 13 48
81.2365 2 2.53012 1.98523 -39.7232 -0.613572 4.41492e-197 -5.68179e-197 0.789638 2.649 2.1 6 0.048 3 13 48
81.2531 2 2.53012 1.98523 -39.7232 -0.613572 4.41492e-197 -5.68179e-197 0.789638 2.649 2.1 6 0.048 3 13 48
81.2698 2 2.53012 1.98523 -39.7232 -0.613572 4.41492e-197 -5.68179e-197 0.789638 2.649 2.1 6 0.048 3 13 48
81.2865 2 2.53012 1.98523 -39.7232 -0.613572 4.41492e-197 -5.68179e-197 0.789638 2.649 2.1 6 0.048 3 13 48
81.3031 2 2.53012 1.98523 -39.7232 -0.613572 4.41492e-197 -5.68179e-197 0.789638 2.649 2.1 6 0.048 3 13 48
81.3198 2 2.53012 1.98523 -39.7232 -0.613572 4.41492e-197 -5.68179e-197 0.789638 2.649 2.1 6 0.048 3 13 48
81.3365 2 2.53012 1.98523 -39.7232 -0.613572 4.41492e-197 -5.68179e-197 0.789638 2.649 2.1 6 0.048 3 13 48
81.3531 2 2.53012 1.98523 -39.7232 -0.613572 4.41492e-197 -5.68179e-197 0.789638 2.649 2.1 6 0.048 3 13 48
81.3698 2 2.53012 1.98523 -39.7232 -0.613572 4.41492e-197 -5.68179e-197 0.789638 2.649 2.1 6 0.048 3 13 48
81.3865 2 2.53012 1.98523 -39.7232 -0.613572 4.41492e-197 -5.68179e-197 0.789638 2.649 2.1 6 0.048 3 13 48
81.4031 2 2.53012 1.98523 -39.7232 -0.613572 4.41492e-197 -5.68179e-197 0.789638 2.649 2.1 6 0.048 3 13 48
81.4198 2 2.53012 1.98523 -39.7232 -0.613572 4.41492e-197 -5.68179e-197 0.789638 2.649 2.1 6 0.048 3 13 48
81.4365 2 2.53012 1.98523 -39.7232 -0.613572 4.41492e-197 -5.68179e-197 0.789638 2.649 2.1 6 0.048 3 13 48
81.4531 2 2.53012 1.98523 -39.7232 -0.613572 4.41492e-197 -5.68179e-197 0.789638 2.649 2.1 6 0.048 3 13 48
81.4698 2 2.53041 1.98516 -39.7232 -0.613572 4.41492e-197 -5.68179e-197 0.789638 2.649 2.1 6 0.048 3 13 48
81.4865 2 2.54718 1.98111 -39.7232 -0.613572 4.41492e-197 -5.68179e-197 0.789638 2.649 2.1 6 0.048 3 13 48
81.5031 2 2.56277 1.97771 -39.7232 -0.613572 4.41492e-197 -5.68179e-197 0.789638 2.649 2.1 6 0.048 3 13 48
81.5198 2 2.5775 1.9748 -39.7232 -0.613572 4.41492e-197 -5.68179e-197 0.789638 2.649 2.1 6 0.048 3 13 48
81.5365 2 2.59159 1.97224 -39.7232 -0.613572 4.41492e-197 -5.68179e-197 0.789638 2.649 2.1 6 0.048 3 13 48
81.5531 2 2.60521 1.96995 -39.7232 -0.613572 4.41492e-197 -5.68179e-197 0.789638 2.649 2.1 6 0.048 3 13 48
81.5698 2 2.61848 1.96784 -39.7232 -0.613572 4.41492e-197 -5.68179e-197 0.789638 2.649 2.1 6 0.048 3 13 48
81.5865 2 2.6315 1.96588 -39.7232 -0.613572 4.41492e-197 -5.68179e-197 0.789638 2.649 2.1 6 0.048 3 13 48
81.6031 2 2.64434 1.96402 -39.7232 -0.613572 4.41492e-197 -5.68179e-197 0.789638 2.649 2.1 6 0.048 3 13 48
81.6198 2 2.65704 1.96224 -39.7232 -0.613572 4.41492e-197 -5.68179e-197 0.789638 2.649 2.1 6 0.048 3 13 48
81.6365 2 2.66963 1.96051 -39.7232 -0.613572 4.41492e-197 -5.68179e-197 0.789638 2.649 2.1 6 0.048 3 13 48
81.6531 2 2.68215 1.95883 -39.7232 -0.613572 4.41492e-197 -5.68179e-197 0.789638 2.649 2.1 6 0.048 3 13 48
81.6698 2 2.69462 1.95717 -39.7232 -0.613572 4.41492e-197 -5.68179e-197 0.789638 2.649 2.1 6 0.048 3 13 48
81.6865 2 2.70704 1.95554 -39.7232 -0.613572 4.41492e-197 -5.68179e-197 0.789638 2.649 2.1 6 0.048 3 13 48
81.7031 2 2.71944 1.95393 -39.7232 -0.613572 4.41492e-197 -5.68179e-197 0.789638 2.649 2.1 6 0.048 3 13 48
81.7198 2 2.73182 1.95232 -39.7232 -0.613572 4.41492e-197 -5.68179e-197 0.789638 2.649 2.1 6 0.048 3 13 48
81.7365 2 2.74418 1.95073 -39.7232 -0.613572 4.41492e-197 -5.68179e-197 0.789638 2.649 2.1 6 0.048 3 13 48
81.7531 2 2.75652 1.94914 -39.7232 -0.613572 4.41492e-197 -5.68179e-197 0.789638 2.649 2.1 6 0.048 3 13 48
81.7698 2 2.76886 1.94756 -39.7232 -0.613572 4.41492e-197 -5.68179e-197 0.789638 2.649 2.1 6 0.048 3 13 48
81.7865 2 2.78119 1.94598 -39.7232 -0.613572 4.41492e-197 -5.68179e-197 0.789638 2.649 2.1 6 0.048 3 13 48
81.8031 2 2.79352 1.9444 -39.7232 -0.613572 4.41492e-197 -5.68179e-197 0.789638 2.649 2.1 6 0.048 3 13 48
81.8198 2 2.80584 1.94282 -39.7232 -0.613572 4.41492e-197 -5.68179e-197 0.789638 2.649 2.1 6 0.048 3 13 48
81.8365 2 2.81817 1.94125 -39.7232 -0.613572 4.41492e-197 -5.68179e-197 0.789638 2.649 2.1 6 0.048 3 13 48
81.8531 2 2.83049 1.93968 -39.7232 -0.613572 4.41492e-197 -5.68179e-197 0.789638 2.649 2.1 6 0.048 3 13 48
81.8698 2 2.8428 1.93811 -39.7232 -0.613572 4.41492e-197 -5.68179e-197 0.789638 2.649 2.1 6 0.048 3 13 48
81.8865 2 2.85512 1.93653 -39.7232 -0.613572 4.41492e-197 -5.68179e-197 0.789638 2.649 2.1 6 0.048 3 13 48
81.9031 2 2.86744 1.93496 -39.7232 -0.613572 4.41492e-197 -5.68179e-197 0.789638 2.649 2.1 6 0.048 3 13 48
81.9198 2 2.87975 1.93339 -39.7232 -0.613572 4.41492e-197 -5.68179e-197 0.789638 2.649 2.1 6 0.048 3 13 48
81.9365 2 2.89207 1.93182 -39.7232 -0.613572 4.41492e-197 -5.68179e-197 0.789638 2.649 2.1 6 0.048 3 13 48
81.9531 2 2.90438 1.93025 -39.7232 -0.613572 4.41492e-197 -5.68179e-197 0.789638 2.649 2.1 6 0.048 3 13 48
81.9698 2 2.9167 1.92868 -39.7232 -0.613572 4.41492e-197 -5.68179e-197 0.789638 2.649 2.1 6 0.048 3 13 48
81.9865 2 2.92901 1.92711 -39.7232 -0.613572 4.41492e-197 -5.68179e-197 0.789638 2.649 2.1 6 0.048 3 13 48
82.0031 2 2.94133 1.92554 -39.7232 -0.613572 4.41492e-197 -5.68179e-197 0.789638 2.649 2.1 6 0.048 3 13 48
82.0198 2 2.95364 1.92397 -39.7232 -0.613572 4.41492e-197 -5.68179e-197 0.789638 2.649 2.1 6 0.048 3 13 48
82.0365 2 2.96596 1.9224 -39.7232 -0.613572 4.41492e-197 -5.68179e-197 0.789638 2.649 2.1 6 0.048 3 13 48
82.0531 2 2.97827 1.92083 -39.7232 -0.613572 4.41492e-197 -5.68179e-197 0.789638 2.649 2.1 6 0.048 3 13 48
82.0698 2 2.99059 1.91926 -39.7232 -0.613572 4.41492e-197 -5.68179e-197 0.789638 2.649 2.1 6 0.048 3 13 48
82.0865 2 3.0029 1.91769 -39.7232 -0.613572 4.41492e-197 -5.68179e-197 0.789638 2.649 2.1 6 0.048 3 13 48
82.1031 2 3.01522 1.91612 -39.7232 -0.613572 4.41492e-197 -5.68179e-197 0.789638 2.649 2.1 6 0.048 3 13 48
82.1198 2 3.02753 1.91455 -39.7232 -0.613572 4.41492e-197 -5.68179e-197 0.789638 2.649 2.1 6 0.048 3 13 48
82.1365 2 3.03984 1.91298 -39.7232 -0.613572 4.41492e-197 -5.68179e-197 0.789638 2.649 2.1 6 0.048 3 13 48
82.1531 2 3.05216 1.91141 -39.7232 -0.613572 4.41492e-197 -5.68179e-197 0.789638 2.649 2.1 6 0.048 3 13 48
82.1698 2 3.06447 1.90984 -39.7232 -0.613572 4.41492e-197 -5.68179e-197 0.789638 2.649 2.1 6 0.048 3 13 48
82.1865 2 3.07679 1.90827 -39.7232 -0.613572 4.41492e-197 -5.68179e-197 0.789638 2.649 2.1 6 0.048 3 13 48
82.2031 2 3.0891 1.9067 -39.7232 -0.613572 4.41492e-197 -5.68179e-197 0.789638 2.649 2.1 6 0.048 3 13 48
82.2198 2 3.10142 1.90513 -39.7232 -0.613572 4.41492e-197 -5.68179e-197 0.789638 2.649 2.1 6 0.048 3 13 48
82.2365 2 3.11373 1.90356 -39.7232 -0.613572 4.41492e-197 -5.68179e-197 0.789638 2.649 2.1 6 0.048 3 13 48
82.2531 2 3.12605 1.90199 -39.7232 -0.613572 4.41492e-197 -5.68179e-197 0.789638 2.649 2.1 6 0.048 3 13 48
82.2698 2 3.13836 1.90042 -39.7232 -0.613572 4.41492e-197 -5.68179e-197 0.789638 2.649 2.1 6 0.048 3 13 48
82.2865 2 3.15067 1.89885 -39.7232 -0.613572 4.41492e-197 -5.68179e-197 0.789638 2.649 2.1 6 0.048 3 13 48
82.3031 2 3.16299 1.89728 -39.7232 -0.613572 4.41492e-197 -5.68179e-197 0.789638 2.649 2.1 6 0.048 3 13 48
82.3198 2 3.1753 1.89571 -39.7232 -0.613572 4.41492e-197 -5.68179e-197 0.789638 2.649 2.1 6 0.048 3 13 48
82.3365 2 3.18762 1.89414 -39.7232 -0.613572 4.41492e-197 -5.68179e-197 0.789638 2.649 2.1 6 0.048 3 13 48
82.3531 2 3.19993 1.89257 -39.7232 -0.613572 4.41492e-197 -5.68179e-197 0.789638 2.649 2.1 6 0.048 3 13 48
82.3698 2 3.21225 1.891 -39.7232 -0.613572 4.41492e-197 -5.68179e-197 0.789638 2.649 2.1 6 0.048 3 13 48
82.3865 2 3.22456 1.88943 -39.7232 -0.613572 4.41492e-197 -5.68179e-197 0.789638 2.649 2.1 6 0.048 3 13 48
82.4031 2 3.23688 1.88786 -39.7232 -0.613572 4.41492e-197 -5.68179e-197 0.789638 2.649 2.1 6 0.048 3 13 48
82.4198 2 3.24919 1.88629 -39.7232 -0.613572 4.41492e-197 -5.68179e-197 0.789638 2.649 2.1 6 0.048 3 13 48
82.4365 2 3.2615 1.88472 -39.7232 -0.613572 4.41492e-197 -5.68179e-197 0.789638 2.649 2.1 6 0.048 3 13 48
82.4531 2 3.27382 1.88315 -39.7232 -0.613572 4.41492e-197 -5.68179e-197 0.789638 2.649 2.1 6 0.048 3 13 48
82.4698 2 3.28613 1.88158 -39.7232 -0.613572 4.41492e-197 -5.68179e-197 0.789638 2.649 2.1 6 0.048 3 13 48
82.4865 2 3.29845 1.88001 -39.7232 -0.613572 4.41492e-197 -5.68179e-197 0.789638 2.649 2.1 6 0.048 3 13 48
82.5031 2 3.31076 1.87844 -39.7232 -0.613572 4.41492e-197 -5.68179e-197 0.789638 2.649 2.1 6 0.048 3 13 48
82.5198 2 3.32308 1.87688 -39.7232 -0.613572 4.41492e-197 -5.68179e-197 0.789638 2.649 2.1 6 0.048 3 13 48
82.5365 2 3.33539 1.87531 -39.7232 -0.613572 4.41492e-197 -5.68179e-197 0.789638 2.649 2.1 6 0.048 3 13 48
82.5531 2 3.3477 1.87374 -39.7232 -0.613572 4.41492e-197 -5.68179e-197 0.789638 2.649 2.1 6 0.048 3 13 48
82.5698 2 3.36002 1.87217 -39.7232 -0.613572 4.41492e-197 -5.68179e-197 0.789638 2.649 2.1 6 0.048 3 13 48
82.5865 2 3.37233 1.8706 -39.7232 -0.613572 4.41492e-197 -5.68179e-197 0.789638 2.649 2.1 6 0.048 3 13 48
82.6031 2 3.38465 1.86903 -39.7232 -0.613572 4.41492e-197 -5.68179e-197 0.789638 2.649 2.1 6 0.048 3 13 48
82.6198 2 3.39696 1.86746 -39.7232 -0.613572 4.41492e-197 -5.68179e-197 0.789638 2.649 2.1 6 0.048 3 13 48
82.6365 2 3.40928 1.86589 -39.7232 -0.613572 4.41492e-197 -5.68179e-197 0.789638 2.649 2.1 6 0.048 3 13 48
82.6531 2 3.42159 1.86432 -39.7232 -0.613572 4.41492e-197 -5.68179e-197 0.789638 2.649 2.1 6 0.048 3 13 48
82.6698 2 3.43391 1.86275 -39.7232 -0.613572 4.41492e-197 -5.68179e-197 0.789638 2.649 2.1 6 0.048 3 13 48
82.6865 2 3.44622 1.86118 -39.7232 -0.613572 4.41492e-197 -5.68179e-197 0.789638 2.649 2.1 6 0.048 3 13 48
82.7031 2 3.45853 1.85961 -39.7232 -0.613572 4.41492e-197 -5.68179e-197 0.789638 2.649 2.1 6 0.048 3 13 48
82.7198 2 3.47085 1.85804 -39.7232 -0.613572 4.41492e-197 -5.68179e-197 0.789638 2.649 2.1 6 0.048 3 13 48
82.7365 2 3.48316 1.85647 -39.7232 -0.613572 4.41492e-197 -5.68179e-197 0.789638 2.649 2.1 6 0.048 3 13 48
82.7531 2 3.49548 1.8549 -39.7232 -0.613572 4.41492e-197 -5.68179e-197 0.789638 2.649 2.1 6 0.048 3 13 48
82.7698 2 3.50779 1.85333 -39.7232 -0.613572 4.41492e-197 -5.68179e-197 0.789638 2.649 2.1 6 0.048 3 13 48
82.7865 2 3.52011 1.85176 -39.7232 -0.613572 4.41492e-197 -5.68179e-197 0.789638 2.649 2.1 6 0.048 3 13 48
82.8031 2 3.53242 1.85019 -39.7232 -0.613572 4.41492e-197 -5.68179e-197 0.789638 2.649 2.1 6 0.048 3 13 48
82.8198 2 3.54473 1.84862 -39.7232 -0.613572 4.41492e-197 -5.68179e-197 0.789638 2.649 2.1 6 0.048 3 13 48
82.8365 2 3.55705 1.84705 -39.7232 -0.613572 4.41492e-197 -5.68179e-197 0.789638 2.649 2.1 6 0.048 3 13 48
82.8531 2 3.56936 1.84548 -39.7232 -0.613572 4.41492e-197 -5.68179e-197 0.789638 2.649 2.1 6 0.048 3 13 48
82.8698 2 3.58168 1.84391 -39.7232 -0.613572 4.41492e-197 -5.68179e-197 0.789638 2.649 2.1 6 0.048 3 13 48
82.8865 2 3.59399 1.84234 -39.7232 -0.613572 4.41492e-197 -5.68179e-197 0.789638 2.649 2.1 6 0.048 3 13 48
82.9031 2 3.60631 1.84077 -39.7232 -0.613572 4.41492e-197 -5.68179e-197 0.789638 2.649 2.1 6 0.048 3 13 48
82.9198 2 3.61862 1.8392 -39.7232 -0.613572 4.41492e-197 -5.68179e-197 0.789638 2.649 2.1 6 0.048 3 13 48
82.9365 2 3.63094 1.83763 -39.7232 -0.613572 4.41492e-197 -5.68179e-197 0.789638 2.649 2.1 6 0.048 3 13 48
82.9531 2 3.64325 1.83606 -39.7232 -0.613572 4.41492e-197 -5.68179e-197 0.789638 2.649 2.1 6 0.048 3 13 48
82.9698 2 3.65556 1.83449 -39.7232 -0.613572 4.41492e-197 -5.68179e-197 0.789638 2.649 2.1 6 0.048 3 13 48
82.9865 2 3.66788 1.83292 -39.7232 -0.613572 4.41492e-197 -5.68179e-197 0.789638 2.649 2.1 6 0.048 3 13 48
83.0031 2 3.68019 1.83135 -39.7232 -0.613572 4.41492e-197 -5.68179e-197 0.789638 2.649 2.1 6 0.048 3 13 48
83.0198 2 3.69251 1.82978 -39.7232 -0.613572 4.41492e-197 -5.68179e-197 0.789638 2.649 2.1 6 0.048 3 13 48
83.0365 2 3.70482 1.82821 -39.7232 -0.613572 4.41492e-197 -5.68179e-197 0.789638 2.649 2.1 6 0.048 3 13 48
83.0531 2 3.71714 1.82664 -39.7232 -0.613572 4.41492e-197 -5.68179e-197 0.789638 2.649 2.1 6 0.048 3 13 48
83.0698 2 3.72945 1.82507 -39.7232 -0.613572 4.41492e-197 -5.68179e-197 0.789638 2.649 2.1 6 0.048 3 13 48
83.0865 2 3.74176 1.8235 -39.7232 -0.613572 4.41492e-197 -5.68179e-197 0.789638 2.649 2.1 6 0.048 3 13 48
83.1031 2 3.75408 1.82193 -39.7232 -0.613572 4.41492e-197 -5.68179e-197 0.789638 2.649 2.1 6 0.048 3 13 48
83.1198 2 3.76639 1.82036 -39.7232 -0.613572 4.41492e-197 -5.68179e-197 0.789638 2.649 2.1 6 0.048 3 13 48
83.1365 2 3.77871 1.81879 -39.7232 -0.613572 4.41492e-197 -5.68179e-197 0.789638 2.649 2.1 6 0.048 3 13 48
83.1531 2 3.79102 1.81722 -39.7232 -0.613572 4.41492e-197 -5.68179e-197 0.789638 2.649 2.1 6 0.048 3 13 48
83.1698 2 3.80334 1.81565 -39.7232 -0.613572 4.41492e-197 -5.68179e-197 0.789638 2.649 2.1 6 0.048 3 13 48
83.1865 2 3.81565 1.81408 -39.7232 -0.613572 4.41492e-197 -5.68179e-197 0.789638 2.649 2.1 6 0.048 3 13 48
83.2031 2 3.82797 1.81251 -39.7232 -0.613572 4.41492e-197 -5.68179e-197 0.789638 2.649 2.1 6 0.048 3 13 48
83.2198 2 3.84028 1.81094 -39.7232 -0.613572 4.41492e-197 -5.68179e-197 0.789638 2.649 2.1 6 0.048 3 13 48
83.2365 2 3.85259 1.80937 -39.7232 -0.613572 4.41492e-197 -5.68179e-197 0.789638 2.649 2.1 6 0.048 3 13 48
83.2531 2 3.86491 1.8078 -39.7232 -0.613572 4.41492e-197 -5.68179e-197 0.789638 2.649 2.1 6 0.048 3 13 48
83.2698 2 3.87722 1.80623 -39.7232 -0.613572 4.41492e-197 -5.68179e-197 0.789638 2.649 2.1 6 0.048 3 13 48
83.2865 2 3.88954 1.80466 -39.7232 -0.613572 4.41492e-197 -5.68179e-197 0.789638 2.649 2.1 6 0.048 3 13 48
83.3031 2 3.90185 1.80309 -39.7232 -0.613572 4.41492e-197 -5.68179e-197 0.789638 2.649 2.1 6 0.048 3 13 48
83.3198 2 3.91417 1.80152 -39.7232 -0.613572 4.41492e-197 -5.68179e-197 0.789638 2.649 2.1 6 0.048 3 13 48
83.3365 2 3.92648 1.79995 -39.7232 -0.613572 4.41492e-197 -5.68179e-197 0.789638 2.649 2.1 6 0.048 3 13 48
83.3531 2 3.93879 1.79838 -39.7232 -0.613572 4.41492e-197 -5.68179e-197 0.789638 2.649 2.1 6 0.048 3 13 48
83.3698 2 3.95111 1.79681 -39.7232 -0.613572 4.41492e-197 -5.68179e-197 0.789638 2.649 2.1 6 0.048 3 13 48
83.3865 2 3.96342 1.79524 -39.7232 -0.613572 4.41492e-197 -5.68179e-197 0.789638 2.649 2.1 6 0.048 3 13 48
83.4031 2 3.97574 1.79367 -39.7232 -0.613572 4.41492e-197 -5.68179e-197 0.789638 2.649 2.1 6 0.048 3 13 48
83.4198 2 3.98805 1.7921 -39.7232 -0.613572 4.41492e-197 -5.68179e-197 0.789638 2.649 2.1 6 0.048 3 13 48
83.4365 2 4.00037 1.79053 -39.7232 -0.613572 4.41492e-197 -5.68179e-197 0.789638 2.649 2.1 6 0.048 3 13 48
83.4531 2 4.01268 1.78896 -39.7232 -0.613572 4.41492e-197 -5.68179e-197 0.789638 2.649 2.1 6 0.048 3 13 48
83.4698 2 4.025 1.78739 -39.7232 -0.613572 4.41492e-197 -5.68179e-197 0.789638 2.649 2.1 6 0.048 3 13 48
83.4865 2 4.03731 1.78582 -39.7232 -0.613572 4.41492e-197 -5.68179e-197 0.789638 2.649 2.1 6 0.048 3 13 48
83.5031 2 4.04962 1.78425 -39.7232 -0.613572 4.41492e-197 -5.68179e-197 0.789638 2.649 2.1 6 0.048 3 13 48
83.5198 2 4.06194 1.78268 -39.7232 -0.613572 4.41492e-197 -5.68179e-197 0.789638 2.649 2.1 6 0.048 3 13 48
83.5365 2 4.07425 1.78111 -39.7232 -0.613572 4.41492e-197 -5.68179e-197 0.789638 2.649 2.1 6 0.048 3 13 48
83.5531 2 4.08657 1.77954 -39.7232 -0.613572 4.41492e-197 -5.68179e-197 0.789638 2.649 2.1 6 0.048 3 13 48
83.5698 2 4.09888 1.77797 -39.7232 -0.613572 4.41492e-197 -5.68179e-197 0.789638 2.649 2.1 6 0.048 3 13 48
83.5865 2 4.1112 1.7764 -39.7232 -0.613572 4.41492e-197 -5.68179e-197 0.789638 2.649 2.1 6 0.048 3 13 48
83.6031 2 4.12351 1.77484 -39.7232 -0.613572 4.41492e-197 -5.68179e-197 0.789638 2.649 2.1 6 0.048 3 13 48
83.6198 2 4.13583 1.77327 -39.7232 -0.613572 4.41492e-197 -5.68179e-197 0.789638 2.649 2.1 6 0.048 3 13 48
83.6365 2 4.14814 1.7717 -39.7232 -0.613572 4.41492e-197 -5.68179e-197 0.789638 2.649 2.1 6 0.048 3 13 48
83.6531 2 4.16045 1.77013 -39.7232 -0.613572 4.41492e-197 -5.68179e-197 0.789638 2.649 2.1 6 0.048 3 13 48
83.6698 2 4.17277 1.76856 -39.7232 -0.613572 4.41492e-197 -5.68179e-197 0.789638 2.649 2.1 6 0.048 3 13 48
83.6865 2 4.18508 1.76699 -39.7232 -0.613572 4.41492e-197 -5.68179e-197 0.789638 2.649 2.1 6 0.048 3 13 48
83.7031 2 4.1974 1.76542 -39.7232 -0.613572 4.41492e-197 -5.68179e-197 0.789638 2.649 2.1 6 0.048 3 13 48
83.7198 2 4.20971 1.76385 -39.7232 -0.613572 4.41492e-197 -5.68179e-197 0.789638 2.649 2.1 6 0.048 3 13 48
83.7365 2 4.22203 1.76228 -39.7232 -0.613572 4.41492e-197 -5.68179e-197 0.789638 2.649 2.1 6 0.048 3 13 48
83.7531 2 4.23377 1.76085 -39.7232 -0.613572 4.41492e-197 -5.68179e-197 0.789638 2.649 2.1 6 0.048 3 13 48
83.7698 2 4.21254 1.76738 -39.7232 -0.613572 4.41492e-197 -5.68179e-197 0.789638 2.649 2.1 6 0.048 3 13 48
83.7865 2 4.19366 1.7726 -39.7232 -0.613572 4.41492e-197 -5.68179e-197 0.789638 2.649 2.1 6 0.048 3 13 48
83.8031 2 4.17652 1.77685 -39.7232 -0.613572 4.41492e-197 -5.68179e-197 0.789638 2.649 2.1 6 0.048 3 13 48
83.8198 2 4.16066 1.7804 -39.7232 -0.613572 4.41492e-197 -5.68179e-197 0.789638 2.649 2.1 6 0.048 3 13 48
83.8365 2 4.14573 1.78342 -39.7232 -0.613572 4.41492e-197 -5.68179e-197 0.789638 2.649 2.1 6 0.048 3 13 48
83.8531 2 4.1315 1.78606 -39.7232 -0.613572 4.41492e-197 -5.68179e-197 0.789638 2.649 2.1 6 0.048 3 13 48
83.8698 2 4.11777 1.78842 -39.7232 -0.613572 4.41492e-197 -5.68179e-197 0.789638 2.649 2.1 6 0.048 3 13 48
83.8865 2 4.10442 1.79056 -39.7232 -0.613572 4.41492e-197 -5.68179e-197 0.789638 2.649 2.1 6 0.048 3 13 48
83.9031 2 4.09134 1.79256 -39.7232 -0.613572 4.41492e-197 -5.68179e-197 0.789638 2.649 2.1 6 0.048 3 13 48
83.9198 2 4.07846 1.79444 -39.7232 -0.613572 4.41492e-197 -5.68179e-197 0.789638 2.649 2.1 6 0.048 3 13 48
83.9365 2 4.06573 1.79624 -39.7232 -0.613572 4.41492e-197 -5.68179e-197 0.789638 2.649 2.1 6 0.048 3 13 48
83.9531 2 4.05312 1.79798 -39.7232 -0.613572 4.41492e-197 -5.68179e-197 0.789638 2.649 2.1 6 0.048 3 13 48
83.9698 2 4.04058 1.79968 -39.7232 -0.613572 4.41492e-197 -5.68179e-197 0.789638 2.649 2.1 6 0.048 3 13 48
83.9865 2 4.0281 1.80134 -39.7232 -0.613572 4.41492e-197 -5.68179e-197 0.789638 2.649 2.1 6 0.048 3 13 48
84.0031 2 4.01566 1.80297 -39.7232 -0.613572 4.41492e-197 -5.68179e-197 0.789638 2.649 2.1 6 0.048 3 13 48
84.0198 2 4.00326 1.80459 -39.7232 -0.613572 4.41492e-197 -5.68179e-197 0.789638 2.649 2.1 6 0.048 3 13 48
84.0365 2 3.99088 1.8062 -39.7232 -0.613572 4.41492e-197 -5.68179e-197 0.789638 2.649 2.1 6 0.048 3 13 48
84.0531 2 3.97852 1.8078 -39.7232 -0.613572 4.41492e-197 -5.68179e-197 0.789638 2.649 2.1 6 0.048 3 13 48
84.0698 2 3.96617 1.80939 -39.7232 -0.613572 4.41492e-197 -5.68179e-197 0.789638 2.649 2.1 6 0.048 3 13 48
84.0865 2 3.95383 1.81097 -39.7232 -0.613572 4.41492e-197 -5.68179e-197 0.789638 2.649 2.1 6 0.048 3 13 48
84.1031 2 3.94149 1.81255 -39.7232 -0.613572 4.41492e-197 -5.68179e-197 0.789638 2.649 2.1 6 0.048 3 13 48
84.1198 2 3.92916 1.81413 -39.7232 -0.613572 4.41492e-197 -5.68179e-197 0.789638 2.649 2.1 6 0.048 3 13 48
84.1365 2 3.91684 1.8157 -39.7232 -0.613572 4.41492e-197 -5.68179e-197 0.789638 2.649 2.1 6 0.048 3 13 48
84.1531 2 3.90452 1.81728 -39.7232 -0.613572 4.41492e-197 -5.68179e-197 0.789638 2.649 2.1 6 0.048 3 13 48
84.1698 2 3.8922 1.81885 -39.7232 -0.613572 4.41492e-197 -5.68179e-197 0.789638 2.649 2.1 6 0.048 3 13 48
84.1865 2 3.87988 1.82042 -39.7232 -0.613572 4.41492e-197 -5.68179e-197 0.789638 2.649 2.1 6 0.048 3 13 48
84.2031 2 3.86756 1.822 -39.7232 -0.613572 4.41492e-197 -5.68179e-197 0.789638 2.649 2.1 6 0.048 3 13 48
84.2198 2 3.85524 1.82357 -39.7232 -0.613572 4.41492e-197 -5.68179e-197 0.789638 2.649 2.1 6 0.048 3 13 48
84.2365 2 3.84293 1.82514 -39.7232 -0.613572 4.41492e-197 -5.68179e-197 0.789638 2.649 2.1 6 0.048 3 13 48
84.2531 2 3.83061 1.82671 -39.7232 -0.613572 4.41492e-197 -5.68179e-197 0.789638 2.649 2.1 6 0.048 3 13 48
84.2698 2 3.8183 1.82828 -39.7232 -0.613572 4.41492e-197 -5.68179e-197 0.789638 2.649 2.1 6 0.048 3 13 48
84.2865 2 3.80598 1.82985 -39.7232 -0.613572 4.41492e-197 -5.68179e-197 0.789638 2.649 2.1 6 0.048 3 13 48
84.3031 2 3.79367 1.83142 -39.7232 -0.613572 4.41492e-197 -5.68179e-197 0.789638 2.649 2.1 6 0.048 3 13 48
84.3198 2 3.78135 1.83299 -39.7232 -0.613572 4.41492e-197 -5.68179e-197 0.789638 2.649 2.1 6 0.048 3 13 48
84.3365 2 3.76904 1.83456 -39.7232 -0.613572 4.41492e-197 -5.68179e-197 0.789638 2.649 2.1 6 0.048 3 13 48
84.3531 2 3.75672 1.83613 -39.7232 -0.613572 4.41492e-197 -5.68179e-197 0.789638 2.649 2.1 6 0.048 3 13 48
84.3698 2 3.74441 1.8377 -39.7232 -0.613572 4.41492e-197 -5.68179e-197 0.789638 2.649 2.1 6 0.048 3 13 48
84.3865 2 3.73209 1.83927 -39.7232 -0.613572 4.41492e-197 -5.68179e-197 0.789638 2.649 2.1 6 0.048 3 13 48
84.4031 2 3.71978 1.84084 -39.7232 -0.613572 4.41492e-197 -5.68179e-197 0.789638 2.649 2.1 6 0.048 3 13 48
84.4198 2 3.70747 1.84241 -39.7232 -0.613572 4.41492e-197 -5.68179e-197 0.789638 2.649 2.1 6 0.048 3 13 48
84.4365 2 3.69515 1.84398 -39.7232 -0.613572 4.41492e-197 -5.68179e-197 0.789638 2.649 2.1 6 0.048 3 13 48
84.4531 2 3.68284 1.84555 -39.7232 -0.613572 4.41492e-197 -5.68179e-197 0.789638 2.649 2.1 6 0.048 3 13 48
84.4698 2 3.67052 1.84712 -39.7232 -0.613572 4.41492e-197 -5.68179e-197 0.789638 2.649 2.1 6 0.048 3 13 48
84.4865 2 3.65821 1.84869 -39.7232 -0.613572 4.41492e-197 -5.68179e-197 0.789638 2.649 2.1 6 0.048 3 13 48
84.5031 2 3.64589 1.85026 -39.7232 -0.613572 4.41492e-197 -5.68179e-197 0.789638 2.649 2.1 6 0.048 3 13 48
84.5198 2 3.63358 1.85183 -39.7232 -0.613572 4.41492e-197 -5.68179e-197 0.789638 2.649 2.1 6 0.048 3 13 48
84.5365 2 3.62126 1.8534 -39.7232 -0.613572 4.41492e-197 -5.68179e-197 0.789638 2.649 2.1 6 0.048 3 13 48
84.5531 2 3.60895 1.85497 -39.7232 -0.613572 4.41492e-197 -5.68179e-197 0.789638 2.649 2.1 6 0.048 3 13 48
84.5698 2 3.59664 1.85654 -39.7232 -0.613572 4.41492e-197 -5.68179e-197 0.789638 2.649 2.1 6 0.048 3 13 48
84.5865 2 3.58432 1.85811 -39.7232 -0.613572 4.41492e-197 -5.68179e-197 0.789638 2.649 2.1 6 0.048 3 13 48
84.6031 2 3.57201 1.85968 -39.7232 -0.613572 4.41492e-197 -5.68179e-197 0.789638 2.649 2.1 6 0.048 3 13 48
84.6198 2 3.55969 1.86125 -39.7232 -0.613572 4.41492e-197 -5.68179e-197 0.789638 2.649 2.1 6 0.048 3 13 48
84.6365 2 3.54738 1.86282 -39.7232 -0.613572 4.41492e-197 -5.68179e-197 0.789638 2.649 2.1 6 0.048 3 13 48
84.6531 2 3.53506 1.86439 -39.7232 -0.613572 4.41492e-197 -5.68179e-197 0.789638 2.649 2.1 6 0.048 3 13 48
84.6698 2 3.52275 1.86596 -39.7232 -0.613572 4.41492e-197 -5.68179e-197 0.789638 2.649 2.1 6 0.048 3 13 48
84.6865 2 3.51044 1.86753 -39.7232 -0.613572 4.41492e-197 -5.68179e-197 0.789638 2.649 2.1 6 0.048 3 13 48
84.7031 2 3.49812 1.8691 -39.7232 -0.613572 4.41492e-197 -5.68179e-197 0.789638 2.649 2.1 6 0.048 3 13 48
84.7198 2 3.48581 1.87067 -39.7232 -0.613572 4.41492e-197 -5.68179e-197 0.789638 2.649 2.1 6 0.048 3 13 48
84.7365 2 3.47349 1.87224 -39.7232 -0.613572 4.41492e-197 -5.68179e-197 0.789638 2.649 2.1 6 0.048 3 13 48
84.7531 2 3.46118 1.87381 -39.7232 -0.613572 4.41492e-197 -5.68179e-197 0.789638 2.649 2.1 6 0.048 3 13 48
84.7698 2 3.44886 1.87538 -39.7232 -0.613572 4.41492e-197 -5.68179e-197 0.789638 2.649 2.1 6 0.048 3 13 48
84.7865 2 3.43655 1.87694 -39.7232 -0.613572 4.41492e-197 -5.68179e-197 0.789638 2.649 2.1 6 0.048 3 13 48
84.8031 2 3.42423 1.87851 -39.7232 -0.613572 4.41492e-197 -5.68179e-197 0.789638 2.649 2.1 6 0.048 3 13 48
84.8198 2 3.41192 1.88008 -39.7232 -0.613572 4.41492e-197 -5.68179e-197 0.789638 2.649 2.1 6 0.048 3 13 48
84.8365 2 3.39961 1.88165 -39.7232 -0.613572 4.41492e-197 -5.68179e-197 0.789638 2.649 2.1 6 0.048 3 13 48
84.8531 2 3.38729 1.88322 -39.7232 -0.613572 4.41492e-197 -5.68179e-197 0.789638 2.649 2.1 6 0.048 3 13 48
84.8698 2 3.37498 1.88479 -39.7232 -0.613572 4.41492e-197 -5.68179e-197 0.789638 2.649 2.1 6 0.048 3 13 48
84.8865 2 3.36266 1.88636 -39.7232 -0.613572 4.41492e-197 -5.68179e-197 0.789638 2.649 2.1 6 0.048 3 13 48
84.9031 2 3.35035 1.88793 -39.7232 -0.613572 4.41492e-197 -5.68179e-197 0.789638 2.649 2.1 6 0.048 3 13 48
84.9198 2 3.33803 1.8895 -39.7232 -0.613572 4.41492e-197 -5.68179e-197 0.789638 2.649 2.1 6 0.048 3 13 48
84.9365 2 3.32572 1.89107 -39.7232 -0.613572 4.41492e-197 -5.68179e-197 0.789638 2.649 2.1 6 0.048 3 13 48
84.9531 2 3.3134 1.89264 -39.7232 -0.613572 4.41492e-197 -5.68179e-197 0.789638 2.649 2.1 6 0.048 3 13 48
84.9698 2 3.30109 1.89421 -39.7232 -0.613572 4.41492e-197 -5.68179e-197 0.789638 2.649 2.1 6 0.048 3 13 48
84.9865 2 3.28878 1.89578 -39.7232 -0.613572 4.41492e-197 -5.68179e-197 0.789638 2.649 2.1 6 0.048 3 13 48
85.0031 2 3.27646 1.89735 -39.7232 -0.613572 4.41492e-197 -5.68179e-197 0.789638 2.649 2.1 6 0.048 3 13 48
85.0198 2 3.26415 1.89892 -39.7232 -0.613572 4.41492e-197 -5.68179e-197 0.789638 2.649 2.1 6 0.048 3 13 48
85.0365 2 3.25183 1.90049 -39.7232 -0.613572 4.41492e-197 -5.68179e-197 0.789638 2.649 2.1 6 0.048 3 13 48
85.0531 2 3.23952 1.90206 -39.7232 -0.613572 4.41492e-197 -5.68179e-197 0.789638 2.649 2.1 6 0.048 3 13 48
85.0698 2 3.2272 1.90363 -39.7232 -0.613572 4.41492e-197 -5.68179e-197 0.789638 2.649 2.1 6 0.048 3 13 48
85.0865 2 3.21489 1.9052 -39.7232 -0.613572 4.41492e-197 -5.68179e-197 0.789638 2.649 2.1 6 0.048 3 13 48
85.1031 2 3.20258 1.90677 -39.7232 -0.613572 4.41492e-197 -5.68179e-197 0.789638 2.649 2.1 6 0.048 3 13 48
85.1198 2 3.19026 1.90834 -39.7232 -0.613572 4.41492e-197 -5.68179e-197 0.789638 2.649 2.1 6 0.048 3 13 48
85.1365 2 3.17795 1.90991 -39.7232 -0.613572 4.41492e-197 -5.68179e-197 0.789638 2.649 2.1 6 0.048 3 13 48
85.1531 2 3.16563 1.91148 -39.7232 -0.613572 4.41492e-197 -5.68179e-197 0.789638 2.649 2.1 6 0.048 3 13 48
85.1698 2 3.15332 1.91305 -39.7232 -0.613572 4.41492e-197 -5.68179e-197 0.789638 2.649 2.1 6 0.048 3 13 48
85.1865 2 3.141 1.91462 -39.7232 -0.613572 4.41492e-197 -5.68179e-197 0.789638 2.649 2.1 6 0.048 3 13 48
85.2031 2 3.12869 1.91619 -39.7232 -0.613572 4.41492e-197 -5.68179e-197 0.789638 2.649 2.1 6 0.048 3 13 48
85.2198 2 3.11637 1.91776 -39.7232 -0.613572 4.41492e-197 -5.68179e-197 0.789638 2.649 2.1 6 0.048 3 13 48
85.2365 2 3.10406 1.91933 -39.7232 -0.613572 4.41492e-197 -5.68179e-197 0.789638 2.649 2.1 6 0.048 3 13 48
85.2531 2 3.09175 1.9209 -39.7232 -0.613572 4.41492e-197 -5.68179e-197 0.789638 2.649 2.1 6 0.048 3 13 48
85.2698 2 3.07943 1.92247 -39.7232 -0.613572 4.41492e-197 -5.68179e-197 0.789638 2.649 2.1 6 0.048 3 13 48
85.2865 2 3.06712 1.92404 -39.7232 -0.613572 4.41492e-197 -5.68179e-197 0.789638 2.649 2.1 6 0.048 3 13 48
85.3031 2 3.0548 1.92561 -39.7232 -0.613572 4.41492e-197 -5.68179e-197 0.789638 2.649 2.1 6 0.048 3 13 48
85.3198 2 3.04249 1.92718 -39.7232 -0.613572 4.41492e-197 -5.68179e-197 0.789638 2.649 2.1 6 0.048 3 13 48
85.3365 2 3.03017 1.92875 -39.7232 -0.613572 4.41492e-197 -5.68179e-197 0.789638 2.649 2.1 6 0.048 3 13 48
85.3531 2 3.01786 1.93032 -39.7232 -0.613572 4.41492e-197 -5.68179e-197 0.789638 2.649 2.1 6 0.048 3 13 48
85.3698 2 3.00555 1.93189 -39.7232 -0.613572 4.41492e-197 -5.68179e-197 0.789638 2.649 2.1 6 0.048 3 13 48
85.3865 2 2.99323 1.93346 -39.7232 -0.613572 4.41492e-197 -5.68179e-197 0.789638 2.649 2.1 6 0.048 3 13 48
85.4031 2 2.98092 1.93503 -39.7232 -0.613572 4.41492e-197 -5.68179e-197 0.789638 2.649 2.1 6 0.048 3 13 48
85.4198 2 2.9686 1.9366 -39.7232 -0.613572 4.41492e-197 -5.68179e-197 0.789638 2.649 2.1 6 0.048 3 13 48
85.4365 2 2.95629 1.93817 -39.7232 -0.613572 4.41492e-197 -5.68179e-197 0.789638 2.649 2.1 6 0.048 3 13 48
85.4531 2 2.94397 1.93974 -39.7232 -0.613572 4.41492e-197 -5.68179e-197 0.789638 2.649 2.1 6 0.048 3 13 48
85.4698 2 2.93166 1.94131 -39.7232 -0.613572 4.41492e-197 -5.68179e-197 0.789638 2.649 2.1 6 0.048 3 13 48
85.4865 2 2.91934 1.94288 -39.7232 -0.613572 4.41492e-197 -5.68179e-197 0.789638 2.649 2.1 6 0.048 3 13 48
85.5031 2 2.90703 1.94445 -39.7232 -0.613572 4.41492e-197 -5.68179e-197 0.789638 2.649 2.1 6 0.048 3 13 48
85.5198 2 2.89472 1.94602 -39.7232 -0.613572 4.41492e-197 -5.68179e-197 0.789638 2.649 2.1 6 0.048 3 13 48
85.5365 2 2.8824 1.94759 -39.7232 -0.613572 4.41492e-197 -5.68179e-197 0.789638 2.649 2.1 6 0.048 3 13 48
85.5531 2 2.87009 1.94916 -39.7232 -0.613572 4.41492e-197 -5.68179e-197 0.789638 2.649 2.1 6 0.048 3 13 48
85.5698 2 2.85777 1.95073 -39.7232 -0.613572 4.41492e-197 -5.68179e-197 0.789638 2.649 2.1 6 0.048 3 13 48
85.5865 2 2.84546 1.9523 -39.7232 -0.613572 4.41492e-197 -5.68179e-197 0.789638 2.649 2.1 6 0.048 3 13 48
85.6031 2 2.83314 1.95387 -39.7232 -0.613572 4.41492e-197 -5.68179e-197 0.789638 2.649 2.1 6 0.048 3 13 48
85.6198 2 2.82083 1.95544 -39.7232 -0.613572 4.41492e-197 -5.68179e-197 0.789638 2.649 2.1 6 0.048 3 13 48
85.6365 2 2.80852 1.95701 -39.7232 -0.613572 4.41492e-197 -5.68179e-197 0.789638 2.649 2.1 6 0.048 3 13 48
85.6531 2 2.7962 1.95858 -39.7232 -0.613572 4.41492e-197 -5.68179e-197 0.789638 2.649 2.1 6 0.048 3 13 48
85.6698 2 2.78389 1.96015 -39.7232 -0.613572 4.41492e-197 -5.68179e-197 0.789638 2.649 2.1 6 0.048 3 13 48
85.6865 2 2.77157 1.96172 -39.7232 -0.613572 4.41492e-197 -5.68179e-197 0.789638 2.649 2.1 6 0.048 3 13 48
85.7031 2 2.75926 1.96329 -39.7232 -0.613572 4.41492e-197 -5.68179e-197 0.789638 2.649 2.1 6 0.048 3 13 48
85.7198 2 2.74694 1.96486 -39.7232 -0.613572 4.41492e-197 -5.68179e-197 0.789638 2.649 2.1 6 0.048 3 13 48
85.7365 2 2.73463 1.96643 -39.7232 -0.613572 4.41492e-197 -5.68179e-197 0.789638 2.649 2.1 6 0.048 3 13 48
85.7531 2 2.72231 1.968 -39.7232 -0.613572 4.41492e-197 -5.68179e-197 0.789638 2.649 2.1 6 0.048 3 13 48
85.7698 2 2.71 1.96957 -39.7232 -0.613572 4.41492e-197 -5.68179e-197 0.789638 2.649 2.1 6 0.048 3 13 48
85.7865 2 2.69769 1.97114 -39.7232 -0.613572 4.41492e-197 -5.68179e-197 0.789638 2.649 2.1 6 0.048 3 13 48
85.8031 2 2.68537 1.97271 -39.7232 -0.613572 4.41492e-197 -5.68179e-197 0.789638 2.649 2.1 6 0.048 3 13 48
85.8198 2 2.67306 1.97428 -39.7232 -0.613572 4.41492e-197 -5.68179e-197 0.789638 2.649 2.1 6 0.048 3 13 48
85.8365 2 2.66074 1.97585 -39.7232 -0.613572 4.41492e-197 -5.68179e-197 0.789638 2.649 2.1 6 0.048 3 13 48
85.8531 2 2.64843 1.97742 -39.7232 -0.613572 4.41492e-197 -5.68179e-197 0.789638 2.649 2.1 6 0.048 3 13 48
85.8698 2 2.63611 1.97898 -39.7232 -0.613572 4.41492e-197 -5.68179e-197 0.789638 2.649 2.1 6 0.048 3 13 48
85.8865 2 2.62409 1.98048 -39.7232 -0.613564 4.41498e-197 -5.68175e-197 0.789645 2.649 2.1 6 0.048 3 13 48
85.9031 2 2.62857 1.9781 -39.7232 -0.612638 4.42164e-197 -5.67657e-197 0.790364 2.649 2.1 6 0.048 3 13 48
85.9198 2 2.63187 1.97634 -39.7232 -0.611726 4.42818e-197 -5.67146e-197 0.79107 2.649 2.1 6 0.048 3 13 48
85.9365 2 2.63429 1.97501 -39.7232 -0.610996 4.43341e-197 -5.66738e-197 0.791634 2.649 2.1 6 0.048 3 13 48
85.9531 2 2.63607 1.97402 -39.7232 -0.610445 4.43735e-197 -5.66429e-197 0.792059 2.649 2.1 6 0.048 3 13 48
85.9698 2 2.63737 1.97329 -39.7232 -0.610036 4.44028e-197 -5.662e-197 0.792374 2.649 2.1 6 0.048 3 13 48
85.9865 2 2.63833 1.97274 -39.7232 -0.609734 4.44244e-197 -5.6603e-197 0.792606 2.649 2.1 6 0.048 3 13 48
86.0031 2 2.63904 1.97234 -39.7232 -0.609511 4.44403e-197 -5.65905e-197 0.792778 2.649 2.1 6 0.048 3 13 48
86.0198 2 2.63956 1.97204 -39.7232 -0.609347 4.4452e-197 -5.65814e-197 0.792904 2.649 2.1 6 0.048 3 13 48
86.0365 2 2.63994 1.97182 -39.7232 -0.609227 4.44606e-197 -5.65746e-197 0.792996 2.649 2.1 6 0.048 3 13 48
86.0531 2 2.64022 1.97166 -39.7232 -0.609138 4.44669e-197 -5.65696e-197 0.793064 2.649 2.1 6 0.048 3 13 48
86.0698 2 2.64043 1.97154 -39.7232 -0.609073 4.44715e-197 -5.6566e-197 0.793114 2.649 2.1 6 0.048 3 13 48
86.0865 2 2.64058 1.97145 -39.7232 -0.609025 4.4475e-197 -5.65633e-197 0.793151 2.649 2.1 6 0.048 3 13 48
86.1031 2 2.64069 1.97138 -39.7232 -0.608989 4.44775e-197 -5.65613e-197 0.793178 2.649 2.1 6 0.048 3 13 48
86.1198 2 2.64077 1.97133 -39.7232 -0.608963 4.44793e-197 -5.65598e-197 0.793198 2.649 2.1 6 0.048 3 13 48
86.1365 2 2.64083 1.9713 -39.7232 -0.608944 4.44807e-197 -5.65588e-197 0.793213 2.649 2.1 6 0.048 3 13 48
86.1531 2 2.64088 1.97127 -39.7232 -0.60893 4.44817e-197 -5.6558e-197 0.793224 2.649 2.1 6 0.048 3 13 48
86.1698 2 2.64091 1.97125 -39.7232 -0.60892 4.44824e-197 -5.65574e-197 0.793232 2.649 2.1 6 0.048 3 13 48
86.1865 2 2.64093 1.97124 -39.7232 -0.608912 4.4483e-197 -5.6557e-197 0.793238 2.649 2.1 6 0.048 3 13 48
86.2031 2 2.64095 1.97123 -39.7232 -0.608907 4.44834e-197 -5.65567e-197 0.793242 2.649 2.1 6 0.048 3 13 48
86.2198 2 2.64096 1.97122 -39.7232 -0.608903 4.44837e-197 -5.65564e-197 0.793245 2.649 2.1 6 0.048 3 13 48
86.2365 2 2.64097 1.97122 -39.7232 -0.6089 4.44839e-197 -5.65563e-197 0.793247 2.649 2.1 6 0.048 3 13 48
86.2531 2 2.64098 1.97121 -39.7232 -0.608897 4.4484e-197 -5.65561e-197 0.793249 2.649 2.1 6 0.048 3 13 48
86.2698 2 2.64099 1.97121 -39.7232 -0.608896 4.44842e-197 -5.65561e-197 0.79325 2.649 2.1 6 0.048 3 13 48
86.2865 2 2.64099 1.97121 -39.7232 -0.608895 4.44842e-197 -5.6556e-197 0.793251 2.649 2.1 6 0.048 3 13 48
86.3031 2 2.64099 1.97121 -39.7232 -0.608894 4.44843e-197 -5.65559e-197 0.793252 2.649 2.1 6 0.048 3 13 48
86.3198 2 2.641 1.9712 -39.7232 -0.608893 4.44844e-197 -5.65559e-197 0.793252 2.649 2.1 6 0.048 3 13 48
86.3365 2 2.641 1.9712 -39.7232 -0.608893 4.44844e-197 -5.65559e-197 0.793253 2.649 2.1 6 0.048 3 13 48
86.3531 2 2.641 1.9712 -39.7232 -0.608892 4.44844e-197 -5.65558e-197 0.793253 2.649 2.1 6 0.048 3 13 48
86.3698 2 2.641 1.9712 -39.7232 -0.608892 4.44844e-197 -5.65558e-197 0.793253 2.649 2.1 6 0.048 3 13 48
86.3865 2 2.641 1.9712 -39.7232 -0.608892 4.44844e-197 -5.65558e-197 0.793253 2.649 2.1 6 0.048 3 13 48
86.4031 2 2.641 1.9712 -39.7232 -0.608892 4.44845e-197 -5.65558e-197 0.793253 2.649 2.1 6 0.048 3 13 48
86.4198 2 2.641 1.9712 -39.7232 -0.608891 4.44845e-197 -5.65558e-197 0.793254 2.649 2.1 6 0.048 3 13 48
86.4365 2 2.641 1.9712 -39.7232 -0.608891 4.44845e-197 -5.65558e-197 0.793254 2.649 2.1 6 0.048 3 13 48
86.4531 2 2.641 1.9712 -39.7232 -0.608891 4.44845e-197 -5.65558e-197 0.793254 2.649 2.1 6 0.048 3 13 48
86.4698 2 2.641 1.9712 -39.7232 -0.608891 4.44845e-197 -5.65558e-197 0.793254 2.649 2.1 6 0.048 3 13 48
86.4865 2 2.641 1.9712 -39.7232 -0.608891 4.44845e-197 -5.65558e-197 0.793254 2.649 2.1 6 0.048 3 13 48
86.5031 2 2.641 1.9712 -39.7232 -0.608891 4.44845e-197 -5.65558e-197 0.793254 2.649 2.1 6 0.048 3 13 48
86.5198 2 2.641 1.9712 -39.7232 -0.608891 4.44845e-197 -5.65558e-197 0.793254 2.649 2.1 6 0.048 3 13 48
86.5365 2 2.641 1.9712 -39.7232 -0.608891 4.44845e-197 -5.65558e-197 0.793254 2.649 2.1 6 0.048 3 13 48
86.5531 2 2.641 1.9712 -39.7232 -0.608891 4.44845e-197 -5.65558e-197 0.793254 2.649 2.1 6 0.048 3 13 48
86.5698 2 2.641 1.9712 -39.7232 -0.608891 4.44845e-197 -5.65558e-197 0.793254 2.649 2.1 6 0.048 3 13 48
86.5865 2 2.641 1.9712 -39.7232 -0.608891 4.44845e-197 -5.65558e-197 0.793254 2.649 2.1 6 0.048 3 13 48
86.6031 2 2.641 1.9712 -39.7232 -0.608891 4.44845e-197 -5.65558e-197 0.793254 2.649 2.1 6 0.048 3 13 48
86.6198 2 2.641 1.9712 -39.7232 -0.608891 4.44845e-197 -5.65558e-197 0.793254 2.649 2.1 6 0.048 3 13 48
86.6365 2 2.641 1.9712 -39.7232 -0.608891 4.44845e-197 -5.65558e-197 0.793254 2.649 2.1 6 0.048 3 13 48
86.6531 2 2.641 1.9712 -39.7232 -0.608891 4.44845e-197 -5.65558e-197 0.793254 2.649 2.1 6 0.048 3 13 48
86.6698 2 2.641 1.9712 -39.7232 -0.608891 4.44845e-197 -5.65558e-197 0.793254 2.649 2.1 6 0.048 3 13 48
86.6865 2 2.641 1.9712 -39.7232 -0.608891 4.44845e-197 -5.65558e-197 0.793254 2.649 2.1 6 0.048 3 13 48
86.7031 2 2.641 1.9712 -39.7232 -0.608891 4.44845e-197 -5.65558e-197 0.793254 2.649 2.1 6 0.048 3 13 48
86.7198 2 2.641 1.9712 -39.7232 -0.608891 4.44845e-197 -5.65558e-197 0.793254 2.649 2.1 6 0.048 3 13 48
86.7365 2 2.641 1.9712 -39.7232 -0.608891 4.44845e-197 -5.65558e-197 0.793254 2.649 2.1 6 0.048 3 13 48
86.7531 2 2.641 1.9712 -39.7232 -0.608891 4.44845e-197 -5.65558e-197 0.793254 2.649 2.1 6 0.048 3 13 48
86.7698 2 2.641 1.9712 -39.7232 -0.608891 4.44845e-197 -5.65558e-197 0.793254 2.649 2.1 6 0.048 3 13 48
86.7865 2 2.641 1.9712 -39.7232 -0.608891 4.44845e-197 -5.65558e-197 0.793254 2.649 2.1 6 0.048 3 13 48
86.8031 2 2.641 1.9712 -39.7232 -0.608891 4.44845e-197 -5.65558e-197 0.793254 2.649 2.1 6 0.048 3 13 48
86.8198 2 2.641 1.9712 -39.7232 -0.608891 4.44845e-197 -5.65558e-197 0.793254 2.649 2.1 6 0.048 3 13 48
86.8365 2 2.641 1.9712 -39.7232 -0.608891 4.44845e-197 -5.65558e-197 0.793254 2.649 2.1 6 0.048 3 13 48
86.8531 2 2.641 1.9712 -39.7232 -0.608891 4.44845e-197 -5.65558e-197 0.793254 2.649 2.1 6 0.048 3 13 48
86.8698 2 2.641 1.9712 -39.7232 -0.608891 4.44845e-197 -5.65558e-197 0.793254 2.649 2.1 6 0.048 3 13 48
86.8865 2 2.641 1.9712 -39.7232 -0.608891 4.44845e-197 -5.65558e-197 0.793254 2.649 2.1 6 0.048 3 13 48
86.9031 2 2.641 1.9712 -39.7232 -0.608891 4.44845e-197 -5.65558e-197 0.793254 2.649 2.1 6 0.048 3 13 48
86.9198 2 2.641 1.9712 -39.7232 -0.608891 4.44845e-197 -5.65558e-197 0.793254 2.649 2.1 6 0.048 3 13 48
86.9365 2 2.641 1.9712 -39.7232 -0.608891 4.44845e-197 -5.65558e-197 0.793254 2.649 2.1 6 0.048 3 13 48
86.9531 2 2.641 1.9712 -39.7232 -0.608891 4.44845e-197 -5.65558e-197 0.793254 2.649 2.1 6 0.048 3 13 48
86.9698 2 2.641 1.9712 -39.7232 -0.608891 4.44845e-197 -5.65558e-197 0.793254 2.649 2.1 6 0.048 3 13 48
86.9865 2 2.641 1.9712 -39.7232 -0.608891 4.44845e-197 -5.65558e-197 0.793254 2.649 2.1 6 0.048 3 13 48
87.0031 2 2.641 1.9712 -39.7232 -0.608891 4.44845e-197 -5.65558e-197 0.793254 2.649 2.1 6 0.048 3 13 48
87.0198 2 2.641 1.9712 -39.7232 -0.608891 4.44845e-197 -5.65558e-197 0.793254 2.649 2.1 6 0.048 3 13 48
87.0365 2 2.641 1.9712 -39.7232 -0.608891 4.44845e-197 -5.65558e-197 0.793254 2.649 2.1 6 0.048 3 13 48
87.0531 2 2.641 1.9712 -39.7232 -0.608891 4.44845e-197 -5.65558e-197 0.793254 2.649 2.1 6 0.048 3 13 48
87.0698 2 2.641 1.9712 -39.7232 -0.608891 4.44845e-197 -5.65558e-197 0.793254 2.649 2.1 6 0.048 3 13 48
87.0865 2 2.641 1.9712 -39.7232 -0.608891 4.44845e-197 -5.65558e-197 0.793254 2.649 2.1 6 0.048 3 13 48
87.1031 2 2.641 1.9712 -39.7232 -0.608891 4.44845e-197 -5.65558e-197 0.793254 2.649 2.1 6 0.048 3 13 48
87.1198 2 2.641 1.9712 -39.7232 -0.608891 4.44845e-197 -5.65558e-197 0.793254 2.649 2.1 6 0.048 3 13 48
87.1365 2 2.641 1.9712 -39.7232 -0.608891 4.44845e-197 -5.65558e-197 0.793254 2.649 2.1 6 0.048 3 13 48
87.1531 2 2.641 1.9712 -39.7232 -0.608891 4.44845e-197 -5.65558e-197 0.793254 2.649 2.1 6 0.048 3 13 48
87.1698 2 2.641 1.9712 -39.7232 -0.608891 4.44845e-197 -5.65558e-197 0.793254 2.649 2.1 6 0.048 3 13 48
87.1865 2 2.641 1.9712 -39.7232 -0.608891 4.44845e-197 -5.65558e-197 0.793254 2.649 2.1 6 0.048 3 13 48
87.2031 2 2.641 1.9712 -39.7232 -0.608891 4.44845e-197 -5.65558e-197 0.793254 2.649 2.1 6 0.048 3 13 48
87.2198 2 2.641 1.9712 -39.7232 -0.608883 4.44851e-197 -5.65553e-197 0.79326 2.649 2.1 6 0.048 3 13 48
87.2365 2 2.641 1.9712 -39.7232 -0.607952 4.45514e-197 -5.65031e-197 0.793973 2.649 2.1 6 0.048 3 13 48
87.2531 2 2.641 1.9712 -39.7232 -0.607036 4.46165e-197 -5.64517e-197 0.794674 2.649 2.1 6 0.048 3 13 48
87.2698 2 2.641 1.9712 -39.7232 -0.606303 4.46685e-197 -5.64105e-197 0.795234 2.649 2.1 6 0.048 3 13 48
87.2865 2 2.641 1.9712 -39.7232 -0.60575 4.47078e-197 -5.63794e-197 0.795655 2.649 2.1 6 0.048 3 13 48
87.3031 2 2.641 1.9712 -39.7232 -0.605338 4.47369e-197 -5.63563e-197 0.795968 2.649 2.1 6 0.048 3 13 48
87.3198 2 2.641 1.9712 -39.7232 -0.605035 4.47584e-197 -5.63393e-197 0.796199 2.649 2.1 6 0.048 3 13 48
87.3365 2 2.641 1.9712 -39.7232 -0.604811 4.47742e-197 -5.63267e-197 0.796369 2.649 2.1 6 0.048 3 13 48
87.3531 2 2.641 1.9712 -39.7232 -0.604647 4.47858e-197 -5.63175e-197 0.796494 2.649 2.1 6 0.048 3 13 48
87.3698 2 2.641 1.9712 -39.7232 -0.604526 4.47944e-197 -5.63106e-197 0.796586 2.649 2.1 6 0.048 3 13 48
87.3865 2 2.641 1.9712 -39.7232 -0.604437 4.48007e-197 -5.63056e-197 0.796653 2.649 2.1 6 0.048 3 13 48
87.4031 2 2.641 1.9712 -39.7232 -0.604371 4.48053e-197 -5.6302e-197 0.796703 2.649 2.1 6 0.048 3 13 48
87.4198 2 2.641 1.9712 -39.7232 -0.604323 4.48087e-197 -5.62992e-197 0.79674 2.649 2.1 6 0.048 3 13 48
87.4365 2 2.641 1.9712 -39.7232 -0.604287 4.48112e-197 -5.62972e-197 0.796766 2.649 2.1 6 0.048 3 13 48
87.4531 2 2.641 1.9712 -39.7232 -0.604261 4.48131e-197 -5.62958e-197 0.796786 2.649 2.1 6 0.048 3 13 48
87.4698 2 2.641 1.9712 -39.7232 -0.604242 4.48144e-197 -5.62947e-197 0.796801 2.649 2.1 6 0.048 3 13 48
87.4865 2 2.641 1.9712 -39.7232 -0.604228 4.48154e-197 -5.62939e-197 0.796811 2.649 2.1 6 0.048 3 13 48
87.5031 2 2.641 1.9712 -39.7232 -0.604218 4.48162e-197 -5.62933e-197 0.796819 2.649 2.1 6 0.048 3 13 48
87.5198 2 2.641 1.9712 -39.7232 -0.60421 4.48167e-197 -5.62929e-197 0.796825 2.649 2.1 6 0.048 3 13 48
87.5365 2 2.641 1.9712 -39.7232 -0.604204 4.48171e-197 -5.62926e-197 0.796829 2.649 2.1 6 0.048 3 13 48
87.5531 2 2.641 1.9712 -39.7232 -0.6042 4.48174e-197 -5.62923e-197 0.796833 2.649 2.1 6 0.048 3 13 48
87.5698 2 2.641 1.9712 -39.7232 -0.604197 4.48176e-197 -5.62922e-197 0.796835 2.649 2.1 6 0.048 3 13 48
87.5865 2 2.641 1.9712 -39.7232 -0.604195 4.48178e-197 -5.6292e-197 0.796837 2.649 2.1 6 0.048 3 13 48
87.6031 2 2.641 1.9712 -39.7232 -0.604193 4.48179e-197 -5.6292e-197 0.796838 2.649 2.1 6 0.048 3 13 48
87.6198 2 2.641 1.9712 -39.7232 -0.604192 4.4818e-197 -5.62919e-197 0.796839 2.649 2.1 6 0.048 3 13 48
87.6365 2 2.641 1.9712 -39.7232 -0.604191 4.4818e-197 -5.62918e-197 0.796839 2.649 2.1 6 0.048 3 13 48
87.6531 2 2.641 1.9712 -39.7232 -0.60419 4.48181e-197 -5.62918e-197 0.79684 2.649 2.1 6 0.048 3 13 48
87.6698 2 2.641 1.9712 -39.7232 -0.60419 4.48181e-197 -5.62918e-197 0.79684 2.649 2.1 6 0.048 3 13 48
87.6865 2 2.641 1.9712 -39.7232 -0.60419 4.48181e-197 -5.62917e-197 0.796841 2.649 2.1 6 0.048 3 13 48
87.7031 2 2.641 1.9712 -39.7232 -0.604189 4.48182e-197 -5.62917e-197 0.796841 2.649 2.1 6 0.048 3 13 48
87.7198 2 2.641 1.9712 -39.7232 -0.604189 4.48182e-197 -5.62917e-197 0.796841 2.649 2.1 6 0.048 3 13 48
87.7365 2 2.641 1.9712 -39.7232 -0.604189 4.48182e-197 -5.62917e-197 0.796841 2.649 2.1 6 0.048 3 13 48
87.7531 2 2.641 1.9712 -39.7232 -0.604189 4.48182e-197 -5.62917e-197 0.796841 2.649 2.1 6 0.048 3 13 48
87.7698 2 2.641 1.9712 -39.7232 -0.604189 4.48182e-197 -5.62917e-197 0.796841 2.649 2.1 6 0.048 3 13 48
87.7865 2 2.641 1.9712 -39.7232 -0.604189 4.48182e-197 -5.62917e-197 0.796841 2.649 2.1 6 0.048 3 13 48
87.8031 2 2.641 1.9712 -39.7232 -0.604189 4.48182e-197 -5.62917e-197 0.796841 2.649 2.1 6 0.048 3 13 48
87.8198 2 2.641 1.9712 -39.7232 -0.604189 4.48182e-197 -5.62917e-197 0.796841 2.649 2.1 6 0.048 3 13 48
87.8365 2 2.641 1.9712 -39.7232 -0.604189 4.48182e-197 -5.62917e-197 0.796841 2.649 2.1 6 0.048 3 13 48
87.8531 2 2.641 1.9712 -39.7232 -0.604189 4.48182e-197 -5.62917e-197 0.796841 2.649 2.1 6 0.048 3 13 48
87.8698 2 2.641 1.9712 -39.7232 -0.604189 4.48182e-197 -5.62917e-197 0.796841 2.649 2.1 6 0.048 3 13 48
87.8865 2 2.641 1.9712 -39.7232 -0.604189 4.48182e-197 -5.62917e-197 0.796841 2.649 2.1 6 0.048 3 13 48
87.9031 2 2.641 1.9712 -39.7232 -0.604189 4.48182e-197 -5.62917e-197 0.796841 2.649 2.1 6 0.048 3 13 48
87.9198 2 2.641 1.9712 -39.7232 -0.604189 4.48182e-197 -5.62917e-197 0.796841 2.649 2.1 6 0.048 3 13 48
87.9365 2 2.641 1.9712 -39.7232 -0.604189 4.48182e-197 -5.62917e-197 0.796841 2.649 2.1 6 0.048 3 13 48
87.9531 2 2.641 1.9712 -39.7232 -0.604189 4.48182e-197 -5.62917e-197 0.796841 2.649 2.1 6 0.048 3 13 48
87.9698 2 2.641 1.9712 -39.7232 -0.604189 4.48182e-197 -5.62917e-197 0.796841 2.649 2.1 6 0.048 3 13 48
87.9865 2 2.641 1.9712 -39.7232 -0.604189 4.48182e-197 -5.62917e-197 0.796841 2.649 2.1 6 0.048 3 13 48
88.0031 2 2.641 1.9712 -39.7232 -0.604189 4.48182e-197 -5.62917e-197 0.796841 2.649 2.1 6 0.048 3 13 48
88.0198 2 2.641 1.9712 -39.7232 -0.604189 4.48182e-197 -5.62917e-197 0.796841 2.649 2.1 6 0.048 3 13 48
88.0365 2 2.641 1.9712 -39.7232 -0.604189 4.48182e-197 -5.62917e-197 0.796841 2.649 2.1 6 0.048 3 13 48
88.0531 2 2.641 1.9712 -39.7232 -0.604189 4.48182e-197 -5.62917e-197 0.796841 2.649 2.1 6 0.048 3 13 48
88.0698 2 2.641 1.9712 -39.7232 -0.604189 4.48182e-197 -5.62917e-197 0.796841 2.649 2.1 6 0.048 3 13 48
88.0865 2 2.641 1.9712 -39.7232 -0.604189 4.48182e-197 -5.62917e-197 0.796841 2.649 2.1 6 0.048 3 13 48
88.1031 2 2.641 1.9712 -39.7232 -0.604189 4.48182e-197 -5.62917e-197 0.796841 2.649 2.1 6 0.048 3 13 48
88.1198 2 2.641 1.9712 -39.7232 -0.604189 4.48182e-197 -5.62917e-197 0.796841 2.649 2.1 6 0.048 3 13 48
88.1365 2 2.641 1.9712 -39.7232 -0.604189 4.48182e-197 -5.62917e-197 0.796841 2.649 2.1 6 0.048 3 13 48
88.1531 2 2.641 1.9712 -39.7232 -0.604189 4.48182e-197 -5.62917e-197 0.796841 2.649 2.1 6 0.048 3 13 48
88.1698 2 2.641 1.9712 -39.7232 -0.604189 4.48182e-197 -5.62917e-197 0.796841 2.649 2.1 6 0.048 3 13 48
88.1865 2 2.641 1.9712 -39.7232 -0.604189 4.48182e-197 -5.62917e-197 0.796841 2.649 2.1 6 0.048 3 13 48
88.2031 2 2.641 1.9712 -39.7232 -0.604189 4.48182e-197 -5.62917e-197 0.796841 2.649 2.1 6 0.048 3 13 48
88.2198 2 2.641 1.9712 -39.7232 -0.604189 4.48182e-197 -5.62917e-197 0.796841 2.649 2.1 6 0.048 3 13 48
88.2365 2 2.641 1.9712 -39.7232 -0.604189 4.48182e-197 -5.62917e-197 0.796841 2.649 2.1 6 0.048 3 13 48
88.2531 2 2.641 1.9712 -39.7232 -0.604189 4.48182e-197 -5.62917e-197 0.796841 2.649 2.1 6 0.048 3 13 48
88.2698 2 2.641 1.9712 -39.7232 -0.604189 4.48182e-197 -5.62917e-197 0.796841 2.649 2.1 6 0.048 3 13 48
88.2865 2 2.641 1.9712 -39.7232 -0.604189 4.48182e-197 -5.62917e-197 0.796841 2.649 2.1 6 0.048 3 13 48
88.3031 2 2.641 1.9712 -39.7232 -0.604189 4.48182e-197 -5.62917e-197 0.796841 2.649 2.1 6 0.048 3 13 48
88.3198 2 2.641 1.9712 -39.7232 -0.604189 4.48182e-197 -5.62917e-197 0.796841 2.649 2.1 6 0.048 3 13 48
88.3365 2 2.641 1.9712 -39.7232 -0.604189 4.48182e-197 -5.62917e-197 0.796841 2.649 2.1 6 0.048 3 13 48
88.3531 2 2.641 1.9712 -39.7232 -0.604189 4.48182e-197 -5.62917e-197 0.796841 2.649 2.1 6 0.048 3 13 48
88.3698 2 2.641 1.9712 -39.7232 -0.604189 4.48182e-197 -5.62917e-197 0.796841 2.649 2.1 6 0.048 3 13 48
88.3865 2 2.641 1.9712 -39.7232 -0.604189 4.48182e-197 -5.62917e-197 0.796841 2.649 2.1 6 0.048 3 13 48
88.4031 2 2.641 1.9712 -39.7232 -0.604189 4.48182e-197 -5.62917e-197 0.796841 2.649 2.1 6 0.048 3 13 48
88.4198 2 2.641 1.9712 -39.7232 -0.604189 4.48182e-197 -5.62917e-197 0.796841 2.649 2.1 6 0.048 3 13 48
88.4365 2 2.641 1.9712 -39.7232 -0.604189 4.48182e-197 -5.62917e-197 0.796841 2.649 2.1 6 0.048 3 13 48
88.4531 2 2.641 1.9712 -39.7232 -0.604189 4.48182e-197 -5.62917e-197 0.796841 2.649 2.1 6 0.048 3 13 48
88.4698 2 2.641 1.9712 -39.7232 -0.604189 4.48182e-197 -5.62917e-197 0.796841 2.649 2.1 6 0.048 3 13 48
88.4865 2 2.641 1.9712 -39.7232 -0.604189 4.48182e-197 -5.62917e-197 0.796841 2.649 2.1 6 0.048 3 13 48
88.5031 2 2.641 1.9712 -39.7232 -0.604189 4.48182e-197 -5.62917e-197 0.796841 2.649 2.1 6 0.048 3 13 48
88.5198 2 2.641 1.9712 -39.7232 -0.604189 4.48182e-197 -5.62917e-197 0.796841 2.649 2.1 6 0.048 3 13 48
88.5365 2 2.641 1.9712 -39.7232 -0.604189 4.48182e-197 -5.62917e-197 0.796841 2.649 2.1 6 0.048 3 13 48
88.5531 2 2.641 1.9712 -39.7232 -0.604189 4.48182e-197 -5.62917e-197 0.796841 2.649 2.1 6 0.048 3 13 48
88.5698 2 2.641 1.9712 -39.7232 -0.604189 4.48182e-197 -5.62917e-197 0.796841 2.649 2.1 6 0.048 3 13 48
88.5865 2 2.641 1.9712 -39.7232 -0.604189 4.48182e-197 -5.62917e-197 0.796841 2.649 2.1 6 0.048 3 13 48
88.6031 2 2.641 1.9712 -39.7232 -0.604189 4.48182e-197 -5.62917e-197 0.796841 2.649 2.1 6 0.048 3 13 48
88.6198 2 2.641 1.9712 -39.7232 -0.604189 4.48182e-197 -5.62917e-197 0.796841 2.649 2.1 6 0.048 3 13 48
88.6365 2 2.641 1.9712 -39.7232 -0.604189 4.48182e-197 -5.62917e-197 0.796841 2.649 2.1 6 0.048 3 13 48
88.6531 2 2.641 1.9712 -39.7232 -0.604189 4.48182e-197 -5.62917e-197 0.796841 2.649 2.1 6 0.048 3 13 48
88.6698 2 2.641 1.9712 -39.7232 -0.604189 4.48182e-197 -5.62917e-197 0.796841 2.649 2.1 6 0.048 3 13 48
88.6865 2 2.641 1.9712 -39.7232 -0.604189 4.48182e-197 -5.62917e-197 0.796841 2.649 2.1 6 0.048 3 13 48
88.7031 2 2.641 1.9712 -39.7232 -0.604189 4.48182e-197 -5.62917e-197 0.796841 2.649 2.1 6 0.048 3 13 48
88.7198 2 2.641 1.9712 -39.7232 -0.604189 4.48182e-197 -5.62917e-197 0.796841 2.649 2.1 6 0.048 3 13 48
88.7365 2 2.641 1.9712 -39.7232 -0.604189 4.48182e-197 -5.62917e-197 0.796841 2.649 2.1 6 0.048 3 13 48
88.7531 2 2.641 1.9712 -39.7232 -0.604189 4.48182e-197 -5.62917e-197 0.796841 2.649 2.1 6 0.048 3 13 48
88.7698 2 2.641 1.9712 -39.7232 -0.604189 4.48182e-197 -5.62917e-197 0.796841 2.649 2.1 6 0.048 3 13 48
88.7865 2 2.641 1.9712 -39.7232 -0.604189 4.48182e-197 -5.62917e-197 0.796841 2.649 2.1 6 0.048 3 13 48
88.8031 2 2.641 1.9712 -39.7232 -0.604189 4.48182e-197 -5.62917e-197 0.796841 2.649 2.1 6 0.048 3 13 48
88.8198 2 2.641 1.9712 -39.7232 -0.604189 4.48182e-197 -5.62917e-197 0.796841 2.649 2.1 6 0.048 3 13 48
88.8365 2 2.641 1.9712 -39.7232 -0.604189 4.48182e-197 -5.62917e-197 0.796841 2.649 2.1 6 0.048 3 13 48
88.8531 2 2.641 1.9712 -39.7232 -0.604189 4.48182e-197 -5.62917e-197 0.796841 2.649 2.1 6 0.048 3 13 48
88.8698 2 2.641 1.9712 -39.7232 -0.604189 4.48182e-197 -5.62917e-197 0.796841 2.649 2.1 6 0.048 3 13 48
88.8865 2 2.641 1.9712 -39.7232 -0.604189 4.48182e-197 -5.62917e-197 0.796841 2.649 2.1 6 0.048 3 13 48
88.9031 2 2.641 1.9712 -39.7232 -0.604189 4.48182e-197 -5.62917e-197 0.796841 2.649 2.1 6 0.048 3 13 48
88.9198 2 2.641 1.9712 -39.7232 -0.604189 4.48182e-197 -5.62917e-197 0.796841 2.649 2.1 6 0.048 3 13 48
88.9365 2 2.641 1.9712 -39.7232 -0.604189 4.48182e-197 -5.62917e-197 0.796841 2.649 2.1 6 0.048 3 13 48
88.9531 2 2.641 1.9712 -39.7232 -0.604189 4.48182e-197 -5.62917e-197 0.796841 2.649 2.1 6 0.048 3 13 48
88.9698 2 2.641 1.9712 -39.7232 -0.604189 4.48182e-197 -5.62917e-197 0.796841 2.649 2.1 6 0.048 3 13 48
88.9865 2 2.641 1.9712 -39.7232 -0.604189 4.48182e-197 -5.62917e-197 0.796841 2.649 2.1 6 0.048 3 13 48
89.0031 2 2.641 1.9712 -39.7232 -0.604189 4.48182e-197 -5.62917e-197 0.796841 2.649 2.1 6 0.048 3 13 48
89.0198 2 2.641 1.9712 -39.7232 -0.604189 4.48182e-197 -5.62917e-197 0.796841 2.649 2.1 6 0.048 3 13 48
89.0365 2 2.641 1.9712 -39.7232 -0.604189 4.48182e-197 -5.62917e-197 0.796841 2.649 2.1 6 0.048 3 13 48
89.0531 2 2.641 1.9712 -39.7232 -0.604189 4.48182e-197 -5.62917e-197 0.796841 2.649 2.1 6 0.048 3 13 48
89.0698 2 2.641 1.9712 -39.7232 -0.604189 4.48182e-197 -5.62917e-197 0.796841 2.649 2.1 6 0.048 3 13 48
89.0865 2 2.641 1.9712 -39.7232 -0.604189 4.48182e-197 -5.62917e-197 0.796841 2.649 2.1 6 0.048 3 13 48
89.1031 2 2.641 1.9712 -39.7232 -0.604189 4.48182e-197 -5.62917e-197 0.796841 2.649 2.1 6 0.048 3 13 48
89.1198 2 2.641 1.9712 -39.7232 -0.604189 4.48182e-197 -5.62917e-197 0.796841 2.649 2.1 6 0.048 3 13 48
89.1365 2 2.641 1.9712 -39.7232 -0.604189 4.48182e-197 -5.62917e-197 0.796841 2.649 2.1 6 0.048 3 13 48
89.1531 2 2.641 1.9712 -39.7232 -0.604189 4.48182e-197 -5.62917e-197 0.796841 2.649 2.1 6 0.048 3 13 48
89.1698 2 2.641 1.9712 -39.7232 -0.604189 4.48182e-197 -5.62917e-197 0.796841 2.649 2.1 6 0.048 3 13 48
89.1865 2 2.641 1.9712 -39.7232 -0.604189 4.48182e-197 -5.62917e-197 0.796841 2.649 2.1 6 0.048 3 13 48
89.2031 2 2.641 1.9712 -39.7232 -0.604189 4.48182e-197 -5.62917e-197 0.796841 2.649 2.1 6 0.048 3 13 48
89.2198 2 2.641 1.9712 -39.7232 -0.604189 4.48182e-197 -5.62917e-197 0.796841 2.649 2.1 6 0.048 3 13 48
89.2365 2 2.641 1.9712 -39.7232 -0.604189 4.48182e-197 -5.62917e-197 0.796841 2.649 2.1 6 0.048 3 13 48
89.2531 2 2.641 1.9712 -39.7232 -0.604189 4.48182e-197 -5.62917e-197 0.796841 2.649 2.1 6 0.048 3 13 48
89.2698 2 2.641 1.9712 -39.7232 -0.604189 4.48182e-197 -5.62917e-197 0.796841 2.649 2.1 6 0.048 3 13 48
89.2865 2 2.641 1.9712 -39.7232 -0.604189 4.48182e-197 -5.62917e-197 0.796841 2.649 2.1 6 0.048 3 13 48
89.3031 2 2.641 1.9712 -39.7232 -0.604189 4.48182e-197 -5.62917e-197 0.796841 2.649 2.1 6 0.048 3 13 48
89.3198 2 2.641 1.9712 -39.7232 -0.604189 4.48182e-197 -5.62917e-197 0.796841 2.649 2.1 6 0.048 3 13 48
89.3365 2 2.641 1.9712 -39.7232 -0.604189 4.48182e-197 -5.62917e-197 0.796841 2.649 2.1 6 0.048 3 13 48
89.3531 2 2.641 1.9712 -39.7232 -0.604189 4.48182e-197 -5.62917e-197 0.796841 2.649 2.1 6 0.048 3 13 48
89.3698 2 2.641 1.9712 -39.7232 -0.604189 4.48182e-197 -5.62917e-197 0.796841 2.649 2.1 6 0.048 3 13 48
89.3865 2 2.641 1.9712 -39.7232 -0.604189 4.48182e-197 -5.62917e-197 0.796841 2.649 2.1 6 0.048 3 13 48
89.4031 2 2.641 1.9712 -39.7232 -0.604189 4.48182e-197 -5.62917e-197 0.796841 2.649 2.1 6 0.048 3 13 48
89.4198 2 2.641 1.9712 -39.7232 -0.604189 4.48182e-197 -5.62917e-197 0.796841 2.649 2.1 6 0.048 3 13 48
89.4365 2 2.641 1.9712 -39.7232 -0.604189 4.48182e-197 -5.62917e-197 0.796841 2.649 2.1 6 0.048 3 13 48
89.4531 2 2.641 1.9712 -39.7232 -0.604189 4.48182e-197 -5.62917e-197 0.796841 2.649 2.1 6 0.048 3 13 48
89.4698 2 2.641 1.9712 -39.7232 -0.604189 4.48182e-197 -5.62917e-197 0.796841 2.649 2.1 6 0.048 3 13 48
89.4865 2 2.641 1.9712 -39.7232 -0.604189 4.48182e-197 -5.62917e-197 0.796841 2.649 2.1 6 0.048 3 13 48
89.5031 2 2.641 1.9712 -39.7232 -0.604189 4.48182e-197 -5.62917e-197 0.796841 2.649 2.1 6 0.048 3 13 48
89.5198 2 2.641 1.9712 -39.7232 -0.604189 4.48182e-197 -5.62917e-197 0.796841 2.649 2.1 6 0.048 3 13 48
89.5365 2 2.641 1.9712 -39.7232 -0.604189 4.48182e-197 -5.62917e-197 0.796841 2.649 2.1 6 0.048 3 13 48
89.5531 2 2.641 1.9712 -39.7232 -0.604189 4.48182e-197 -5.62917e-197 0.796841 2.649 2.1 6 0.048 3 13 48
89.5698 2 2.641 1.9712 -39.7232 -0.604189 4.48182e-197 -5.62917e-197 0.796841 2.649 2.1 6 0.048 3 13 48
89.5865 2 2.641 1.9712 -39.7232 -0.604189 4.48182e-197 -5.62917e-197 0.796841 2.649 2.1 6 0.048 3 13 48
89.6031 2 2.641 1.9712 -39.7232 -0.604189 4.48182e-197 -5.62917e-197 0.796841 2.649 2.1 6 0.048 3 13 48
89.6198 2 2.641 1.9712 -39.7232 -0.604189 4.48182e-197 -5.62917e-197 0.796841 2.649 2.1 6 0.048 3 13 48
89.6365 2 2.641 1.9712 -39.7232 -0.604189 4.48182e-197 -5.62917e-197 0.796841 2.649 2.1 6 0.048 3 13 48
89.6531 2 2.641 1.9712 -39.7232 -0.604189 4.48182e-197 -5.62917e-197 0.796841 2.649 2.1 6 0.048 3 13 48
89.6698 2 2.641 1.9712 -39.7232 -0.604189 4.48182e-197 -5.62917e-197 0.796841 2.649 2.1 6 0.048 3 13 48
89.6865 2 2.641 1.9712 -39.7232 -0.604189 4.48182e-197 -5.62917e-197 0.796841 2.649 2.1 6 0.048 3 13 48
89.7031 2 2.641 1.9712 -39.7232 -0.604189 4.48182e-197 -5.62917e-197 0.796841 2.649 2.1 6 0.048 3 13 48
89.7198 2 2.641 1.9712 -39.7232 -0.604189 4.48182e-197 -5.62917e-197 0.796841 2.649 2.1 6 0.048 3 13 48
89.7365 2 2.641 1.9712 -39.7232 -0.604189 4.48182e-197 -5.62917e-197 0.796841 2.649 2.1 6 0.048 3 13 48
89.7531 2 2.641 1.9712 -39.7232 -0.604189 4.48182e-197 -5.62917e-197 0.796841 2.649 2.1 6 0.048 3 13 48
89.7698 2 2.641 1.9712 -39.7232 -0.604189 4.48182e-197 -5.62917e-197 0.796841 2.649 2.1 6 0.048 3 13 48
89.7865 2 2.641 1.9712 -39.7232 -0.604189 4.48182e-197 -5.62917e-197 0.796841 2.649 2.1 6 0.048 3 13 48
89.8031 2 2.641 1.9712 -39.7232 -0.604189 4.48182e-197 -5.62917e-197 0.796841 2.649 2.1 6 0.048 3 13 48
89.8198 2 2.641 1.9712 -39.7232 -0.604189 4.48182e-197 -5.62917e-197 0.796841 2.649 2.1 6 0.048 3 13 48
89.8365 2 2.641 1.9712 -39.7232 -0.604189 4.48182e-197 -5.62917e-197 0.796841 2.649 2.1 6 0.048 3 13 48
89.8531 2 2.641 1.9712 -39.7232 -0.604189 4.48182e-197 -5.62917e-197 0.796841 2.649 2.1 6 0.048 3 13 48
89.8698 2 2.641 1.9712 -39.7232 -0.604189 4.48182e-197 -5.62917e-197 0.796841 2.649 2.1 6 0.048 3 13 48
89.8865 2 2.641 1.9712 -39.7232 -0.604189 4.48182e-197 -5.62917e-197 0.796841 2.649 2.1 6 0.048 3 13 48
89.9031 2 2.641 1.9712 -39.7232 -0.604189 4.48182e-197 -5.62917e-197 0.796841 2.649 2.1 6 0.048 3 13 48
89.9198 2 2.641 1.9712 -39.7232 -0.604189 4.48182e-197 -5.62917e-197 0.796841 2.649 2.1 6 0.048 3 13 48
89.9365 2 2.641 1.9712 -39.7232 -0.604189 4.48182e-197 -5.62917e-197 0.796841 2.649 2.1 6 0.048 3 13 48
89.9531 2 2.641 1.9712 -39.7232 -0.604189 4.48182e-197 -5.62917e-197 0.796841 2.649 2.1 6 0.048 3 13 48
89.9698 2 2.641 1.9712 -39.7232 -0.604189 4.48182e-197 -5.62917e-197 0.796841 2.649 2.1 6 0.048 3 13 48
89.9865 2 2.641 1.9712 -39.7232 -0.604189 4.48182e-197 -5.62917e-197 0.796841 2.649 2.1 6 0.048 3 13 48
90.0031 2 2.641 1.9712 -39.7232 -0.604189 4.48182e-197 -5.62917e-197 0.796841 2.649 2.1 6 0.048 3 13 48
90.0198 2 2.641 1.9712 -39.7232 -0.604189 4.48182e-197 -5.62917e-197 0.796841 2.649 2.1 6 0.048 3 13 48
90.0365 2 2.641 1.9712 -39.7232 -0.604189 4.48182e-197 -5.62917e-197 0.796841 2.649 2.1 6 0.048 3 13 48
90.0531 2 2.641 1.9712 -39.7232 -0.604189 4.48182e-197 -5.62917e-197 0.796841 2.649 2.1 6 0.048 3 13 48
90.0698 2 2.641 1.9712 -39.7232 -0.604189 4.48182e-197 -5.62917e-197 0.796841 2.649 2.1 6 0.048 3 13 48
90.0865 2 2.641 1.9712 -39.7232 -0.604189 4.48182e-197 -5.62917e-197 0.796841 2.649 2.1 6 0.048 3 13 48
90.1031 2 2.641 1.9712 -39.7232 -0.604189 4.48182e-197 -5.62917e-197 0.796841 2.649 2.1 6 0.048 3 13 48
90.1198 2 2.641 1.9712 -39.7232 -0.604189 4.48182e-197 -5.62917e-197 0.796841 2.649 2.1 6 0.048 3 13 48
90.1365 2 2.641 1.9712 -39.7232 -0.604189 4.48182e-197 -5.62917e-197 0.796841 2.649 2.1 6 0.048 3 13 48
90.1531 2 2.641 1.9712 -39.7232 -0.604189 4.48182e-197 -5.62917e-197 0.796841 2.649 2.1 6 0.048 3 13 48
90.1698 2 2.641 1.9712 -39.7232 -0.604189 4.48182e-197 -5.62917e-197 0.796841 2.649 2.1 6 0.048 3 13 48
90.1865 2 2.641 1.9712 -39.7232 -0.604189 4.48182e-197 -5.62917e-197 0.796841 2.649 2.1 6 0.048 3 13 48
90.2031 2 2.641 1.9712 -39.7232 -0.604189 4.48182e-197 -5.62917e-197 0.796841 2.649 2.1 6 0.048 3 13 48
90.2198 2 2.641 1.9712 -39.7232 -0.604189 4.48182e-197 -5.62917e-197 0.796841 2.649 2.1 6 0.048 3 13 48
90.2365 2 2.641 1.9712 -39.7232 -0.604189 4.48182e-197 -5.62917e-197 0.796841 2.649 2.1 6 0.048 3 13 48
90.2531 2 2.641 1.9712 -39.7232 -0.604189 4.48182e-197 -5.62917e-197 0.796841 2.649 2.1 6 0.048 3 13 48
90.2698 2 2.641 1.9712 -39.7232 -0.604189 4.48182e-197 -5.62917e-197 0.796841 2.649 2.1 6 0.048 3 13 48
90.2865 2 2.641 1.9712 -39.7232 -0.604189 4.48182e-197 -5.62917e-197 0.796841 2.649 2.1 6 0.048 3 13 48
90.3031 2 2.641 1.9712 -39.7232 -0.604189 4.48182e-197 -5.62917e-197 0.796841 2.649 2.1 6 0.048 3 13 48
90.3198 2 2.641 1.9712 -39.7232 -0.604189 4.48182e-197 -5.62917e-197 0.796841 2.649 2.1 6 0.048 3 13 48
90.3365 2 2.641 1.9712 -39.7232 -0.604189 4.48182e-197 -5.62917e-197 0.796841 2.649 2.1 6 0.048 3 13 48
90.3531 2 2.641 1.9712 -39.7232 -0.604189 4.48182e-197 -5.62917e-197 0.796841 2.649 2.1 6 0.048 3 13 48
90.3698 2 2.641 1.9712 -39.7232 -0.604189 4.48182e-197 -5.62917e-197 0.796841 2.649 2.1 6 0.048 3 13 48
90.3865 2 2.641 1.9712 -39.7232 -0.604189 4.48182e-197 -5.62917e-197 0.796841 2.649 2.1 6 0.048 3 13 48
90.4031 2 2.641 1.9712 -39.7232 -0.604189 4.48182e-197 -5.62917e-197 0.796841 2.649 2.1 6 0.048 3 13 48
90.4198 2 2.641 1.9712 -39.7232 -0.604189 4.48182e-197 -5.62917e-197 0.796841 2.649 2.1 6 0.048 3 13 48
90.4365 2 2.641 1.9712 -39.7232 -0.604189 4.48182e-197 -5.62917e-197 0.796841 2.649 2.1 6 0.048 3 13 48
90.4531 2 2.641 1.9712 -39.7232 -0.604189 4.48182e-197 -5.62917e-197 0.796841 2.649 2.1 6 0.048 3 13 48
90.4698 2 2.641 1.9712 -39.7232 -0.604189 4.48182e-197 -5.62917e-197 0.796841 2.649 2.1 6 0.048 3 13 48
90.4865 2 2.641 1.9712 -39.7232 -0.604189 4.48182e-197 -5.62917e-197 0.796841 2.649 2.1 6 0.048 3 13 48
90.5031 2 2.641 1.9712 -39.7232 -0.60418 4.48188e-197 -5.62912e-197 0.796848 2.649 2.1 6 0.048 3 13 48
90.5198 2 2.641 1.9712 -39.7232 -0.603246 4.48848e-197 -5.62386e-197 0.797555 2.649 2.1 6 0.048 3 13 48
90.5365 2 2.641 1.9712 -39.7232 -0.602325 4.49496e-197 -5.61868e-197 0.798251 2.649 2.1 6 0.048 3 13 48
90.5531 2 2.641 1.9712 -39.7232 -0.601589 4.50014e-197 -5.61454e-197 0.798806 2.649 2.1 6 0.048 3 13 48
90.5698 2 2.641 1.9712 -39.7232 -0.601033 4.50405e-197 -5.6114e-197 0.799224 2.649 2.1 6 0.048 3 13 48
90.5865 2 2.641 1.9712 -39.7232 -0.60062 4.50695e-197 -5.60907e-197 0.799535 2.649 2.1 6 0.048 3 13 48
90.6031 2 2.641 1.9712 -39.7232 -0.600315 4.50908e-197 -5.60736e-197 0.799764 2.649 2.1 6 0.048 3 13 48
90.6198 2 2.641 1.9712 -39.7232 -0.60009 4.51066e-197 -5.60609e-197 0.799932 2.649 2.1 6 0.048 3 13 48
90.6365 2 2.641 1.9712 -39.7232 -0.599925 4.51182e-197 -5.60516e-197 0.800056 2.649 2.1 6 0.048 3 13 48
90.6531 2 2.641 1.9712 -39.7232 -0.599804 4.51267e-197 -5.60447e-197 0.800147 2.649 2.1 6 0.048 3 13 48
90.6698 2 2.641 1.9712 -39.7232 -0.599714 4.51329e-197 -5.60397e-197 0.800214 2.649 2.1 6 0.048 3 13 48
90.6865 2 2.641 1.9712 -39.7232 -0.599648 4.51376e-197 -5.6036e-197 0.800264 2.649 2.1 6 0.048 3 13 48
90.7031 2 2.641 1.9712 -39.7232 -0.5996 4.51409e-197 -5.60332e-197 0.8003 2.649 2.1 6 0.048 3 13 48
90.7198 2 2.641 1.9712 -39.7232 -0.599564 4.51434e-197 -5.60312e-197 0.800327 2.649 2.1 6 0.048 3 13 48
90.7365 2 2.641 1.9712 -39.7232 -0.599538 4.51453e-197 -5.60297e-197 0.800346 2.649 2.1 6 0.048 3 13 48
90.7531 2 2.641 1.9712 -39.7232 -0.599519 4.51466e-197 -5.60286e-197 0.800361 2.649 2.1 6 0.048 3 13 48
90.7698 2 2.641 1.9712 -39.7232 -0.599505 4.51476e-197 -5.60278e-197 0.800371 2.649 2.1 6 0.048 3 13 48
90.7865 2 2.641 1.9712 -39.7232 -0.599494 4.51483e-197 -5.60273e-197 0.800379 2.649 2.1 6 0.048 3 13 48
90.8031 2 2.641 1.9712 -39.7232 -0.599486 4.51489e-197 -5.60268e-197 0.800385 2.649 2.1 6 0.048 3 13 48
90.8198 2 2.641 1.9712 -39.7232 -0.599481 4.51493e-197 -5.60265e-197 0.800389 2.649 2.1 6 0.048 3 13 48
90.8365 2 2.641 1.9712 -39.7232 -0.599477 4.51496e-197 -5.60263e-197 0.800392 2.649 2.1 6 0.048 3 13 48
90.8531 2 2.641 1.9712 -39.7232 -0.599474 4.51498e-197 -5.60261e-197 0.800395 2.649 2.1 6 0.048 3 13 48
90.8698 2 2.641 1.9712 -39.7232 -0.599471 4.51499e-197 -5.6026e-197 0.800396 2.649 2.1 6 0.048 3 13 48
90.8865 2 2.641 1.9712 -39.7232 -0.59947 4.51501e-197 -5.60259e-197 0.800397 2.649 2.1 6 0.048 3 13 48
90.9031 2 2.641 1.9712 -39.7232 -0.599468 4.51501e-197 -5.60258e-197 0.800398 2.649 2.1 6 0.048 3 13 48
90.9198 2 2.641 1.9712 -39.7232 -0.599468 4.51502e-197 -5.60258e-197 0.800399 2.649 2.1 6 0.048 3 13 48
90.9365 2 2.641 1.9712 -39.7232 -0.599467 4.51503e-197 -5.60257e-197 0.8004 2.649 2.1 6 0.048 3 13 48
90.9531 2 2.641 1.9712 -39.7232 -0.599466 4.51503e-197 -5.60257e-197 0.8004 2.649 2.1 6 0.048 3 13 48
90.9698 2 2.641 1.9712 -39.7232 -0.599466 4.51503e-197 -5.60257e-197 0.8004 2.649 2.1 6 0.048 3 13 48
90.9865 2 2.641 1.9712 -39.7232 -0.599466 4.51503e-197 -5.60257e-197 0.8004 2.649 2.1 6 0.048 3 13 48
91.0031 2 2.641 1.9712 -39.7232 -0.599466 4.51503e-197 -5.60257e-197 0.800401 2.649 2.1 6 0.048 3 13 48
91.0198 2 2.641 1.9712 -39.7232 -0.599465 4.51504e-197 -5.60256e-197 0.800401 2.649 2.1 6 0.048 3 13 48
91.0365 2 2.641 1.9712 -39.7232 -0.599465 4.51504e-197 -5.60256e-197 0.800401 2.649 2.1 6 0.048 3 13 48
91.0531 2 2.641 1.9712 -39.7232 -0.599465 4.51504e-197 -5.60256e-197 0.800401 2.649 2.1 6 0.048 3 13 48
91.0698 2 2.641 1.9712 -39.7232 -0.599465 4.51504e-197 -5.60256e-197 0.800401 2.649 2.1 6 0.048 3 13 48
91.0865 2 2.641 1.9712 -39.7232 -0.599465 4.51504e-197 -5.60256e-197 0.800401 2.649 2.1 6 0.048 3 13 48
91.1031 2 2.641 1.9712 -39.7232 -0.599465 4.51504e-197 -5.60256e-197 0.800401 2.649 2.1 6 0.048 3 13 48
91.1198 2 2.641 1.9712 -39.7232 -0.599465 4.51504e-197 -5.60256e-197 0.800401 2.649 2.1 6 0.048 3 13 48
91.1365 2 2.641 1.9712 -39.7232 -0.599465 4.51504e-197 -5.60256e-197 0.800401 2.649 2.1 6 0.048 3 13 48
91.1531 2 2.641 1.9712 -39.7232 -0.599465 4.51504e-197 -5.60256e-197 0.800401 2.649 2.1 6 0.048 3 13 48
91.1698 2 2.641 1.9712 -39.7232 -0.599465 4.51504e-197 -5.60256e-197 0.800401 2.649 2.1 6 0.048 3 13 48
91.1865 2 2.641 1.9712 -39.7232 -0.599465 4.51504e-197 -5.60256e-197 0.800401 2.649 2.1 6 0.048 3 13 48
91.2031 2 2.641 1.9712 -39.7232 -0.599465 4.51504e-197 -5.60256e-197 0.800401 2.649 2.1 6 0.048 3 13 48
91.2198 2 2.641 1.9712 -39.7232 -0.599465 4.51504e-197 -5.60256e-197 0.800401 2.649 2.1 6 0.048 3 13 48
91.2365 2 2.641 1.9712 -39.7232 -0.599465 4.51504e-197 -5.60256e-197 0.800401 2.649 2.1 6 0.048 3 13 48
91.2531 2 2.641 1.9712 -39.7232 -0.599465 4.51504e-197 -5.60256e-197 0.800401 2.649 2.1 6 0.048 3 13 48
91.2698 2 2.641 1.9712 -39.7232 -0.599465 4.51504e-197 -5.60256e-197 0.800401 2.649 2.1 6 0.048 3 13 48
91.2865 2 2.641 1.9712 -39.7232 -0.599465 4.51504e-197 -5.60256e-197 0.800401 2.649 2.1 6 0.048 3 13 48
91.3031 2 2.641 1.9712 -39.7232 -0.599465 4.51504e-197 -5.60256e-197 0.800401 2.649 2.1 6 0.048 3 13 48
91.3198 2 2.641 1.9712 -39.7232 -0.599465 4.51504e-197 -5.60256e-197 0.800401 2.649 2.1 6 0.048 3 13 48
91.3365 2 2.641 1.9712 -39.7232 -0.599465 4.51504e-197 -5.60256e-197 0.800401 2.649 2.1 6 0.048 3 13 48
91.3531 2 2.641 1.9712 -39.7232 -0.599465 4.51504e-197 -5.60256e-197 0.800401 2.649 2.1 6 0.048 3 13 48
91.3698 2 2.641 1.9712 -39.7232 -0.599465 4.51504e-197 -5.60256e-197 0.800401 2.649 2.1 6 0.048 3 13 48
91.3865 2 2.641 1.9712 -39.7232 -0.599465 4.51504e-197 -5.60256e-197 0.800401 2.649 2.1 6 0.048 3 13 48
91.4031 2 2.641 1.9712 -39.7232 -0.599465 4.51504e-197 -5.60256e-197 0.800401 2.649 2.1 6 0.048 3 13 48
91.4198 2 2.641 1.9712 -39.7232 -0.599465 4.51504e-197 -5.60256e-197 0.800401 2.649 2.1 6 0.048 3 13 48
91.4365 2 2.641 1.9712 -39.7232 -0.599465 4.51504e-197 -5.60256e-197 0.800401 2.649 2.1 6 0.048 3 13 48
91.4531 2 2.641 1.9712 -39.7232 -0.599465 4.51504e-197 -5.60256e-197 0.800401 2.649 2.1 6 0.048 3 13 48
91.4698 2 2.641 1.9712 -39.7232 -0.599465 4.51504e-197 -5.60256e-197 0.800401 2.649 2.1 6 0.048 3 13 48
91.4865 2 2.641 1.9712 -39.7232 -0.599465 4.51504e-197 -5.60256e-197 0.800401 2.649 2.1 6 0.048 3 13 48
91.5031 2 2.641 1.9712 -39.7232 -0.599465 4.51504e-197 -5.60256e-197 0.800401 2.649 2.1 6 0.048 3 13 48
91.5198 2 2.641 1.9712 -39.7232 -0.599465 4.51504e-197 -5.60256e-197 0.800401 2.649 2.1 6 0.048 3 13 48
91.5365 2 2.641 1.9712 -39.7232 -0.599465 4.51504e-197 -5.60256e-197 0.800401 2.649 2.1 6 0.048 3 13 48
91.5531 2 2.641 1.9712 -39.7232 -0.599465 4.51504e-197 -5.60256e-197 0.800401 2.649 2.1 6 0.048 3 13 48
91.5698 2 2.641 1.9712 -39.7232 -0.599465 4.51504e-197 -5.60256e-197 0.800401 2.649 2.1 6 0.048 3 13 48
91.5865 2 2.641 1.9712 -39.7232 -0.599465 4.51504e-197 -5.60256e-197 0.800401 2.649 2.1 6 0.048 3 13 48
91.6031 2 2.641 1.9712 -39.7232 -0.599465 4.51504e-197 -5.60256e-197 0.800401 2.649 2.1 6 0.048 3 13 48
91.6198 2 2.641 1.9712 -39.7232 -0.599465 4.51504e-197 -5.60256e-197 0.800401 2.649 2.1 6 0.048 3 13 48
91.6365 2 2.641 1.9712 -39.7232 -0.599465 4.51504e-197 -5.60256e-197 0.800401 2.649 2.1 6 0.048 3 13 48
91.6531 2 2.641 1.9712 -39.7232 -0.599465 4.51504e-197 -5.60256e-197 0.800401 2.649 2.1 6 0.048 3 13 48
91.6698 2 2.641 1.9712 -39.7232 -0.599465 4.51504e-197 -5.60256e-197 0.800401 2.649 2.1 6 0.048 3 13 48
91.6865 2 2.641 1.9712 -39.7232 -0.599465 4.51504e-197 -5.60256e-197 0.800401 2.649 2.1 6 0.048 3 13 48
91.7031 2 2.641 1.9712 -39.7232 -0.599465 4.51504e-197 -5.60256e-197 0.800401 2.649 2.1 6 0.048 3 13 48
91.7198 2 2.641 1.9712 -39.7232 -0.599465 4.51504e-197 -5.60256e-197 0.800401 2.649 2.1 6 0.048 3 13 48
91.7365 2 2.641 1.9712 -39.7232 -0.599465 4.51504e-197 -5.60256e-197 0.800401 2.649 2.1 6 0.048 3 13 48
91.7531 2 2.641 1.9712 -39.7232 -0.599465 4.51504e-197 -5.60256e-197 0.800401 2.649 2.1 6 0.048 3 13 48
91.7698 2 2.641 1.9712 -39.7232 -0.599465 4.51504e-197 -5.60256e-197 0.800401 2.649 2.1 6 0.048 3 13 48
91.7865 2 2.641 1.9712 -39.7232 -0.599465 4.51504e-197 -5.60256e-197 0.800401 2.649 2.1 6 0.048 3 13 48
91.8031 2 2.641 1.9712 -39.7232 -0.599465 4.51504e-197 -5.60256e-197 0.800401 2.649 2.1 6 0.048 3 13 48
91.8198 2 2.641 1.9712 -39.7232 -0.599465 4.51504e-197 -5.60256e-197 0.800401 2.649 2.1 6 0.048 3 13 48
91.8365 2 2.641 1.9712 -39.7229 -0.599465 4.51504e-197 -5.60256e-197 0.800401 2.649 2.1 6 0.048 3 13 48
91.8531 2 2.641 1.9712 -39.7056 -0.599465 4.51504e-197 -5.60256e-197 0.800401 2.649 2.1 6 0.048 3 13 48
91.8698 2 2.641 1.9712 -39.6895 -0.599465 4.51504e-197 -5.60256e-197 0.800401 2.649 2.1 6 0.048 3 13 48
91.8865 2 2.641 1.9712 -39.6744 -0.599465 4.51504e-197 -5.60256e-197 0.800401 2.649 2.1 6 0.048 3 13 48
91.9031 2 2.641 1.9712 -39.6598 -0.599465 4.51504e-197 -5.60256e-197 0.800401 2.649 2.1 6 0.048 3 13 48
91.9198 2 2.641 1.9712 -39.6458 -0.599465 4.51504e-197 -5.60256e-197 0.800401 2.649 2.1 6 0.048 3 13 48
91.9365 2 2.641 1.9712 -39.6321 -0.599465 4.51504e-197 -5.60256e-197 0.800401 2.649 2.1 6 0.048 3 13 48
91.9531 2 2.641 1.9712 -39.6186 -0.599465 4.51504e-197 -5.60256e-197 0.800401 2.649 2.1 6 0.048 3 13 48
91.9698 2 2.641 1.9712 -39.6054 -0.599465 4.51504e-197 -5.60256e-197 0.800401 2.649 2.1 6 0.048 3 13 48
91.9865 2 2.641 1.9712 -39.5923 -0.599465 4.51504e-197 -5.60256e-197 0.800401 2.649 2.1 6 0.048 3 13 48
92.0031 2 2.641 1.9712 -39.5793 -0.599465 4.51504e-197 -5.60256e-197 0.800401 2.649 2.1 6 0.048 3 13 48
92.0198 2 2.641 1.9712 -39.5664 -0.599465 4.51504e-197 -5.60256e-197 0.800401 2.649 2.1 6 0.048 3 13 48
92.0365 2 2.641 1.9712 -39.5535 -0.599465 4.51504e-197 -5.60256e-197 0.800401 2.649 2.1 6 0.048 3 13 48
92.0531 2 2.641 1.9712 -39.5407 -0.599465 4.51504e-197 -5.60256e-197 0.800401 2.649 2.1 6 0.048 3 13 48
92.0698 2 2.641 1.9712 -39.5279 -0.599465 4.51504e-197 -5.60256e-197 0.800401 2.649 2.1 6 0.048 3 13 48
92.0865 2 2.641 1.9712 -39.5151 -0.599465 4.51504e-197 -5.60256e-197 0.800401 2.649 2.1 6 0.048 3 13 48
92.1031 2 2.641 1.9712 -39.5023 -0.599465 4.51504e-197 -5.60256e-197 0.800401 2.649 2.1 6 0.048 3 13 48
92.1198 2 2.641 1.9712 -39.4896 -0.599465 4.51504e-197 -5.60256e-197 0.800401 2.649 2.1 6 0.048 3 13 48
92.1365 2 2.641 1.9712 -39.4769 -0.599465 4.51504e-197 -5.60256e-197 0.800401 2.649 2.1 6 0.048 3 13 48
92.1531 2 2.641 1.9712 -39.4641 -0.599465 4.51504e-197 -5.60256e-197 0.800401 2.649 2.1 6 0.048 3 13 48
92.1698 2 2.641 1.9712 -39.4514 -0.599465 4.51504e-197 -5.60256e-197 0.800401 2.649 2.1 6 0.048 3 13 48
92.1865 2 2.641 1.9712 -39.4387 -0.599465 4.51504e-197 -5.60256e-197 0.800401 2.649 2.1 6 0.048 3 13 48
92.2031 2 2.641 1.9712 -39.426 -0.599465 4.51504e-197 -5.60256e-197 0.800401 2.649 2.1 6 0.048 3 13 48
92.2198 2 2.641 1.9712 -39.4133 -0.599465 4.51504e-197 -5.60256e-197 0.800401 2.649 2.1 6 0.048 3 13 48
92.2365 2 2.641 1.9712 -39.4006 -0.599465 4.51504e-197 -5.60256e-197 0.800401 2.649 2.1 6 0.048 3 13 48
92.2531 2 2.641 1.9712 -39.3878 -0.599465 4.51504e-197 -5.60256e-197 0.800401 2.649 2.1 6 0.048 3 13 48
92.2698 2 2.641 1.9712 -39.3751 -0.599465 4.51504e-197 -5.60256e-197 0.800401 2.649 2.1 6 0.048 3 13 48
92.2865 2 2.641 1.9712 -39.3624 -0.599465 4.51504e-197 -5.60256e-197 0.800401 2.649 2.1 6 0.048 3 13 48
92.3031 2 2.641 1.9712 -39.3497 -0.599465 4.51504e-197 -5.60256e-197 0.800401 2.649 2.1 6 0.048 3 13 48
92.3198 2 2.641 1.9712 -39.337 -0.599465 4.51504e-197 -5.60256e-197 0.800401 2.649 2.1 6 0.048 3 13 48
92.3365 2 2.641 1.9712 -39.3243 -0.599465 4.51504e-197 -5.60256e-197 0.800401 2.649 2.1 6 0.048 3 13 48
92.3531 2 2.641 1.9712 -39.3116 -0.599465 4.51504e-197 -5.60256e-197 0.800401 2.649 2.1 6 0.048 3 13 48
92.3698 2 2.641 1.9712 -39.2989 -0.599465 4.51504e-197 -5.60256e-197 0.800401 2.649 2.1 6 0.048 3 13 48
92.3865 2 2.641 1.9712 -39.2862 -0.599465 4.51504e-197 -5.60256e-197 0.800401 2.649 2.1 6 0.048 3 13 48
92.4031 2 2.641 1.9712 -39.2735 -0.599465 4.51504e-197 -5.60256e-197 0.800401 2.649 2.1 6 0.048 3 13 48
92.4198 2 2.641 1.9712 -39.2608 -0.599465 4.51504e-197 -5.60256e-197 0.800401 2.649 2.1 6 0.048 3 13 48
92.4365 2 2.641 1.9712 -39.248 -0.599465 4.51504e-197 -5.60256e-197 0.800401 2.649 2.1 6 0.048 3 13 48
92.4531 2 2.641 1.9712 -39.2353 -0.599465 4.51504e-197 -5.60256e-197 0.800401 2.649 2.1 6 0.048 3 13 48
92.4698 2 2.641 1.9712 -39.2226 -0.599465 4.51504e-197 -5.60256e-197 0.800401 2.649 2.1 6 0.048 3 13 48
92.4865 2 2.641 1.9712 -39.2099 -0.599465 4.51504e-197 -5.60256e-197 0.800401 2.649 2.1 6 0.048 3 13 48
92.5031 2 2.641 1.9712 -39.1972 -0.599465 4.51504e-197 -5.60256e-197 0.800401 2.649 2.1 6 0.048 3 13 48
92.5198 2 2.641 1.9712 -39.1845 -0.599465 4.51504e-197 -5.60256e-197 0.800401 2.649 2.1 6 0.048 3 13 48
92.5365 2 2.641 1.9712 -39.1718 -0.599465 4.51504e-197 -5.60256e-197 0.800401 2.649 2.1 6 0.048 3 13 48
92.5531 2 2.641 1.9712 -39.1591 -0.599465 4.51504e-197 -5.60256e-197 0.800401 2.649 2.1 6 0.048 3 13 48
92.5698 2 2.641 1.9712 -39.1464 -0.599465 4.51504e-197 -5.60256e-197 0.800401 2.649 2.1 6 0.048 3 13 48
92.5865 2 2.641 1.9712 -39.1337 -0.599465 4.51504e-197 -5.60256e-197 0.800401 2.649 2.1 6 0.048 3 13 48
92.6031 2 2.641 1.9712 -39.121 -0.599465 4.51504e-197 -5.60256e-197 0.800401 2.649 2.1 6 0.048 3 13 48
92.6198 2 2.641 1.9712 -39.1083 -0.599465 4.51504e-197 -5.60256e-197 0.800401 2.649 2.1 6 0.048 3 13 48
92.6365 2 2.641 1.9712 -39.0955 -0.599465 4.51504e-197 -5.60256e-197 0.800401 2.649 2.1 6 0.048 3 13 48
92.6531 2 2.641 1.9712 -39.0828 -0.599465 4.51504e-197 -5.60256e-197 0.800401 2.649 2.1 6 0.048 3 13 48
92.6698 2 2.641 1.9712 -39.0701 -0.599465 4.51504e-197 -5.60256e-197 0.800401 2.649 2.1 6 0.048 3 13 48
92.6865 2 2.641 1.9712 -39.0574 -0.599465 4.51504e-197 -5.60256e-197 0.800401 2.649 2.1 6 0.048 3 13 48
92.7031 2 2.641 1.9712 -39.0447 -0.599465 4.51504e-197 -5.60256e-197 0.800401 2.649 2.1 6 0.048 3 13 48
92.7198 2 2.641 1.9712 -39.032 -0.599465 4.51504e-197 -5.60256e-197 0.800401 2.649 2.1 6 0.048 3 13 48
92.7365 2 2.641 1.9712 -39.0193 -0.599465 4.51504e-197 -5.60256e-197 0.800401 2.649 2.1 6 0.048 3 13 48
92.7531 2 2.641 1.9712 -39.0066 -0.599465 4.51504e-197 -5.60256e-197 0.800401 2.649 2.1 6 0.048 3 13 48
92.7698 2 2.641 1.9712 -38.9939 -0.599465 4.51504e-197 -5.60256e-197 0.800401 2.649 2.1 6 0.048 3 13 48
92.7865 2 2.641 1.9712 -38.9812 -0.599465 4.51504e-197 -5.60256e-197 0.800401 2.649 2.1 6 0.048 3 13 48
92.8031 2 2.641 1.9712 -38.9685 -0.599465 4.51504e-197 -5.60256e-197 0.800401 2.649 2.1 6 0.048 3 13 48
92.8198 2 2.641 1.9712 -38.9558 -0.599465 4.51504e-197 -5.60256e-197 0.800401 2.649 2.1 6 0.048 3 13 48
92.8365 2 2.641 1.9712 -38.9433 -0.599465 4.51504e-197 -5.60256e-197 0.800401 2.649 2.1 6 0.048 3 13 48
92.8531 2 2.641 1.9712 -38.9479 -0.599465 4.51504e-197 -5.60256e-197 0.800401 2.649 2.1 6 0.048 3 13 48
92.8698 2 2.641 1.9712 -38.9513 -0.599465 4.51504e-197 -5.60256e-197 0.800401 2.649 2.1 6 0.048 3 13 48
92.8865 2 2.641 1.9712 -38.9538 -0.599465 4.51504e-197 -5.60256e-197 0.800401 2.649 2.1 6 0.048 3 13 48
92.9031 2 2.641 1.9712 -38.9556 -0.599465 4.51504e-197 -5.60256e-197 0.800401 2.649 2.1 6 0.048 3 13 48
92.9198 2 2.641 1.9712 -38.957 -0.599465 4.51504e-197 -5.60256e-197 0.800401 2.649 2.1 6 0.048 3 13 48
92.9365 2 2.641 1.9712 -38.958 -0.599465 4.51504e-197 -5.60256e-197 0.800401 2.649 2.1 6 0.048 3 13 48
92.9531 2 2.641 1.9712 -38.9587 -0.599465 4.51504e-197 -5.60256e-197 0.800401 2.649 2.1 6 0.048 3 13 48
92.9698 2 2.641 1.9712 -38.9593 -0.599465 4.51504e-197 -5.60256e-197 0.800401 2.649 2.1 6 0.048 3 13 48
92.9865 2 2.641 1.9712 -38.9596 -0.599465 4.51504e-197 -5.60256e-197 0.800401 2.649 2.1 6 0.048 3 13 48
93.0031 2 2.641 1.9712 -38.9599 -0.599465 4.51504e-197 -5.60256e-197 0.800401 2.649 2.1 6 0.048 3 13 48
93.0198 2 2.641 1.9712 -38.9602 -0.599465 4.51504e-197 -5.60256e-197 0.800401 2.649 2.1 6 0.048 3 13 48
93.0365 2 2.641 1.9712 -38.9603 -0.599465 4.51504e-197 -5.60256e-197 0.800401 2.649 2.1 6 0.048 3 13 48
93.0531 2 2.641 1.9712 -38.9604 -0.599465 4.51504e-197 -5.60256e-197 0.800401 2.649 2.1 6 0.048 3 13 48
93.0698 2 2.641 1.9712 -38.9605 -0.599465 4.51504e-197 -5.60256e-197 0.800401 2.649 2.1 6 0.048 3 13 48
93.0865 2 2.641 1.9712 -38.9606 -0.599465 4.51504e-197 -5.60256e-197 0.800401 2.649 2.1 6 0.048 3 13 48
93.1031 2 2.641 1.9712 -38.9606 -0.599465 4.51504e-197 -5.60256e-197 0.800401 2.649 2.1 6 0.048 3 13 48
93.1198 2 2.641 1.9712 -38.9607 -0.599465 4.51504e-197 -5.60256e-197 0.800401 2.649 2.1 6 0.048 3 13 48
93.1365 2 2.641 1.9712 -38.9607 -0.599465 4.51504e-197 -5.60256e-197 0.800401 2.649 2.1 6 0.048 3 13 48
93.155 2 2.641 1.9712 -38.9607 -0.599465 4.51504e-197 -5.60256e-197 0.800401 2.649 2.1 6 0.048 3 13 48
93.1717 2 2.641 1.9712 -38.9607 -0.599465 4.51504e-197 -5.60256e-197 0.800401 2.649 2.1 6 0.048 3 13 48
93.1883 2 2.641 1.9712 -38.9607 -0.599465 4.51504e-197 -5.60256e-197 0.800401 2.649 2.1 6 0.048 3 13 48
93.205 2 2.641 1.9712 -38.9607 -0.599465 4.51504e-197 -5.60256e-197 0.800401 2.649 2.1 6 0.048 3 13 48
93.2217 2 2.641 1.9712 -38.9607 -0.599465 4.51504e-197 -5.60256e-197 0.800401 2.649 2.1 6 0.048 3 13 48
93.2383 2 2.641 1.9712 -38.9607 -0.599465 4.51504e-197 -5.60256e-197 0.800401 2.649 2.1 6 0.048 3 13 48
93.255 2 2.641 1.9712 -38.9607 -0.599465 4.51504e-197 -5.60256e-197 0.800401 2.649 2.1 6 0.048 3 13 48
93.2717 2 2.641 1.9712 -38.9607 -0.599465 4.51504e-197 -5.60256e-197 0.800401 2.649 2.1 6 0.048 3 13 48
93.2883 2 2.641 1.9712 -38.9607 -0.599465 4.51504e-197 -5.60256e-197 0.800401 2.649 2.1 6 0.048 3 13 48
93.305 2 2.641 1.9712 -38.9607 -0.599465 4.51504e-197 -5.60256e-197 0.800401 2.649 2.1 6 0.048 3 13 48
93.3217 2 2.641 1.9712 -38.9607 -0.599465 4.51504e-197 -5.60256e-197 0.800401 2.649 2.1 6 0.048 3 13 48
93.3383 2 2.641 1.9712 -38.9607 -0.599465 4.51504e-197 -5.60256e-197 0.800401 2.649 2.1 6 0.048 3 13 48
93.355 2 2.641 1.9712 -38.9607 -0.599465 4.51504e-197 -5.60256e-197 0.800401 2.649 2.1 6 0.048 3 13 48
93.3717 2 2.641 1.9712 -38.9607 -0.599465 4.51504e-197 -5.60256e-197 0.800401 2.649 2.1 6 0.048 3 13 48
93.3883 2 2.641 1.9712 -38.9608 -0.599465 4.51504e-197 -5.60256e-197 0.800401 2.649 2.1 6 0.048 3 13 48
93.405 2 2.641 1.9712 -38.9608 -0.599465 4.51504e-197 -5.60256e-197 0.800401 2.649 2.1 6 0.048 3 13 48
93.4217 2 2.641 1.9712 -38.9608 -0.599465 4.51504e-197 -5.60256e-197 0.800401 2.649 2.1 6 0.048 3 13 48
93.4383 2 2.641 1.9712 -38.9608 -0.599465 4.51504e-197 -5.60256e-197 0.800401 2.649 2.1 6 0.048 3 13 48
93.455 2 2.641 1.9712 -38.9608 -0.599465 4.51504e-197 -5.60256e-197 0.800401 2.649 2.1 6 0.048 3 13 48
93.4717 2 2.641 1.9712 -38.9608 -0.599465 4.51504e-197 -5.60256e-197 0.800401 2.649 2.1 6 0.048 3 13 48
93.4883 2 2.641 1.9712 -38.9608 -0.599465 4.51504e-197 -5.60256e-197 0.800401 2.649 2.1 6 0.048 3 13 48
93.505 2 2.641 1.9712 -38.9608 -0.599465 4.51504e-197 -5.60256e-197 0.800401 2.649 2.1 6 0.048 3 13 48
93.5217 2 2.641 1.9712 -38.9608 -0.599465 4.51504e-197 -5.60256e-197 0.800401 2.649 2.1 6 0.048 3 13 48
93.5383 2 2.641 1.9712 -38.9608 -0.599465 4.51504e-197 -5.60256e-197 0.800401 2.649 2.1 6 0.048 3 13 48
93.555 2 2.641 1.9712 -38.9608 -0.599465 4.51504e-197 -5.60256e-197 0.800401 2.649 2.1 6 0.048 3 13 48
93.5717 2 2.641 1.9712 -38.9608 -0.599465 4.51504e-197 -5.60256e-197 0.800401 2.649 2.1 6 0.048 3 13 48
93.5883 2 2.641 1.9712 -38.9608 -0.599465 4.51504e-197 -5.60256e-197 0.800401 2.649 2.1 6 0.048 3 13 48
93.605 2 2.641 1.9712 -38.9608 -0.599465 4.51504e-197 -5.60256e-197 0.800401 2.649 2.1 6 0.048 3 13 48
93.6217 2 2.641 1.9712 -38.9608 -0.599465 4.51504e-197 -5.60256e-197 0.800401 2.649 2.1 6 0.048 3 13 48
93.6383 2 2.641 1.9712 -38.9608 -0.599465 4.51504e-197 -5.60256e-197 0.800401 2.649 2.1 6 0.048 3 13 48
93.655 2 2.641 1.9712 -38.9608 -0.599465 4.51504e-197 -5.60256e-197 0.800401 2.649 2.1 6 0.048 3 13 48
93.6717 2 2.641 1.9712 -38.9608 -0.599465 4.51504e-197 -5.60256e-197 0.800401 2.649 2.1 6 0.048 3 13 48
93.6883 2 2.641 1.9712 -38.9608 -0.599465 4.51504e-197 -5.60256e-197 0.800401 2.649 2.1 6 0.048 3 13 48
93.705 2 2.641 1.9712 -38.9608 -0.599465 4.51504e-197 -5.60256e-197 0.800401 2.649 2.1 6 0.048 3 13 48
93.7217 2 2.641 1.9712 -38.9608 -0.599465 4.51504e-197 -5.60256e-197 0.800401 2.649 2.1 6 0.048 3 13 48
93.7383 2 2.641 1.9712 -38.9608 -0.599465 4.51504e-197 -5.60256e-197 0.800401 2.649 2.1 6 0.048 3 13 48
93.755 2 2.641 1.9712 -38.9608 -0.599465 4.51504e-197 -5.60256e-197 0.800401 2.649 2.1 6 0.048 3 13 48
93.7717 2 2.641 1.9712 -38.9608 -0.599465 4.51504e-197 -5.60256e-197 0.800401 2.649 2.1 6 0.048 3 13 48
93.7883 2 2.641 1.9712 -38.9608 -0.599465 4.51504e-197 -5.60256e-197 0.800401 2.649 2.1 6 0.048 3 13 48
93.805 2 2.641 1.9712 -38.9608 -0.599465 4.51504e-197 -5.60256e-197 0.800401 2.649 2.1 6 0.048 3 13 48
93.8217 2 2.641 1.9712 -38.9608 -0.599465 4.51504e-197 -5.60256e-197 0.800401 2.649 2.1 6 0.048 3 13 48
93.8383 2 2.641 1.9712 -38.9608 -0.599465 4.51504e-197 -5.60256e-197 0.800401 2.649 2.1 6 0.048 3 13 48
93.855 2 2.641 1.9712 -38.9608 -0.599465 4.51504e-197 -5.60256e-197 0.800401 2.649 2.1 6 0.048 3 13 48
93.8717 2 2.641 1.9712 -38.9608 -0.599465 4.51504e-197 -5.60256e-197 0.800401 2.649 2.1 6 0.048 3 13 48
93.8883 2 2.641 1.9712 -38.9608 -0.599465 4.51504e-197 -5.60256e-197 0.800401 2.649 2.1 6 0.048 3 13 48
93.905 2 2.641 1.9712 -38.9608 -0.599465 4.51504e-197 -5.60256e-197 0.800401 2.649 2.1 6 0.048 3 13 48
93.9217 2 2.641 1.9712 -38.9608 -0.599465 4.51504e-197 -5.60256e-197 0.800401 2.649 2.1 6 0.048 3 13 48
93.9383 2 2.641 1.9712 -38.9608 -0.599465 4.51504e-197 -5.60256e-197 0.800401 2.649 2.1 6 0.048 3 13 48
93.955 2 2.641 1.9712 -38.9608 -0.599465 4.51504e-197 -5.60256e-197 0.800401 2.649 2.1 6 0.048 3 13 48
93.9717 2 2.641 1.9712 -38.9608 -0.599465 4.51504e-197 -5.60256e-197 0.800401 2.649 2.1 6 0.048 3 13 48
93.9883 2 2.641 1.9712 -38.9608 -0.599465 4.51504e-197 -5.60256e-197 0.800401 2.649 2.1 6 0.048 3 13 48
94.005 2 2.641 1.9712 -38.9608 -0.599465 4.51504e-197 -5.60256e-197 0.800401 2.649 2.1 6 0.048 3 13 48
94.0217 2 2.641 1.9712 -38.9608 -0.599465 4.51504e-197 -5.60256e-197 0.800401 2.649 2.1 6 0.048 3 13 48
94.0383 2 2.641 1.9712 -38.9608 -0.599465 4.51504e-197 -5.60256e-197 0.800401 2.649 2.1 6 0.048 3 13 48
94.055 2 2.641 1.9712 -38.9608 -0.599465 4.51504e-197 -5.60256e-197 0.800401 2.649 2.1 6 0.048 3 13 48
94.0717 2 2.641 1.9712 -38.9608 -0.599465 4.51504e-197 -5.60256e-197 0.800401 2.649 2.1 6 0.048 3 13 48
94.0883 2 2.641 1.9712 -38.9608 -0.599465 4.51504e-197 -5.60256e-197 0.800401 2.649 2.1 6 0.048 3 13 48
94.105 2 2.641 1.9712 -38.9608 -0.599465 4.51504e-197 -5.60256e-197 0.800401 2.649 2.1 6 0.048 3 13 48
94.1217 2 2.641 1.9712 -38.9608 -0.599465 4.51504e-197 -5.60256e-197 0.800401 2.649 2.1 6 0.048 3 13 48
94.1383 2 2.641 1.9712 -38.9608 -0.599465 4.51504e-197 -5.60256e-197 0.800401 2.649 2.1 6 0.048 3 13 48
94.155 2 2.641 1.9712 -38.9608 -0.599465 4.51504e-197 -5.60256e-197 0.800401 2.649 2.1 6 0.048 3 13 48
94.1717 2 2.641 1.9712 -38.9608 -0.599465 4.51504e-197 -5.60256e-197 0.800401 2.649 2.1 6 0.048 3 13 48
94.1883 2 2.641 1.9712 -38.9608 -0.599465 4.51504e-197 -5.60256e-197 0.800401 2.649 2.1 6 0.048 3 13 48
94.205 2 2.641 1.9712 -38.9608 -0.599465 4.51504e-197 -5.60256e-197 0.800401 2.649 2.1 6 0.048 3 13 48
94.2217 2 2.641 1.9712 -38.9608 -0.599465 4.51504e-197 -5.60256e-197 0.800401 2.649 2.1 6 0.048 3 13 48
94.2383 2 2.641 1.9712 -38.9608 -0.599465 4.51504e-197 -5.60256e-197 0.800401 2.649 2.1 6 0.048 3 13 48
94.255 2 2.641 1.9712 -38.9608 -0.599465 4.51504e-197 -5.60256e-197 0.800401 2.649 2.1 6 0.048 3 13 48
94.2717 2 2.641 1.9712 -38.9608 -0.599465 4.51504e-197 -5.60256e-197 0.800401 2.649 2.1 6 0.048 3 13 48
94.2883 2 2.641 1.9712 -38.9608 -0.599465 4.51504e-197 -5.60256e-197 0.800401 2.649 2.1 6 0.048 3 13 48
94.305 2 2.641 1.9712 -38.9608 -0.599465 4.51504e-197 -5.60256e-197 0.800401 2.649 2.1 6 0.048 3 13 48
94.3217 2 2.641 1.9712 -38.9608 -0.599465 4.51504e-197 -5.60256e-197 0.800401 2.649 2.1 6 0.048 3 13 48
94.3383 2 2.641 1.9712 -38.9608 -0.599465 4.51504e-197 -5.60256e-197 0.800401 2.649 2.1 6 0.048 3 13 48
94.355 2 2.641 1.9712 -38.9608 -0.599465 4.51504e-197 -5.60256e-197 0.800401 2.649 2.1 6 0.048 3 13 48
94.3717 2 2.641 1.9712 -38.9608 -0.599465 4.51504e-197 -5.60256e-197 0.800401 2.649 2.1 6 0.048 3 13 48
94.3883 2 2.641 1.9712 -38.9608 -0.599465 4.51504e-197 -5.60256e-197 0.800401 2.649 2.1 6 0.048 3 13 48
94.405 2 2.641 1.9712 -38.9608 -0.599465 4.51504e-197 -5.60256e-197 0.800401 2.649 2.1 6 0.048 3 13 48
94.4217 2 2.641 1.9712 -38.9608 -0.599465 4.51504e-197 -5.60256e-197 0.800401 2.649 2.1 6 0.048 3 13 48
94.4383 2 2.641 1.9712 -38.9608 -0.599465 4.51504e-197 -5.60256e-197 0.800401 2.649 2.1 6 0.048 3 13 48
94.455 2 2.641 1.9712 -38.9608 -0.599465 4.51504e-197 -5.60256e-197 0.800401 2.649 2.1 6 0.048 3 13 48
94.4717 2 2.641 1.9712 -38.9608 -0.599465 4.51504e-197 -5.60256e-197 0.800401 2.649 2.1 6 0.048 3 13 48
94.4883 2 2.641 1.9712 -38.9608 -0.599465 4.51504e-197 -5.60256e-197 0.800401 2.649 2.1 6 0.048 3 13 48
94.505 2 2.641 1.9712 -38.9608 -0.599465 4.51504e-197 -5.60256e-197 0.800401 2.649 2.1 6 0.048 3 13 48
94.5217 2 2.641 1.9712 -38.9608 -0.599465 4.51504e-197 -5.60256e-197 0.800401 2.649 2.1 6 0.048 3 13 48
94.5383 2 2.641 1.9712 -38.9608 -0.599465 4.51504e-197 -5.60256e-197 0.800401 2.649 2.1 6 0.048 3 13 48
94.555 2 2.641 1.9712 -38.9608 -0.599465 4.51504e-197 -5.60256e-197 0.800401 2.649 2.1 6 0.048 3 13 48
94.5717 2 2.641 1.9712 -38.9608 -0.599465 4.51504e-197 -5.60256e-197 0.800401 2.649 2.1 6 0.048 3 13 48
94.5883 2 2.641 1.9712 -38.9608 -0.599465 4.51504e-197 -5.60256e-197 0.800401 2.649 2.1 6 0.048 3 13 48
94.605 2 2.641 1.9712 -38.9608 -0.599465 4.51504e-197 -5.60256e-197 0.800401 2.649 2.1 6 0.048 3 13 48
94.6217 2 2.641 1.9712 -38.9608 -0.599465 4.51504e-197 -5.60256e-197 0.800401 2.649 2.1 6 0.048 3 13 48
94.6383 2 2.641 1.9712 -38.9608 -0.599465 4.51504e-197 -5.60256e-197 0.800401 2.649 2.1 6 0.048 3 13 48
94.655 2 2.641 1.9712 -38.9608 -0.599465 4.51504e-197 -5.60256e-197 0.800401 2.649 2.1 6 0.048 3 13 48
94.6717 2 2.641 1.9712 -38.9608 -0.599465 4.51504e-197 -5.60256e-197 0.800401 2.649 2.1 6 0.048 3 13 48
94.6883 2 2.641 1.9712 -38.9608 -0.599465 4.51504e-197 -5.60256e-197 0.800401 2.649 2.1 6 0.048 3 13 48
94.705 2 2.641 1.9712 -38.9608 -0.599465 4.51504e-197 -5.60256e-197 0.800401 2.649 2.1 6 0.048 3 13 48
94.7217 2 2.641 1.9712 -38.9608 -0.599465 4.51504e-197 -5.60256e-197 0.800401 2.649 2.1 6 0.048 3 13 48
94.7383 2 2.641 1.9712 -38.9608 -0.599465 4.51504e-197 -5.60256e-197 0.800401 2.649 2.1 6 0.048 3 13 48
94.755 2 2.641 1.9712 -38.9608 -0.599465 4.51504e-197 -5.60256e-197 0.800401 2.649 2.1 6 0.048 3 13 48
94.7717 2 2.641 1.9712 -38.9608 -0.599465 4.51504e-197 -5.60256e-197 0.800401 2.649 2.1 6 0.048 3 13 48
94.7883 2 2.641 1.9712 -38.9608 -0.599465 4.51504e-197 -5.60256e-197 0.800401 2.649 2.1 6 0.048 3 13 48
94.805 2 2.641 1.9712 -38.9608 -0.599465 4.51504e-197 -5.60256e-197 0.800401 2.649 2.1 6 0.048 3 13 48
94.8217 2 2.641 1.9712 -38.9608 -0.599465 4.51504e-197 -5.60256e-197 0.800401 2.649 2.1 6 0.048 3 13 48
94.8383 2 2.641 1.9712 -38.9608 -0.599465 4.51504e-197 -5.60256e-197 0.800401 2.649 2.1 6 0.048 3 13 48
94.855 2 2.641 1.9712 -38.9608 -0.599465 4.51504e-197 -5.60256e-197 0.800401 2.649 2.1 6 0.048 3 13 48
94.8717 2 2.641 1.9712 -38.9608 -0.599465 4.51504e-197 -5.60256e-197 0.800401 2.649 2.1 6 0.048 3 13 48
94.8883 2 2.641 1.9712 -38.9608 -0.599465 4.51504e-197 -5.60256e-197 0.800401 2.649 2.1 6 0.048 3 13 48
94.905 2 2.641 1.9712 -38.9608 -0.599465 4.51504e-197 -5.60256e-197 0.800401 2.649 2.1 6 0.048 3 13 48
94.9217 2 2.641 1.9712 -38.9608 -0.599465 4.51504e-197 -5.60256e-197 0.800401 2.649 2.1 6 0.048 3 13 48
94.9383 2 2.641 1.9712 -38.9608 -0.599465 4.51504e-197 -5.60256e-197 0.800401 2.649 2.1 6 0.048 3 13 48
94.955 2 2.641 1.9712 -38.9608 -0.599465 4.51504e-197 -5.60256e-197 0.800401 2.649 2.1 6 0.048 3 13 48
94.9717 2 2.641 1.9712 -38.9608 -0.599465 4.51504e-197 -5.60256e-197 0.800401 2.649 2.1 6 0.048 3 13 48
94.9883 2 2.641 1.9712 -38.9608 -0.599465 4.51504e-197 -5.60256e-197 0.800401 2.649 2.1 6 0.048 3 13 48
95.005 2 2.641 1.9712 -38.9608 -0.599465 4.51504e-197 -5.60256e-197 0.800401 2.649 2.1 6 0.048 3 13 48
95.0217 2 2.641 1.9712 -38.9608 -0.599465 4.51504e-197 -5.60256e-197 0.800401 2.649 2.1 6 0.048 3 13 48
95.0383 2 2.641 1.9712 -38.9608 -0.599465 4.51504e-197 -5.60256e-197 0.800401 2.649 2.1 6 0.048 3 13 48
95.055 2 2.641 1.9712 -38.9608 -0.599465 4.51504e-197 -5.60256e-197 0.800401 2.649 2.1 6 0.048 3 13 48
95.0717 2 2.641 1.9712 -38.9608 -0.599465 4.51504e-197 -5.60256e-197 0.800401 2.649 2.1 6 0.048 3 13 48
95.0883 2 2.641 1.9712 -38.9608 -0.599465 4.51504e-197 -5.60256e-197 0.800401 2.649 2.1 6 0.048 3 13 48
95.105 2 2.641 1.9712 -38.9608 -0.599465 4.51504e-197 -5.60256e-197 0.800401 2.649 2.1 6 0.048 3 13 48
95.1217 2 2.641 1.9712 -38.9608 -0.599465 4.51504e-197 -5.60256e-197 0.800401 2.649 2.1 6 0.048 3 13 48
95.1383 2 2.641 1.9712 -38.9608 -0.599465 4.51504e-197 -5.60256e-197 0.800401 2.649 2.1 6 0.048 3 13 48
95.155 2 2.641 1.9712 -38.9608 -0.599465 4.51504e-197 -5.60256e-197 0.800401 2.649 2.1 6 0.048 3 13 48
95.1717 2 2.641 1.9712 -38.9608 -0.599465 4.51504e-197 -5.60256e-197 0.800401 2.649 2.1 6 0.048 3 13 48
95.1883 2 2.641 1.9712 -38.9608 -0.599465 4.51504e-197 -5.60256e-197 0.800401 2.649 2.1 6 0.048 3 13 48
95.205 2 2.641 1.9712 -38.9608 -0.599465 4.51504e-197 -5.60256e-197 0.800401 2.649 2.1 6 0.048 3 13 48
95.2217 2 2.641 1.9712 -38.9608 -0.599465 4.51504e-197 -5.60256e-197 0.800401 2.649 2.1 6 0.048 3 13 48
95.2383 2 2.641 1.9712 -38.9608 -0.599465 4.51504e-197 -5.60256e-197 0.800401 2.649 2.1 6 0.048 3 13 48
95.255 2 2.641 1.9712 -38.9608 -0.599465 4.51504e-197 -5.60256e-197 0.800401 2.649 2.1 6 0.048 3 13 48
95.2717 2 2.641 1.9712 -38.9608 -0.599465 4.51504e-197 -5.60256e-197 0.800401 2.649 2.1 6 0.048 3 13 48
95.2883 2 2.641 1.9712 -38.9608 -0.599465 4.51504e-197 -5.60256e-197 0.800401 2.649 2.1 6 0.048 3 13 48
95.305 2 2.641 1.9712 -38.9608 -0.599465 4.51504e-197 -5.60256e-197 0.800401 2.649 2.1 6 0.048 3 13 48
95.3217 2 2.641 1.9712 -38.9608 -0.599465 4.51504e-197 -5.60256e-197 0.800401 2.649 2.1 6 0.048 3 13 48
95.3383 2 2.641 1.9712 -38.9608 -0.599465 4.51504e-197 -5.60256e-197 0.800401 2.649 2.1 6 0.048 3 13 48
95.355 2 2.641 1.9712 -38.9608 -0.599465 4.51504e-197 -5.60256e-197 0.800401 2.649 2.1 6 0.048 3 13 48
95.3717 2 2.641 1.9712 -38.9608 -0.599465 4.51504e-197 -5.60256e-197 0.800401 2.649 2.1 6 0.048 3 13 48
95.3883 2 2.641 1.9712 -38.9608 -0.599465 4.51504e-197 -5.60256e-197 0.800401 2.649 2.1 6 0.048 3 13 48
95.405 2 2.641 1.9712 -38.9608 -0.599465 4.51504e-197 -5.60256e-197 0.800401 2.649 2.1 6 0.048 3 13 48
95.4217 2 2.641 1.9712 -38.9608 -0.599465 4.51504e-197 -5.60256e-197 0.800401 2.649 2.1 6 0.048 3 13 48
95.4383 2 2.641 1.9712 -38.9608 -0.599465 4.51504e-197 -5.60256e-197 0.800401 2.649 2.1 6 0.048 3 13 48
95.455 2 2.641 1.9712 -38.9608 -0.599465 4.51504e-197 -5.60256e-197 0.800401 2.649 2.1 6 0.048 3 13 48
95.4717 2 2.641 1.9712 -38.9608 -0.599465 4.51504e-197 -5.60256e-197 0.800401 2.649 2.1 6 0.048 3 13 48
95.4883 2 2.641 1.9712 -38.9608 -0.599465 4.51504e-197 -5.60256e-197 0.800401 2.649 2.1 6 0.048 3 13 48
95.505 2 2.641 1.9712 -38.9608 -0.599465 4.51504e-197 -5.60256e-197 0.800401 2.649 2.1 6 0.048 3 13 48
95.5217 2 2.641 1.9712 -38.9608 -0.599465 4.51504e-197 -5.60256e-197 0.800401 2.649 2.1 6 0.048 3 13 48
95.5383 2 2.641 1.9712 -38.9608 -0.599465 4.51504e-197 -5.60256e-197 0.800401 2.649 2.1 6 0.048 3 13 48
95.555 2 2.641 1.9712 -38.9608 -0.599465 4.51504e-197 -5.60256e-197 0.800401 2.649 2.1 6 0.048 3 13 48
95.5717 2 2.641 1.9712 -38.9608 -0.599465 4.51504e-197 -5.60256e-197 0.800401 2.649 2.1 6 0.048 3 13 48
95.5883 2 2.641 1.9712 -38.9608 -0.599465 4.51504e-197 -5.60256e-197 0.800401 2.649 2.1 6 0.048 3 13 48
95.605 2 2.641 1.9712 -38.9608 -0.599465 4.51504e-197 -5.60256e-197 0.800401 2.649 2.1 6 0.048 3 13 48
95.6217 2 2.641 1.9712 -38.9608 -0.599465 4.51504e-197 -5.60256e-197 0.800401 2.649 2.1 6 0.048 3 13 48
95.6383 2 2.641 1.9712 -38.9608 -0.599465 4.51504e-197 -5.60256e-197 0.800401 2.649 2.1 6 0.048 3 13 48
95.655 2 2.641 1.9712 -38.9608 -0.599465 4.51504e-197 -5.60256e-197 0.800401 2.649 2.1 6 0.048 3 13 48
95.6717 2 2.641 1.9712 -38.9608 -0.599465 4.51504e-197 -5.60256e-197 0.800401 2.649 2.1 6 0.048 3 13 48
95.6883 2 2.641 1.9712 -38.9608 -0.599465 4.51504e-197 -5.60256e-197 0.800401 2.649 2.1 6 0.048 3 13 48
95.705 2 2.641 1.9712 -38.9608 -0.599465 4.51504e-197 -5.60256e-197 0.800401 2.649 2.1 6 0.048 3 13 48
95.7217 2 2.641 1.9712 -38.9608 -0.599465 4.51504e-197 -5.60256e-197 0.800401 2.649 2.1 6 0.048 3 13 48
95.7383 2 2.641 1.9712 -38.9608 -0.599465 4.51504e-197 -5.60256e-197 0.800401 2.649 2.1 6 0.048 3 13 48
95.755 2 2.641 1.9712 -38.9608 -0.599465 4.51504e-197 -5.60256e-197 0.800401 2.649 2.1 6 0.048 3 13 48
95.7717 2 2.641 1.9712 -38.9608 -0.599465 4.51504e-197 -5.60256e-197 0.800401 2.649 2.1 6 0.048 3 13 48
95.7883 2 2.641 1.9712 -38.9608 -0.599465 4.51504e-197 -5.60256e-197 0.800401 2.649 2.1 6 0.048 3 13 48
95.805 2 2.641 1.9712 -38.9608 -0.599465 4.51504e-197 -5.60256e-197 0.800401 2.649 2.1 6 0.048 3 13 48
95.8217 2 2.641 1.9712 -38.9608 -0.599465 4.51504e-197 -5.60256e-197 0.800401 2.649 2.1 6 0.048 3 13 48
95.8383 2 2.641 1.9712 -38.9608 -0.599465 4.51504e-197 -5.60256e-197 0.800401 2.649 2.1 6 0.048 3 13 48
95.855 2 2.641 1.9712 -38.9608 -0.599465 4.51504e-197 -5.60256e-197 0.800401 2.649 2.1 6 0.048 3 13 48
95.8717 2 2.641 1.9712 -38.9608 -0.599465 4.51504e-197 -5.60256e-197 0.800401 2.649 2.1 6 0.048 3 13 48
95.8883 2 2.641 1.9712 -38.9608 -0.599465 4.51504e-197 -5.60256e-197 0.800401 2.649 2.1 6 0.048 3 13 48
95.905 2 2.641 1.9712 -38.9608 -0.599465 4.51504e-197 -5.60256e-197 0.800401 2.649 2.1 6 0.048 3 13 48
95.9217 2 2.641 1.9712 -38.9608 -0.599465 4.51504e-197 -5.60256e-197 0.800401 2.649 2.1 6 0.048 3 13 48
95.9383 2 2.641 1.9712 -38.9608 -0.599465 4.51504e-197 -5.60256e-197 0.800401 2.649 2.1 6 0.048 3 13 48
95.955 2 2.641 1.9712 -38.9608 -0.599465 4.51504e-197 -5.60256e-197 0.800401 2.649 2.1 6 0.048 3 13 48
95.9717 2 2.641 1.9712 -38.9608 -0.599465 4.51504e-197 -5.60256e-197 0.800401 2.649 2.1 6 0.048 3 13 48
95.9883 2 2.641 1.9712 -38.9608 -0.599465 4.51504e-197 -5.60256e-197 0.800401 2.649 2.1 6 0.048 3 13 48
96.005 2 2.641 1.9712 -38.9608 -0.599465 4.51504e-197 -5.60256e-197 0.800401 2.649 2.1 6 0.048 3 13 48
96.0217 2 2.641 1.9712 -38.9608 -0.599465 4.51504e-197 -5.60256e-197 0.800401 2.649 2.1 6 0.048 3 13 48
96.0383 2 2.641 1.9712 -38.9608 -0.599465 4.51504e-197 -5.60256e-197 0.800401 2.649 2.1 6 0.048 3 13 48
96.055 2 2.641 1.9712 -38.9608 -0.599465 4.51504e-197 -5.60256e-197 0.800401 2.649 2.1 6 0.048 3 13 48
96.0717 2 2.641 1.9712 -38.9608 -0.599465 4.51504e-197 -5.60256e-197 0.800401 2.649 2.1 6 0.048 3 13 48
96.0883 2 2.641 1.9712 -38.9608 -0.599465 4.51504e-197 -5.60256e-197 0.800401 2.649 2.1 6 0.048 3 13 48
96.105 2 2.641 1.9712 -38.9608 -0.599465 4.51504e-197 -5.60256e-197 0.800401 2.649 2.1 6 0.048 3 13 48
96.1217 2 2.641 1.9712 -38.9608 -0.599465 4.51504e-197 -5.60256e-197 0.800401 2.649 2.1 6 0.048 3 13 48
96.1383 2 2.641 1.9712 -38.9608 -0.599465 4.51504e-197 -5.60256e-197 0.800401 2.649 2.1 6 0.048 3 13 48
96.155 2 2.641 1.9712 -38.9608 -0.599465 4.51504e-197 -5.60256e-197 0.800401 2.649 2.1 6 0.048 3 13 48
96.1717 2 2.641 1.9712 -38.9608 -0.599465 4.51504e-197 -5.60256e-197 0.800401 2.649 2.1 6 0.048 3 13 48
96.1883 2 2.641 1.9712 -38.9608 -0.599465 4.51504e-197 -5.60256e-197 0.800401 2.649 2.1 6 0.048 3 13 48
96.205 2 2.641 1.9712 -38.9608 -0.599465 4.51504e-197 -5.60256e-197 0.800401 2.649 2.1 6 0.048 3 13 48
96.2217 2 2.641 1.9712 -38.9608 -0.599465 4.51504e-197 -5.60256e-197 0.800401 2.649 2.1 6 0.048 3 13 48
96.2383 2 2.641 1.9712 -38.9608 -0.599465 4.51504e-197 -5.60256e-197 0.800401 2.649 2.1 6 0.048 3 13 48
96.255 2 2.641 1.9712 -38.9608 -0.599465 4.51504e-197 -5.60256e-197 0.800401 2.649 2.1 6 0.048 3 13 48
96.2717 2 2.641 1.9712 -38.9608 -0.599465 4.51504e-197 -5.60256e-197 0.800401 2.649 2.1 6 0.048 3 13 48
96.2883 2 2.641 1.9712 -38.9608 -0.599465 4.51504e-197 -5.60256e-197 0.800401 2.649 2.1 6 0.048 3 13 48
96.305 2 2.641 1.9712 -38.9608 -0.599465 4.51504e-197 -5.60256e-197 0.800401 2.649 2.1 6 0.048 3 13 48
96.3217 2 2.641 1.9712 -38.9608 -0.599465 4.51504e-197 -5.60256e-197 0.800401 2.649 2.1 6 0.048 3 13 48
96.3383 2 2.641 1.9712 -38.9608 -0.599465 4.51504e-197 -5.60256e-197 0.800401 2.649 2.1 6 0.048 3 13 48
96.355 2 2.641 1.9712 -38.9608 -0.599465 4.51504e-197 -5.60256e-197 0.800401 2.649 2.1 6 0.048 3 13 48
96.3717 2 2.641 1.9712 -38.9608 -0.599465 4.51504e-197 -5.60256e-197 0.800401 2.649 2.1 6 0.048 3 13 48
96.3883 2 2.641 1.9712 -38.9608 -0.599465 4.51504e-197 -5.60256e-197 0.800401 2.649 2.1 6 0.048 3 13 48
96.405 2 2.641 1.9712 -38.9608 -0.599465 4.51504e-197 -5.60256e-197 0.800401 2.649 2.1 6 0.048 3 13 48
96.4217 2 2.641 1.9712 -38.9608 -0.599465 4.51504e-197 -5.60256e-197 0.800401 2.649 2.1 6 0.048 3 13 48
96.4383 2 2.641 1.9712 -38.9608 -0.599465 4.51504e-197 -5.60256e-197 0.800401 2.649 2.1 6 0.048 3 13 48
96.455 2 2.641 1.9712 -38.9608 -0.599465 4.51504e-197 -5.60256e-197 0.800401 2.649 2.1 6 0.048 3 13 48
96.4717 2 2.641 1.9712 -38.9608 -0.599465 4.51504e-197 -5.60256e-197 0.800401 2.649 2.1 6 0.048 3 13 48
96.4883 2 2.641 1.9712 -38.9608 -0.599465 4.51504e-197 -5.60256e-197 0.800401 2.649 2.1 6 0.048 3 13 48
96.505 2 2.641 1.9712 -38.9608 -0.599465 4.51504e-197 -5.60256e-197 0.800401 2.649 2.1 6 0.048 3 13 48
96.5217 2 2.641 1.9712 -38.9608 -0.599465 4.51504e-197 -5.60256e-197 0.800401 2.649 2.1 6 0.048 3 13 48
96.5383 2 2.641 1.9712 -38.9608 -0.599465 4.51504e-197 -5.60256e-197 0.800401 2.649 2.1 6 0.048 3 13 48
96.555 2 2.641 1.9712 -38.9608 -0.599465 4.51504e-197 -5.60256e-197 0.800401 2.649 2.1 6 0.048 3 13 48
96.5717 2 2.641 1.9712 -38.9608 -0.599465 4.51504e-197 -5.60256e-197 0.800401 2.649 2.1 6 0.048 3 13 48
96.5883 2 2.641 1.9712 -38.9608 -0.599465 4.51504e-197 -5.60256e-197 0.800401 2.649 2.1 6 0.048 3 13 48
96.605 2 2.641 1.9712 -38.9608 -0.599465 4.51504e-197 -5.60256e-197 0.800401 2.649 2.1 6 0.048 3 13 48
96.6217 2 2.641 1.9712 -38.9608 -0.599465 4.51504e-197 -5.60256e-197 0.800401 2.649 2.1 6 0.048 3 13 48
96.6383 2 2.641 1.9712 -38.9608 -0.599465 4.51504e-197 -5.60256e-197 0.800401 2.649 2.1 6 0.048 3 13 48
96.655 2 2.641 1.9712 -38.9608 -0.599465 4.51504e-197 -5.60256e-197 0.800401 2.649 2.1 6 0.048 3 13 48
96.6717 2 2.641 1.9712 -38.9608 -0.599465 4.51504e-197 -5.60256e-197 0.800401 2.649 2.1 6 0.048 3 13 48
96.6883 2 2.641 1.9712 -38.9608 -0.599465 4.51504e-197 -5.60256e-197 0.800401 2.649 2.1 6 0.048 3 13 48
96.705 2 2.641 1.9712 -38.9608 -0.599465 4.51504e-197 -5.60256e-197 0.800401 2.649 2.1 6 0.048 3 13 48
96.7217 2 2.641 1.9712 -38.9608 -0.599465 4.51504e-197 -5.60256e-197 0.800401 2.649 2.1 6 0.048 3 13 48
96.7383 2 2.641 1.9712 -38.9608 -0.599465 4.51504e-197 -5.60256e-197 0.800401 2.649 2.1 6 0.048 3 13 48
96.755 2 2.641 1.9712 -38.9608 -0.599465 4.51504e-197 -5.60256e-197 0.800401 2.649 2.1 6 0.048 3 13 48
96.7717 2 2.641 1.9712 -38.9608 -0.599465 4.51504e-197 -5.60256e-197 0.800401 2.649 2.1 6 0.048 3 13 48
96.7883 2 2.641 1.9712 -38.9608 -0.599465 4.51504e-197 -5.60256e-197 0.800401 2.649 2.1 6 0.048 3 13 48
96.805 2 2.641 1.9712 -38.9608 -0.599465 4.51504e-197 -5.60256e-197 0.800401 2.649 2.1 6 0.048 3 13 48
96.8217 2 2.641 1.9712 -38.9608 -0.599465 4.51504e-197 -5.60256e-197 0.800401 2.649 2.1 6 0.048 3 13 48
96.8383 2 2.641 1.9712 -38.9608 -0.599465 4.51504e-197 -5.60256e-197 0.800401 2.649 2.1 6 0.048 3 13 48
96.855 2 2.641 1.9712 -38.9608 -0.599465 4.51504e-197 -5.60256e-197 0.800401 2.649 2.1 6 0.048 3 13 48
96.8717 2 2.641 1.9712 -38.9608 -0.599465 4.51504e-197 -5.60256e-197 0.800401 2.649 2.1 6 0.048 3 13 48
96.8883 2 2.641 1.9712 -38.9608 -0.599465 4.51504e-197 -5.60256e-197 0.800401 2.649 2.1 6 0.048 3 13 48
96.905 2 2.641 1.9712 -38.9608 -0.599465 4.51504e-197 -5.60256e-197 0.800401 2.649 2.1 6 0.048 3 13 48
96.9217 2 2.641 1.9712 -38.9608 -0.599465 4.51504e-197 -5.60256e-197 0.800401 2.649 2.1 6 0.048 3 13 48
96.9383 2 2.641 1.9712 -38.9608 -0.599465 4.51504e-197 -5.60256e-197 0.800401 2.649 2.1 6 0.048 3 13 48
96.955 2 2.641 1.9712 -38.9608 -0.599465 4.51504e-197 -5.60256e-197 0.800401 2.649 2.1 6 0.048 3 13 48
96.9717 2 2.641 1.9712 -38.9608 -0.599465 4.51504e-197 -5.60256e-197 0.800401 2.649 2.1 6 0.048 3 13 48
96.9883 2 2.641 1.9712 -38.9608 -0.599465 4.51504e-197 -5.60256e-197 0.800401 2.649 2.1 6 0.048 3 13 48
97.005 2 2.641 1.9712 -38.9608 -0.599465 4.51504e-197 -5.60256e-197 0.800401 2.649 2.1 6 0.048 3 13 48
97.0217 2 2.641 1.9712 -38.9608 -0.599465 4.51504e-197 -5.60256e-197 0.800401 2.649 2.1 6 0.048 3 13 48
97.0383 2 2.641 1.9712 -38.9608 -0.599465 4.51504e-197 -5.60256e-197 0.800401 2.649 2.1 6 0.048 3 13 48
97.055 2 2.641 1.9712 -38.9608 -0.599465 4.51504e-197 -5.60256e-197 0.800401 2.649 2.1 6 0.048 3 13 48
97.0717 2 2.641 1.9712 -38.9608 -0.599465 4.51504e-197 -5.60256e-197 0.800401 2.649 2.1 6 0.048 3 13 48
97.0883 2 2.641 1.9712 -38.9608 -0.599465 4.51504e-197 -5.60256e-197 0.800401 2.649 2.1 6 0.048 3 13 48
97.105 2 2.641 1.9712 -38.9608 -0.599465 4.51504e-197 -5.60256e-197 0.800401 2.649 2.1 6 0.048 3 13 48
97.1217 3 -21.6952 5.58952 -218.689 -0.707998 0.622268 -0.225784 -0.246056 2.649 2.1 6 0.048 3 13 48
97.1383 3 -21.6952 5.58952 -218.689 -0.707998 0.622268 -0.225784 -0.246056 2.649 2.1 6 0.048 3 13 48
97.155 3 -21.6952 5.58952 -218.689 -0.707998 0.622268 -0.225784 -0.246056 2.649 2.1 6 0.048 3 13 48
97.1717 3 -21.6952 5.58952 -218.689 -0.707998 0.622268 -0.225784 -0.246056 2.649 2.1 6 0.048 3 13 48
97.1883 3 -21.6952 5.58952 -218.689 -0.707998 0.622268 -0.225784 -0.246056 2.649 2.1 6 0.048 3 13 48
97.205 3 -21.6952 5.58952 -218.689 -0.707998 0.622268 -0.225784 -0.246056 2.649 2.1 6 0.048 3 13 48
97.2217 3 -21.6952 5.58952 -218.689 -0.707998 0.622268 -0.225784 -0.246056 2.649 2.1 6 0.048 3 13 48
97.2383 3 -21.6952 5.58952 -218.689 -0.707998 0.622268 -0.225784 -0.246056 2.649 2.1 6 0.048 3 13 48
97.255 3 -21.6952 5.58952 -218.689 -0.707998 0.622268 -0.225784 -0.246056 2.649 2.1 6 0.048 3 13 48
97.2717 3 -21.6952 5.58952 -218.689 -0.707998 0.622268 -0.225784 -0.246056 2.649 2.1 6 0.048 3 13 48
97.2883 3 -21.6952 5.58952 -218.689 -0.707998 0.622268 -0.225784 -0.246056 2.649 2.1 6 0.048 3 13 48
97.305 3 -21.6952 5.58952 -218.689 -0.707998 0.622268 -0.225784 -0.246056 2.649 2.1 6 0.048 3 13 48
97.3217 3 -21.6952 5.58952 -218.689 -0.707998 0.622268 -0.225784 -0.246056 2.649 2.1 6 0.048 3 13 48
97.3383 3 -21.6952 5.58952 -218.689 -0.707998 0.622268 -0.225784 -0.246056 2.649 2.1 6 0.048 3 13 48
97.355 3 -21.6952 5.58952 -218.689 -0.707998 0.622268 -0.225784 -0.246056 2.649 2.1 6 0.048 3 13 48
97.3717 3 -21.6952 5.58952 -218.689 -0.707998 0.622268 -0.225784 -0.246056 2.649 2.1 6 0.048 3 13 48
97.3883 3 -21.6952 5.58952 -218.689 -0.707998 0.622268 -0.225784 -0.246056 2.649 2.1 6 0.048 3 13 48
97.405 3 -21.6952 5.58952 -218.689 -0.707998 0.622268 -0.225784 -0.246056 2.649 2.1 6 0.048 3 13 48
97.4217 3 -21.6952 5.58952 -218.689 -0.707998 0.622268 -0.225784 -0.246056 2.649 2.1 6 0.048 3 13 48
97.4383 3 -21.6952 5.58952 -218.689 -0.707998 0.622268 -0.225784 -0.246056 2.649 2.1 6 0.048 3 13 48
97.455 3 -21.6952 5.58952 -218.689 -0.707998 0.622268 -0.225784 -0.246056 2.649 2.1 6 0.048 3 13 48
97.4717 3 -21.6952 5.58952 -218.689 -0.707998 0.622268 -0.225784 -0.246056 2.649 2.1 6 0.048 3 13 48
97.4883 3 -21.6952 5.58952 -218.689 -0.707998 0.622268 -0.225784 -0.246056 2.649 2.1 6 0.048 3 13 48
97.505 3 -21.6952 5.58952 -218.689 -0.707998 0.622268 -0.225784 -0.246056 2.649 2.1 6 0.048 3 13 48
97.5217 3 -21.6952 5.58952 -218.689 -0.707998 0.622268 -0.225784 -0.246056 2.649 2.1 6 0.048 3 13 48
97.5396 3 -21.6952 5.58952 -218.689 -0.707998 0.622268 -0.225784 -0.246056 2.649 2.1 6 0.048 3 13 48
97.5622 3 -21.6952 5.58952 -218.689 -0.707998 0.622268 -0.225784 -0.246056 2.649 2.1 6 0.048 3 13 48
97.5789 3 -21.6952 5.58952 -218.689 -0.707998 0.622268 -0.225784 -0.246056 2.649 2.1 6 0.048 3 13 48
97.6052 3 -21.6952 5.58952 -218.689 -0.707998 0.622268 -0.225784 -0.246056 2.649 2.1 6 0.048 3 13 48
97.6219 3 -21.6952 5.58952 -218.689 -0.707998 0.622268 -0.225784 -0.246056 2.649 2.1 6 0.048 3 13 48
97.6484 3 -21.6952 5.58952 -218.689 -0.707998 0.622268 -0.225784 -0.246056 2.649 2.1 6 0.048 3 13 48
97.665 3 -21.6952 5.58952 -218.689 -0.707998 0.622268 -0.225784 -0.246056 2.649 2.1 6 0.048 3 13 48
97.6924 3 -21.6952 5.58952 -218.689 -0.707998 0.622268 -0.225784 -0.246056 2.649 2.1 6 0.048 3 13 48
97.7146 3 -21.6952 5.58952 -218.689 -0.707998 0.622268 -0.225784 -0.246056 2.649 2.1 6 0.048 3 13 48
97.7313 3 -21.6952 5.58952 -218.689 -0.707998 0.622268 -0.225784 -0.246056 2.649 2.1 6 0.048 3 13 48
97.7584 3 -21.6952 5.58952 -218.689 -0.707998 0.622268 -0.225784 -0.246056 2.649 2.1 6 0.048 3 13 48
97.7751 3 -21.6952 5.58952 -218.689 -0.707998 0.622268 -0.225784 -0.246056 2.649 2.1 6 0.048 3 13 48
97.7999 3 -21.6952 5.58952 -218.689 -0.707998 0.622268 -0.225784 -0.246056 2.649 2.1 6 0.048 3 13 48
97.8166 3 -21.6952 5.58952 -218.689 -0.707998 0.622268 -0.225784 -0.246056 2.649 2.1 6 0.048 3 13 48
97.8429 3 -21.6952 5.58952 -218.689 -0.707998 0.622268 -0.225784 -0.246056 2.649 2.1 6 0.048 3 13 48
97.8644 3 -21.6952 5.58952 -218.689 -0.707998 0.622268 -0.225784 -0.246056 2.649 2.1 6 0.048 3 13 48
97.8811 3 -21.6952 5.58952 -218.689 -0.707998 0.622268 -0.225784 -0.246056 2.649 2.1 6 0.048 3 13 48
97.909 3 -21.6952 5.58952 -218.689 -0.707998 0.622268 -0.225784 -0.246056 2.649 2.1 6 0.048 3 13 48
97.9257 3 -21.6952 5.58952 -218.689 -0.707998 0.622268 -0.225784 -0.246056 2.649 2.1 6 0.048 3 13 48
97.9526 3 -21.6952 5.58952 -218.689 -0.707998 0.622268 -0.225784 -0.246056 2.649 2.1 6 0.048 3 13 48
97.9693 3 -21.6952 5.58952 -218.689 -0.707998 0.622268 -0.225784 -0.246056 2.649 2.1 6 0.048 3 13 48
97.9968 3 -21.6952 5.58952 -218.689 -0.707998 0.622268 -0.225784 -0.246056 2.649 2.1 6 0.048 3 13 48
98.019 3 -21.6952 5.58952 -218.689 -0.707998 0.622268 -0.225784 -0.246056 2.649 2.1 6 0.048 3 13 48
98.0357 3 -21.6952 5.58952 -218.689 -0.707998 0.622268 -0.225784 -0.246056 2.649 2.1 6 0.048 3 13 48
98.0636 3 -21.6952 5.58952 -218.689 -0.707998 0.622268 -0.225784 -0.246056 2.649 2.1 6 0.048 3 13 48
98.0803 3 -21.6952 5.58952 -218.689 -0.707998 0.622268 -0.225784 -0.246056 2.649 2.1 6 0.048 3 13 48
98.108 3 -21.6952 5.58952 -218.689 -0.707998 0.622268 -0.225784 -0.246056 2.649 2.1 6 0.048 3 13 48
98.1246 3 -21.6952 5.58952 -218.689 -0.707998 0.622268 -0.225784 -0.246056 2.649 2.1 6 0.048 3 13 48
98.1543 3 -21.6952 5.58952 -218.689 -0.707998 0.622268 -0.225784 -0.246056 2.649 2.1 6 0.048 3 13 48
98.1772 3 -21.6952 5.58952 -218.689 -0.707998 0.622268 -0.225784 -0.246056 2.649 2.1 6 0.048 3 13 48
98.1938 3 -21.6952 5.58952 -218.689 -0.707998 0.622268 -0.225784 -0.246056 2.649 2.1 6 0.048 3 13 48
98.2232 3 -21.6952 5.58952 -218.689 -0.707998 0.622268 -0.225784 -0.246056 2.649 2.1 6 0.048 3 13 48
98.2398 3 -21.6952 5.58952 -218.689 -0.707998 0.622268 -0.225784 -0.246056 2.649 2.1 6 0.048 3 13 48
98.2659 3 -21.6952 5.58952 -218.689 -0.707998 0.622268 -0.225784 -0.246056 2.649 2.1 6 0.048 3 13 48
98.2826 3 -21.6952 5.58952 -218.689 -0.707998 0.622268 -0.225784 -0.246056 2.649 2.1 6 0.048 3 13 48
98.307 3 -21.6952 5.58952 -218.689 -0.707998 0.622268 -0.225784 -0.246056 2.649 2.1 6 0.048 3 13 48
98.3283 3 -21.6952 5.58952 -218.689 -0.707998 0.622268 -0.225784 -0.246056 2.649 2.1 6 0.048 3 13 48
98.3449 3 -21.6952 5.58952 -218.689 -0.707998 0.622268 -0.225784 -0.246056 2.649 2.1 6 0.048 3 13 48
98.373 3 -21.6952 5.58952 -218.689 -0.707998 0.622268 -0.225784 -0.246056 2.649 2.1 6 0.048 3 13 48
98.3896 3 -21.6952 5.58952 -218.689 -0.707998 0.622268 -0.225784 -0.246056 2.649 2.1 6 0.048 3 13 48
98.4158 3 -21.6952 5.58952 -218.689 -0.707998 0.622268 -0.225784 -0.246056 2.649 2.1 6 0.048 3 13 48
98.4325 3 -21.6952 5.58952 -218.689 -0.707998 0.622268 -0.225784 -0.246056 2.649 2.1 6 0.048 3 13 48
98.4589 3 -21.6952 5.58952 -218.689 -0.707998 0.622268 -0.225784 -0.246056 2.649 2.1 6 0.048 3 13 48
98.4806 3 -21.6952 5.58952 -218.689 -0.707998 0.622268 -0.225784 -0.246056 2.649 2.1 6 0.048 3 13 48
98.4972 3 -21.6952 5.58952 -218.689 -0.707998 0.622268 -0.225784 -0.246056 2.649 2.1 6 0.048 3 13 48
98.5247 3 -21.6952 5.58952 -218.689 -0.707998 0.622268 -0.225784 -0.246056 2.649 2.1 6 0.048 3 13 48
98.5413 3 -21.6952 5.58952 -218.689 -0.707998 0.622268 -0.225784 -0.246056 2.649 2.1 6 0.048 3 13 48
98.5663 3 -21.6952 5.58952 -218.689 -0.707998 0.622268 -0.225784 -0.246056 2.649 2.1 6 0.048 3 13 48
98.5829 3 -21.6952 5.58952 -218.689 -0.707998 0.622268 -0.225784 -0.246056 2.649 2.1 6 0.048 3 13 48
98.6081 3 -21.6952 5.58952 -218.689 -0.707998 0.622268 -0.225784 -0.246056 2.649 2.1 6 0.048 3 13 48
98.6297 3 -21.6952 5.58952 -218.689 -0.707998 0.622268 -0.225784 -0.246056 2.649 2.1 6 0.048 3 13 48
98.6464 3 -21.6952 5.58952 -218.689 -0.707998 0.622268 -0.225784 -0.246056 2.649 2.1 6 0.048 3 13 48
98.6724 3 -21.6952 5.58952 -218.689 -0.707998 0.622268 -0.225784 -0.246056 2.649 2.1 6 0.048 3 13 48
98.6891 3 -21.6952 5.58952 -218.689 -0.707998 0.622268 -0.225784 -0.246056 2.649 2.1 6 0.048 3 13 48
98.7139 3 -21.6952 5.58952 -218.689 -0.707998 0.622268 -0.225784 -0.246056 2.649 2.1 6 0.048 3 13 48
98.7305 3 -21.6952 5.58952 -218.689 -0.707998 0.622268 -0.225784 -0.246056 2.649 2.1 6 0.048 3 13 48
98.7558 3 -21.6952 5.58952 -218.689 -0.707998 0.622268 -0.225784 -0.246056 2.649 2.1 6 0.048 3 13 48
98.778 3 -21.6952 5.58952 -218.689 -0.707998 0.622268 -0.225784 -0.246056 2.649 2.1 6 0.048 3 13 48
98.7946 3 -21.6952 5.58952 -218.689 -0.707998 0.622268 -0.225784 -0.246056 2.649 2.1 6 0.048 3 13 48
98.8202 3 -21.6952 5.58952 -218.689 -0.707998 0.622268 -0.225784 -0.246056 2.649 2.1 6 0.048 3 13 48
98.8369 3 -21.6952 5.58952 -218.689 -0.707998 0.622268 -0.225784 -0.246056 2.649 2.1 6 0.048 3 13 48
98.8611 3 -21.6952 5.58952 -218.689 -0.707998 0.622268 -0.225784 -0.246056 2.649 2.1 6 0.048 3 13 48
98.8778 3 -21.6952 5.58952 -218.689 -0.707998 0.622268 -0.225784 -0.246056 2.649 2.1 6 0.048 3 13 48
98.9018 3 -21.6952 5.58952 -218.689 -0.707998 0.622268 -0.225784 -0.246056 2.649 2.1 6 0.048 3 13 48
98.9229 3 -21.6952 5.58952 -218.689 -0.707998 0.622268 -0.225784 -0.246056 2.649 2.1 6 0.048 3 13 48
98.9396 3 -21.6952 5.58952 -218.689 -0.707998 0.622268 -0.225784 -0.246056 2.649 2.1 6 0.048 3 13 48
98.9562 3 -21.6952 5.58952 -218.689 -0.707998 0.622268 -0.225784 -0.246056 2.649 2.1 6 0.048 3 13 48
98.985 3 -21.6952 5.58952 -218.689 -0.707998 0.622268 -0.225784 -0.246056 2.649 2.1 6 0.048 3 13 48
99.0016 3 -21.6952 5.58952 -218.689 -0.707998 0.622268 -0.225784 -0.246056 2.649 2.1 6 0.048 3 13 48
99.0249 3 -21.6952 5.58952 -218.689 -0.707998 0.622268 -0.225784 -0.246056 2.649 2.1 6 0.048 3 13 48
99.0449 3 -21.6952 5.58952 -218.689 -0.707998 0.622268 -0.225784 -0.246056 2.649 2.1 6 0.048 3 13 48
99.0616 3 -21.6952 5.58952 -218.689 -0.707998 0.622268 -0.225784 -0.246056 2.649 2.1 6 0.048 3 13 48
99.0839 3 -21.6952 5.58952 -218.689 -0.707998 0.622268 -0.225784 -0.246056 2.649 2.1 6 0.048 3 13 48
99.1041 3 -21.6952 5.58952 -218.689 -0.707998 0.622268 -0.225784 -0.246056 2.649 2.1 6 0.048 3 13 48
99.1246 3 -21.6952 5.58952 -218.689 -0.707998 0.622268 -0.225784 -0.246056 2.649 2.1 6 0.048 3 13 48
99.1412 3 -21.6952 5.58952 -218.689 -0.707998 0.622268 -0.225784 -0.246056 2.649 2.1 6 0.048 3 13 48
99.1637 3 -21.6952 5.58952 -218.689 -0.707998 0.622268 -0.225784 -0.246056 2.649 2.1 6 0.048 3 13 48
99.1804 3 -21.6952 5.58952 -218.689 -0.707998 0.622268 -0.225784 -0.246056 2.649 2.1 6 0.048 3 13 48
99.2012 3 -21.6952 5.58952 -218.689 -0.707998 0.622268 -0.225784 -0.246056 2.649 2.1 6 0.048 3 13 48
99.2204 3 -21.6952 5.58952 -218.689 -0.707998 0.622268 -0.225784 -0.246056 2.649 2.1 6 0.048 3 13 48
99.237 3 -21.6952 5.58952 -218.689 -0.707998 0.622268 -0.225784 -0.246056 2.649 2.1 6 0.048 3 13 48
99.2592 3 -21.6952 5.58952 -218.689 -0.707998 0.622268 -0.225784 -0.246056 2.649 2.1 6 0.048 3 13 48
99.2758 3 -21.6952 5.58952 -218.689 -0.707998 0.622268 -0.225784 -0.246056 2.649 2.1 6 0.048 3 13 48
99.2977 3 -21.6952 5.58952 -218.689 -0.707998 0.622268 -0.225784 -0.246056 2.649 2.1 6 0.048 3 13 48
99.3144 3 -21.6952 5.58952 -218.689 -0.707998 0.622268 -0.225784 -0.246056 2.649 2.1 6 0.048 3 13 48
99.3355 3 -21.6952 5.58952 -218.689 -0.707998 0.622268 -0.225784 -0.246056 2.649 2.1 6 0.048 3 13 48
99.3521 3 -21.6952 5.58952 -218.689 -0.707998 0.622268 -0.225784 -0.246056 2.649 2.1 6 0.048 3 13 48
99.3733 3 -21.6952 5.58952 -218.689 -0.707998 0.622268 -0.225784 -0.246056 2.649 2.1 6 0.048 3 13 48
99.3922 3 -21.6952 5.58952 -218.689 -0.707998 0.622268 -0.225784 -0.246056 2.649 2.1 6 0.048 3 13 48
99.4088 3 -21.6952 5.58952 -218.689 -0.707998 0.622268 -0.225784 -0.246056 2.649 2.1 6 0.048 3 13 48
99.4295 3 -21.6952 5.58952 -218.689 -0.707998 0.622268 -0.225784 -0.246056 2.649 2.1 6 0.048 3 13 48
99.4461 3 -21.6952 5.58952 -218.689 -0.707998 0.622268 -0.225784 -0.246056 2.649 2.1 6 0.048 3 13 48
99.4666 3 -21.6952 5.58952 -218.689 -0.707998 0.622268 -0.225784 -0.246056 2.649 2.1 6 0.048 3 13 48
99.4833 3 -21.6952 5.58952 -218.689 -0.707998 0.622268 -0.225784 -0.246056 2.649 2.1 6 0.048 3 13 48
99.5037 3 -21.6952 5.58952 -218.689 -0.707998 0.622268 -0.225784 -0.246056 2.649 2.1 6 0.048 3 13 48
99.5228 3 -21.6952 5.58952 -218.689 -0.707998 0.622268 -0.225784 -0.246056 2.649 2.1 6 0.048 3 13 48
99.5395 3 -21.6952 5.58952 -218.689 -0.707998 0.622268 -0.225784 -0.246056 2.649 2.1 6 0.048 3 13 48
99.5606 3 -21.6952 5.58952 -218.689 -0.707998 0.622268 -0.225784 -0.246056 2.649 2.1 6 0.048 3 13 48
99.5772 3 -21.6952 5.58952 -218.689 -0.707998 0.622268 -0.225784 -0.246056 2.649 2.1 6 0.048 3 13 48
99.5976 3 -21.6952 5.58952 -218.689 -0.707998 0.622268 -0.225784 -0.246056 2.649 2.1 6 0.048 3 13 48
99.6143 3 -21.6952 5.58952 -218.689 -0.707998 0.622268 -0.225784 -0.246056 2.649 2.1 6 0.048 3 13 48
99.6347 3 -21.6952 5.58952 -218.689 -0.707998 0.622268 -0.225784 -0.246056 2.649 2.1 6 0.048 3 13 48
99.6537 3 -21.6952 5.58952 -218.689 -0.707998 0.622268 -0.225784 -0.246056 2.649 2.1 6 0.048 3 13 48
99.6704 3 -21.6952 5.58952 -218.689 -0.707998 0.622268 -0.225784 -0.246056 2.649 2.1 6 0.048 3 13 48
99.6912 3 -21.6952 5.58952 -218.689 -0.707998 0.622268 -0.225784 -0.246056 2.649 2.1 6 0.048 3 13 48
99.7079 3 -21.6952 5.58952 -218.689 -0.707998 0.622268 -0.225784 -0.246056 2.649 2.1 6 0.048 3 13 48
99.7283 3 -21.6952 5.58952 -218.689 -0.707998 0.622268 -0.225784 -0.246056 2.649 2.1 6 0.048 3 13 48
99.745 3 -21.6952 5.58952 -218.689 -0.707998 0.622268 -0.225784 -0.246056 2.649 2.1 6 0.048 3 13 48
99.7655 3 -21.6952 5.58952 -218.689 -0.707998 0.622268 -0.225784 -0.246056 2.649 2.1 6 0.048 3 13 48
99.7846 3 -21.6952 5.58952 -218.689 -0.707998 0.622268 -0.225784 -0.246056 2.649 2.1 6 0.048 3 13 48
99.8013 3 -21.6952 5.58952 -218.689 -0.707998 0.622268 -0.225784 -0.246056 2.649 2.1 6 0.048 3 13 48
99.8222 3 -21.6952 5.58952 -218.689 -0.707998 0.622268 -0.225784 -0.246056 2.649 2.1 6 0.048 3 13 48
99.8388 3 -21.6952 5.58952 -218.689 -0.707998 0.622268 -0.225784 -0.246056 2.649 2.1 6 0.048 3 13 48
99.8593 3 -21.6952 5.58952 -218.689 -0.707998 0.622268 -0.225784 -0.246056 2.649 2.1 6 0.048 3 13 48
99.876 3 -21.6952 5.58952 -218.689 -0.707998 0.622268 -0.225784 -0.246056 2.649 2.1 6 0.048 3 13 48
99.8963 3 -21.6952 5.58952 -218.689 -0.707998 0.622268 -0.225784 -0.246056 2.649 2.1 6 0.048 3 13 48
99.9154 3 -21.6952 5.58952 -218.689 -0.707998 0.622268 -0.225784 -0.246056 2.649 2.1 6 0.048 3 13 48
99.9321 3 -21.6952 5.58952 -218.689 -0.707998 0.622268 -0.225784 -0.246056 2.649 2.1 6 0.048 3 13 48
99.9533 3 -21.6952 5.58952 -218.689 -0.707998 0.622268 -0.225784 -0.246056 2.649 2.1 6 0.048 3 13 48
99.9699 3 -21.6952 5.58952 -218.689 -0.707998 0.622268 -0.225784 -0.246056 2.649 2.1 6 0.147 3 13 48
99.9902 3 -21.6952 5.58952 -218.689 -0.707998 0.622268 -0.225784 -0.246056 2.649 2.1 6 0.147 3 13 48
100.007 3 -21.6952 5.58952 -218.689 -0.707998 0.622268 -0.225784 -0.246056 2.649 2.1 6 0.147 3 13 48
100.027 3 -21.6952 5.58952 -218.689 -0.707998 0.622268 -0.225784 -0.246056 2.649 2.1 6 0.147 3 13 48
100.046 3 -21.6952 5.58952 -218.689 -0.707998 0.622268 -0.225784 -0.246056 2.649 2.1 6 0.147 3 13 48
100.063 3 -21.6952 5.58952 -218.689 -0.707998 0.622268 -0.225784 -0.246056 2.649 2.1 6 0.147 3 13 48
100.086 3 -21.6952 5.58952 -218.689 -0.707998 0.622268 -0.225784 -0.246056 2.649 2.1 6 0.147 3 13 48
100.102 3 -21.6952 5.58952 -218.689 -0.707998 0.622268 -0.225784 -0.246056 2.649 2.1 6 0.147 3 13 48
100.125 3 -21.6952 5.58952 -218.689 -0.707998 0.622268 -0.225784 -0.246056 2.649 2.1 6 0.147 3 13 48
100.141 3 -21.6952 5.58952 -218.689 -0.707998 0.622268 -0.225784 -0.246056 2.649 2.1 6 0.147 3 13 48
100.164 3 -21.6952 5.58952 -218.689 -0.707998 0.622268 -0.225784 -0.246056 2.649 2.1 6 0.147 3 13 48
100.184 3 -21.6952 5.58952 -218.689 -0.707998 0.622268 -0.225784 -0.246056 2.649 2.1 6 0.147 3 13 48
100.2 3 -21.6952 5.58952 -218.689 -0.707998 0.622268 -0.225784 -0.246056 2.649 2.1 6 0.147 3 13 48
100.223 3 -21.6952 5.58952 -218.689 -0.707998 0.622268 -0.225784 -0.246056 2.649 2.1 6 0.147 3 13 48
100.24 3 -21.6952 5.58952 -218.689 -0.707998 0.622268 -0.225784 -0.246056 2.649 2.1 6 0.147 3 13 48
100.262 3 -21.6952 5.58952 -218.689 -0.707998 0.622268 -0.225784 -0.246056 2.649 2.1 6 0.147 3 13 48
100.279 3 -21.6952 5.58952 -218.689 -0.707998 0.622268 -0.225784 -0.246056 2.649 2.1 6 0.147 3 13 48
100.301 3 -21.6952 5.58952 -218.689 -0.707998 0.622268 -0.225784 -0.246056 2.649 2.1 6 0.147 3 13 48
100.322 3 -21.6952 5.58952 -218.689 -0.707998 0.622268 -0.225784 -0.246056 2.649 2.1 6 0.147 3 13 48
100.338 3 -21.6952 5.58952 -218.689 -0.707998 0.622268 -0.225784 -0.246056 2.649 2.1 6 0.147 3 13 48
100.361 3 -21.6952 5.58952 -218.689 -0.707998 0.622268 -0.225784 -0.246056 2.649 2.1 6 0.147 3 13 48
100.378 3 -21.6952 5.58952 -218.689 -0.707998 0.622268 -0.225784 -0.246056 2.649 2.1 6 0.147 3 13 48
100.4 3 -21.6952 5.58952 -218.689 -0.707998 0.622268 -0.225784 -0.246056 2.649 2.1 6 0.147 3 13 48
100.417 3 -21.6952 5.58952 -218.689 -0.707998 0.622268 -0.225784 -0.246056 2.649 2.1 6 0.147 3 13 48
100.439 3 -21.6952 5.58952 -218.689 -0.707998 0.622268 -0.225784 -0.246056 2.649 2.1 6 0.147 3 13 48
100.459 3 -21.6952 5.58952 -218.689 -0.707998 0.622268 -0.225784 -0.246056 2.649 2.1 6 0.147 3 13 48
100.476 3 -21.6952 5.58952 -218.689 -0.707998 0.622268 -0.225784 -0.246056 2.649 2.1 6 0.147 3 13 48
100.499 3 -21.6952 5.58952 -218.689 -0.707998 0.622268 -0.225784 -0.246056 2.649 2.1 6 0.147 3 13 48
100.516 3 -21.6952 5.58952 -218.689 -0.707998 0.622268 -0.225784 -0.246056 2.649 2.1 6 0.147 3 13 48
100.538 3 -21.6952 5.58952 -218.689 -0.707998 0.622268 -0.225784 -0.246056 2.649 2.1 6 0.147 3 13 48
100.555 3 -21.6952 5.58952 -218.689 -0.707998 0.622268 -0.225784 -0.246056 2.649 2.1 6 0.147 3 13 48
100.578 3 -21.6952 5.58952 -218.689 -0.707998 0.622268 -0.225784 -0.246056 2.649 2.1 6 0.147 3 13 48
100.598 3 -21.6952 5.58952 -218.689 -0.707998 0.622268 -0.225784 -0.246056 2.649 2.1 6 0.147 3 13 48
100.614 3 -21.6952 5.58952 -218.689 -0.707998 0.622268 -0.225784 -0.246056 2.649 2.1 6 0.147 3 13 48
100.638 3 -21.6952 5.58952 -218.689 -0.707998 0.622268 -0.225784 -0.246056 2.649 2.1 6 0.147 3 13 48
100.654 3 -21.6952 5.58952 -218.689 -0.707998 0.622268 -0.225784 -0.246056 2.649 2.1 6 0.147 3 13 48
100.677 3 -21.6952 5.58952 -218.689 -0.707998 0.622268 -0.225784 -0.246056 2.649 2.1 6 0.147 3 13 48
100.694 3 -21.6952 5.58952 -218.689 -0.707998 0.622268 -0.225784 -0.246056 2.649 2.1 6 0.147 3 13 48
100.716 3 -21.6952 5.58952 -218.689 -0.707998 0.622268 -0.225784 -0.246056 2.649 2.1 6 0.147 3 13 48
100.736 3 -21.6952 5.58952 -218.689 -0.707998 0.622268 -0.225784 -0.246056 2.649 2.1 6 0.147 3 13 48
100.753 3 -21.6952 5.58952 -218.689 -0.707998 0.622268 -0.225784 -0.246056 2.649 2.1 6 0.147 3 13 48
100.776 3 -21.6952 5.58952 -218.689 -0.707998 0.622268 -0.225784 -0.246056 2.649 2.1 6 0.147 3 13 48
100.793 3 -21.6952 5.58952 -218.689 -0.707998 0.622268 -0.225784 -0.246056 2.649 2.1 6 0.147 3 13 48
100.815 3 -21.6952 5.58952 -218.689 -0.707998 0.622268 -0.225784 -0.246056 2.649 2.1 6 0.147 3 13 48
100.832 3 -21.6952 5.58952 -218.689 -0.707998 0.622268 -0.225784 -0.246056 2.649 2.1 6 0.147 3 13 48
100.854 3 -21.6952 5.58952 -218.689 -0.707998 0.622268 -0.225784 -0.246056 2.649 2.1 6 0.147 3 13 48
100.874 3 -21.6952 5.58952 -218.689 -0.707998 0.622268 -0.225784 -0.246056 2.649 2.1 6 0.147 3 13 48
100.891 3 -21.6952 5.58952 -218.689 -0.707998 0.622268 -0.225784 -0.246056 2.649 2.1 6 0.147 3 13 48
100.914 3 -21.6952 5.58952 -218.689 -0.707998 0.622268 -0.225784 -0.246056 2.649 2.1 6 0.147 3 13 48
100.931 3 -21.6952 5.58952 -218.689 -0.707998 0.622268 -0.225784 -0.246056 2.649 2.1 6 0.147 3 13 48
100.953 3 -21.6952 5.58952 -218.689 -0.707998 0.622268 -0.225784 -0.246056 2.649 2.1 6 0.147 3 13 48
100.97 3 -21.6952 5.58952 -218.689 -0.707998 0.622268 -0.225784 -0.246056 2.649 2.1 6 0.147 3 13 48
100.992 3 -21.6952 5.58952 -218.689 -0.707998 0.622268 -0.225784 -0.246056 2.649 2.1 6 0.147 3 13 48
101.012 3 -21.6952 5.58952 -218.689 -0.707998 0.622268 -0.225784 -0.246056 2.649 2.1 6 0.147 3 13 48
101.029 3 -21.6952 5.58952 -218.689 -0.707998 0.622268 -0.225784 -0.246056 2.649 2.1 6 0.147 3 13 48
101.052 3 -21.6952 5.58952 -218.689 -0.707998 0.622268 -0.225784 -0.246056 2.649 2.1 6 0.147 3 13 48
101.069 3 -21.6952 5.58952 -218.689 -0.707998 0.622268 -0.225784 -0.246056 2.649 2.1 6 0.147 3 13 48
101.091 3 -21.6952 5.58952 -218.689 -0.707998 0.622268 -0.225784 -0.246056 2.649 2.1 6 0.147 3 13 48
101.108 3 -21.6952 5.58952 -218.689 -0.707998 0.622268 -0.225784 -0.246056 2.649 2.1 6 0.147 3 13 48
101.13 3 -21.6952 5.58952 -218.689 -0.707998 0.622268 -0.225784 -0.246056 2.649 2.1 6 0.147 3 13 48
101.15 3 -21.6952 5.58952 -218.689 -0.707998 0.622268 -0.225784 -0.246056 2.649 2.1 6 0.147 3 13 48
101.167 3 -21.6952 5.58952 -218.689 -0.707998 0.622268 -0.225784 -0.246056 2.649 2.1 6 0.147 3 13 48
101.19 3 -21.6952 5.58952 -218.689 -0.707998 0.622268 -0.225784 -0.246056 2.649 2.1 6 0.147 3 13 48
101.207 3 -21.6952 5.58952 -218.689 -0.707998 0.622268 -0.225784 -0.246056 2.649 2.1 6 0.147 3 13 48
101.229 3 -21.6952 5.58952 -218.689 -0.707998 0.622268 -0.225784 -0.246056 2.649 2.1 6 0.147 3 13 48
101.246 3 -21.6952 5.58952 -218.689 -0.707998 0.622268 -0.225784 -0.246056 2.649 2.1 6 0.147 3 13 48
101.268 3 -21.6952 5.58952 -218.689 -0.707998 0.622268 -0.225784 -0.246056 2.649 2.1 6 0.147 3 13 48
101.289 3 -21.6952 5.58952 -218.689 -0.707998 0.622268 -0.225784 -0.246056 2.649 2.1 6 0.147 3 13 48
101.306 3 -21.6952 5.58952 -218.689 -0.707998 0.622268 -0.225784 -0.246056 2.649 2.1 6 0.147 3 13 48
101.328 3 -21.6952 5.58952 -218.689 -0.707998 0.622268 -0.225784 -0.246056 2.649 2.1 6 0.147 3 13 48
101.345 3 -21.6952 5.58952 -218.689 -0.707998 0.622268 -0.225784 -0.246056 2.649 2.1 6 0.147 3 13 48
101.367 3 -21.6952 5.58952 -218.689 -0.707998 0.622268 -0.225784 -0.246056 2.649 2.1 6 0.147 3 13 48
101.384 3 -21.6952 5.58952 -218.689 -0.707998 0.622268 -0.225784 -0.246056 2.649 2.1 6 0.147 3 13 48
101.407 3 -21.6952 5.58952 -218.689 -0.707998 0.622268 -0.225784 -0.246056 2.649 2.1 6 0.147 3 13 48
101.427 3 -21.6952 5.58952 -218.689 -0.707998 0.622268 -0.225784 -0.246056 2.649 2.1 6 0.147 3 13 48
101.443 3 -21.6952 5.58952 -218.689 -0.707998 0.622268 -0.225784 -0.246056 2.649 2.1 6 0.147 3 13 48
101.466 3 -21.6952 5.58952 -218.689 -0.707998 0.622268 -0.225784 -0.246056 2.649 2.1 6 0.147 3 13 48
101.483 3 -21.6952 5.58952 -218.689 -0.707998 0.622268 -0.225784 -0.246056 2.649 2.1 6 0.147 3 13 48
101.505 3 -21.6952 5.58952 -218.689 -0.707998 0.622268 -0.225784 -0.246056 2.649 2.1 6 0.147 3 13 48
101.522 3 -21.6952 5.58952 -218.689 -0.707998 0.622268 -0.225784 -0.246056 2.649 2.1 6 0.147 3 13 48
101.545 3 -21.6952 5.58952 -218.689 -0.707998 0.622268 -0.225784 -0.246056 2.649 2.1 6 0.147 3 13 48
101.565 3 -21.6952 5.58952 -218.689 -0.707998 0.622268 -0.225784 -0.246056 2.649 2.1 6 0.147 3 13 48
101.581 3 -21.6952 5.58952 -218.689 -0.707998 0.622268 -0.225784 -0.246056 2.649 2.1 6 0.147 3 13 48
101.604 3 -21.6952 5.58952 -218.689 -0.707998 0.622268 -0.225784 -0.246056 2.649 2.1 6 0.147 3 13 48
101.621 3 -21.6952 5.58952 -218.689 -0.707998 0.622268 -0.225784 -0.246056 2.649 2.1 6 0.147 3 13 48
101.643 3 -21.6952 5.58952 -218.689 -0.707998 0.622268 -0.225784 -0.246056 2.649 2.1 6 0.147 3 13 48
101.66 3 -21.6952 5.58952 -218.689 -0.707998 0.622268 -0.225784 -0.246056 2.649 2.1 6 0.147 3 13 48
101.682 3 -21.6952 5.58952 -218.689 -0.707998 0.622268 -0.225784 -0.246056 2.649 2.1 6 0.147 3 13 48
101.702 3 -21.6952 5.58952 -218.689 -0.707998 0.622268 -0.225784 -0.246056 2.649 2.1 6 0.147 3 13 48
101.719 3 -21.6952 5.58952 -218.689 -0.707998 0.622268 -0.225784 -0.246056 2.649 2.1 6 0.147 3 13 48
101.742 3 -21.6952 5.58952 -218.689 -0.707998 0.622268 -0.225784 -0.246056 2.649 2.1 6 0.147 3 13 48
101.759 3 -21.6952 5.58952 -218.689 -0.707998 0.622268 -0.225784 -0.246056 2.649 2.1 6 0.147 3 13 48
101.781 3 -21.6952 5.58952 -218.689 -0.707998 0.622268 -0.225784 -0.246056 2.649 2.1 6 0.147 3 13 48
101.798 3 -21.6952 5.58952 -218.689 -0.707998 0.622268 -0.225784 -0.246056 2.649 2.1 6 0.147 3 13 48
101.82 3 -21.6952 5.58952 -218.689 -0.707998 0.622268 -0.225784 -0.246056 2.649 2.1 6 0.147 3 13 48
101.84 3 -21.6952 5.58952 -218.689 -0.707998 0.622268 -0.225784 -0.246056 2.649 2.1 6 0.147 3 13 48
101.858 3 -21.6952 5.58952 -218.689 -0.707998 0.622268 -0.225784 -0.246056 2.649 2.1 6 0.147 3 13 48
101.88 3 -21.6952 5.58952 -218.689 -0.707998 0.622268 -0.225784 -0.246056 2.649 2.1 6 0.147 3 13 48
101.897 3 -21.6952 5.58952 -218.689 -0.707998 0.622268 -0.225784 -0.246056 2.649 2.1 6 0.147 3 13 48
101.919 3 -21.6952 5.58952 -218.689 -0.707998 0.622268 -0.225784 -0.246056 2.649 2.1 6 0.147 3 13 48
101.936 3 -21.6952 5.58952 -218.689 -0.707998 0.622268 -0.225784 -0.246056 2.649 2.1 6 0.147 3 13 48
101.959 3 -21.6952 5.58952 -218.689 -0.707998 0.622268 -0.225784 -0.246056 2.649 2.1 6 0.147 3 13 48
101.978 3 -21.6952 5.58952 -218.689 -0.707998 0.622268 -0.225784 -0.246056 2.649 2.1 6 0.147 3 13 48
101.995 3 -21.6952 5.58952 -218.689 -0.707998 0.622268 -0.225784 -0.246056 2.649 2.1 6 0.147 3 13 48
102.018 3 -21.6952 5.58952 -218.689 -0.707998 0.622268 -0.225784 -0.246056 2.649 2.1 6 0.147 3 13 48
102.035 3 -21.6952 5.58952 -218.689 -0.707998 0.622268 -0.225784 -0.246056 2.649 2.1 6 0.147 3 13 48
102.058 3 -21.6952 5.58952 -218.689 -0.707998 0.622268 -0.225784 -0.246056 2.649 2.1 6 0.147 3 13 48
102.075 3 -21.6952 5.58952 -218.689 -0.707998 0.622268 -0.225784 -0.246056 2.649 2.1 6 0.147 3 13 48
102.097 3 -21.6952 5.58952 -218.689 -0.707998 0.622268 -0.225784 -0.246056 2.649 2.1 6 0.147 3 13 48
102.117 3 -21.6952 5.58952 -218.689 -0.707998 0.622268 -0.225784 -0.246056 2.649 2.1 6 0.147 3 13 48
102.134 3 -21.6952 5.58952 -218.689 -0.707998 0.622268 -0.225784 -0.246056 2.649 2.1 6 0.147 3 13 48
102.157 3 -21.6952 5.58952 -218.689 -0.707998 0.622268 -0.225784 -0.246056 2.649 2.1 6 0.147 3 13 48
102.174 3 -21.6952 5.58952 -218.689 -0.707998 0.622268 -0.225784 -0.246056 2.649 2.1 6 0.147 3 13 48
102.196 3 -21.6952 5.58952 -218.689 -0.707998 0.622268 -0.225784 -0.246056 2.649 2.1 6 0.147 3 13 48
102.213 3 -21.6952 5.58952 -218.689 -0.707998 0.622268 -0.225784 -0.246056 2.649 2.1 6 0.147 3 13 48
102.235 3 -21.6952 5.58952 -218.689 -0.707998 0.622268 -0.225784 -0.246056 2.649 2.1 6 0.147 3 13 48
102.255 3 -21.6952 5.58952 -218.689 -0.707998 0.622268 -0.225784 -0.246056 2.649 2.1 6 0.147 3 13 48
102.272 3 -21.6952 5.58952 -218.689 -0.707998 0.622268 -0.225784 -0.246056 2.649 2.1 6 0.147 3 13 48
102.295 3 -21.6952 5.58952 -218.689 -0.707998 0.622268 -0.225784 -0.246056 2.649 2.1 6 0.147 3 13 48
102.312 3 -21.6952 5.58952 -218.689 -0.707998 0.622268 -0.225784 -0.246056 2.649 2.1 6 0.147 3 13 48
102.335 3 -21.6952 5.58952 -218.689 -0.707998 0.622268 -0.225784 -0.246056 2.649 2.1 5.896 0.147 3 13 48
102.352 3 -21.6952 5.58952 -218.689 -0.707998 0.622268 -0.225784 -0.246056 2.649 2.1 5.896 0.147 3 13 48
102.374 3 -21.6952 5.58952 -218.689 -0.707998 0.622268 -0.225784 -0.246056 2.649 2.1 5.896 0.147 3 13 48
102.394 3 -21.6952 5.58952 -218.689 -0.707998 0.622268 -0.225784 -0.246056 2.649 2.1 5.896 0.147 3 13 48
102.411 3 -21.6952 5.58952 -218.689 -0.707998 0.622268 -0.225784 -0.246056 2.649 2.1 5.896 0.147 3 13 48
102.434 3 -21.6952 5.58952 -218.689 -0.707998 0.622268 -0.225784 -0.246056 2.649 2.1 5.896 0.147 3 13 48
102.45 3 -21.6952 5.58952 -218.689 -0.707998 0.622268 -0.225784 -0.246056 2.649 2.1 5.896 0.147 3 13 48
102.473 3 -21.6952 5.58952 -218.689 -0.707998 0.622268 -0.225784 -0.246056 2.649 2.1 5.896 0.147 3 13 48
102.49 3 -21.6952 5.58952 -218.689 -0.707998 0.622268 -0.225784 -0.246056 2.649 2.1 5.896 0.147 3 13 48
102.512 3 -21.6952 5.58952 -218.689 -0.707998 0.622268 -0.225784 -0.246056 2.649 2.1 5.896 0.147 3 13 48
102.533 3 -21.6952 5.58952 -218.689 -0.707998 0.622268 -0.225784 -0.246056 2.649 2.1 5.896 0.147 3 13 48
102.549 3 -21.6952 5.58952 -218.689 -0.707998 0.622268 -0.225784 -0.246056 2.649 2.1 5.896 0.147 3 13 48
102.572 3 -21.6952 5.58952 -218.689 -0.707998 0.622268 -0.225784 -0.246056 2.649 2.1 5.896 0.147 3 13 48
102.589 3 -21.6952 5.58952 -218.689 -0.707998 0.622268 -0.225784 -0.246056 2.649 2.1 5.896 0.147 3 13 48
102.612 3 -21.6952 5.58952 -218.689 -0.707998 0.622268 -0.225784 -0.246056 2.649 2.1 5.896 0.147 3 13 48
102.628 3 -21.6952 5.58952 -218.689 -0.707998 0.622268 -0.225784 -0.246056 2.649 2.1 5.896 0.147 3 13 48
102.651 3 -21.6952 5.58952 -218.689 -0.707998 0.622268 -0.225784 -0.246056 2.649 2.1 5.896 0.147 3 13 48
102.671 3 -21.6952 5.58952 -218.689 -0.707998 0.622268 -0.225784 -0.246056 2.649 2.1 5.896 0.147 3 13 48
102.688 3 -21.6952 5.58952 -218.689 -0.707998 0.622268 -0.225784 -0.246056 2.649 2.1 5.976 0.147 3 13 48
102.711 3 -21.6952 5.58952 -218.689 -0.707998 0.622268 -0.225784 -0.246056 2.649 2.1 6.056 0.147 3 13 48
102.728 3 -21.6952 5.58952 -218.689 -0.707998 0.622268 -0.225784 -0.246056 2.649 2.1 6.135 0.147 3 13 48
102.75 3 -21.6952 5.58952 -218.689 -0.707998 0.622268 -0.225784 -0.246056 2.649 2.1 6.295 0.147 3 13 48
102.767 3 -21.6952 5.58952 -218.689 -0.707998 0.622268 -0.225784 -0.246056 2.649 2.1 6.375 0.147 3 13 48
102.79 3 -21.6952 5.58952 -218.689 -0.707998 0.622268 -0.225784 -0.246056 2.649 2.1 6.454 0.147 3 13 48
102.81 3 -21.6952 5.58952 -218.689 -0.707998 0.622268 -0.225784 -0.246056 2.649 2.1 6.614 0.147 3 13 48
102.827 3 -21.6952 5.58952 -218.689 -0.707998 0.622268 -0.225784 -0.246056 2.649 2.1 6.614 0.147 3 13 48
102.85 3 -21.6952 5.58952 -218.689 -0.707998 0.622268 -0.225784 -0.246056 2.649 2.1 6.693 0.147 3 13 48
102.867 3 -21.6952 5.58952 -218.689 -0.707998 0.622268 -0.225784 -0.246056 2.649 2.1 6.693 0.147 3 13 48
102.889 3 -21.6952 5.58952 -218.689 -0.707998 0.622268 -0.225784 -0.246056 2.649 2.1 6.773 0.147 3 13 48
102.906 3 -21.6952 5.58952 -218.689 -0.707998 0.622268 -0.225784 -0.246056 2.649 2.1 6.853 0.147 3 13 48
102.929 3 -21.6952 5.58952 -218.689 -0.707998 0.622268 -0.225784 -0.246056 2.649 2.1 7.012 0.147 3 13 48
102.949 3 -21.6952 5.58952 -218.689 -0.707998 0.622268 -0.225784 -0.246056 2.649 2.1 7.092 0.147 3 13 48
102.966 3 -21.6952 5.58952 -218.689 -0.707998 0.622268 -0.225784 -0.246056 2.649 2.1 7.092 0.147 3 13 48
102.989 3 -21.6952 5.58952 -218.689 -0.707998 0.622268 -0.225784 -0.246056 2.649 2.1 7.171 0.147 3 13 48
103.005 3 -21.6952 5.58952 -218.689 -0.707998 0.622268 -0.225784 -0.246056 2.649 2.1 7.171 0.147 3 13 48
103.028 3 -21.6952 5.58952 -218.689 -0.707998 0.622268 -0.225784 -0.246056 2.649 2.1 7.331 0.147 3 13 48
103.045 3 -21.6952 5.58952 -218.689 -0.707998 0.622268 -0.225784 -0.246056 2.649 2.1 7.41 0.147 3 13 48
103.068 3 -21.6952 5.58952 -218.689 -0.707998 0.622268 -0.225784 -0.246056 2.649 2.1 7.49 0.147 3 13 48
103.088 3 -21.6952 5.58952 -218.689 -0.707998 0.622268 -0.225784 -0.246056 2.649 2.1 7.49 0.147 3 13 48
103.104 3 -21.6952 5.58952 -218.689 -0.707998 0.622268 -0.225784 -0.246056 2.649 2.1 7.57 0.147 3 13 48
103.127 3 -21.6952 5.58952 -218.689 -0.707998 0.622268 -0.225784 -0.246056 2.649 2.1 7.809 0.147 3 13 48
103.144 3 -21.6952 5.58952 -218.689 -0.707998 0.622268 -0.225784 -0.246056 2.649 2.1 7.888 0.147 3 13 48
103.167 3 -21.6952 5.58952 -218.689 -0.707998 0.622268 -0.225784 -0.246056 2.649 2.1 7.888 0.147 3 13 48
103.183 3 -21.6952 5.58952 -218.689 -0.707998 0.622268 -0.225784 -0.246056 2.649 2.1 7.968 0.147 3 13 48
103.206 3 -21.6952 5.58952 -218.689 -0.707998 0.622268 -0.225784 -0.246056 2.649 2.1 8.048 0.147 3 13 48
103.226 3 -21.6952 5.58952 -218.689 -0.707998 0.622268 -0.225784 -0.246056 2.649 2.1 8.287 0.147 3 13 48
103.243 3 -21.6952 5.58952 -218.689 -0.707998 0.622268 -0.225784 -0.246056 2.649 2.1 8.367 0.147 3 13 48
103.266 3 -21.6952 5.58952 -218.689 -0.707998 0.622268 -0.225784 -0.246056 2.649 2.1 8.367 0.147 3 13 48
103.283 3 -21.6952 5.58952 -218.689 -0.707998 0.622268 -0.225784 -0.246056 2.649 2.1 8.446 0.147 3 13 48
103.305 3 -21.6952 5.58952 -218.689 -0.707998 0.622268 -0.225784 -0.246056 2.649 2.1 8.526 0.147 3 13 48
103.322 3 -21.6952 5.58952 -218.689 -0.707998 0.622268 -0.225784 -0.246056 2.649 2.1 8.685 0.147 3 13 48
103.345 3 -21.6952 5.58952 -218.689 -0.707998 0.622268 -0.225784 -0.246056 2.649 2.1 8.845 0.147 3 13 48
103.365 3 -21.6952 5.58952 -218.689 -0.707998 0.622268 -0.225784 -0.246056 2.649 2.1 8.924 0.147 3 13 48
103.381 3 -21.6952 5.58952 -218.689 -0.707998 0.622268 -0.225784 -0.246056 2.649 2.1 9.004 0.147 3 13 48
103.405 3 -21.6952 5.58952 -218.689 -0.707998 0.622268 -0.225784 -0.246056 2.649 2.1 9.084 0.147 3 13 48
103.421 3 -21.6952 5.58952 -218.689 -0.707998 0.622268 -0.225784 -0.246056 2.649 2.1 9.084 0.147 3 13 48
103.444 3 -21.6952 5.58952 -218.689 -0.707998 0.622268 -0.225784 -0.246056 2.649 2.1 9.243 0.147 3 13 48
103.46 3 -21.6952 5.58952 -218.689 -0.707998 0.622268 -0.225784 -0.246056 2.649 2.1 9.323 0.147 3 13 48
103.483 3 -21.6952 5.58952 -218.689 -0.707998 0.622268 -0.225784 -0.246056 2.649 2.1 9.402 0.147 3 13 48
103.503 3 -21.6952 5.58952 -218.689 -0.707998 0.622268 -0.225784 -0.246056 2.649 2.1 9.482 0.147 3 13 48
103.52 3 -21.6952 5.58952 -218.689 -0.707998 0.622268 -0.225784 -0.246056 2.649 2.1 9.562 0.147 3 13 48
103.543 3 -21.6952 5.58952 -218.689 -0.707998 0.622268 -0.225784 -0.246056 2.649 2.1 9.641 0.147 3 13 48
103.56 3 -21.6952 5.58952 -218.689 -0.707998 0.622268 -0.225784 -0.246056 2.649 2.1 9.641 0.147 3 13 48
103.582 3 -21.6952 5.58952 -218.689 -0.707998 0.622268 -0.225784 -0.246056 2.649 2.1 9.641 0.147 3 13 48
103.599 3 -21.6952 5.58952 -218.689 -0.707998 0.622268 -0.225784 -0.246056 2.649 2.1 9.721 0.147 3 13 48
103.622 3 -21.6952 5.58952 -218.689 -0.707998 0.622268 -0.225784 -0.246056 2.649 2.1 9.801 0.147 3 13 48
103.642 3 -21.6952 5.58952 -218.689 -0.707998 0.622268 -0.225784 -0.246056 2.649 2.1 9.96 0.147 3 13 48
103.658 3 -21.6952 5.58952 -218.689 -0.707998 0.622268 -0.225784 -0.246056 2.649 2.1 10.04 0.147 3 13 48
103.682 3 -21.6952 5.58952 -218.689 -0.707998 0.622268 -0.225784 -0.246056 2.649 2.1 10.04 0.147 3 13 48
103.698 3 -21.6952 5.58952 -218.689 -0.707998 0.622268 -0.225784 -0.246056 2.649 2.1 10.04 0.147 3 13 48
103.721 3 -21.6952 5.58952 -218.689 -0.707998 0.622268 -0.225784 -0.246056 2.649 2.1 10.12 0.147 3 13 48
103.738 3 -21.6952 5.58952 -218.689 -0.707998 0.622268 -0.225784 -0.246056 2.649 2.1 10.12 0.147 3 13 48
103.76 3 -21.6952 5.58952 -218.689 -0.707998 0.622268 -0.225784 -0.246056 2.649 2.1 10.199 0.147 3 13 48
103.78 3 -21.6952 5.58952 -218.689 -0.707998 0.622268 -0.225784 -0.246056 2.649 2.1 10.279 0.147 3 13 48
103.797 3 -21.6952 5.58952 -218.689 -0.707998 0.622268 -0.225784 -0.246056 2.649 2.1 10.279 0.147 3 13 48
103.82 3 -21.6952 5.58952 -218.689 -0.707998 0.622268 -0.225784 -0.246056 2.649 2.1 10.359 0.147 3 13 48
103.837 3 -21.6952 5.58952 -218.689 -0.707998 0.622268 -0.225784 -0.246056 2.649 2.1 10.359 0.147 3 13 48
103.859 3 -21.6952 5.58952 -218.689 -0.707998 0.622268 -0.225784 -0.246056 2.649 2.1 10.438 0.147 3 13 48
103.876 3 -21.6952 5.58952 -218.689 -0.707998 0.622268 -0.225784 -0.246056 2.649 2.1 10.518 0.147 3 13 48
103.899 3 -21.6952 5.58952 -218.689 -0.707998 0.622268 -0.225784 -0.246056 2.649 2.1 10.598 0.147 3 13 48
103.919 3 -21.6952 5.58952 -218.689 -0.707998 0.622268 -0.225784 -0.246056 2.649 2.1 10.677 0.147 3 13 48
103.935 3 -21.6952 5.58952 -218.689 -0.707998 0.622268 -0.225784 -0.246056 2.649 2.1 10.677 0.147 3 13 48
103.958 3 -21.6952 5.58952 -218.689 -0.707998 0.622268 -0.225784 -0.246056 2.649 2.1 10.677 0.147 3 13 48
103.975 3 -21.6952 5.58952 -218.689 -0.707998 0.622268 -0.225784 -0.246056 2.649 2.1 10.677 0.147 3 13 48
103.997 3 -21.6952 5.58952 -218.689 -0.707998 0.622268 -0.225784 -0.246056 2.649 2.1 10.757 0.147 3 13 48
104.014 3 -21.6952 5.58952 -218.689 -0.707998 0.622268 -0.225784 -0.246056 2.649 2.1 10.757 0.147 3 13 48
104.037 3 -21.6952 5.58952 -218.689 -0.707998 0.622268 -0.225784 -0.246056 2.649 2.1 10.837 0.147 3 13 48
104.057 3 -21.6952 5.58952 -218.689 -0.707998 0.622268 -0.225784 -0.246056 2.649 2.1 10.837 0.147 3 13 48
104.074 3 -21.6952 5.58952 -218.689 -0.707998 0.622268 -0.225784 -0.246056 2.649 2.1 10.916 0.147 3 13 48
104.097 3 -21.6952 5.58952 -218.689 -0.707998 0.622268 -0.225784 -0.246056 2.649 2.1 10.916 0.147 3 13 48
104.113 3 -21.6952 5.58952 -218.689 -0.707998 0.622268 -0.225784 -0.246056 2.649 2.1 10.916 0.147 3 13 48
104.136 3 -21.6952 5.58952 -218.689 -0.707998 0.622268 -0.225784 -0.246056 2.649 2.1 10.996 0.147 3 13 48
104.152 3 -21.6952 5.58952 -218.689 -0.707998 0.622268 -0.225784 -0.246056 2.649 2.1 10.996 0.147 3 13 48
104.175 3 -21.6952 5.58952 -218.689 -0.707998 0.622268 -0.225784 -0.246056 2.649 2.1 10.996 0.147 3 13 48
104.195 3 -21.6952 5.58952 -218.689 -0.707998 0.622268 -0.225784 -0.246056 2.649 2.1 10.996 0.147 3 13 48
104.215 3 -21.6952 5.58952 -218.689 -0.707998 0.622268 -0.225784 -0.246056 2.649 2.1 11.076 0.147 3 13 48
104.232 3 -21.6952 5.58952 -218.689 -0.707998 0.622268 -0.225784 -0.246056 2.649 2.1 11.076 0.147 3 13 48
104.254 3 -21.6952 5.58952 -218.689 -0.707998 0.622268 -0.225784 -0.246056 2.649 2.1 11.155 0.147 3 13 48
104.271 3 -21.6952 5.58952 -218.689 -0.707998 0.622268 -0.225784 -0.246056 2.649 2.1 11.155 0.147 3 13 48
104.293 3 -21.6952 5.58952 -218.689 -0.707998 0.622268 -0.225784 -0.246056 2.649 2.1 11.235 0.147 3 13 48
104.313 3 -21.6952 5.58952 -218.689 -0.707998 0.622268 -0.225784 -0.246056 2.649 2.1 11.315 0.147 3 13 48
104.333 3 -21.6952 5.58952 -218.689 -0.707998 0.622268 -0.225784 -0.246056 2.649 2.1 11.315 0.147 3 13 48
104.354 3 -21.6952 5.58952 -218.689 -0.707998 0.622268 -0.225784 -0.246056 2.649 2.1 11.315 0.147 3 13 48
104.37 3 -21.6952 5.58952 -218.689 -0.707998 0.622268 -0.225784 -0.246056 2.649 2.1 11.394 0.147 3 13 48
104.393 3 -21.6952 5.58952 -218.689 -0.707998 0.622268 -0.225784 -0.246056 2.649 2.1 11.394 0.147 3 13 48
104.41 3 -21.6952 5.58952 -218.689 -0.707998 0.622268 -0.225784 -0.246056 2.649 2.1 11.394 0.147 3 13 48
104.432 3 -21.6952 5.58952 -218.689 -0.707998 0.622268 -0.225784 -0.246056 2.649 2.1 11.474 0.147 3 13 48
104.452 3 -21.6952 5.58952 -218.689 -0.707998 0.622268 -0.225784 -0.246056 2.649 2.1 11.474 0.147 3 13 48
104.469 3 -21.6952 5.58952 -218.689 -0.707998 0.622268 -0.225784 -0.246056 2.649 2.1 11.554 0.147 3 13 48
104.492 3 -21.6952 5.58952 -218.689 -0.707998 0.622268 -0.225784 -0.246056 2.649 2.1 11.554 0.147 3 13 48
104.509 3 -21.6952 5.58952 -218.689 -0.707998 0.622268 -0.225784 -0.246056 2.649 2.1 11.554 0.147 3 13 48
104.532 3 -21.6952 5.58952 -218.689 -0.707998 0.622268 -0.225784 -0.246056 2.649 2.1 11.633 0.147 3 13 48
104.548 3 -21.6952 5.58952 -218.689 -0.707998 0.622268 -0.225784 -0.246056 2.649 2.1 11.633 0.147 3 13 48
104.571 3 -21.6952 5.58952 -218.689 -0.707998 0.622268 -0.225784 -0.246056 2.649 2.1 11.633 0.147 3 13 48
104.588 3 -21.6952 5.58952 -218.689 -0.707998 0.622268 -0.225784 -0.246056 2.649 2.1 11.633 0.147 3 13 48
104.61 3 -21.6952 5.58952 -218.689 -0.707998 0.622268 -0.225784 -0.246056 2.649 2.1 11.633 0.147 3 13 48
104.63 3 -21.6952 5.58952 -218.689 -0.707998 0.622268 -0.225784 -0.246056 2.649 2.1 11.633 0.147 3 13 48
104.647 3 -21.6952 5.58952 -218.689 -0.707998 0.622268 -0.225784 -0.246056 2.649 2.1 11.633 0.147 3 13 48
104.67 3 -21.6952 5.58952 -218.689 -0.707998 0.622268 -0.225784 -0.246056 2.649 2.1 11.633 0.147 3 13 48
104.686 3 -21.6952 5.58952 -218.689 -0.707998 0.622268 -0.225784 -0.246056 2.649 2.1 11.633 0.147 3 13 48
104.709 3 -21.6952 5.58952 -218.689 -0.707998 0.622268 -0.225784 -0.246056 2.649 2.1 11.633 0.147 3 13 48
104.726 3 -21.6952 5.58952 -218.689 -0.707998 0.622268 -0.225784 -0.246056 2.649 2.1 11.633 0.147 3 13 48
104.748 3 -21.6952 5.58952 -218.689 -0.707998 0.622268 -0.225784 -0.246056 2.649 2.1 11.633 0.147 3 13 48
104.768 3 -21.6952 5.58952 -218.689 -0.707998 0.622268 -0.225784 -0.246056 2.649 2.1 11.633 0.147 3 13 48
104.785 3 -21.6952 5.58952 -218.689 -0.707998 0.622268 -0.225784 -0.246056 2.649 2.1 11.633 0.147 3 13 48
104.808 3 -21.6952 5.58952 -218.689 -0.707998 0.622268 -0.225784 -0.246056 2.649 2.1 11.633 0.147 3 13 48
104.825 3 -21.6952 5.58952 -218.689 -0.707998 0.622268 -0.225784 -0.246056 2.649 2.1 11.633 0.147 3 13 48
104.847 3 -21.6952 5.58952 -218.689 -0.707998 0.622268 -0.225784 -0.246056 2.649 2.1 11.633 0.147 3 13 48
104.864 3 -21.6952 5.58952 -218.689 -0.707998 0.622268 -0.225784 -0.246056 2.649 2.1 11.633 0.147 3 13 48
104.886 3 -21.6952 5.58952 -218.689 -0.707998 0.622268 -0.225784 -0.246056 2.649 2.1 11.633 0.147 3 13 48
104.907 3 -21.6952 5.58952 -218.689 -0.707998 0.622268 -0.225784 -0.246056 2.649 2.1 11.633 0.147 3 13 48
104.923 3 -21.6952 5.58952 -218.689 -0.707998 0.622268 -0.225784 -0.246056 2.649 2.1 11.633 0.147 3 13 48
104.946 3 -21.6952 5.58952 -218.689 -0.707998 0.622268 -0.225784 -0.246056 2.649 2.1 11.633 0.147 3 13 48
104.963 3 -21.6952 5.58952 -218.689 -0.707998 0.622268 -0.225784 -0.246056 2.649 2.1 11.633 0.147 3 13 48
104.985 3 -21.6952 5.58952 -218.689 -0.707998 0.622268 -0.225784 -0.246056 2.649 2.1 11.633 0.147 3 13 48
105.002 3 -21.6952 5.58952 -218.689 -0.707998 0.622268 -0.225784 -0.246056 2.649 2.1 11.633 0.147 3 13 48
105.024 3 -21.6952 5.58952 -218.689 -0.707998 0.622268 -0.225784 -0.246056 2.649 2.1 11.633 0.147 3 13 48
105.044 3 -21.6952 5.58952 -218.689 -0.707998 0.622268 -0.225784 -0.246056 2.649 2.1 11.633 0.147 3 13 48
105.061 3 -21.6952 5.58952 -218.689 -0.707998 0.622268 -0.225784 -0.246056 2.649 2.1 11.633 0.147 3 13 48
105.084 3 -21.6952 5.58952 -218.689 -0.707998 0.622268 -0.225784 -0.246056 2.649 2.1 11.633 0.147 3 13 48
105.101 3 -21.6952 5.58952 -218.689 -0.707998 0.622268 -0.225784 -0.246056 2.649 2.1 11.633 0.147 3 13 48
105.123 3 -21.6952 5.58952 -218.689 -0.707998 0.622268 -0.225784 -0.246056 2.649 2.1 11.633 0.147 3 13 48
105.14 3 -21.6952 5.58952 -218.689 -0.707998 0.622268 -0.225784 -0.246056 2.649 2.1 11.633 0.147 3 13 48
105.162 3 -21.6952 5.58952 -218.689 -0.707998 0.622268 -0.225784 -0.246056 2.649 2.1 11.633 0.147 3 13 48
105.182 3 -21.6952 5.58952 -218.689 -0.707998 0.622268 -0.225784 -0.246056 2.649 2.1 11.633 0.147 3 13 48
105.199 3 -21.6952 5.58952 -218.689 -0.707998 0.622268 -0.225784 -0.246056 2.649 2.1 11.633 0.147 3 13 48
105.221 3 -21.6952 5.58952 -218.689 -0.707998 0.622268 -0.225784 -0.246056 2.649 2.1 11.633 0.147 3 13 48
105.238 3 -21.6952 5.58952 -218.689 -0.707998 0.622268 -0.225784 -0.246056 2.649 2.1 11.633 0.147 3 13 48
105.26 3 -21.6952 5.58952 -218.689 -0.707998 0.622268 -0.225784 -0.246056 2.649 2.1 11.633 0.147 3 13 48
105.277 3 -21.6952 5.58952 -218.689 -0.707998 0.622268 -0.225784 -0.246056 2.649 2.1 11.633 0.147 3 13 48
105.299 3 -21.6952 5.58952 -218.689 -0.707998 0.622268 -0.225784 -0.246056 2.649 2.1 11.633 0.147 3 13 48
105.319 3 -21.6952 5.58952 -218.689 -0.707998 0.622268 -0.225784 -0.246056 2.649 2.1 11.633 0.147 3 13 48
105.336 3 -21.6952 5.58952 -218.689 -0.707998 0.622268 -0.225784 -0.246056 2.649 2.1 11.633 0.147 3 13 48
105.359 3 -21.6952 5.58952 -218.689 -0.707998 0.622268 -0.225784 -0.246056 2.649 2.1 11.633 0.147 3 13 48
105.375 3 -21.6952 5.58952 -218.689 -0.707998 0.622268 -0.225784 -0.246056 2.649 2.1 11.633 0.147 3 13 48
105.398 3 -21.6952 5.58952 -218.689 -0.707998 0.622268 -0.225784 -0.246056 2.649 2.1 11.633 0.147 3 13 48
105.414 3 -21.6952 5.58952 -218.689 -0.707998 0.622268 -0.225784 -0.246056 2.649 2.1 11.633 0.147 3 13 48
105.437 3 -21.6952 5.58952 -218.689 -0.707998 0.622268 -0.225784 -0.246056 2.649 2.1 11.633 0.147 3 13 48
105.456 3 -21.6952 5.58952 -218.689 -0.707998 0.622268 -0.225784 -0.246056 2.649 2.1 11.633 0.147 3 13 48
105.473 3 -21.6952 5.58952 -218.689 -0.707998 0.622268 -0.225784 -0.246056 2.649 2.1 11.633 0.147 3 13 48
105.496 3 -21.6952 5.58952 -218.689 -0.707998 0.622268 -0.225784 -0.246056 2.649 2.1 11.633 0.147 3 13 48
105.513 3 -21.6952 5.58952 -218.689 -0.707998 0.622268 -0.225784 -0.246056 2.649 2.1 11.633 0.147 3 13 48
105.535 3 -21.6952 5.58952 -218.689 -0.707998 0.622268 -0.225784 -0.246056 2.649 2.1 11.633 0.147 3 13 48
105.552 3 -21.6952 5.58952 -218.689 -0.707998 0.622268 -0.225784 -0.246056 2.649 2.1 11.633 0.147 3 13 48
105.574 3 -21.6952 5.58952 -218.689 -0.707998 0.622268 -0.225784 -0.246056 2.649 2.1 11.633 0.147 3 13 48
105.594 3 -21.6952 5.58952 -218.689 -0.707998 0.622268 -0.225784 -0.246056 2.649 2.1 11.633 0.147 3 13 48
105.611 3 -21.6952 5.58952 -218.689 -0.707998 0.622268 -0.225784 -0.246056 2.649 2.1 11.633 0.147 3 13 48
105.635 3 -21.6952 5.58952 -218.689 -0.707998 0.622268 -0.225784 -0.246056 2.649 4.32 11.633 0.147 3 13 48
105.651 3 -21.6952 5.58952 -218.689 -0.707998 0.622268 -0.225784 -0.246056 2.649 4.32 11.633 0.147 3 13 48
105.673 3 -21.6952 5.58952 -218.689 -0.707998 0.622268 -0.225784 -0.246056 2.649 4.32 11.633 0.147 3 13 48
105.69 3 -21.6952 5.58952 -218.689 -0.707998 0.622268 -0.225784 -0.246056 2.649 4.32 11.633 0.147 3 13 48
105.713 3 -21.6952 5.58952 -218.689 -0.707998 0.622268 -0.225784 -0.246056 2.649 4.32 11.633 0.147 3 13 48
105.733 3 -21.6952 5.58952 -218.689 -0.707998 0.622268 -0.225784 -0.246056 2.649 4.32 11.633 0.147 3 13 48
105.749 3 -21.6952 5.58952 -218.689 -0.707998 0.622268 -0.225784 -0.246056 2.649 4.32 11.633 0.147 3 13 48
105.773 3 -21.6952 5.58952 -218.689 -0.707998 0.622268 -0.225784 -0.246056 2.649 4.32 11.633 0.147 3 13 48
105.789 3 -21.6952 5.58952 -218.689 -0.707998 0.622268 -0.225784 -0.246056 2.649 4.32 11.633 0.147 3 13 48
105.812 3 -21.6952 5.58952 -218.689 -0.707998 0.622268 -0.225784 -0.246056 2.649 4.32 11.633 0.147 3 13 48
105.829 3 -21.6952 5.58952 -218.689 -0.707998 0.622268 -0.225784 -0.246056 2.649 4.32 11.633 0.147 3 13 48
105.852 3 -21.6952 5.58952 -218.689 -0.707998 0.622268 -0.225784 -0.246056 2.649 4.32 11.633 0.147 3 13 48
105.872 3 -21.6952 5.58952 -218.689 -0.707998 0.622268 -0.225784 -0.246056 2.649 4.32 11.633 0.147 3 13 48
105.888 3 -21.6952 5.58952 -218.689 -0.707998 0.622268 -0.225784 -0.246056 2.649 4.32 11.633 0.147 3 13 48
105.912 3 -21.6952 5.58952 -218.689 -0.707998 0.622268 -0.225784 -0.246056 2.649 4.32 11.633 0.147 3 13 48
105.928 3 -21.6952 5.58952 -218.689 -0.707998 0.622268 -0.225784 -0.246056 2.649 4.32 11.633 0.147 3 13 48
105.952 3 -21.6952 5.58952 -218.689 -0.707998 0.622268 -0.225784 -0.246056 2.649 4.32 11.633 0.147 3 13 48
105.968 3 -21.6952 5.58952 -218.689 -0.707998 0.622268 -0.225784 -0.246056 2.649 4.399 11.633 0.147 3 13 48
105.991 3 -21.6952 5.58952 -218.689 -0.707998 0.622268 -0.225784 -0.246056 2.649 4.478 11.633 0.147 3 13 48
106.011 3 -21.6952 5.58952 -218.689 -0.707998 0.622268 -0.225784 -0.246056 2.649 4.675 11.633 0.147 3 13 48
106.028 3 -21.6952 5.58952 -218.689 -0.707998 0.622268 -0.225784 -0.246056 2.649 4.754 11.633 0.147 3 13 48
106.051 3 -21.6952 5.58952 -218.689 -0.707998 0.622268 -0.225784 -0.246056 2.649 4.794 11.633 0.147 3 13 48
106.068 3 -21.6952 5.58952 -218.689 -0.707998 0.622268 -0.225784 -0.246056 2.649 4.833 11.633 0.147 3 13 48
106.091 3 -21.6952 5.58952 -218.689 -0.707998 0.622268 -0.225784 -0.246056 2.649 4.873 11.633 0.147 3 13 48
106.108 3 -21.6952 5.58952 -218.689 -0.707998 0.622268 -0.225784 -0.246056 2.649 4.912 11.633 0.147 3 13 48
106.13 3 -21.6952 5.58952 -218.689 -0.707998 0.622268 -0.225784 -0.246056 2.649 4.991 11.633 0.147 3 13 48
106.151 3 -21.6952 5.58952 -218.689 -0.707998 0.622268 -0.225784 -0.246056 2.649 5.07 11.633 0.147 3 13 48
106.167 3 -21.6952 5.58952 -218.689 -0.707998 0.622268 -0.225784 -0.246056 2.649 5.109 11.633 0.147 3 13 48
106.191 3 -21.6952 5.58952 -218.689 -0.707998 0.622268 -0.225784 -0.246056 2.649 5.149 11.633 0.147 3 13 48
106.207 3 -21.6952 5.58952 -218.689 -0.707998 0.622268 -0.225784 -0.246056 2.649 5.188 11.633 0.147 3 13 48
106.23 3 -21.6952 5.58952 -218.689 -0.707998 0.622268 -0.225784 -0.246056 2.649 5.267 11.633 0.147 3 13 48
106.247 3 -21.6952 5.58952 -218.689 -0.707998 0.622268 -0.225784 -0.246056 2.649 5.306 11.633 0.147 3 13 48
106.27 3 -21.6952 5.58952 -218.689 -0.707998 0.622268 -0.225784 -0.246056 2.649 5.306 11.633 0.147 3 13 48
106.29 3 -21.6952 5.58952 -218.689 -0.707998 0.622268 -0.225784 -0.246056 2.649 5.346 11.633 0.147 3 13 48
106.307 3 -21.6952 5.58952 -218.689 -0.707998 0.622268 -0.225784 -0.246056 2.649 5.346 11.633 0.147 3 13 48
106.33 3 -21.6952 5.58952 -218.689 -0.707998 0.622268 -0.225784 -0.246056 2.649 5.385 11.633 0.147 3 13 48
106.346 3 -21.6952 5.58952 -218.689 -0.707998 0.622268 -0.225784 -0.246056 2.649 5.425 11.633 0.147 3 13 48
106.369 3 -21.6952 5.58952 -218.689 -0.707998 0.622268 -0.225784 -0.246056 2.649 5.425 11.633 0.147 3 13 48
106.386 3 -21.6952 5.58952 -218.689 -0.707998 0.622268 -0.225784 -0.246056 2.649 5.464 11.633 0.147 3 13 48
106.408 3 -21.6952 5.58952 -218.689 -0.707998 0.622268 -0.225784 -0.246056 2.649 5.504 11.633 0.147 3 13 48
106.427 3 -21.6952 5.58952 -218.689 -0.707998 0.622268 -0.225784 -0.246056 2.649 5.582 11.633 0.147 3 13 48
106.444 3 -21.6952 5.58952 -218.689 -0.707998 0.622268 -0.225784 -0.246056 2.649 5.622 11.633 0.147 3 13 48
106.465 3 -21.6952 5.58952 -218.689 -0.707998 0.622268 -0.225784 -0.246056 2.649 5.701 11.633 0.147 3 13 48
106.482 3 -21.6952 5.58952 -218.689 -0.707998 0.622268 -0.225784 -0.246056 2.649 5.74 11.633 0.147 3 13 48
106.502 3 -21.6952 5.58952 -218.689 -0.707998 0.622268 -0.225784 -0.246056 2.649 5.78 11.633 0.147 3 13 48
106.519 3 -21.6952 5.58952 -218.689 -0.707998 0.622268 -0.225784 -0.246056 2.649 5.819 11.633 0.147 3 13 48
106.54 3 -21.6952 5.58952 -218.689 -0.707998 0.622268 -0.225784 -0.246056 2.649 5.859 11.633 0.147 3 13 48
106.559 3 -21.6952 5.58952 -218.689 -0.707998 0.622268 -0.225784 -0.246056 2.649 5.937 11.633 0.147 3 13 48
106.575 3 -21.6952 5.58952 -218.689 -0.707998 0.622268 -0.225784 -0.246056 2.649 6.016 11.633 0.147 3 13 48
106.596 3 -21.6952 5.58952 -218.689 -0.707998 0.622268 -0.225784 -0.246056 2.649 6.174 11.633 0.147 3 13 48
106.613 3 -21.6952 5.58952 -218.689 -0.707998 0.622268 -0.225784 -0.246056 2.649 6.253 11.633 0.147 3 13 48
106.633 3 -21.6952 5.58952 -218.689 -0.707998 0.622268 -0.225784 -0.246056 2.649 6.292 11.633 0.147 3 13 48
106.65 3 -21.6952 5.58952 -218.689 -0.707998 0.622268 -0.225784 -0.246056 2.649 6.332 11.633 0.147 3 13 48
106.671 3 -21.6952 5.58952 -218.689 -0.707998 0.622268 -0.225784 -0.246056 2.649 6.371 11.633 0.147 3 13 48
106.69 3 -21.6952 5.58952 -218.689 -0.707998 0.622268 -0.225784 -0.246056 2.649 6.371 11.633 0.147 3 13 48
106.707 3 -21.6952 5.58952 -218.689 -0.707998 0.622268 -0.225784 -0.246056 2.649 6.411 11.633 0.147 3 13 48
106.728 3 -21.6952 5.58952 -218.689 -0.707998 0.622268 -0.225784 -0.246056 2.649 6.411 11.633 0.147 3 13 48
106.744 3 -21.6952 5.58952 -218.689 -0.707998 0.622268 -0.225784 -0.246056 2.649 6.411 11.633 0.147 3 13 48
106.765 3 -21.6952 5.58952 -218.689 -0.707998 0.622268 -0.225784 -0.246056 2.649 6.411 11.633 0.147 3 13 48
106.781 3 -21.6952 5.58952 -218.689 -0.707998 0.622268 -0.225784 -0.246056 2.649 6.411 11.633 0.147 3 13 48
106.802 3 -21.6952 5.58952 -218.689 -0.707998 0.622268 -0.225784 -0.246056 2.649 6.411 11.633 0.147 3 13 48
106.821 3 -21.6952 5.58952 -218.689 -0.707998 0.622268 -0.225784 -0.246056 2.649 6.411 11.633 0.147 3 13 48
106.838 3 -21.6952 5.58952 -218.689 -0.707998 0.622268 -0.225784 -0.246056 2.649 6.411 11.633 0.147 3 13 48
106.858 3 -21.6952 5.58952 -218.689 -0.707998 0.622268 -0.225784 -0.246056 2.649 6.411 11.633 0.147 3 13 48
106.875 3 -21.6952 5.58952 -218.689 -0.707998 0.622268 -0.225784 -0.246056 2.649 6.411 11.633 0.147 3 13 48
106.896 3 -21.6952 5.58952 -218.689 -0.707998 0.622268 -0.225784 -0.246056 2.649 6.411 11.633 0.147 3 13 48
106.914 3 -21.6952 5.58952 -218.689 -0.707998 0.622268 -0.225784 -0.246056 2.649 6.411 11.633 0.147 3 13 48
106.931 3 -21.6952 5.58952 -218.689 -0.707998 0.622268 -0.225784 -0.246056 2.649 6.411 11.633 0.147 3 13 48
106.952 3 -21.6952 5.58952 -218.689 -0.707998 0.622268 -0.225784 -0.246056 2.649 6.411 11.633 0.147 3 13 48
106.971 3 -21.6952 5.58952 -218.689 -0.707998 0.622268 -0.225784 -0.246056 2.649 6.411 11.633 0.147 3 13 48
106.99 3 -21.6952 5.58952 -218.689 -0.707998 0.622268 -0.225784 -0.246056 2.649 6.411 11.633 0.147 3 13 48
107.006 3 -21.6952 5.58952 -218.689 -0.707998 0.622268 -0.225784 -0.246056 2.649 6.411 11.633 0.147 3 13 48
107.027 3 -21.6952 5.58952 -218.689 -0.707998 0.622268 -0.225784 -0.246056 2.649 6.411 11.633 0.147 3 13 48
107.044 3 -21.6952 5.58952 -218.689 -0.707998 0.622268 -0.225784 -0.246056 2.649 6.411 11.633 0.147 3 13 48
107.065 3 -21.6952 5.58952 -218.689 -0.707998 0.622268 -0.225784 -0.246056 2.649 6.411 11.633 0.147 3 13 48
107.084 3 -21.6952 5.58952 -218.689 -0.707998 0.622268 -0.225784 -0.246056 2.649 6.411 11.633 0.147 3 13 48
107.1 3 -21.6952 5.58952 -218.689 -0.707998 0.622268 -0.225784 -0.246056 2.649 6.411 11.633 0.147 3 13 48
107.121 3 -21.6952 5.58952 -218.689 -0.707998 0.622268 -0.225784 -0.246056 2.649 6.411 11.633 0.147 3 13 48
107.138 3 -21.6952 5.58952 -218.689 -0.707998 0.622268 -0.225784 -0.246056 2.649 6.411 11.633 0.147 3 13 48
107.159 3 -21.6952 5.58952 -218.689 -0.707998 0.622268 -0.225784 -0.246056 2.649 6.411 11.633 0.147 3 13 48
107.175 3 -21.6952 5.58952 -218.689 -0.707998 0.622268 -0.225784 -0.246056 2.649 6.411 11.633 0.147 3 13 48
107.196 3 -21.6952 5.58952 -218.689 -0.707998 0.622268 -0.225784 -0.246056 2.649 6.411 11.633 0.147 3 13 48
107.215 3 -21.6952 5.58952 -218.689 -0.707998 0.622268 -0.225784 -0.246056 2.649 6.411 11.633 0.147 3 13 48
107.231 3 -21.6952 5.58952 -218.689 -0.707998 0.622268 -0.225784 -0.246056 2.649 6.411 11.633 0.147 3 13 48
107.252 3 -21.6952 5.58952 -218.689 -0.707998 0.622268 -0.225784 -0.246056 2.649 6.411 11.633 0.147 3 13 48
107.269 3 -21.6952 5.58952 -218.689 -0.707998 0.622268 -0.225784 -0.246056 2.649 6.411 11.633 0.147 3 13 48
107.289 3 -21.6952 5.58952 -218.689 -0.707998 0.622268 -0.225784 -0.246056 2.649 6.411 11.633 0.147 3 13 48
107.306 3 -21.6952 5.58952 -218.689 -0.707998 0.622268 -0.225784 -0.246056 2.649 6.411 11.633 0.147 3 13 48
107.327 3 -21.6952 5.58952 -218.689 -0.707998 0.622268 -0.225784 -0.246056 2.649 6.411 11.633 0.147 3 13 48
107.346 3 -21.6952 5.58952 -218.689 -0.707998 0.622268 -0.225784 -0.246056 2.649 6.411 11.633 0.147 3 13 48
107.363 3 -21.6952 5.58952 -218.689 -0.707998 0.622268 -0.225784 -0.246056 2.649 6.411 11.633 0.147 3 13 48
107.384 3 -21.6952 5.58952 -218.689 -0.707998 0.622268 -0.225784 -0.246056 2.649 6.411 11.633 0.147 3 13 48
107.401 3 -21.6952 5.58952 -218.689 -0.707998 0.622268 -0.225784 -0.246056 2.649 6.411 11.633 0.147 3 13 48
107.421 3 -21.6952 5.58952 -218.689 -0.707998 0.622268 -0.225784 -0.246056 2.649 6.411 11.633 0.147 3 13 48
107.438 3 -21.6952 5.58952 -218.689 -0.707998 0.622268 -0.225784 -0.246056 2.649 6.411 11.633 0.147 3 13 48
107.458 3 -21.6952 5.58952 -218.689 -0.707998 0.622268 -0.225784 -0.246056 2.649 6.411 11.633 0.147 3 13 48
107.477 3 -21.6952 5.58952 -218.689 -0.707998 0.622268 -0.225784 -0.246056 2.649 6.411 11.633 0.147 3 13 48
107.496 3 -21.6952 5.58952 -218.689 -0.707998 0.622268 -0.225784 -0.246056 2.649 6.411 11.633 0.147 3 13 48
107.515 3 -21.6952 5.58952 -218.689 -0.707998 0.622268 -0.225784 -0.246056 2.649 6.411 11.633 0.147 3 13 48
107.532 3 -21.6952 5.58952 -218.689 -0.707998 0.622268 -0.225784 -0.246056 2.649 6.411 11.633 0.147 3 13 48
107.552 3 -21.6952 5.58952 -218.689 -0.707998 0.622268 -0.225784 -0.246056 2.649 6.411 11.633 0.147 3 13 48
107.569 3 -21.6952 5.58952 -218.689 -0.707998 0.622268 -0.225784 -0.246056 2.649 6.411 11.633 0.147 3 13 48
107.589 3 -21.6952 5.58952 -218.689 -0.707998 0.622268 -0.225784 -0.246056 2.649 6.411 11.633 0.147 3 13 48
107.608 3 -21.6952 5.58952 -218.689 -0.707998 0.622268 -0.225784 -0.246056 2.649 6.411 11.633 0.147 3 13 48
107.625 3 -21.6952 5.58952 -218.689 -0.707998 0.622268 -0.225784 -0.246056 2.649 6.411 11.633 0.147 3 13 48
107.646 3 -21.6952 5.58952 -218.689 -0.707998 0.622268 -0.225784 -0.246056 2.649 6.411 11.633 0.147 3 13 48
107.663 3 -21.6952 5.58952 -218.689 -0.707998 0.622268 -0.225784 -0.246056 2.649 6.411 11.633 0.147 3 13 48
107.684 3 -21.6952 5.58952 -218.689 -0.707998 0.622268 -0.225784 -0.246056 2.649 6.411 11.633 0.147 3 13 48
107.7 3 -21.6952 5.58952 -218.689 -0.707998 0.622268 -0.225784 -0.246056 2.649 6.411 11.633 0.147 3 13 48
107.721 3 -21.6952 5.58952 -218.689 -0.707998 0.622268 -0.225784 -0.246056 2.649 6.411 11.633 0.147 3 13 48
107.737 3 -21.6952 5.58952 -218.689 -0.707998 0.622268 -0.225784 -0.246056 2.649 6.411 11.633 0.147 3 13 48
107.758 3 -21.6952 5.58952 -218.689 -0.707998 0.622268 -0.225784 -0.246056 2.649 6.411 11.633 0.147 3 13 48
107.777 3 -21.6952 5.58952 -218.689 -0.707998 0.622268 -0.225784 -0.246056 2.649 6.411 11.633 0.147 3 13 48
107.794 3 -21.6952 5.58952 -218.689 -0.707998 0.622268 -0.225784 -0.246056 2.649 6.411 11.633 0.147 3 13 48
107.815 3 -21.6952 5.58952 -218.689 -0.707998 0.622268 -0.225784 -0.246056 2.649 6.411 11.633 0.147 3 13 48
107.832 3 -21.6952 5.58952 -218.689 -0.707998 0.622268 -0.225784 -0.246056 2.649 6.411 11.633 0.147 3 13 48
107.852 3 -21.6952 5.58952 -218.689 -0.707998 0.622268 -0.225784 -0.246056 2.649 6.411 11.633 0.147 3 13 48
107.869 3 -21.6952 5.58952 -218.689 -0.707998 0.622268 -0.225784 -0.246056 2.649 6.411 11.633 0.147 3 13 48
107.889 3 -21.6952 5.58952 -218.689 -0.707998 0.622268 -0.225784 -0.246056 2.649 6.411 11.633 0.147 3 13 48
107.908 3 -21.6952 5.58952 -218.689 -0.707998 0.622268 -0.225784 -0.246056 2.649 6.411 11.633 0.147 3 13 48
107.925 3 -21.6952 5.58952 -218.689 -0.707998 0.622268 -0.225784 -0.246056 2.649 6.411 11.633 0.147 3 13 48
107.946 3 -21.6952 5.58952 -218.689 -0.707998 0.622268 -0.225784 -0.246056 2.649 6.411 11.633 0.147 3 13 48
107.963 3 -21.6952 5.58952 -218.689 -0.707998 0.622268 -0.225784 -0.246056 2.649 6.411 11.633 0.147 3 13 48
107.983 3 -21.6952 5.58952 -218.689 -0.707998 0.622268 -0.225784 -0.246056 2.649 6.411 11.633 0.147 3 13 48
108 3 -21.6952 5.58952 -218.689 -0.707998 0.622268 -0.225784 -0.246056 2.649 6.411 11.633 0.147 3 13 48
108.02 3 -21.6952 5.58952 -218.689 -0.707998 0.622268 -0.225784 -0.246056 2.649 6.411 11.633 0.147 3 13 48
108.039 3 -21.6952 5.58952 -218.689 -0.707998 0.622268 -0.225784 -0.246056 2.649 6.411 11.633 0.147 3 13 48
108.056 3 -21.6952 5.58952 -218.689 -0.707998 0.622268 -0.225784 -0.246056 2.649 6.411 11.633 0.147 3 13 48
108.077 3 -21.6952 5.58952 -218.689 -0.707998 0.622268 -0.225784 -0.246056 2.649 6.411 11.633 0.147 3 13 48
108.094 3 -21.6952 5.58952 -218.689 -0.707998 0.622268 -0.225784 -0.246056 2.649 6.411 11.633 0.147 3 13 48
108.114 3 -21.6952 5.58952 -218.689 -0.707998 0.622268 -0.225784 -0.246056 2.649 6.411 11.633 0.147 3 13 48
108.131 3 -21.6952 5.58952 -218.689 -0.707998 0.622268 -0.225784 -0.246056 2.649 6.411 11.633 0.147 3 13 48
108.151 3 -21.6952 5.58952 -218.689 -0.707998 0.622268 -0.225784 -0.246056 2.649 6.411 11.633 0.147 3 13 48
108.171 3 -21.6952 5.58952 -218.689 -0.707998 0.622268 -0.225784 -0.246056 2.649 6.411 11.633 0.147 3 13 48
108.187 3 -21.6952 5.58952 -218.689 -0.707998 0.622268 -0.225784 -0.246056 2.649 6.411 11.633 0.147 3 13 48
108.208 3 -21.6952 5.58952 -218.689 -0.707998 0.622268 -0.225784 -0.246056 2.649 6.411 11.633 0.147 3 13 48
108.225 3 -21.6952 5.58952 -218.689 -0.707998 0.622268 -0.225784 -0.246056 2.649 6.411 11.633 0.147 3 13 48
108.246 3 -21.6952 5.58952 -218.689 -0.707998 0.622268 -0.225784 -0.246056 2.649 6.411 11.633 0.147 5.259 13 48
108.263 3 -21.6952 5.58952 -218.689 -0.707998 0.622268 -0.225784 -0.246056 2.649 6.411 11.633 0.147 5.259 13 48
108.283 3 -21.6952 5.58952 -218.689 -0.707998 0.622268 -0.225784 -0.246056 2.649 6.411 11.633 0.147 5.259 13 48
108.302 3 -21.6952 5.58952 -218.689 -0.707998 0.622268 -0.225784 -0.246056 2.649 6.411 11.633 0.147 5.259 13 48
108.319 3 -21.6952 5.58952 -218.689 -0.707998 0.622268 -0.225784 -0.246056 2.649 6.411 11.633 0.147 5.259 13 48
108.34 3 -21.6952 5.58952 -218.689 -0.707998 0.622268 -0.225784 -0.246056 2.649 6.411 11.633 0.147 5.259 13 48
108.357 3 -21.6952 5.58952 -218.689 -0.707998 0.622268 -0.225784 -0.246056 2.649 6.411 11.633 0.147 5.259 13 48
108.378 3 -21.6952 5.58952 -218.689 -0.707998 0.622268 -0.225784 -0.246056 2.649 6.411 11.633 0.147 5.339 13 48
108.394 3 -21.6952 5.58952 -218.689 -0.707998 0.622268 -0.225784 -0.246056 2.649 6.411 11.633 0.147 5.498 13 48
108.415 3 -21.6952 5.58952 -218.689 -0.707998 0.622268 -0.225784 -0.246056 2.649 6.411 11.633 0.147 5.618 13 48
108.434 3 -21.6952 5.58952 -218.689 -0.707998 0.622268 -0.225784 -0.246056 2.649 6.411 11.633 0.147 5.777 13 48
108.451 3 -21.6952 5.58952 -218.689 -0.707998 0.622268 -0.225784 -0.246056 2.649 6.411 11.633 0.147 5.936 13 48
108.472 3 -21.6952 5.58952 -218.689 -0.707998 0.622268 -0.225784 -0.246056 2.649 6.411 11.633 0.147 6.056 13 48
108.489 3 -21.6952 5.58952 -218.689 -0.707998 0.622268 -0.225784 -0.246056 2.649 6.411 11.633 0.147 6.175 13 48
108.509 3 -21.6952 5.58952 -218.689 -0.707998 0.622268 -0.225784 -0.246056 2.649 6.411 11.633 0.147 6.534 13 48
108.526 3 -21.6952 5.58952 -218.689 -0.707998 0.622268 -0.225784 -0.246056 2.649 6.411 11.633 0.147 6.693 13 48
108.547 3 -21.6952 5.58952 -218.689 -0.707998 0.622268 -0.225784 -0.246056 2.649 6.411 11.633 0.147 6.853 13 48
108.566 3 -21.6952 5.58952 -218.689 -0.707998 0.622268 -0.225784 -0.246056 2.649 6.411 11.633 0.147 6.972 13 48
108.583 3 -21.6952 5.58952 -218.689 -0.707998 0.622268 -0.225784 -0.246056 2.649 6.411 11.633 0.147 7.092 13 48
108.604 3 -21.6952 5.58952 -218.689 -0.707998 0.622268 -0.225784 -0.246056 2.649 6.411 11.633 0.147 7.131 13 48
108.62 3 -21.6952 5.58952 -218.689 -0.707998 0.622268 -0.225784 -0.246056 2.649 6.411 11.633 0.147 7.171 13 48
108.641 3 -21.6952 5.58952 -218.689 -0.707998 0.622268 -0.225784 -0.246056 2.649 6.411 11.633 0.147 7.291 13 48
108.658 3 -21.6952 5.58952 -218.689 -0.707998 0.622268 -0.225784 -0.246056 2.649 6.411 11.633 0.147 7.331 13 48
108.679 3 -21.6952 5.58952 -218.689 -0.707998 0.622268 -0.225784 -0.246056 2.649 6.411 11.633 0.147 7.371 13 48
108.698 3 -21.6952 5.58952 -218.689 -0.707998 0.622268 -0.225784 -0.246056 2.649 6.411 11.633 0.147 7.41 13 48
108.714 3 -21.6952 5.58952 -218.689 -0.707998 0.622268 -0.225784 -0.246056 2.649 6.411 11.633 0.147 7.41 13 48
108.736 3 -21.6952 5.58952 -218.689 -0.707998 0.622268 -0.225784 -0.246056 2.649 6.411 11.633 0.147 7.41 13 48
108.752 3 -21.6952 5.58952 -218.689 -0.707998 0.622268 -0.225784 -0.246056 2.649 6.411 11.633 0.147 7.41 13 48
108.773 3 -21.6952 5.58952 -218.689 -0.707998 0.622268 -0.225784 -0.246056 2.649 6.411 11.633 0.147 7.41 13 48
108.79 3 -21.6952 5.58952 -218.689 -0.707998 0.622268 -0.225784 -0.246056 2.649 6.411 11.633 0.147 7.41 13 48
108.81 3 -21.6952 5.58952 -218.689 -0.707998 0.622268 -0.225784 -0.246056 2.649 6.411 11.633 0.147 7.41 13 48
108.83 3 -21.6952 5.58952 -218.689 -0.707998 0.622268 -0.225784 -0.246056 2.649 6.411 11.633 0.147 7.41 13 48
108.846 3 -21.6952 5.58952 -218.689 -0.707998 0.622268 -0.225784 -0.246056 2.649 6.411 11.633 0.147 7.41 13 48
108.868 3 -21.6952 5.58952 -218.689 -0.707998 0.622268 -0.225784 -0.246056 2.649 6.411 11.633 0.147 7.41 13 48
108.884 3 -21.6952 5.58952 -218.689 -0.707998 0.622268 -0.225784 -0.246056 2.649 6.411 11.633 0.147 7.41 13 48
108.905 3 -21.6952 5.58952 -218.689 -0.707998 0.622268 -0.225784 -0.246056 2.649 6.411 11.633 0.147 7.41 13 48
108.922 3 -21.6952 5.58952 -218.689 -0.707998 0.622268 -0.225784 -0.246056 2.649 6.411 11.633 0.147 7.41 13 48
108.942 3 -21.6952 5.58952 -218.689 -0.707998 0.622268 -0.225784 -0.246056 2.649 6.411 11.633 0.147 7.41 13 48
108.961 3 -21.6952 5.58952 -218.689 -0.707998 0.622268 -0.225784 -0.246056 2.649 6.411 11.633 0.147 7.41 13 48
108.98 3 -21.6952 5.58952 -218.689 -0.707998 0.622268 -0.225784 -0.246056 2.649 6.411 11.633 0.147 7.41 13 48
108.999 3 -21.6952 5.58952 -218.689 -0.707998 0.622268 -0.225784 -0.246056 2.649 6.411 11.633 0.147 7.41 13 48
109.018 3 -21.6952 5.58952 -218.689 -0.707998 0.622268 -0.225784 -0.246056 2.649 6.411 11.633 0.147 7.41 13 48
109.035 3 -21.6952 5.58952 -218.689 -0.707998 0.622268 -0.225784 -0.246056 2.649 6.411 11.633 0.147 7.41 13 48
109.056 3 -21.6952 5.58952 -218.689 -0.707998 0.622268 -0.225784 -0.246056 2.649 6.411 11.633 0.147 7.41 13 48
109.075 3 -21.6952 5.58952 -218.689 -0.707998 0.622268 -0.225784 -0.246056 2.649 6.411 11.633 0.147 7.41 13 48
109.092 3 -21.6952 5.58952 -218.689 -0.707998 0.622268 -0.225784 -0.246056 2.649 6.411 11.633 0.147 7.41 13 48
109.115 3 -21.6952 5.58952 -218.689 -0.707998 0.622268 -0.225784 -0.246056 2.649 6.411 11.633 0.147 7.41 13 48
109.131 3 -21.6952 5.58952 -218.689 -0.707998 0.622268 -0.225784 -0.246056 2.649 6.411 11.633 0.147 7.41 13 48
109.155 3 -21.6952 5.58952 -218.689 -0.707998 0.622268 -0.225784 -0.246056 2.649 6.411 11.633 0.147 7.41 13 48
109.171 3 -21.6952 5.58952 -218.689 -0.707998 0.622268 -0.225784 -0.246056 2.649 6.411 11.633 0.147 7.41 13 48
109.194 3 -21.6952 5.58952 -218.689 -0.707998 0.622268 -0.225784 -0.246056 2.649 6.411 11.633 0.147 7.41 13 48
109.214 3 -21.6952 5.58952 -218.689 -0.707998 0.622268 -0.225784 -0.246056 2.649 6.411 11.633 0.147 7.41 13 48
109.231 3 -21.6952 5.58952 -218.689 -0.707998 0.622268 -0.225784 -0.246056 2.649 6.411 11.633 0.147 7.41 13 48
109.253 3 -21.6952 5.58952 -218.689 -0.707998 0.622268 -0.225784 -0.246056 2.649 6.411 11.633 0.147 7.41 13 48
109.27 3 -21.6952 5.58952 -218.689 -0.707998 0.622268 -0.225784 -0.246056 2.649 6.411 11.633 0.147 7.41 13 48
109.286 3 -21.6952 5.58952 -218.689 -0.707998 0.622268 -0.225784 -0.246056 2.649 6.411 11.633 0.147 7.41 13 48
109.312 3 -21.6952 5.58952 -218.689 -0.707998 0.622268 -0.225784 -0.246056 2.649 6.411 11.633 0.147 7.41 13 48
109.333 3 -21.6952 5.58952 -218.689 -0.707998 0.622268 -0.225784 -0.246056 2.649 6.411 11.633 0.147 7.41 13 48
109.349 3 -21.6952 5.58952 -218.689 -0.707998 0.622268 -0.225784 -0.246056 2.649 6.411 11.633 0.147 7.41 13 48
109.372 3 -21.6952 5.58952 -218.689 -0.707998 0.622268 -0.225784 -0.246056 2.649 6.411 11.633 0.147 7.41 13 48
109.389 3 -21.6952 5.58952 -218.689 -0.707998 0.622268 -0.225784 -0.246056 2.649 6.411 11.633 0.147 7.41 13 48
109.411 3 -21.6952 5.58952 -218.689 -0.707998 0.622268 -0.225784 -0.246056 2.649 6.411 11.633 0.147 7.41 13 48
109.428 3 -21.6952 5.58952 -218.689 -0.707998 0.622268 -0.225784 -0.246056 2.649 6.411 11.633 0.147 7.41 13 48
109.451 3 -21.6952 5.58952 -218.689 -0.707998 0.622268 -0.225784 -0.246056 2.649 6.411 11.633 0.147 7.41 13 48
109.471 3 -21.6952 5.58952 -218.689 -0.707998 0.622268 -0.225784 -0.246056 2.649 6.411 11.633 0.147 7.41 13 48
109.488 3 -21.6952 5.58952 -218.689 -0.707998 0.622268 -0.225784 -0.246056 2.649 6.411 11.633 0.147 7.41 13 48
109.51 3 -21.6952 5.58952 -218.689 -0.707998 0.622268 -0.225784 -0.246056 2.649 6.411 11.633 0.147 7.41 13 48
109.527 3 -21.6952 5.58952 -218.689 -0.707998 0.622268 -0.225784 -0.246056 2.649 6.411 11.633 0.147 7.41 13 48
109.549 3 -21.6952 5.58952 -218.689 -0.707998 0.622268 -0.225784 -0.246056 2.649 6.411 11.633 0.147 7.41 13 48
109.569 3 -21.6952 5.58952 -218.689 -0.707998 0.622268 -0.225784 -0.246056 2.649 6.411 11.633 0.147 7.41 13 48
109.589 3 -21.6952 5.58952 -218.689 -0.707998 0.622268 -0.225784 -0.246056 2.649 6.411 11.633 0.147 7.41 13 48
109.61 3 -21.6952 5.58952 -218.689 -0.707998 0.622268 -0.225784 -0.246056 2.649 6.411 11.633 0.147 7.41 13 48
109.626 3 -21.6952 5.58952 -218.689 -0.707998 0.622268 -0.225784 -0.246056 2.649 6.411 11.633 0.147 7.41 13 48
109.649 3 -21.6952 5.58952 -218.689 -0.707998 0.622268 -0.225784 -0.246056 2.649 6.411 11.633 0.147 7.41 13 48
109.665 3 -21.6952 5.58952 -218.689 -0.707998 0.622268 -0.225784 -0.246056 2.649 6.411 11.633 0.147 7.41 13 48
109.688 3 -21.6952 5.58952 -218.689 -0.707998 0.622268 -0.225784 -0.246056 2.649 6.411 11.633 0.147 7.41 13 48
109.708 3 -21.6952 5.58952 -218.689 -0.707998 0.622268 -0.225784 -0.246056 2.649 6.411 11.633 0.147 7.41 13 48
109.724 3 -21.6952 5.58952 -218.689 -0.707998 0.622268 -0.225784 -0.246056 2.649 6.411 11.633 0.147 7.41 13 48
109.747 3 -21.6952 5.58952 -218.689 -0.707998 0.622268 -0.225784 -0.246056 2.649 6.411 11.633 0.147 7.41 13 48
109.764 3 -21.6952 5.58952 -218.689 -0.707998 0.622268 -0.225784 -0.246056 2.649 6.411 11.633 0.147 7.41 13 48
109.787 3 -21.6952 5.58952 -218.689 -0.707998 0.622268 -0.225784 -0.246056 2.649 6.411 11.633 0.147 7.41 13 48
109.803 3 -21.6952 5.58952 -218.689 -0.707998 0.622268 -0.225784 -0.246056 2.649 6.411 11.633 0.147 7.41 13 48
109.827 3 -21.6952 5.58952 -218.689 -0.707998 0.622268 -0.225784 -0.246056 2.649 6.411 11.633 0.147 7.41 13 46.753
109.843 3 -21.6952 5.58952 -218.689 -0.707998 0.622268 -0.225784 -0.246056 2.649 6.411 11.633 0.147 7.41 13 46.753
109.865 3 -21.6952 5.58952 -218.689 -0.707998 0.622268 -0.225784 -0.246056 2.649 6.411 11.633 0.147 7.41 13 46.753
109.886 3 -21.6952 5.58952 -218.689 -0.707998 0.622268 -0.225784 -0.246056 2.649 6.411 11.633 0.147 7.41 13 46.753
109.902 3 -21.6952 5.58952 -218.689 -0.707998 0.622268 -0.225784 -0.246056 2.649 6.411 11.633 0.147 7.41 13 46.753
109.925 3 -21.6952 5.58952 -218.689 -0.707998 0.622268 -0.225784 -0.246056 2.649 6.411 11.633 0.147 7.41 13 46.753
109.942 3 -21.6952 5.58952 -218.689 -0.707998 0.622268 -0.225784 -0.246056 2.649 6.411 11.633 0.147 7.41 13 46.753
109.964 3 -21.6952 5.58952 -218.689 -0.707998 0.622268 -0.225784 -0.246056 2.649 6.411 11.633 0.147 7.41 13 46.753
109.981 3 -21.6952 5.58952 -218.689 -0.707998 0.622268 -0.225784 -0.246056 2.649 6.411 11.633 0.147 7.41 13 46.753
110.002 3 -21.6952 5.58952 -218.689 -0.707998 0.622268 -0.225784 -0.246056 2.649 6.411 11.633 0.147 7.41 13 46.753
110.022 3 -21.6952 5.58952 -218.689 -0.707998 0.622268 -0.225784 -0.246056 2.649 6.411 11.633 0.147 7.41 13 46.359
110.039 3 -21.6952 5.58952 -218.689 -0.707998 0.622268 -0.225784 -0.246056 2.649 6.411 11.633 0.147 7.41 13 45.964
110.061 3 -21.6952 5.58952 -218.689 -0.707998 0.622268 -0.225784 -0.246056 2.649 6.411 11.633 0.147 7.41 13 44.386
110.077 3 -21.6952 5.58952 -218.689 -0.707998 0.622268 -0.225784 -0.246056 2.649 6.411 11.633 0.147 7.41 13 43.598
110.099 3 -21.6952 5.58952 -218.689 -0.707998 0.622268 -0.225784 -0.246056 2.649 6.411 11.633 0.147 7.41 13 42.809
110.115 3 -21.6952 5.58952 -218.689 -0.707998 0.622268 -0.225784 -0.246056 2.649 6.411 11.633 0.147 7.41 13 42.02
110.137 3 -21.6952 5.58952 -218.689 -0.707998 0.622268 -0.225784 -0.246056 2.649 6.411 11.633 0.147 7.41 13 41.625
110.156 3 -21.6952 5.58952 -218.689 -0.707998 0.622268 -0.225784 -0.246056 2.649 6.411 11.633 0.147 7.41 13 41.231
110.173 3 -21.6952 5.58952 -218.689 -0.707998 0.622268 -0.225784 -0.246056 2.649 6.411 11.633 0.147 7.41 13 40.837
110.194 3 -21.6952 5.58952 -218.689 -0.707998 0.622268 -0.225784 -0.246056 2.649 6.411 11.633 0.147 7.41 13 40.442
110.211 3 -21.6952 5.58952 -218.689 -0.707998 0.622268 -0.225784 -0.246056 2.649 6.411 11.633 0.147 7.41 13 40.442
110.231 3 -21.6952 5.58952 -218.689 -0.707998 0.622268 -0.225784 -0.246056 2.649 6.411 11.633 0.147 7.41 13 40.048
110.247 3 -21.6952 5.58952 -218.689 -0.707998 0.622268 -0.225784 -0.246056 2.649 6.411 11.633 0.147 7.41 13 40.048
110.267 3 -21.6952 5.58952 -218.689 -0.707998 0.622268 -0.225784 -0.246056 2.649 6.411 11.633 0.147 7.41 13 40.048
110.284 3 -21.6952 5.58952 -218.689 -0.707998 0.622268 -0.225784 -0.246056 2.649 6.411 11.633 0.147 7.41 13 39.653
110.302 3 -21.6952 5.58952 -218.689 -0.707998 0.622268 -0.225784 -0.246056 2.649 6.411 11.633 0.147 7.41 13 39.653
110.319 3 -21.6952 5.58952 -218.689 -0.707998 0.622268 -0.225784 -0.246056 2.649 6.411 11.633 0.147 7.41 13 39.653
110.337 3 -21.6952 5.58952 -218.689 -0.707998 0.622268 -0.225784 -0.246056 2.649 6.411 11.633 0.147 7.41 13 39.653
110.354 3 -21.6952 5.58952 -218.689 -0.707998 0.622268 -0.225784 -0.246056 2.649 6.411 11.633 0.147 7.41 13 39.259
110.372 3 -21.6952 5.58952 -218.689 -0.707998 0.622268 -0.225784 -0.246056 2.649 6.411 11.633 0.147 7.41 13 39.259
110.389 3 -21.6952 5.58952 -218.689 -0.707998 0.622268 -0.225784 -0.246056 2.649 6.411 11.633 0.147 7.41 13 38.865
110.407 3 -21.6952 5.58952 -218.689 -0.707998 0.622268 -0.225784 -0.246056 2.649 6.411 11.633 0.147 7.41 13 38.865
110.423 3 -21.6952 5.58952 -218.689 -0.707998 0.622268 -0.225784 -0.246056 2.649 6.411 11.633 0.147 7.41 13 38.47
110.44 3 -21.6952 5.58952 -218.689 -0.707998 0.622268 -0.225784 -0.246056 2.649 6.411 11.633 0.147 7.41 13 38.076
110.458 3 -21.6952 5.58952 -218.689 -0.707998 0.622268 -0.225784 -0.246056 2.649 6.411 11.633 0.147 7.41 13 38.076
110.475 3 -21.6952 5.58952 -218.689 -0.707998 0.622268 -0.225784 -0.246056 2.649 6.411 11.633 0.147 7.41 13 37.681
110.492 3 -21.6952 5.58952 -218.689 -0.707998 0.622268 -0.225784 -0.246056 2.649 6.411 11.633 0.147 7.41 13 37.681
110.508 3 -21.6952 5.58952 -218.689 -0.707998 0.622268 -0.225784 -0.246056 2.649 6.411 11.633 0.147 7.41 13 37.287
110.525 3 -21.6952 5.58952 -218.689 -0.707998 0.622268 -0.225784 -0.246056 2.649 6.411 11.633 0.147 7.41 13 36.892
110.542 3 -21.6952 5.58952 -218.689 -0.707998 0.622268 -0.225784 -0.246056 2.649 6.411 11.633 0.147 7.41 13 36.892
110.559 3 -21.6952 5.58952 -218.689 -0.707998 0.622268 -0.225784 -0.246056 2.649 6.411 11.633 0.147 7.41 13 36.498
110.576 3 -21.6952 5.58952 -218.689 -0.707998 0.622268 -0.225784 -0.246056 2.649 6.411 11.633 0.147 7.41 13 36.104
110.593 3 -21.6952 5.58952 -218.689 -0.707998 0.622268 -0.225784 -0.246056 2.649 6.411 11.633 0.147 7.41 13 36.104
110.61 3 -21.6952 5.58952 -218.689 -0.707998 0.622268 -0.225784 -0.246056 2.649 6.411 11.633 0.147 7.41 13 35.709
110.626 3 -21.6952 5.58952 -218.689 -0.707998 0.622268 -0.225784 -0.246056 2.649 6.411 11.633 0.147 7.41 13 35.315
110.643 3 -21.6952 5.58952 -218.689 -0.707998 0.622268 -0.225784 -0.246056 2.649 6.411 11.633 0.147 7.41 13 35.315
110.66 3 -21.6952 5.58952 -218.689 -0.707998 0.622268 -0.225784 -0.246056 2.649 6.411 11.633 0.147 7.41 13 34.92
110.676 3 -21.6952 5.58952 -218.689 -0.707998 0.622268 -0.225784 -0.246056 2.649 6.411 11.633 0.147 7.41 13 34.526
110.693 3 -21.6952 5.58952 -218.689 -0.707998 0.622268 -0.225784 -0.246056 2.649 6.411 11.633 0.147 7.41 13 34.131
110.71 3 -21.6952 5.58952 -218.689 -0.707998 0.622268 -0.225784 -0.246056 2.649 6.411 11.633 0.147 7.41 13 33.737
110.726 3 -21.6952 5.58952 -218.689 -0.707998 0.622268 -0.225784 -0.246056 2.649 6.411 11.633 0.147 7.41 13 33.343
110.743 3 -21.6952 5.58952 -218.689 -0.707998 0.622268 -0.225784 -0.246056 2.649 6.411 11.633 0.147 7.41 13 32.948
110.76 3 -21.6952 5.58952 -218.689 -0.707998 0.622268 -0.225784 -0.246056 2.649 6.411 11.633 0.147 7.41 13 32.948
110.776 3 -21.6952 5.58952 -218.689 -0.707998 0.622268 -0.225784 -0.246056 2.649 6.411 11.633 0.147 7.41 13 32.554
110.793 3 -21.6952 5.58952 -218.689 -0.707998 0.622268 -0.225784 -0.246056 2.649 6.411 11.633 0.147 7.41 13 32.554
110.81 3 -21.6952 5.58952 -218.689 -0.707998 0.622268 -0.225784 -0.246056 2.649 6.411 11.633 0.147 7.41 13 32.554
110.826 3 -21.6952 5.58952 -218.689 -0.707998 0.622268 -0.225784 -0.246056 2.649 6.411 11.633 0.147 7.41 13 32.554
110.843 3 -21.6952 5.58952 -218.689 -0.707998 0.622268 -0.225784 -0.246056 2.649 6.411 11.633 0.147 7.41 13 32.554
110.86 3 -21.6952 5.58952 -218.689 -0.707998 0.622268 -0.225784 -0.246056 2.649 6.411 11.633 0.147 7.41 13 32.554
110.876 3 -21.6952 5.58952 -218.689 -0.707998 0.622268 -0.225784 -0.246056 2.649 6.411 11.633 0.147 7.41 13 32.554
110.893 3 -21.6952 5.58952 -218.689 -0.707998 0.622268 -0.225784 -0.246056 2.649 6.411 11.633 0.147 7.41 13 32.554
110.91 3 -21.6952 5.58952 -218.689 -0.707998 0.622268 -0.225784 -0.246056 2.649 6.411 11.633 0.147 7.41 13 32.554
110.926 3 -21.6952 5.58952 -218.689 -0.707998 0.622268 -0.225784 -0.246056 2.649 6.411 11.633 0.147 7.41 13 32.554
110.943 3 -21.6952 5.58952 -218.689 -0.707998 0.622268 -0.225784 -0.246056 2.649 6.411 11.633 0.147 7.41 13 32.554
110.96 3 -21.6952 5.58952 -218.689 -0.707998 0.622268 -0.225784 -0.246056 2.649 6.411 11.633 0.147 7.41 13 32.554
110.976 3 -21.6952 5.58952 -218.689 -0.707998 0.622268 -0.225784 -0.246056 2.649 6.411 11.633 0.147 7.41 13 32.554
110.993 3 -21.6952 5.58952 -218.689 -0.707998 0.622268 -0.225784 -0.246056 2.649 6.411 11.633 0.147 7.41 13 32.554
111.01 3 -21.6952 5.58952 -218.689 -0.707998 0.622268 -0.225784 -0.246056 2.649 6.411 11.633 0.147 7.41 13 32.554
111.026 3 -21.6952 5.58952 -218.689 -0.707998 0.622268 -0.225784 -0.246056 2.649 6.411 11.633 0.147 7.41 13 32.554
111.043 3 -21.6952 5.58952 -218.689 -0.707998 0.622268 -0.225784 -0.246056 2.649 6.411 11.633 0.147 7.41 13 32.554
111.06 3 -21.6952 5.58952 -218.689 -0.707998 0.622268 -0.225784 -0.246056 2.649 6.411 11.633 0.147 7.41 13 32.554
111.076 3 -21.6952 5.58952 -218.689 -0.707998 0.622268 -0.225784 -0.246056 2.649 6.411 11.633 0.147 7.41 13 32.554
111.093 3 -21.6952 5.58952 -218.689 -0.707998 0.622268 -0.225784 -0.246056 2.649 6.411 11.633 0.147 7.41 13 32.159
111.11 3 -21.6952 5.58952 -218.689 -0.707998 0.622268 -0.225784 -0.246056 2.649 6.411 11.633 0.147 7.41 13 31.765
111.126 3 -21.6952 5.58952 -218.689 -0.707998 0.622268 -0.225784 -0.246056 2.649 6.411 11.633 0.147 7.41 13 30.976
111.143 3 -21.6952 5.58952 -218.689 -0.707998 0.622268 -0.225784 -0.246056 2.649 6.411 11.633 0.147 7.41 13 30.582
111.16 3 -21.6952 5.58952 -218.689 -0.707998 0.622268 -0.225784 -0.246056 2.649 6.411 11.633 0.147 7.41 13 29.793
111.176 3 -21.6952 5.58952 -218.689 -0.707998 0.622268 -0.225784 -0.246056 2.649 6.411 11.633 0.147 7.41 13 29.004
111.193 3 -21.6952 5.58952 -218.689 -0.707998 0.622268 -0.225784 -0.246056 2.649 6.411 11.633 0.147 7.41 13 27.821
111.21 3 -21.6952 5.58952 -218.689 -0.707998 0.622268 -0.225784 -0.246056 2.649 6.411 11.633 0.147 7.41 13 27.426
111.226 3 -21.6952 5.58952 -218.689 -0.707998 0.622268 -0.225784 -0.246056 2.649 6.411 11.633 0.147 7.41 13 26.637
111.243 3 -21.6952 5.58952 -218.689 -0.707998 0.622268 -0.225784 -0.246056 2.649 6.411 11.633 0.147 7.41 13 26.243
111.26 3 -21.6952 5.58952 -218.689 -0.707998 0.622268 -0.225784 -0.246056 2.649 6.411 11.633 0.147 7.41 13 25.454
111.276 3 -21.6952 5.58952 -218.689 -0.707998 0.622268 -0.225784 -0.246056 2.649 6.411 11.633 0.147 7.41 13 25.06
111.293 3 -21.6952 5.58952 -218.689 -0.707998 0.622268 -0.225784 -0.246056 2.649 6.411 11.633 0.147 7.41 13 24.665
111.31 3 -21.6952 5.58952 -218.689 -0.707998 0.622268 -0.225784 -0.246056 2.649 6.411 11.633 0.147 7.41 13 24.665
111.327 3 -21.6952 5.58952 -218.689 -0.707998 0.622268 -0.225784 -0.246056 2.649 6.411 11.633 0.147 7.41 13 24.271
111.343 3 -21.6952 5.58952 -218.689 -0.707998 0.622268 -0.225784 -0.246056 2.649 6.411 11.633 0.147 7.41 13 24.271
111.36 3 -21.6952 5.58952 -218.689 -0.707998 0.622268 -0.225784 -0.246056 2.649 6.411 11.633 0.147 7.41 13 23.876
111.377 3 -21.6952 5.58952 -218.689 -0.707998 0.622268 -0.225784 -0.246056 2.649 6.411 11.633 0.147 7.41 13 23.876
111.393 3 -21.6952 5.58952 -218.689 -0.707998 0.622268 -0.225784 -0.246056 2.649 6.411 11.633 0.147 7.41 13 23.482
111.41 3 -21.6952 5.58952 -218.689 -0.707998 0.622268 -0.225784 -0.246056 2.649 6.411 11.633 0.147 7.41 13 23.088
111.427 3 -21.6952 5.58952 -218.689 -0.707998 0.622268 -0.225784 -0.246056 2.649 6.411 11.633 0.147 7.41 13 23.088
111.443 3 -21.6952 5.58952 -218.689 -0.707998 0.622268 -0.225784 -0.246056 2.649 6.411 11.633 0.147 7.41 13 22.693
111.46 3 -21.6952 5.58952 -218.689 -0.707998 0.622268 -0.225784 -0.246056 2.649 6.411 11.633 0.147 7.41 13 22.299
111.477 3 -21.6952 5.58952 -218.689 -0.707998 0.622268 -0.225784 -0.246056 2.649 6.411 11.633 0.147 7.41 13 21.904
111.493 3 -21.6952 5.58952 -218.689 -0.707998 0.622268 -0.225784 -0.246056 2.649 6.411 11.633 0.147 7.41 13 21.904
111.51 3 -21.6952 5.58952 -218.689 -0.707998 0.622268 -0.225784 -0.246056 2.649 6.411 11.633 0.147 7.41 13 21.51
111.527 3 -21.6952 5.58952 -218.689 -0.707998 0.622268 -0.225784 -0.246056 2.649 6.411 11.633 0.147 7.41 13 21.51
111.543 3 -21.6952 5.58952 -218.689 -0.707998 0.622268 -0.225784 -0.246056 2.649 6.411 11.633 0.147 7.41 13 21.51
111.56 3 -21.6952 5.58952 -218.689 -0.707998 0.622268 -0.225784 -0.246056 2.649 6.411 11.633 0.147 7.41 13 21.51
111.577 3 -21.6952 5.58952 -218.689 -0.707998 0.622268 -0.225784 -0.246056 2.649 6.411 11.633 0.147 7.41 13 21.51
111.593 3 -21.6952 5.58952 -218.689 -0.707998 0.622268 -0.225784 -0.246056 2.649 6.411 11.633 0.147 7.41 13 21.51
111.61 3 -21.6952 5.58952 -218.689 -0.707998 0.622268 -0.225784 -0.246056 2.649 6.411 11.633 0.147 7.41 13 21.116
111.627 3 -21.6952 5.58952 -218.689 -0.707998 0.622268 -0.225784 -0.246056 2.649 6.411 11.633 0.147 7.41 13 21.116
111.643 3 -21.6952 5.58952 -218.689 -0.707998 0.622268 -0.225784 -0.246056 2.649 6.411 11.633 0.147 7.41 13 20.721
111.66 3 -21.6952 5.58952 -218.689 -0.707998 0.622268 -0.225784 -0.246056 2.649 6.411 11.633 0.147 7.41 13 20.721
111.677 3 -21.6952 5.58952 -218.689 -0.707998 0.622268 -0.225784 -0.246056 2.649 6.411 11.633 0.147 7.41 13 20.327
111.693 3 -21.6952 5.58952 -218.689 -0.707998 0.622268 -0.225784 -0.246056 2.649 6.411 11.633 0.147 7.41 13 19.932
111.71 3 -21.6952 5.58952 -218.689 -0.707998 0.622268 -0.225784 -0.246056 2.649 6.411 11.633 0.147 7.41 13 19.538
111.727 3 -21.6952 5.58952 -218.689 -0.707998 0.622268 -0.225784 -0.246056 2.649 6.411 11.633 0.147 7.41 13 19.538
111.743 3 -21.6952 5.58952 -218.689 -0.707998 0.622268 -0.225784 -0.246056 2.649 6.411 11.633 0.147 7.41 13 19.538
111.76 3 -21.6952 5.58952 -218.689 -0.707998 0.622268 -0.225784 -0.246056 2.649 6.411 11.633 0.147 7.41 13 19.143
111.777 3 -21.6952 5.58952 -218.689 -0.707998 0.622268 -0.225784 -0.246056 2.649 6.411 11.633 0.147 7.41 13 19.143
111.793 3 -21.6952 5.58952 -218.689 -0.707998 0.622268 -0.225784 -0.246056 2.649 6.411 11.633 0.147 7.41 13 19.143
111.81 3 -21.6952 5.58952 -218.689 -0.707998 0.622268 -0.225784 -0.246056 2.649 6.411 11.633 0.147 7.41 13 18.749
111.827 3 -21.6952 5.58952 -218.689 -0.707998 0.622268 -0.225784 -0.246056 2.649 6.411 11.633 0.147 7.41 13 18.749
111.843 3 -21.6952 5.58952 -218.689 -0.707998 0.622268 -0.225784 -0.246056 2.649 6.411 11.633 0.147 7.41 13 18.749
111.86 3 -21.6952 5.58952 -218.689 -0.707998 0.622268 -0.225784 -0.246056 2.649 6.411 11.633 0.147 7.41 13 18.749
111.877 3 -21.6952 5.58952 -218.689 -0.707998 0.622268 -0.225784 -0.246056 2.649 6.411 11.633 0.147 7.41 13 18.749
111.893 3 -21.6952 5.58952 -218.689 -0.707998 0.622268 -0.225784 -0.246056 2.649 6.411 11.633 0.147 7.41 13 18.749
111.91 3 -21.6952 5.58952 -218.689 -0.707998 0.622268 -0.225784 -0.246056 2.649 6.411 11.633 0.147 7.41 13 18.749
111.927 3 -21.6952 5.58952 -218.689 -0.707998 0.622268 -0.225784 -0.246056 2.649 6.411 11.633 0.147 7.41 13 18.749
111.943 3 -21.6952 5.58952 -218.689 -0.707998 0.622268 -0.225784 -0.246056 2.649 6.411 11.633 0.147 7.41 13 18.749
111.96 3 -21.6952 5.58952 -218.689 -0.707998 0.622268 -0.225784 -0.246056 2.649 6.411 11.633 0.147 7.41 13 18.749
111.977 3 -21.6952 5.58952 -218.689 -0.707998 0.622268 -0.225784 -0.246056 2.649 6.411 11.633 0.147 7.41 13 18.749
111.993 3 -21.6952 5.58952 -218.689 -0.707998 0.622268 -0.225784 -0.246056 2.649 6.411 11.633 0.147 7.41 13 18.749
112.01 3 -21.6952 5.58952 -218.689 -0.707998 0.622268 -0.225784 -0.246056 2.649 6.411 11.633 0.147 7.41 13 18.749
112.027 3 -21.6952 5.58952 -218.689 -0.707998 0.622268 -0.225784 -0.246056 2.649 6.411 11.633 0.147 7.41 13 18.749
112.043 3 -21.6952 5.58952 -218.689 -0.707998 0.622268 -0.225784 -0.246056 2.649 6.411 11.633 0.147 7.41 13 18.749
112.06 3 -21.6952 5.58952 -218.689 -0.707998 0.622268 -0.225784 -0.246056 2.649 6.411 11.633 0.147 7.41 13 18.749
112.077 3 -21.6952 5.58952 -218.689 -0.707998 0.622268 -0.225784 -0.246056 2.649 6.411 11.633 0.147 7.41 13 18.749
112.093 3 -21.6952 5.58952 -218.689 -0.707998 0.622268 -0.225784 -0.246056 2.649 6.411 11.633 0.147 7.41 13 18.749
112.11 3 -21.6952 5.58952 -218.689 -0.707998 0.622268 -0.225784 -0.246056 2.649 6.411 11.633 0.147 7.41 13 18.749
112.127 3 -21.6952 5.58952 -218.689 -0.707998 0.622268 -0.225784 -0.246056 2.649 6.411 11.633 0.147 7.41 13 18.749
112.143 3 -21.6952 5.58952 -218.689 -0.707998 0.622268 -0.225784 -0.246056 2.649 6.411 11.633 0.147 7.41 13 18.749
112.16 3 -21.6952 5.58952 -218.689 -0.707998 0.622268 -0.225784 -0.246056 2.649 6.411 11.633 0.147 7.41 13 18.749
112.177 3 -21.6952 5.58952 -218.689 -0.707998 0.622268 -0.225784 -0.246056 2.649 6.411 11.633 0.147 7.41 13 18.749
112.193 3 -21.6952 5.58952 -218.689 -0.707998 0.622268 -0.225784 -0.246056 2.649 6.411 11.633 0.147 7.41 13 18.749
112.21 3 -21.6952 5.58952 -218.689 -0.707998 0.622268 -0.225784 -0.246056 2.649 6.411 11.633 0.147 7.41 13 18.355
112.227 3 -21.6952 5.58952 -218.689 -0.707998 0.622268 -0.225784 -0.246056 2.649 6.411 11.633 0.147 7.41 13 18.355
112.243 3 -21.6952 5.58952 -218.689 -0.707998 0.622268 -0.225784 -0.246056 2.649 6.411 11.633 0.147 7.41 13 17.96
112.26 3 -21.6952 5.58952 -218.689 -0.707998 0.622268 -0.225784 -0.246056 2.649 6.411 11.633 0.147 7.41 13 17.566
112.277 3 -21.6952 5.58952 -218.689 -0.707998 0.622268 -0.225784 -0.246056 2.649 6.411 11.633 0.147 7.41 13 17.566
112.293 3 -21.6952 5.58952 -218.689 -0.707998 0.622268 -0.225784 -0.246056 2.649 6.411 11.633 0.147 7.41 13 17.171
112.31 3 -21.6952 5.58952 -218.689 -0.707998 0.622268 -0.225784 -0.246056 2.649 6.411 11.633 0.147 7.41 13 17.171
112.327 3 -21.6952 5.58952 -218.689 -0.707998 0.622268 -0.225784 -0.246056 2.649 6.411 11.633 0.147 7.41 13 16.777
112.343 3 -21.6952 5.58952 -218.689 -0.707998 0.622268 -0.225784 -0.246056 2.649 6.411 11.633 0.147 7.41 13 16.777
112.36 3 -21.6952 5.58952 -218.689 -0.707998 0.622268 -0.225784 -0.246056 2.649 6.411 11.633 0.147 7.41 13 16.382
112.377 3 -21.6952 5.58952 -218.689 -0.707998 0.622268 -0.225784 -0.246056 2.649 6.411 11.633 0.147 7.41 13 16.382
112.393 3 -21.6952 5.58952 -218.689 -0.707998 0.622268 -0.225784 -0.246056 2.649 6.411 11.633 0.147 7.41 13 15.988
112.41 3 -21.6952 5.58952 -218.689 -0.707998 0.622268 -0.225784 -0.246056 2.649 6.411 11.633 0.147 7.41 13 15.988
112.427 3 -21.6952 5.58952 -218.689 -0.707998 0.622268 -0.225784 -0.246056 2.649 6.411 11.633 0.147 7.41 13 15.988
112.443 3 -21.6952 5.58952 -218.689 -0.707998 0.622268 -0.225784 -0.246056 2.649 6.411 11.633 0.147 7.41 13 15.988
112.46 3 -21.6952 5.58952 -218.689 -0.707998 0.622268 -0.225784 -0.246056 2.649 6.411 11.633 0.147 7.41 13 15.988
112.477 3 -21.6952 5.58952 -218.689 -0.707998 0.622268 -0.225784 -0.246056 2.649 6.411 11.633 0.147 7.41 13 15.594
112.493 3 -21.6952 5.58952 -218.689 -0.707998 0.622268 -0.225784 -0.246056 2.649 6.411 11.633 0.147 7.41 13 15.594
112.51 3 -21.6952 5.58952 -218.689 -0.707998 0.622268 -0.225784 -0.246056 2.649 6.411 11.633 0.147 7.41 13 15.594
112.527 3 -21.6952 5.58952 -218.689 -0.707998 0.622268 -0.225784 -0.246056 2.649 6.411 11.633 0.147 7.41 13 15.199
112.543 3 -21.6952 5.58952 -218.689 -0.707998 0.622268 -0.225784 -0.246056 2.649 6.411 11.633 0.147 7.41 13 15.199
112.56 3 -21.6952 5.58952 -218.689 -0.707998 0.622268 -0.225784 -0.246056 2.649 6.411 11.633 0.147 7.41 13 14.805
112.577 3 -21.6952 5.58952 -218.689 -0.707998 0.622268 -0.225784 -0.246056 2.649 6.411 11.633 0.147 7.41 13 14.805
112.593 3 -21.6952 5.58952 -218.689 -0.707998 0.622268 -0.225784 -0.246056 2.649 6.411 11.633 0.147 7.41 13 14.805
112.61 3 -21.6952 5.58952 -218.689 -0.707998 0.622268 -0.225784 -0.246056 2.649 6.411 11.633 0.147 7.41 13 14.41
112.627 3 -21.6952 5.58952 -218.689 -0.707998 0.622268 -0.225784 -0.246056 2.649 6.411 11.633 0.147 7.41 13 14.41
112.643 3 -21.6952 5.58952 -218.689 -0.707998 0.622268 -0.225784 -0.246056 2.649 6.411 11.633 0.147 7.41 13 14.41
112.66 3 -21.6952 5.58952 -218.689 -0.707998 0.622268 -0.225784 -0.246056 2.649 6.411 11.633 0.147 7.41 13 14.016
112.677 3 -21.6952 5.58952 -218.689 -0.707998 0.622268 -0.225784 -0.246056 2.649 6.411 11.633 0.147 7.41 13 14.016
112.693 3 -21.6952 5.58952 -218.689 -0.707998 0.622268 -0.225784 -0.246056 2.649 6.411 11.633 0.147 7.41 13 13.622
112.71 3 -21.6952 5.58952 -218.689 -0.707998 0.622268 -0.225784 -0.246056 2.649 6.411 11.633 0.147 7.41 13 13.622
112.727 3 -21.6952 5.58952 -218.689 -0.707998 0.622268 -0.225784 -0.246056 2.649 6.411 11.633 0.147 7.41 13 13.622
112.743 3 -21.6952 5.58952 -218.689 -0.707998 0.622268 -0.225784 -0.246056 2.649 6.411 11.633 0.147 7.41 13 13.622
112.76 3 -21.6952 5.58952 -218.689 -0.707998 0.622268 -0.225784 -0.246056 2.649 6.411 11.633 0.147 7.41 13 13.622
112.777 3 -21.6952 5.58952 -218.689 -0.707998 0.622268 -0.225784 -0.246056 2.649 6.411 11.633 0.147 7.41 13 13.227
112.793 3 -21.6952 5.58952 -218.689 -0.707998 0.622268 -0.225784 -0.246056 2.649 6.411 11.633 0.147 7.41 13 13.227
112.81 3 -21.6952 5.58952 -218.689 -0.707998 0.622268 -0.225784 -0.246056 2.649 6.411 11.633 0.147 7.41 13 13.227
112.827 3 -21.6952 5.58952 -218.689 -0.707998 0.622268 -0.225784 -0.246056 2.649 6.411 11.633 0.147 7.41 13 13.227
112.843 3 -21.6952 5.58952 -218.689 -0.707998 0.622268 -0.225784 -0.246056 2.649 6.411 11.633 0.147 7.41 13 13.227
112.86 3 -21.6952 5.58952 -218.689 -0.707998 0.622268 -0.225784 -0.246056 2.649 6.411 11.633 0.147 7.41 13 13.227
112.877 3 -21.6952 5.58952 -218.689 -0.707998 0.622268 -0.225784 -0.246056 2.649 6.411 11.633 0.147 7.41 13 13.227
112.893 3 -21.6952 5.58952 -218.689 -0.707998 0.622268 -0.225784 -0.246056 2.649 6.411 11.633 0.147 7.41 13 13.227
112.91 3 -21.6952 5.58952 -218.689 -0.707998 0.622268 -0.225784 -0.246056 2.649 6.411 11.633 0.147 7.41 13 13.227
112.927 3 -21.6952 5.58952 -218.689 -0.707998 0.622268 -0.225784 -0.246056 2.649 6.411 11.633 0.147 7.41 13 13.227
112.943 3 -21.6952 5.58952 -218.689 -0.707998 0.622268 -0.225784 -0.246056 2.649 6.411 11.633 0.147 7.41 13 13.227
112.96 3 -21.6952 5.58952 -218.689 -0.707998 0.622268 -0.225784 -0.246056 2.649 6.411 11.633 0.147 7.41 13 13.227
112.977 3 -21.6952 5.58952 -218.689 -0.707998 0.622268 -0.225784 -0.246056 2.649 6.411 11.633 0.147 7.41 13 13.227
112.993 3 -21.6952 5.58952 -218.689 -0.707998 0.622268 -0.225784 -0.246056 2.649 6.411 11.633 0.147 7.41 13 13.227
113.01 3 -21.6952 5.58952 -218.689 -0.707998 0.622268 -0.225784 -0.246056 2.649 6.411 11.633 0.147 7.41 13 13.227
113.027 3 -21.6952 5.58952 -218.689 -0.707998 0.622268 -0.225784 -0.246056 2.649 6.411 11.633 0.147 7.41 13 13.227
113.043 3 -21.6952 5.58952 -218.689 -0.707998 0.622268 -0.225784 -0.246056 2.649 6.411 11.633 0.147 7.41 13 13.227
113.06 3 -21.6952 5.58952 -218.689 -0.707998 0.622268 -0.225784 -0.246056 2.649 6.411 11.633 0.147 7.41 13 13.227
113.077 3 -21.6952 5.58952 -218.689 -0.707998 0.622268 -0.225784 -0.246056 2.649 6.411 11.633 0.147 7.41 13 13.227
113.093 3 -21.6952 5.58952 -218.689 -0.707998 0.622268 -0.225784 -0.246056 2.649 6.411 11.633 0.147 7.41 13 13.227
113.11 3 -21.6952 5.58952 -218.689 -0.707998 0.622268 -0.225784 -0.246056 2.649 6.411 11.633 0.147 7.41 13 13.227
113.127 3 -21.6952 5.58952 -218.689 -0.707998 0.622268 -0.225784 -0.246056 2.649 6.411 11.633 0.147 7.41 13 13.227
113.143 3 -21.6952 5.58952 -218.689 -0.707998 0.622268 -0.225784 -0.246056 2.649 6.411 11.633 0.147 7.41 13 13.227
113.16 3 -21.6952 5.58952 -218.689 -0.707998 0.622268 -0.225784 -0.246056 2.649 6.411 11.633 0.147 7.41 13 13.227
113.177 3 -21.6952 5.58952 -218.689 -0.707998 0.622268 -0.225784 -0.246056 2.649 6.411 11.633 0.147 7.41 13 13.227
113.193 3 -21.6952 5.58952 -218.689 -0.707998 0.622268 -0.225784 -0.246056 2.649 6.411 11.633 0.147 7.41 13 13.227
113.21 3 -21.6952 5.58952 -218.689 -0.707998 0.622268 -0.225784 -0.246056 2.649 6.411 11.633 0.147 7.41 13 13.227
113.227 3 -21.6952 5.58952 -218.689 -0.707998 0.622268 -0.225784 -0.246056 2.649 6.411 11.633 0.147 7.41 13 13.227
113.243 3 -21.6952 5.58952 -218.689 -0.707998 0.622268 -0.225784 -0.246056 2.649 6.411 11.633 0.147 7.41 13 13.227
113.26 3 -21.6952 5.58952 -218.689 -0.707998 0.622268 -0.225784 -0.246056 2.649 6.411 11.633 0.147 7.41 13 13.227
113.277 3 -21.6952 5.58952 -218.689 -0.707998 0.622268 -0.225784 -0.246056 2.649 6.411 11.633 0.147 7.41 13 13.227
113.293 3 -21.6952 5.58952 -218.689 -0.707998 0.622268 -0.225784 -0.246056 2.649 6.411 11.633 0.147 7.41 13 13.227
113.31 3 -21.6952 5.58952 -218.689 -0.707998 0.622268 -0.225784 -0.246056 2.649 6.411 11.633 0.147 7.41 13 12.833
113.327 3 -21.6952 5.58952 -218.689 -0.707998 0.622268 -0.225784 -0.246056 2.649 6.411 11.633 0.147 7.41 13 12.438
113.343 3 -21.6952 5.58952 -218.689 -0.707998 0.622268 -0.225784 -0.246056 2.649 6.411 11.633 0.147 7.41 13 12.044
113.36 3 -21.6952 5.58952 -218.689 -0.707998 0.622268 -0.225784 -0.246056 2.649 6.411 11.633 0.147 7.41 13 11.255
113.377 3 -21.6952 5.58952 -218.689 -0.707998 0.622268 -0.225784 -0.246056 2.649 6.411 11.633 0.147 7.41 13 10.861
113.393 3 -21.6952 5.58952 -218.689 -0.707998 0.622268 -0.225784 -0.246056 2.649 6.411 11.633 0.147 7.41 13 10.861
113.41 3 -21.6952 5.58952 -218.689 -0.707998 0.622268 -0.225784 -0.246056 2.649 6.411 11.633 0.147 7.41 13 10.466
113.427 3 -21.6952 5.58952 -218.689 -0.707998 0.622268 -0.225784 -0.246056 2.649 6.411 11.633 0.147 7.41 13 10.072
113.443 3 -21.6952 5.58952 -218.689 -0.707998 0.622268 -0.225784 -0.246056 2.649 6.411 11.633 0.147 7.41 13 10.072
113.46 3 -21.6952 5.58952 -218.689 -0.707998 0.622268 -0.225784 -0.246056 2.649 6.411 11.633 0.147 7.41 13 9.677
113.477 3 -21.6952 5.58952 -218.689 -0.707998 0.622268 -0.225784 -0.246056 2.649 6.411 11.633 0.147 7.41 13 9.677
113.493 3 -21.6952 5.58952 -218.689 -0.707998 0.622268 -0.225784 -0.246056 2.649 6.411 11.633 0.147 7.41 13 9.283
113.51 3 -21.6952 5.58952 -218.689 -0.707998 0.622268 -0.225784 -0.246056 2.649 6.411 11.633 0.147 7.41 13 8.888
113.527 3 -21.6952 5.58952 -218.689 -0.707998 0.622268 -0.225784 -0.246056 2.649 6.411 11.633 0.147 7.41 13 8.888
113.543 3 -21.6952 5.58952 -218.689 -0.707998 0.622268 -0.225784 -0.246056 2.649 6.411 11.633 0.147 7.41 13 8.494
113.56 3 -21.6952 5.58952 -218.689 -0.707998 0.622268 -0.225784 -0.246056 2.649 6.411 11.633 0.147 7.41 13 8.494
113.577 3 -21.6952 5.58952 -218.689 -0.707998 0.622268 -0.225784 -0.246056 2.649 6.411 11.633 0.147 7.41 13 8.494
113.593 3 -21.6952 5.58952 -218.689 -0.707998 0.622268 -0.225784 -0.246056 2.649 6.411 11.633 0.147 7.41 13 8.494
113.61 3 -21.6952 5.58952 -218.689 -0.707998 0.622268 -0.225784 -0.246056 2.649 6.411 11.633 0.147 7.41 13 8.494
113.627 3 -21.6952 5.58952 -218.689 -0.707998 0.622268 -0.225784 -0.246056 2.649 6.411 11.633 0.147 7.41 13 8.1
113.643 3 -21.6952 5.58952 -218.689 -0.707998 0.622268 -0.225784 -0.246056 2.649 6.411 11.633 0.147 7.41 13 8.1
113.66 3 -21.6952 5.58952 -218.689 -0.707998 0.622268 -0.225784 -0.246056 2.649 6.411 11.633 0.147 7.41 13 8.1
113.677 3 -21.6952 5.58952 -218.689 -0.707998 0.622268 -0.225784 -0.246056 2.649 6.411 11.633 0.147 7.41 13 7.705
113.693 3 -21.6952 5.58952 -218.689 -0.707998 0.622268 -0.225784 -0.246056 2.649 6.411 11.633 0.147 7.41 13 7.705
113.71 3 -21.6952 5.58952 -218.689 -0.707998 0.622268 -0.225784 -0.246056 2.649 6.411 11.633 0.147 7.41 13 7.311
113.727 3 -21.6952 5.58952 -218.689 -0.707998 0.622268 -0.225784 -0.246056 2.649 6.411 11.633 0.147 7.41 13 6.916
113.743 3 -21.6952 5.58952 -218.689 -0.707998 0.622268 -0.225784 -0.246056 2.649 6.411 11.633 0.147 7.41 13 6.916
113.76 3 -21.6952 5.58952 -218.689 -0.707998 0.622268 -0.225784 -0.246056 2.649 6.411 11.633 0.147 7.41 13 6.522
113.777 3 -21.6952 5.58952 -218.689 -0.707998 0.622268 -0.225784 -0.246056 2.649 6.411 11.633 0.147 7.41 13 6.522
113.793 3 -21.6952 5.58952 -218.689 -0.707998 0.622268 -0.225784 -0.246056 2.649 6.411 11.633 0.147 7.41 13 6.127
113.81 3 -21.6952 5.58952 -218.689 -0.707998 0.622268 -0.225784 -0.246056 2.649 6.411 11.633 0.147 7.41 13 6.127
113.827 3 -21.6952 5.58952 -218.689 -0.707998 0.622268 -0.225784 -0.246056 2.649 6.411 11.633 0.147 7.41 13 5.733
113.843 3 -21.6952 5.58952 -218.689 -0.707998 0.622268 -0.225784 -0.246056 2.649 6.411 11.633 0.147 7.41 13 5.339
113.86 3 -21.6952 5.58952 -218.689 -0.707998 0.622268 -0.225784 -0.246056 2.649 6.411 11.633 0.147 7.41 13 5.339
113.877 3 -21.6952 5.58952 -218.689 -0.707998 0.622268 -0.225784 -0.246056 2.649 6.411 11.633 0.147 7.41 13 4.944
113.893 3 -21.6952 5.58952 -218.689 -0.707998 0.622268 -0.225784 -0.246056 2.649 6.411 11.633 0.147 7.41 13 4.944
113.91 3 -21.6952 5.58952 -218.689 -0.707998 0.622268 -0.225784 -0.246056 2.649 6.411 11.633 0.147 7.41 13 4.55
113.927 3 -21.6952 5.58952 -218.689 -0.707998 0.622268 -0.225784 -0.246056 2.649 6.411 11.633 0.147 7.41 13 4.155
113.943 3 -21.6952 5.58952 -218.689 -0.707998 0.622268 -0.225784 -0.246056 2.649 6.411 11.633 0.147 7.41 13 4.155
113.96 3 -21.6952 5.58952 -218.689 -0.707998 0.622268 -0.225784 -0.246056 2.649 6.411 11.633 0.147 7.41 13 3.761
113.977 3 -21.6952 5.58952 -218.689 -0.707998 0.622268 -0.225784 -0.246056 2.649 6.411 11.633 0.147 7.41 13 3.761
113.993 3 -21.6952 5.58952 -218.689 -0.707998 0.622268 -0.225784 -0.246056 2.649 6.411 11.633 0.147 7.41 13 3.761
114.01 3 -21.6952 5.58952 -218.689 -0.707998 0.622268 -0.225784 -0.246056 2.649 6.411 11.633 0.147 7.41 13 3.761
114.027 3 -21.6952 5.58952 -218.689 -0.707998 0.622268 -0.225784 -0.246056 2.649 6.411 11.633 0.147 7.41 13 3.761
114.043 3 -21.6952 5.58952 -218.689 -0.707998 0.622268 -0.225784 -0.246056 2.649 6.411 11.633 0.147 7.41 13 3.761
114.06 3 -21.6952 5.58952 -218.689 -0.707998 0.622268 -0.225784 -0.246056 2.649 6.411 11.633 0.147 7.41 13 3.761
114.077 3 -21.6952 5.58952 -218.689 -0.707998 0.622268 -0.225784 -0.246056 2.649 6.411 11.633 0.147 7.41 13 3.761
114.093 3 -21.6952 5.58952 -218.689 -0.707998 0.622268 -0.225784 -0.246056 2.649 6.411 11.633 0.147 7.41 13 3.761
114.11 3 -21.6952 5.58952 -218.689 -0.707998 0.622268 -0.225784 -0.246056 2.649 6.411 11.633 0.147 7.41 13 3.761
114.127 3 -21.6952 5.58952 -218.689 -0.707998 0.622268 -0.225784 -0.246056 2.649 6.411 11.633 0.147 7.41 13 3.761
114.143 3 -21.6952 5.58952 -218.689 -0.707998 0.622268 -0.225784 -0.246056 2.649 6.411 11.633 0.147 7.41 13 3.761
114.16 3 -21.6952 5.58952 -218.689 -0.707998 0.622268 -0.225784 -0.246056 2.649 6.411 11.633 0.147 7.41 13 3.367
114.177 3 -21.6952 5.58952 -218.689 -0.707998 0.622268 -0.225784 -0.246056 2.649 6.411 11.633 0.147 7.41 13 3.367
114.193 3 -21.6952 5.58952 -218.689 -0.707998 0.622268 -0.225784 -0.246056 2.649 6.411 11.633 0.147 7.41 13 3.367
114.21 3 -21.6952 5.58952 -218.689 -0.707998 0.622268 -0.225784 -0.246056 2.649 6.411 11.633 0.147 7.41 13 3.367
114.227 3 -21.6952 5.58952 -218.689 -0.707998 0.622268 -0.225784 -0.246056 2.649 6.411 11.633 0.147 7.41 13 3.367
114.243 3 -21.6952 5.58952 -218.689 -0.707998 0.622268 -0.225784 -0.246056 2.649 6.411 11.633 0.147 7.41 13 3.367
114.26 3 -21.6952 5.58952 -218.689 -0.707998 0.622268 -0.225784 -0.246056 2.649 6.411 11.633 0.147 7.41 13 3.367
114.277 3 -21.6952 5.58952 -218.689 -0.707998 0.622268 -0.225784 -0.246056 2.649 6.411 11.633 0.147 7.41 13 3.367
114.293 3 -21.6952 5.58952 -218.689 -0.707998 0.622268 -0.225784 -0.246056 2.649 6.411 11.633 0.147 7.41 13 2.972
114.31 3 -21.6952 5.58952 -218.689 -0.707998 0.622268 -0.225784 -0.246056 2.649 6.411 11.633 0.147 7.41 13 2.972
114.327 3 -21.6952 5.58952 -218.689 -0.707998 0.622268 -0.225784 -0.246056 2.649 6.411 11.633 0.147 7.41 13 2.972
114.343 3 -21.6952 5.58952 -218.689 -0.707998 0.622268 -0.225784 -0.246056 2.649 6.411 11.633 0.147 7.41 13 2.972
114.36 3 -21.6952 5.58952 -218.689 -0.707998 0.622268 -0.225784 -0.246056 2.649 6.411 11.633 0.147 7.41 13 2.972
114.377 3 -21.6952 5.58952 -218.689 -0.707998 0.622268 -0.225784 -0.246056 2.649 6.411 11.633 0.147 7.41 13 2.972
114.393 3 -21.6952 5.58952 -218.689 -0.707998 0.622268 -0.225784 -0.246056 2.649 6.411 11.633 0.147 7.41 13 2.972
114.41 3 -21.6952 5.58952 -218.689 -0.707998 0.622268 -0.225784 -0.246056 2.649 6.411 11.633 0.147 7.41 13 2.972
114.427 3 -21.6952 5.58952 -218.689 -0.707998 0.622268 -0.225784 -0.246056 2.649 6.411 11.633 0.147 7.41 13 2.972
114.443 3 -21.6952 5.58952 -218.689 -0.707998 0.622268 -0.225784 -0.246056 2.649 6.411 11.633 0.147 7.41 13 2.972
114.46 3 -21.6952 5.58952 -218.689 -0.707998 0.622268 -0.225784 -0.246056 2.649 6.411 11.633 0.147 7.41 13 2.972
114.477 3 -21.6952 5.58952 -218.689 -0.707998 0.622268 -0.225784 -0.246056 2.649 6.411 11.633 0.147 7.41 13 2.972
114.493 3 -21.6952 5.58952 -218.689 -0.707998 0.622268 -0.225784 -0.246056 2.649 6.411 11.633 0.147 7.41 13 2.972
114.51 3 -21.6952 5.58952 -218.689 -0.707998 0.622268 -0.225784 -0.246056 2.649 6.411 11.633 0.147 7.41 13 2.972
114.527 3 -21.6952 5.58952 -218.689 -0.707998 0.622268 -0.225784 -0.246056 2.649 6.411 11.633 0.147 7.41 13 2.972
114.543 3 -21.6952 5.58952 -218.689 -0.707998 0.622268 -0.225784 -0.246056 2.649 6.411 11.633 0.147 7.41 13 2.972
114.56 3 -21.6952 5.58952 -218.689 -0.707998 0.622268 -0.225784 -0.246056 2.649 6.411 11.633 0.147 7.41 13 2.972
114.577 3 -21.6952 5.58952 -218.689 -0.707998 0.622268 -0.225784 -0.246056 2.649 6.411 11.633 0.147 7.41 13 2.972
114.593 3 -21.6952 5.58952 -218.689 -0.707998 0.622268 -0.225784 -0.246056 2.649 6.411 11.633 0.147 7.41 13 2.972
114.61 3 -21.6952 5.58952 -218.689 -0.707998 0.622268 -0.225784 -0.246056 2.649 6.411 11.633 0.147 7.41 13 2.972
114.627 3 -21.6952 5.58952 -218.689 -0.707998 0.622268 -0.225784 -0.246056 2.649 6.411 11.633 0.147 7.41 13 2.972
114.643 3 -21.6952 5.58952 -218.689 -0.707998 0.622268 -0.225784 -0.246056 2.649 6.411 11.633 0.147 7.41 13 2.972
114.66 3 -21.6952 5.58952 -218.689 -0.707998 0.622268 -0.225784 -0.246056 2.649 6.411 11.633 0.147 7.41 13 2.972
114.677 3 -21.6952 5.58952 -218.689 -0.707998 0.622268 -0.225784 -0.246056 2.649 6.411 11.633 0.147 7.41 13 2.972
114.693 3 -21.6952 5.58952 -218.689 -0.707998 0.622268 -0.225784 -0.246056 2.649 6.411 11.633 0.147 7.41 13 2.972
114.71 3 -21.6952 5.58952 -218.689 -0.707998 0.622268 -0.225784 -0.246056 2.649 6.411 11.633 0.147 7.41 13 2.972
114.727 3 -21.6952 5.58952 -218.689 -0.707998 0.622268 -0.225784 -0.246056 2.649 6.411 11.633 0.147 7.41 13 2.972
114.743 3 -21.6952 5.58952 -218.689 -0.707998 0.622268 -0.225784 -0.246056 2.649 6.411 11.633 0.147 7.41 13 2.972
114.76 3 -21.6952 5.58952 -218.689 -0.707998 0.622268 -0.225784 -0.246056 2.649 6.411 11.633 0.147 7.41 13 2.972
114.777 3 -21.6952 5.58952 -218.689 -0.707998 0.622268 -0.225784 -0.246056 2.649 6.411 11.633 0.147 7.41 13 2.972
114.793 3 -21.6952 5.58952 -218.689 -0.707998 0.622268 -0.225784 -0.246056 2.649 6.411 11.633 0.147 7.41 13 2.972
114.81 3 -21.6952 5.58952 -218.689 -0.707998 0.622268 -0.225784 -0.246056 2.649 6.411 11.633 0.147 7.41 13 2.972
114.827 3 -21.6952 5.58952 -218.689 -0.707998 0.622268 -0.225784 -0.246056 2.649 6.411 11.633 0.147 7.41 13 2.972
114.843 3 -21.6952 5.58952 -218.689 -0.707998 0.622268 -0.225784 -0.246056 2.649 6.411 11.633 0.147 7.41 13 2.972
114.86 3 -21.6952 5.58952 -218.689 -0.707998 0.622268 -0.225784 -0.246056 2.649 6.411 11.633 0.147 7.41 13 2.972
114.877 3 -21.6952 5.58952 -218.689 -0.707998 0.622268 -0.225784 -0.246056 2.649 6.411 11.633 0.147 7.41 13 2.972
114.893 3 -21.6952 5.58952 -218.689 -0.707998 0.622268 -0.225784 -0.246056 2.649 6.411 11.633 0.147 7.41 13 2.972
114.91 3 -21.6952 5.58952 -218.689 -0.707998 0.622268 -0.225784 -0.246056 2.649 6.411 11.633 0.147 7.41 13 2.972
114.927 3 -21.6952 5.58952 -218.689 -0.707998 0.622268 -0.225784 -0.246056 2.649 6.411 11.633 0.147 7.41 13 2.972
114.943 3 -21.6952 5.58952 -218.689 -0.707998 0.622268 -0.225784 -0.246056 2.649 6.411 11.633 0.147 7.41 13 2.972
114.96 3 -21.6952 5.58952 -218.689 -0.707998 0.622268 -0.225784 -0.246056 2.649 6.411 11.633 0.147 7.41 13 2.972
114.977 3 -21.6952 5.58952 -218.689 -0.707998 0.622268 -0.225784 -0.246056 2.649 6.411 11.633 0.147 7.41 13 2.972
114.993 3 -21.6952 5.58952 -218.689 -0.707998 0.622268 -0.225784 -0.246056 2.649 6.411 11.633 0.147 7.41 13 2.972
115.01 3 -21.6952 5.58952 -218.689 -0.707998 0.622268 -0.225784 -0.246056 2.649 6.411 11.633 0.147 7.41 13 2.972
115.027 3 -21.6952 5.58952 -218.689 -0.707998 0.622268 -0.225784 -0.246056 2.649 6.411 11.633 0.147 7.41 13 2.972
115.043 3 -21.6952 5.58952 -218.689 -0.707998 0.622268 -0.225784 -0.246056 2.649 6.411 11.633 0.147 7.41 13 2.972
115.06 3 -21.6952 5.58952 -218.689 -0.707998 0.622268 -0.225784 -0.246056 2.649 6.411 11.633 0.147 7.41 13 2.972
115.077 3 -21.6952 5.58952 -218.689 -0.707998 0.622268 -0.225784 -0.246056 2.649 6.411 11.633 0.147 7.41 13 2.972
115.093 3 -21.6952 5.58952 -218.689 -0.707998 0.622268 -0.225784 -0.246056 2.649 6.411 11.633 0.147 7.41 13 2.972
115.11 3 -21.6952 5.58952 -218.689 -0.707998 0.622268 -0.225784 -0.246056 2.649 6.411 11.633 0.147 7.41 13 2.972
115.127 3 -21.6952 5.58952 -218.689 -0.707998 0.622268 -0.225784 -0.246056 2.649 6.411 11.633 0.147 7.41 13 2.972
115.143 3 -21.6952 5.58952 -218.689 -0.707998 0.622268 -0.225784 -0.246056 2.649 6.411 11.633 0.147 7.41 13 2.972
115.16 3 -21.6952 5.58952 -218.689 -0.707998 0.622268 -0.225784 -0.246056 2.649 6.411 11.633 0.147 7.41 13 2.972
115.177 3 -21.6952 5.58952 -218.689 -0.707998 0.622268 -0.225784 -0.246056 2.649 6.411 11.633 0.147 7.41 13 2.972
115.193 3 -21.6952 5.58952 -218.689 -0.707998 0.622268 -0.225784 -0.246056 2.649 6.411 11.633 0.147 7.41 13 2.972
115.21 3 -21.6952 5.58952 -218.689 -0.707998 0.622268 -0.225784 -0.246056 2.649 6.411 11.633 0.147 7.41 13 2.972
115.227 3 -21.6952 5.58952 -218.689 -0.707998 0.622268 -0.225784 -0.246056 2.649 6.411 11.633 0.147 7.41 13 2.972
115.243 3 -21.6952 5.58952 -218.689 -0.707998 0.622268 -0.225784 -0.246056 2.649 6.411 11.633 0.147 7.41 13 2.972
115.26 3 -21.6952 5.58952 -218.689 -0.707998 0.622268 -0.225784 -0.246056 2.649 6.411 11.633 0.147 7.41 13 2.972
115.277 3 -21.6952 5.58952 -218.689 -0.707998 0.622268 -0.225784 -0.246056 2.649 6.411 11.633 0.147 7.41 13 2.972
115.293 3 -21.6952 5.58952 -218.689 -0.707998 0.622268 -0.225784 -0.246056 2.649 6.411 11.633 0.147 7.41 13 2.972
115.31 3 -21.6952 5.58952 -218.689 -0.707998 0.622268 -0.225784 -0.246056 2.649 6.411 11.633 0.147 7.41 13 2.972
115.327 3 -21.6952 5.58952 -218.689 -0.707998 0.622268 -0.225784 -0.246056 2.649 6.411 11.633 0.147 7.41 13 2.972
115.343 3 -21.6952 5.58952 -218.689 -0.707998 0.622268 -0.225784 -0.246056 2.649 6.411 11.633 0.147 7.41 13 2.972
115.36 3 -21.6952 5.58952 -218.689 -0.707998 0.622268 -0.225784 -0.246056 2.649 6.411 11.633 0.147 7.41 13 2.972
115.377 3 -21.6952 5.58952 -218.689 -0.707998 0.622268 -0.225784 -0.246056 2.649 6.411 11.633 0.147 7.41 13 2.972
115.393 3 -21.6952 5.58952 -218.689 -0.707998 0.622268 -0.225784 -0.246056 2.649 6.411 11.633 0.147 7.41 13 2.972
115.41 3 -21.6952 5.58952 -218.689 -0.707998 0.622268 -0.225784 -0.246056 2.649 6.411 11.633 0.147 7.41 13 2.972
115.427 3 -21.6952 5.58952 -218.689 -0.707998 0.622268 -0.225784 -0.246056 2.649 6.411 11.633 0.147 7.41 13 2.972
115.443 3 -21.6952 5.58952 -218.689 -0.707998 0.622268 -0.225784 -0.246056 2.649 6.411 11.633 0.147 7.41 13 2.972
115.46 3 -21.6952 5.58952 -218.689 -0.707998 0.622268 -0.225784 -0.246056 2.649 6.411 11.633 0.147 7.41 13 2.972
115.477 3 -21.6952 5.58952 -218.689 -0.707998 0.622268 -0.225784 -0.246056 2.649 6.411 11.633 0.147 7.41 13 2.972
115.493 3 -21.6952 5.58952 -218.689 -0.707998 0.622268 -0.225784 -0.246056 2.649 6.411 11.633 0.147 7.41 13 2.972
115.51 3 -21.6952 5.58952 -218.689 -0.707998 0.622268 -0.225784 -0.246056 2.649 6.411 11.633 0.147 7.41 13 2.972
115.527 3 -21.6952 5.58952 -218.689 -0.707998 0.622268 -0.225784 -0.246056 2.649 6.411 11.633 0.147 7.41 13 2.972
115.543 3 -21.6952 5.58952 -218.689 -0.707998 0.622268 -0.225784 -0.246056 2.649 6.411 11.633 0.147 7.41 13 2.972
115.56 3 -21.6952 5.58952 -218.689 -0.707998 0.622268 -0.225784 -0.246056 2.649 6.411 11.633 0.147 7.41 13 2.972
115.577 3 -21.6952 5.58952 -218.689 -0.707998 0.622268 -0.225784 -0.246056 2.649 6.411 11.633 0.147 7.41 13 2.972
115.593 3 -21.6952 5.58952 -218.689 -0.707998 0.622268 -0.225784 -0.246056 2.649 6.411 11.633 0.147 7.41 13 2.972
115.61 3 -21.6952 5.58952 -218.689 -0.707998 0.622268 -0.225784 -0.246056 2.649 6.411 11.633 0.147 7.41 13 2.972
115.627 3 -21.6952 5.58952 -218.689 -0.707998 0.622268 -0.225784 -0.246056 2.649 6.411 11.633 0.147 7.41 13 2.972
115.643 3 -21.6952 5.58952 -218.689 -0.707998 0.622268 -0.225784 -0.246056 2.649 6.411 11.633 0.147 7.41 13 2.972
115.66 3 -21.6952 5.58952 -218.689 -0.707998 0.622268 -0.225784 -0.246056 2.649 6.411 11.633 0.147 7.41 13 2.972
115.677 3 -21.6952 5.58952 -218.689 -0.707998 0.622268 -0.225784 -0.246056 2.649 6.411 11.633 0.147 7.41 13 2.972
115.693 3 -21.6952 5.58952 -218.689 -0.707998 0.622268 -0.225784 -0.246056 2.649 6.411 11.633 0.147 7.41 13 2.972
115.71 3 -21.6952 5.58952 -218.689 -0.707998 0.622268 -0.225784 -0.246056 2.649 6.411 11.633 0.147 7.41 13 2.972
115.727 3 -21.6952 5.58952 -218.689 -0.707998 0.622268 -0.225784 -0.246056 2.649 6.411 11.633 0.147 7.41 13 2.972
115.743 3 -21.6952 5.58952 -218.689 -0.707998 0.622268 -0.225784 -0.246056 2.649 6.411 11.633 0.147 7.41 13 2.972
115.76 3 -21.6952 5.58952 -218.689 -0.707998 0.622268 -0.225784 -0.246056 2.649 6.411 11.633 0.147 7.41 13 2.972
115.777 3 -21.6952 5.58952 -218.689 -0.707998 0.622268 -0.225784 -0.246056 2.649 6.411 11.633 0.147 7.41 13 2.972
115.793 3 -21.6952 5.58952 -218.689 -0.707998 0.622268 -0.225784 -0.246056 2.649 6.411 11.633 0.147 7.41 13 2.972
115.81 3 -21.6952 5.58952 -218.689 -0.707998 0.622268 -0.225784 -0.246056 2.649 6.411 11.633 0.147 7.41 13 2.972
115.827 3 -21.6952 5.58952 -218.689 -0.707998 0.622268 -0.225784 -0.246056 2.649 6.411 11.633 0.147 7.41 13 2.972
115.843 3 -21.6952 5.58952 -218.689 -0.707998 0.622268 -0.225784 -0.246056 2.649 6.411 11.633 0.147 7.41 13 2.972
115.86 3 -21.6952 5.58952 -218.689 -0.707998 0.622268 -0.225784 -0.246056 2.649 6.411 11.633 0.147 7.41 13 2.972
115.877 3 -21.6952 5.58952 -218.689 -0.707998 0.622268 -0.225784 -0.246056 2.649 6.411 11.633 0.147 7.41 13 2.972
115.893 3 -21.6952 5.58952 -218.689 -0.707998 0.622268 -0.225784 -0.246056 2.649 6.411 11.633 0.147 7.41 13 2.972
115.91 3 -21.6952 5.58952 -218.689 -0.707998 0.622268 -0.225784 -0.246056 2.649 6.411 11.633 0.147 7.41 13 2.972
115.927 3 -21.6952 5.58952 -218.689 -0.707998 0.622268 -0.225784 -0.246056 2.649 6.411 11.633 0.147 7.41 13 2.972
115.943 4 1.3 1.7 -5 1 -4.94066e-324 0 -3.34039e-207 2.649 6.411 11.633 0.147 7.41 13 2.972
115.96 4 1.3 1.7 -5 1 -1.4822e-323 0 -8.66276e-207 2.649 6.411 11.633 0.147 7.41 13 2.972
116.046 4 1.3 1.7 -5 1 -1.4822e-323 0 -1.02863e-206 2.649 6.411 11.633 0.147 7.41 13 2.972
116.062 4 1.3 1.7 -5 1 -1.4822e-323 0 -1.10944e-206 2.649 6.411 11.633 0.147 7.41 13 2.972
116.079 4 1.3 1.7 -5 1 -1.4822e-323 0 -1.16889e-206 2.649 6.411 11.633 0.147 7.41 13 2.972
116.096 4 1.3 1.7 -5 1 -1.4822e-323 0 -1.21262e-206 2.649 6.411 11.633 0.147 7.41 13 2.972
116.112 4 1.3 1.7 -5 1 -1.4822e-323 0 -1.24479e-206 2.649 6.411 11.633 0.147 7.41 13 2.972
116.129 4 1.3 1.7 -5 1 -1.4822e-323 0 -1.26846e-206 2.649 6.411 11.633 0.147 7.41 13 2.972
116.146 4 1.3 1.7 -5 1 -1.4822e-323 0 -1.28587e-206 2.649 6.411 11.633 0.147 7.41 13 2.972
116.188 4 1.3 1.7 -5 1 -1.4822e-323 0 -1.29505e-206 2.649 6.411 11.633 0.147 7.41 13 2.972
116.395 4 1.3 1.7 -5 1 -1.4822e-323 0 -1.29568e-206 2.649 6.411 11.633 0.147 7.41 13 2.972
116.487 4 1.3 1.7 -5 1 -1.4822e-323 0 -1.29573e-206 2.649 6.411 11.633 0.147 7.41 13 2.972
116.574 4 1.3 1.7 -5 1 -1.4822e-323 0 -1.29574e-206 2.649 6.411 11.633 0.147 7.41 13 2.972
116.591 4 1.3 1.7 -5 1 -1.4822e-323 0 -1.29575e-206 2.649 6.411 11.633 0.147 7.41 13 2.972
116.744 4 1.3 1.7 -5 1 -1.4822e-323 0 -1.29575e-206 2.649 6.411 11.633 0.147 7.41 13 2.972
116.76 4 1.3 1.7 -5 1 -1.4822e-323 0 -1.29575e-206 2.649 6.411 11.633 0.147 7.41 13 2.972
116.914 4 1.3 1.7 -5 1 -1.4822e-323 0 -1.29575e-206 2.649 6.411 11.633 0.147 7.41 13 2.972
117.003 4 1.3 1.7 -5 1 -1.4822e-323 0 -1.29575e-206 2.649 6.411 11.633 0.147 7.41 13 2.972
117.09 4 1.3 1.7 -5 1 -1.4822e-323 0 -1.29575e-206 2.649 6.411 11.633 0.147 7.41 13 2.972
117.107 4 1.3 1.7 -5 1 -1.4822e-323 0 -1.29575e-206 2.649 6.411 11.633 0.147 7.41 13 2.972
117.259 4 1.3 1.7 -5 1 -1.4822e-323 0 -1.29575e-206 2.649 6.411 11.633 0.147 7.41 13 2.972
117.346 4 1.3 1.7 -5 1 -1.4822e-323 0 -1.29575e-206 2.649 6.411 11.633 0.147 7.41 13 2.972
117.363 4 1.3 1.7 -5 1 -1.4822e-323 0 -1.29575e-206 2.649 6.411 11.633 0.147 7.41 13 2.972
117.516 4 1.3 1.7 -5 1 -1.4822e-323 0 -1.29575e-206 2.649 6.411 11.633 0.147 7.41 13 2.972
117.532 4 1.3 1.7 -5 1 -1.4822e-323 0 -1.29575e-206 2.649 6.411 11.633 0.147 7.41 13 2.972
117.687 4 1.3 1.7 -5 1 -1.4822e-323 0 -1.29575e-206 2.649 6.411 11.633 0.147 7.41 13 2.972
117.704 4 1.3 1.7 -5 1 -1.4822e-323 0 -1.29575e-206 2.649 6.411 11.633 0.147 7.41 13 2.972
117.858 4 1.3 1.7 -5 1 -1.4822e-323 0 -1.29575e-206 2.649 6.411 11.633 0.147 7.41 13 2.972
117.945 4 1.3 1.7 -5 1 -1.4822e-323 0 -1.29575e-206 2.649 6.411 11.633 0.147 7.41 13 2.972
117.962 4 1.3 1.7 -5 1 -1.4822e-323 0 -1.29575e-206 2.649 6.411 11.633 0.147 7.41 13 2.972
118.116 4 1.3 1.7 -5 1 -1.4822e-323 0 -1.29575e-206 2.649 6.411 11.633 0.147 7.41 13 2.972
118.133 4 1.3 1.7 -5 1 -1.4822e-323 0 -1.29575e-206 2.649 6.411 11.633 0.147 7.41 13 2.972
118.288 4 1.3 1.7 -5 1 -1.4822e-323 0 -1.29575e-206 2.649 6.411 11.633 0.147 7.41 13 2.972
118.305 4 1.3 1.7 -5 1 -1.4822e-323 0 -1.29575e-206 2.649 6.411 11.633 0.147 7.41 13 2.972
118.459 4 1.3 1.7 -5 1 -1.4822e-323 0 -1.29575e-206 2.649 6.411 11.633 0.147 7.41 13 2.972
118.476 4 1.3 1.7 -5 1 -1.4822e-323 0 -1.29575e-206 2.649 6.411 11.633 0.147 7.41 13 2.972
118.629 4 1.3 1.7 -5 1 -1.4822e-323 0 -1.29575e-206 2.649 6.411 11.633 0.147 7.41 13 2.972
118.715 4 1.3 1.7 -5 1 -1.4822e-323 0 -1.29575e-206 2.649 6.411 11.633 0.147 7.41 13 2.972
118.732 4 1.3 1.7 -5 1 -1.4822e-323 0 -1.29575e-206 2.649 6.411 11.633 0.147 7.41 13 2.972
118.888 4 1.3 1.7 -5 1 -1.4822e-323 0 -1.29575e-206 2.649 6.411 11.633 0.147 7.41 13 2.972
118.904 4 1.3 1.7 -5 1 -1.4822e-323 0 -1.29575e-206 2.649 6.411 11.633 0.147 7.41 13 2.972
119.06 4 1.3 1.7 -5 1 -1.4822e-323 0 -1.29575e-206 2.649 6.411 11.633 0.147 7.41 13 2.972
119.077 4 1.3 1.7 -5 1 -1.4822e-323 0 -1.29575e-206 2.649 6.411 11.633 0.147 7.41 13 2.972
119.238 4 1.3 1.7 -5 1 -1.4822e-323 0 -1.29575e-206 2.649 6.411 11.633 0.147 7.41 13 2.972
119.327 4 1.3 1.7 -5 1 -1.4822e-323 0 -1.29575e-206 2.649 6.411 11.633 0.147 7.41 13 2.972
119.344 4 1.3 1.7 -5 1 -1.4822e-323 0 -1.29575e-206 2.649 6.411 11.633 0.147 7.41 13 2.972
119.506 4 1.3 1.7 -5 1 -1.4822e-323 0 -1.29575e-206 2.649 6.411 11.633 0.147 7.41 13 2.972
119.523 4 1.3 1.7 -5 1 -1.4822e-323 0 -1.29575e-206 2.649 6.411 11.633 0.147 7.41 13 2.972
119.685 4 1.3 1.7 -5 1 -1.4822e-323 0 -1.29575e-206 2.649 6.411 11.633 0.147 7.41 13 2.972
119.702 4 1.3 1.7 -5 1 -1.4822e-323 0 -1.29575e-206 2.649 6.411 11.633 0.147 7.41 13 2.972
119.865 4 1.3 1.7 -5 1 -1.4822e-323 0 -1.29575e-206 2.649 6.411 11.633 0.147 7.41 13 2.972
119.956 4 1.3 1.7 -5 1 -1.4822e-323 0 -1.29575e-206 2.649 6.411 11.633 0.147 7.41 13 2.972
119.973 4 1.3 1.7 -5 1 -1.4822e-323 0 -1.29575e-206 2.649 6.411 11.633 0.147 7.41 13 2.972
120.139 4 1.3 1.7 -5 1 -1.4822e-323 0 -1.29575e-206 2.649 6.411 11.633 0.147 7.41 13 2.972
120.156 4 1.3 1.7 -5 1 -1.4822e-323 0 -1.29575e-206 2.649 6.411 11.633 0.147 7.41 13 2.972
120.318 4 1.3 1.7 -5 1 -1.4822e-323 0 -1.29575e-206 2.649 6.411 11.633 0.147 7.41 13 2.972
120.334 4 1.3 1.7 -5 1 -1.4822e-323 0 -1.29575e-206 2.649 6.411 11.633 0.147 7.41 13 2.972
120.497 4 1.3 1.7 -5 1 -1.4822e-323 0 -1.29575e-206 2.649 6.411 11.633 0.147 7.41 13 2.972
120.585 4 1.3 1.7 -5 1 -1.4822e-323 0 -1.29575e-206 2.649 6.411 11.633 0.147 7.41 13 2.972
120.602 4 1.3 1.7 -5 1 -1.4822e-323 0 -1.29575e-206 2.649 6.411 11.633 0.147 7.41 13 2.972
120.757 4 1.3 1.7 -5 1 -1.4822e-323 0 -1.29575e-206 2.649 6.411 11.633 0.147 7.41 13 2.972
120.774 4 1.3 1.7 -5 1 -1.4822e-323 0 -1.29575e-206 2.649 6.411 11.633 0.147 7.41 13 2.972
120.925 4 1.3 1.7 -5 1 -1.4822e-323 0 -1.29575e-206 2.649 6.411 11.633 0.147 7.41 13 2.972
120.942 4 1.3 1.7 -5 1 -1.4822e-323 0 -1.29575e-206 2.649 6.411 11.633 0.147 7.41 13 2.972
121.094 4 1.3 1.7 -5 1 -1.4822e-323 0 -1.29575e-206 2.649 6.411 11.633 0.147 7.41 13 2.972
121.176 4 1.3 1.7 -5 1 -1.4822e-323 0 -1.29575e-206 2.649 6.411 11.633 0.147 7.41 13 2.972
121.193 4 1.3 1.7 -5 1 -1.4822e-323 0 -1.29575e-206 2.649 6.411 11.633 0.147 7.41 13 2.972
121.34 4 1.3 1.7 -5 1 -1.4822e-323 0 -1.29575e-206 2.649 6.411 11.633 0.147 7.41 13 2.972
121.356 4 1.3 1.7 -5 1 -1.4822e-323 0 -1.29575e-206 2.649 6.411 11.633 0.147 7.41 13 2.972
121.499 4 1.3 1.7 -5 1 -1.4822e-323 0 -1.29575e-206 2.649 6.411 11.633 0.147 7.41 13 2.972
121.515 4 1.3 1.7 -5 1 -1.4822e-323 0 -1.29575e-206 2.649 6.411 11.633 0.147 7.41 13 2.972
121.655 4 1.3 1.7 -5 1 -1.4822e-323 0 -1.29575e-206 2.649 6.411 11.633 0.147 7.41 13 2.972
121.731 4 1.3 1.7 -5 1 -1.4822e-323 0 -1.29575e-206 2.649 6.411 11.633 0.147 7.41 13 2.972
121.748 4 1.3 1.7 -5 1 -1.4822e-323 0 -1.29575e-206 2.649 6.411 11.633 0.147 7.41 13 2.972
121.884 4 1.3 1.7 -5 1 -1.4822e-323 0 -1.29575e-206 2.649 6.411 11.633 0.147 7.41 13 2.972
121.901 4 1.3 1.7 -5 1 -1.4822e-323 0 -1.29575e-206 2.649 6.411 11.633 0.147 7.41 13 2.972
122.037 4 1.3 1.7 -5 1 -1.4822e-323 0 -1.29575e-206 2.649 6.411 11.633 0.147 7.41 13 2.972
122.053 4 1.3 1.7 -5 1 -1.4822e-323 0 -1.29575e-206 2.649 6.411 11.633 0.147 7.41 13 2.972
122.189 4 1.3 1.7 -5 1 -1.4822e-323 0 -1.29575e-206 2.649 6.411 11.633 0.147 7.41 13 2.972
122.266 4 1.3 1.7 -5 1 -1.4822e-323 0 -1.29575e-206 2.649 6.411 11.633 0.147 7.41 13 2.972
122.283 4 1.3 1.7 -5 1 -1.4822e-323 0 -1.29575e-206 2.649 6.411 11.633 0.147 7.41 13 2.972
122.419 4 1.3 1.7 -5 1 -1.4822e-323 0 -1.29575e-206 2.649 6.411 11.633 0.147 7.41 13 2.972
122.436 4 1.3 1.7 -5 1 -1.4822e-323 0 -1.29575e-206 2.649 6.411 11.633 0.147 7.41 13 2.972
122.571 4 1.3 1.7 -5 1 -1.4822e-323 0 -1.29575e-206 2.649 6.411 11.633 0.147 7.41 13 2.972
122.588 4 1.3 1.7 -5 1 -1.4822e-323 0 -1.29575e-206 2.649 6.411 11.633 0.147 7.41 13 2.972
