0.0166667 0 1.3 1.7 -5 1 0 0 0 1 2.1 6 0.048 3 13 48
0.183978 0 1.3 1.7 -5 1 0 0 0 1 2.1 6 0.048 3 13 48
0.200645 0 1.3 1.7 -5 1 0 0 0 1 2.1 6 0.048 3 13 48
0.364476 0 1.3 1.7 -5 1 0 0 0 1 2.1 6 0.048 3 13 48
0.381143 0 1.3 1.7 -5 1 0 0 0 1 2.1 6 0.048 3 13 48
0.547812 0 1.3 1.7 -5 1 0 0 0 1 2.1 6 0.048 3 13 48
0.564478 0 1.3 1.7 -5 1 0 0 0 1 2.1 6 0.048 3 13 48
0.733799 0 1.3 1.7 -5 1 0 0 0 1 2.1 6 0.048 3 13 48
0.829133 0 1.3 1.7 -5 1 0 0 0 1 2.1 6 0.048 3 13 48
0.8458 0 1.3 1.7 -5 1 0 0 0 1 2.1 6 0.048 3 13 48
1.01578 0 1.3 1.7 -5 1 0 0 0 1 2.1 6 0.048 3 13 48
1.03244 0 1.3 1.7 -5 1 0 0 0 1 2.1 6 0.048 3 13 48
1.19899 0 1.3 1.7 -5 1 0 0 0 1 2.1 6 0.048 3 13 48
1.21566 0 1.3 1.7 -5 1 0 0 0 1 2.1 6 0.048 3 13 48
1.37619 0 1.3 1.7 -5 1 0 0 0 1 2.1 6 0.048 3 13 48
1.39286 0 1.3 1.7 -5 1 0 0 0 1 2.1 6 0.048 3 13 48
1.56198 0 1.3 1.7 -5 1 0 0 0 1 2.1 6 0.048 3 13 48
1.65277 0 1.3 1.7 -5 1 0 0 0 1 2.1 6 0.048 3 13 48
1.66943 0 1.3 1.7 -5 1 0 0 0 1 2.1 6 0.048 3 13 48
1.83577 0 1.3 1.7 -5 1 0 0 0 1 2.1 6 0.048 3 13 48
1.85244 0 1.3 1.7 -5 1 0 0 0 1 2.1 6 0.048 3 13 48
2.01843 0 1.3 1.7 -5 1 0 0 0 1 2.1 6 0.048 3 13 48
2.1091 0 1.3 1.7 -5 1 0 0 0 1 2.1 6 0.048 3 13 48
2.20336 0 1.3 1.7 -5 1 0 0 0 1 2.1 6 0.048 3 13 48
2.22002 0 1.3 1.7 -5 1 0 0 0 1 2.1 6 0.048 3 13 48
2.38883 0 1.3 1.7 -5 1 0 0 0 1 2.1 6 0.048 3 13 48
2.4789 0 1.3 1.7 -5 1 0 0 0 1 2.1 6 0.048 3 13 48
2.49557 0 1.3 1.7 -5 1 0 0 0 1 2.1 6 0.048 3 13 48
2.66201 0 1.3 1.7 -5 1 0 0 0 1 2.1 6 0.048 3 13 48
2.67868 0 1.3 1.7 -5 1 0 0 0 1 2.1 6 0.048 3 13 48
2.84218 0 1.3 1.7 -5 1 0 0 0 1 2.1 6 0.048 3 13 48
2.93185 0 1.3 1.7 -5 1 0 0 0 1 2.1 6 0.048 3 13 48
3.02636 0 1.3 1.7 -5 1 0 0 0 1 2.1 6 0.048 3 13 48
3.1184 0 1.3 1.7 -5 1 0 0 0 1 2.1 6 0.048 3 13 48
3.13506 0 1.3 1.7 -5 1 0 0 0 1 2.1 6 0.048 3 13 48
3.29339 0 1.3 1.7 -5 1 0 0 0 1 2.1 6 0.048 3 13 48
3.31005 0 1.3 1.7 -5 1 0 0 0 1 2.1 6 0.048 3 13 48
3.47387 0 1.3 1.7 -5 1 0 0 0 1 2.1 6 0.048 3 13 48
3.56305 0 1.3 1.7 -5 1 0 0 0 1 2.1 6 0.048 3 13 48
3.57971 0 1.3 1.7 -5 1 0 0 0 1 2.1 6 0.048 3 13 48
3.73865 0 1.3 1.7 -5 1 0 0 0 1 2.1 6 0.048 3 13 48
3.75531 0 1.3 1.7 -5 1 0 0 0 1 2.1 6 0.048 3 13 48
3.91906 0 1.3 1.7 -5 1 0 0 0 1 2.1 6 0.048 3 13 48
3.93573 0 1.3 1.7 -5 1 0 0 0 1 2.1 6 0.048 3 13 48
4.1101 0 1.3 1.7 -5 1 0 0 0 1 2.1 6 0.048 3 13 48
4.12677 0 1.3 1.7 -5 1 0 0 0 1 2.1 6 0.048 3 13 48
4.286 0 1.3 1.7 -5 1 0 0 0 1 2.1 6 0.048 3 13 48
4.37596 0 1.3 1.7 -5 1 0 0 0 1 2.1 6 0.048 3 13 48
4.39263 0 1.3 1.7 -5 1 0 0 0 1 2.1 6 0.048 3 13 48
4.55598 0 1.3 1.7 -5 1 0 0 0 1 2.1 6 0.048 3 13 48
4.57264 0 1.3 1.7 -5 1 0 0 0 1 2.1 6 0.048 3 13 48
4.7347 0 1.3 1.7 -5 1 0 0 0 1 2.1 6 0.048 3 13 48
4.75137 0 1.3 1.7 -5 1 0 0 0 1 2.1 6 0.048 3 13 48
4.91157 0 1.3 1.7 -5 1 0 0 0 1 2.1 6 0.048 3 13 48
5.00369 0 1.3 1.7 -5 1 0 0 0 1 2.1 6 0.048 3 13 48
5.02036 0 1.3 1.7 -5 1 0 0 0 1 2.1 6 0.048 3 13 48
5.18369 0 1.3 1.7 -5 1 0 0 0 1 2.1 6 0.048 3 13 48
5.20035 0 1.3 1.7 -5 1 0 0 0 1 2.1 6 0.048 3 13 48
5.3666 0 1.3 1.7 -5 1 0 0 0 1 2.1 6 0.048 3 13 48
5.38327 0 1.3 1.7 -5 1 0 0 0 1 2.1 6 0.048 3 13 48
5.54357 0 1.3 1.7 -5 1 0 0 0 1 2.1 6 0.048 3 13 48
5.63356 0 1.3 1.7 -5 1 0 0 0 1 2.1 6 0.048 3 13 48
5.65023 0 1.3 1.7 -5 1 0 0 0 1 2.1 6 0.048 3 13 48
5.80997 0 1.3 1.7 -5 1 0 0 0 1 2.1 6 0.048 3 13 48
5.82664 0 1.3 1.7 -5 1 0 0 0 1 2.1 6 0.048 3 13 48
5.98677 0 1.3 1.7 -5 1 0 0 0 1 2.1 6 0.048 3 13 48
6.00344 0 1.3 1.7 -5 1 0 0 0 1 2.1 6 0.048 3 13 48
6.16571 0 1.3 1.7 -5 1 0 0 0 1 2.1 6 0.048 3 13 48
6.2535 0 1.3 1.7 -5 1 0 0 0 1 2.1 6 0.048 3 13 48
6.27017 0 1.3 1.7 -5 1 0 0 0 1 2.1 6 0.048 3 13 48
6.4292 0 1.3 1.7 -5 1 0 0 0 1 2.1 6 0.048 3 13 48
6.44586 0 1.3 1.7 -5 1 0 0 0 1 2.1 6 0.048 3 13 48
6.60081 0 1.3 1.7 -5 1 0 0 0 1 2.1 6 0.048 3 13 48
6.61748 0 1.3 1.7 -5 1 0 0 0 1 2.1 6 0.048 3 13 48
6.76807 0 1.3 1.7 -5 1 0 0 0 1 2.1 6 0.048 3 13 48
6.85927 0 1.3 1.7 -5 1 0 0 0 1 2.1 6 0.048 3 13 48
6.87594 0 1.3 1.7 -5 1 0 0 0 1 2.1 6 0.048 3 13 48
7.02488 0 1.3 1.7 -5 1 0 0 0 1 2.1 6 0.048 3 13 48
7.04154 0 1.3 1.7 -5 1 0 0 0 1 2.1 6 0.048 3 13 48
7.19016 0 1.3 1.7 -5 1 0 0 0 1 2.1 6 0.048 3 13 48
7.20683 0 1.3 1.7 -5 1 0 0 0 1 2.1 6 0.048 3 13 48
7.35641 0 1.3 1.7 -5 1 0 0 0 1 2.1 6 0.048 3 13 48
7.43925 0 1.3 1.7 -5 1 0 0 0 1 2.1 6 0.048 3 13 48
7.45591 0 1.3 1.7 -5 1 0 0 0 1 2.1 6 0.048 3 13 48
7.60587 0 1.3 1.7 -5 1 0 0 0 1 2.1 6 0.048 3 13 48
7.62254 0 1.3 1.7 -5 1 0 0 0 1 2.1 6 0.048 3 13 48
7.76886 0 1.3 1.7 -5 1 0 0 0 1 2.1 6 0.048 3 13 48
7.78553 0 1.3 1.7 -5 1 0 0 0 1 2.1 6 0.048 3 13 48
7.92782 0 1.3 1.7 -5 1 0 0 0 1 2.1 6 0.048 3 13 48
8.00646 0 1.3 1.7 -5 1 0 0 0 1 2.1 6 0.048 3 13 48
8.02312 0 1.3 1.7 -5 1 0 0 0 1 2.1 6 0.048 3 13 48
8.1626 0 1.3 1.7 -5 1 0 0 0 1 2.1 6 0.048 3 13 48
8.17927 0 1.3 1.7 -5 1 0 0 0 1 2.1 6 0.048 3 13 48
8.31602 0 1.3 1.7 -5 1 0 0 0 1 2.1 6 0.048 3 13 48
8.33269 0 1.3 1.7 -5 1 0 0 0 1 2.1 6 0.048 3 13 48
8.47053 0 1.3 1.7 -5 1 0 0 0 1 2.1 6 0.048 3 13 48
8.54603 0 1.3 1.7 -5 1 0 0 0 1 2.1 6 0.048 3 13 48
8.5627 0 1.3 1.7 -5 1 0 0 0 1 2.1 6 0.048 3 13 48
8.69844 0 1.3 1.7 -5 1 0 0 0 1 2.1 6 0.048 3 13 48
8.71511 0 1.3 1.7 -5 1 0 0 0 1 2.1 6 0.048 3 13 48
8.85117 0 1.3 1.7 -5 1 0 0 0 1 2.1 6 0.048 3 13 48
8.86783 0 1.3 1.7 -5 1 0 0 0 1 2.1 6 0.048 3 13 48
9.00391 0 1.3 1.7 -5 1 0 0 0 1 2.1 6 0.048 3 13 48
9.08077 0 1.3 1.7 -5 1 0 0 0 1 2.1 6 0.048 3 13 48
9.09744 0 1.3 1.7 -5 1 0 0 0 1 2.1 6 0.048 3 13 48
9.23401 0 1.3 1.7 -5 1 0 0 0 1 2.1 6 0.048 3 13 48
9.25067 0 1.3 1.7 -5 1 0 0 0 1 2.1 6 0.048 3 13 48
9.38668 0 1.3 1.7 -5 1 0 0 0 1 2.1 6 0.048 3 13 48
9.40334 0 1.3 1.7 -5 1 0 0 0 1 2.1 6 0.048 3 13 48
9.53949 0 1.3 1.7 -5 1 0 0 0 1 2.1 6 0.048 3 13 48
9.61625 0 1.3 1.7 -5 1 0 0 0 1 2.1 6 0.048 3 13 48
9.63292 0 1.3 1.7 -5 1 0 0 0 1 2.1 6 0.048 3 13 48
9.7694 0 1.3 1.7 -5 1 0 0 0 1 2.1 6 0.048 3 13 48
9.78607 0 1.3 1.7 -5 1 0 0 0 1 2.1 6 0.048 3 13 48
9.92217 0 1.3 1.7 -5 1 0 0 0 1 2.1 6 0.048 3 13 48
9.93884 0 1.3 1.7 -5 1 0 0 0 1 2.1 6 0.048 3 13 48
10.075 0 1.3 1.7 -5 1 0 0 0 1 2.1 6 0.048 3 13 48
10.1517 0 1.3 1.7 -5 1 0 0 0 1 2.1 6 0.048 3 13 48
10.1684 0 1.3 1.7 -5 1 0 0 0 1 2.1 6 0.048 3 13 48
10.3049 0 1.3 1.7 -5 1 0 0 0 1 2.1 6 0.048 3 13 48
10.3215 0 1.3 1.7 -5 1 0 0 0 1 2.1 6 0.048 3 13 48
10.4576 0 1.3 1.7 -5 1 0 0 0 1 2.1 6 0.048 3 13 48
10.4743 0 1.3 1.7 -5 1 0 0 0 1 2.1 6 0.048 3 13 48
10.6104 0 1.3 1.7 -5 1 0 0 0 1 2.1 6 0.048 3 13 48
10.6872 0 1.3 1.7 -5 1 0 0 0 1 2.1 6 0.048 3 13 48
10.7039 0 1.3 1.7 -5 1 0 0 0 1 2.1 6 0.048 3 13 48
10.8403 0 1.3 1.7 -5 1 0 0 0 1 2.1 6 0.048 3 13 48
10.857 0 1.3 1.7 -5 1 0 0 0 1 2.1 6 0.048 3 13 48
10.9931 0 1.3 1.7 -5 1 0 0 0 1 2.1 6 0.048 3 13 48
11.0097 0 1.3 1.7 -5 1 0 0 0 1 2.1 6 0.048 3 13 48
11.1459 0 1.3 1.7 -5 1 0 0 0 1 2.1 6 0.048 3 13 48
11.2226 0 1.3 1.7 -5 1 0 0 0 1 2.1 6 0.048 3 13 48
11.2393 0 1.3 1.7 -5 1 0 0 0 1 2.1 6 0.048 3 13 48
11.3759 0 1.3 1.7 -5 1 0 0 0 1 2.1 6 0.048 3 13 48
11.3926 0 1.3 1.7 -5 1 0 0 0 1 2.1 6 0.048 3 13 48
11.5286 0 1.3 1.7 -5 1 0 0 0 1 2.1 6 0.048 3 13 48
11.5453 0 1.3 1.7 -5 1 0 0 0 1 2.1 6 0.048 3 13 48
11.6814 0 1.3 1.7 -5 1 0 0 0 1 2.1 6 0.048 3 13 48
11.7582 0 1.3 1.7 -5 1 0 0 0 1 2.1 6 0.048 3 13 48
11.7749 0 1.3 1.7 -5 1 0 0 0 1 2.1 6 0.048 3 13 48
11.9113 0 1.3 1.7 -5 1 0 0 0 1 2.1 6 0.048 3 13 48
11.928 0 1.3 1.7 -5 1 0 0 0 1 2.1 6 0.048 3 13 48
12.064 0 1.3 1.7 -5 1 0 0 0 1 2.1 6 0.048 3 13 48
12.0807 0 1.3 1.7 -5 1 0 0 0 1 2.1 6 0.048 3 13 48
12.2169 0 1.3 1.7 -5 1 0 0 0 1 2.1 6 0.048 3 13 48
12.2936 0 1.3 1.7 -5 1 0 0 0 1 2.1 6 0.048 3 13 48
12.3102 0 1.3 1.7 -5 1 0 0 0 1 2.1 6 0.048 3 13 48
12.4467 0 1.3 1.7 -5 1 0 0 0 1 2.1 6 0.048 3 13 48
12.4634 1 -21.71 5.67836 -218.727 -0.937772 -0.00161208 -0.346776 0.0181049 1 2.1 6 0.048 3 13 48
12.6003 1 -21.71 5.67836 -218.727 -0.937772 -0.00161208 -0.346776 0.0181049 1 2.1 6 0.048 3 13 48
12.6474 1 -21.71 5.67836 -218.727 -0.937772 -0.00161208 -0.346776 0.0181049 1 2.1 6 0.048 3 13 48
12.7522 1 -21.71 5.67836 -218.727 -0.937772 -0.00161208 -0.346776 0.0181049 1 2.1 6 0.048 3 13 48
12.829 1 -21.71 5.67836 -218.727 -0.937772 -0.00161208 -0.346776 0.0181049 1 2.1 6 0.048 3 13 48
12.8457 1 -21.71 5.67836 -218.727 -0.937772 -0.00161208 -0.346776 0.0181049 1 2.1 6 0.048 3 13 48
12.9828 1 -21.71 5.67836 -218.727 -0.937772 -0.00161208 -0.346776 0.0181049 1 2.1 6 0.048 3 13 48
12.9995 1 -21.71 5.67836 -218.727 -0.937772 -0.00161208 -0.346776 0.0181049 1 2.1 6 0.048 3 13 48
13.0702 1 -21.71 5.67836 -218.727 -0.937772 -0.00161208 -0.346776 0.0181049 1 2.1 6 0.048 3 13 48
13.0869 1 -21.71 5.67836 -218.727 -0.937772 -0.00161208 -0.346776 0.0181049 1 2.1 6 0.048 3 13 48
13.1035 1 -21.71 5.67836 -218.727 -0.937772 -0.00161208 -0.346776 0.0181049 1 2.1 6 0.048 3 13 48
13.1202 1 -21.71 5.67836 -218.727 -0.937772 -0.00161208 -0.346776 0.0181049 1 2.1 6 0.048 3 13 48
13.1369 1 -21.71 5.67836 -218.727 -0.937772 -0.00161208 -0.346776 0.0181049 1 2.1 6 0.048 3 13 48
13.1535 1 -21.71 5.67836 -218.727 -0.937772 -0.00161208 -0.346776 0.0181049 1 2.1 6 0.048 3 13 48
13.1702 1 -21.71 5.67836 -218.727 -0.937772 -0.00161208 -0.346776 0.0181049 1 2.1 6 0.048 3 13 48
13.1869 1 -21.71 5.67836 -218.727 -0.937772 -0.00161208 -0.346776 0.0181049 1 2.1 6 0.048 3 13 48
13.2035 1 -21.71 5.67836 -218.727 -0.937772 -0.00161208 -0.346776 0.0181049 1 2.1 6 0.048 3 13 48
13.2202 1 -21.71 5.67836 -218.727 -0.937772 -0.00161208 -0.346776 0.0181049 1 2.1 6 0.048 3 13 48
13.2369 1 -21.71 5.67836 -218.727 -0.937772 -0.00161208 -0.346776 0.0181049 1 2.1 6 0.048 3 13 48
13.2546 1 -21.71 5.67836 -218.727 -0.937772 -0.00161208 -0.346776 0.0181049 1 2.1 6 0.048 3 13 48
13.2712 1 -21.71 5.67836 -218.727 -0.937772 -0.00161208 -0.346776 0.0181049 1 2.1 6 0.048 3 13 48
13.2879 1 -21.71 5.67836 -218.727 -0.937772 -0.00161208 -0.346776 0.0181049 1 2.1 6 0.048 3 13 48
13.3046 1 -21.71 5.67836 -218.727 -0.937772 -0.00161208 -0.346776 0.0181049 1 2.1 6 0.048 3 13 48
13.3212 1 -21.71 5.67836 -218.727 -0.937772 -0.00161208 -0.346776 0.0181049 1 2.1 6 0.048 3 13 48
13.3379 1 -21.71 5.67836 -218.727 -0.937772 -0.00161208 -0.346776 0.0181049 1 2.1 6 0.048 3 13 48
13.3546 1 -21.71 5.67836 -218.727 -0.937772 -0.00161208 -0.346776 0.0181049 1 2.1 6 0.048 3 13 48
13.3712 1 -21.71 5.67836 -218.727 -0.937772 -0.00161208 -0.346776 0.0181049 1 2.1 6 0.048 3 13 48
13.3879 1 -21.71 5.67836 -218.727 -0.937772 -0.00161208 -0.346776 0.0181049 1 2.1 6 0.048 3 13 48
13.4046 1 -21.71 5.67836 -218.727 -0.937772 -0.00161208 -0.346776 0.0181049 1 2.1 6 0.048 3 13 48
13.4212 1 -21.71 5.67836 -218.727 -0.937772 -0.00161208 -0.346776 0.0181049 1 2.1 6 0.048 3 13 48
13.4379 1 -21.71 5.67836 -218.727 -0.937772 -0.00161208 -0.346776 0.0181049 1 2.1 6 0.048 3 13 48
13.4546 1 -21.71 5.67836 -218.727 -0.937772 -0.00161208 -0.346776 0.0181049 1 2.1 6 0.048 3 13 48
13.4712 1 -21.71 5.67836 -218.727 -0.937772 -0.00161208 -0.346776 0.0181049 1 2.1 6 0.048 3 13 48
13.4879 1 -21.71 5.67836 -218.727 -0.937772 -0.00161208 -0.346776 0.0181049 1 2.1 6 0.048 3 13 48
13.5046 1 -21.71 5.67836 -218.727 -0.937772 -0.00161208 -0.346776 0.0181049 1 2.1 6 0.048 3 13 48
13.5212 1 -21.71 5.67836 -218.727 -0.937772 -0.00161208 -0.346776 0.0181049 1 2.1 6 0.048 3 13 48
13.5379 1 -21.71 5.67836 -218.727 -0.937772 -0.00161208 -0.346776 0.0181049 1 2.1 6 0.048 3 13 48
13.5546 1 -21.71 5.67836 -218.727 -0.937772 -0.00161208 -0.346776 0.0181049 1 2.1 6 0.048 3 13 48
13.5712 1 -21.71 5.67836 -218.727 -0.937772 -0.00161208 -0.346776 0.0181049 1 2.1 6 0.048 3 13 48
13.5879 1 -21.71 5.67836 -218.727 -0.937772 -0.00161208 -0.346776 0.0181049 1 2.1 6 0.048 3 13 48
13.6046 1 -21.71 5.67836 -218.727 -0.937772 -0.00161208 -0.346776 0.0181049 1 2.1 6 0.048 3 13 48
13.6212 1 -21.71 5.67836 -218.727 -0.937772 -0.00161208 -0.346776 0.0181049 1 2.1 6 0.048 3 13 48
13.6379 1 -21.71 5.67836 -218.727 -0.937772 -0.00161208 -0.346776 0.0181049 1 2.1 6 0.048 3 13 48
13.6546 1 -21.71 5.67836 -218.727 -0.937772 -0.00161208 -0.346776 0.0181049 1 2.1 6 0.048 3 13 48
13.6712 1 -21.71 5.67836 -218.727 -0.937772 -0.00161208 -0.346776 0.0181049 1 2.1 6 0.048 3 13 48
13.6879 1 -21.71 5.67836 -218.727 -0.937772 -0.00161208 -0.346776 0.0181049 1 2.1 6 0.048 3 13 48
13.7046 1 -21.71 5.67836 -218.727 -0.937772 -0.00161208 -0.346776 0.0181049 1 2.1 6 0.048 3 13 48
13.7212 1 -21.71 5.67836 -218.727 -0.937772 -0.00161208 -0.346776 0.0181049 1 2.1 6 0.048 3 13 48
13.7379 1 -21.71 5.67836 -218.727 -0.937772 -0.00161208 -0.346776 0.0181049 1 2.1 6 0.048 3 13 48
13.7546 1 -21.71 5.67836 -218.727 -0.937772 -0.00161208 -0.346776 0.0181049 1 2.1 6 0.048 3 13 48
13.7712 1 -21.71 5.67836 -218.727 -0.937772 -0.00161208 -0.346776 0.0181049 1 2.1 6 0.048 3 13 48
13.7879 1 -21.71 5.67836 -218.727 -0.937772 -0.00161208 -0.346776 0.0181049 1 2.1 6 0.048 3 13 48
13.8046 1 -21.71 5.67836 -218.727 -0.937772 -0.00161208 -0.346776 0.0181049 1 2.1 6 0.048 3 13 48
13.8212 1 -21.71 5.67836 -218.727 -0.937772 -0.00161208 -0.346776 0.0181049 1 2.1 6 0.048 3 13 48
13.8379 1 -21.71 5.67836 -218.727 -0.937772 -0.00161208 -0.346776 0.0181049 1 2.1 6 0.048 3 13 48
13.8546 1 -21.71 5.67836 -218.727 -0.937772 -0.00161208 -0.346776 0.0181049 1 2.1 6 0.048 3 13 48
13.8712 1 -21.71 5.67836 -218.727 -0.937772 -0.00161208 -0.346776 0.0181049 1 2.1 6 0.048 3 13 48
13.8879 1 -21.71 5.67836 -218.727 -0.937772 -0.00161208 -0.346776 0.0181049 1 2.1 6 0.048 3 13 48
13.9046 1 -21.71 5.67836 -218.727 -0.937772 -0.00161208 -0.346776 0.0181049 1 2.1 6 0.048 3 13 48
13.9212 1 -21.71 5.67836 -218.727 -0.937772 -0.00161208 -0.346776 0.0181049 1 2.1 6 0.048 3 13 48
13.9379 1 -21.71 5.67836 -218.727 -0.937772 -0.00161208 -0.346776 0.0181049 1 2.1 6 0.048 3 13 48
13.9546 1 -21.71 5.67836 -218.727 -0.937772 -0.00161208 -0.346776 0.0181049 1 2.1 6 0.048 3 13 48
13.9712 1 -21.71 5.67836 -218.727 -0.937772 -0.00161208 -0.346776 0.0181049 1 2.1 6 0.048 3 13 48
13.9879 1 -21.71 5.67836 -218.727 -0.937772 -0.00161208 -0.346776 0.0181049 1 2.1 6 0.048 3 13 48
14.0046 1 -21.71 5.67836 -218.727 -0.937772 -0.00161208 -0.346776 0.0181049 1 2.1 6 0.048 3 13 48
14.0212 1 -21.71 5.67836 -218.727 -0.937772 -0.00161208 -0.346776 0.0181049 1 2.1 6 0.048 3 13 48
14.0379 1 -21.71 5.67836 -218.727 -0.937772 -0.00161208 -0.346776 0.0181049 1 2.1 6 0.048 3 13 48
14.0546 1 -21.71 5.67836 -218.727 -0.937772 -0.00161208 -0.346776 0.0181049 1 2.1 6 0.048 3 13 48
14.0712 1 -21.71 5.67836 -218.727 -0.937772 -0.00161208 -0.346776 0.0181049 1 2.1 6 0.048 3 13 48
14.0879 1 -21.71 5.67836 -218.727 -0.937772 -0.00161208 -0.346776 0.0181049 1 2.1 6 0.048 3 13 48
14.1046 1 -21.71 5.67836 -218.727 -0.937772 -0.00161208 -0.346776 0.0181049 1 2.1 6 0.048 3 13 48
14.1212 1 -21.71 5.67836 -218.727 -0.937772 -0.00161208 -0.346776 0.0181049 1 2.1 6 0.048 3 13 48
14.1379 1 -21.71 5.67836 -218.727 -0.937772 -0.00161208 -0.346776 0.0181049 1 2.1 6 0.048 3 13 48
14.1546 1 -21.71 5.67836 -218.727 -0.937772 -0.00161208 -0.346776 0.0181049 1 2.1 6 0.048 3 13 48
14.1712 1 -21.71 5.67836 -218.727 -0.937772 -0.00161208 -0.346776 0.0181049 1 2.1 6 0.048 3 13 48
14.1879 1 -21.71 5.67836 -218.727 -0.937772 -0.00161208 -0.346776 0.0181049 1 2.1 6 0.048 3 13 48
14.2046 1 -21.71 5.67836 -218.727 -0.937772 -0.00161208 -0.346776 0.0181049 1 2.1 6 0.048 3 13 48
14.2212 1 -21.71 5.67836 -218.727 -0.937772 -0.00161208 -0.346776 0.0181049 1 2.1 6 0.048 3 13 48
14.2379 1 -21.71 5.67836 -218.727 -0.937772 -0.00161208 -0.346776 0.0181049 1 2.1 6 0.048 3 13 48
14.2546 1 -21.71 5.67836 -218.727 -0.937772 -0.00161208 -0.346776 0.0181049 1 2.1 6 0.048 3 13 48
14.2712 1 -21.71 5.67836 -218.727 -0.937772 -0.00161208 -0.346776 0.0181049 1 2.1 6 0.048 3 13 48
14.2879 1 -21.71 5.67836 -218.727 -0.937772 -0.00161208 -0.346776 0.0181049 1 2.1 6 0.048 3 13 48
14.3046 1 -21.71 5.67836 -218.727 -0.937772 -0.00161208 -0.346776 0.0181049 1 2.1 6 0.048 3 13 48
14.3212 1 -21.71 5.67836 -218.727 -0.937772 -0.00161208 -0.346776 0.0181049 1 2.1 6 0.048 3 13 48
14.3379 1 -21.71 5.67836 -218.727 -0.937772 -0.00161208 -0.346776 0.0181049 1 2.1 6 0.048 3 13 48
14.3546 1 -21.71 5.67836 -218.727 -0.937772 -0.00161208 -0.346776 0.0181049 1 2.1 6 0.048 3 13 48
14.3712 1 -21.71 5.67836 -218.727 -0.937772 -0.00161208 -0.346776 0.0181049 1 2.1 6 0.048 3 13 48
14.3879 1 -21.71 5.67836 -218.727 -0.937772 -0.00161208 -0.346776 0.0181049 1 2.1 6 0.048 3 13 48
14.4046 1 -21.71 5.67836 -218.727 -0.937772 -0.00161208 -0.346776 0.0181049 1 2.1 6 0.048 3 13 48
14.4212 1 -21.71 5.67836 -218.727 -0.937772 -0.00161208 -0.346776 0.0181049 1 2.1 6 0.048 3 13 48
14.4379 1 -21.71 5.67836 -218.727 -0.937772 -0.00161208 -0.346776 0.0181049 1 2.1 6 0.048 3 13 48
14.4546 1 -21.71 5.67836 -218.727 -0.937772 -0.00161208 -0.346776 0.0181049 1 2.1 6 0.048 3 13 48
14.4712 1 -21.71 5.67836 -218.727 -0.937772 -0.00161208 -0.346776 0.0181049 1 2.1 6 0.048 3 13 48
14.4879 1 -21.71 5.67836 -218.727 -0.937772 -0.00161208 -0.346776 0.0181049 1 2.1 6 0.048 3 13 48
14.5046 1 -21.71 5.67836 -218.727 -0.937772 -0.00161208 -0.346776 0.0181049 1 2.1 6 0.048 3 13 48
14.5212 1 -21.71 5.67836 -218.727 -0.937772 -0.00161208 -0.346776 0.0181049 1 2.1 6 0.048 3 13 48
14.5379 1 -21.71 5.67836 -218.727 -0.937772 -0.00161208 -0.346776 0.0181049 1 2.1 6 0.048 3 13 48
14.5546 1 -21.71 5.67836 -218.727 -0.937772 -0.00161208 -0.346776 0.0181049 1 2.1 6 0.048 3 13 48
14.5712 1 -21.71 5.67836 -218.727 -0.937772 -0.00161208 -0.346776 0.0181049 1 2.1 6 0.048 3 13 48
14.5879 1 -21.71 5.67836 -218.727 -0.937772 -0.00161208 -0.346776 0.0181049 1 2.1 6 0.048 3 13 48
14.6046 1 -21.71 5.67836 -218.727 -0.937772 -0.00161208 -0.346776 0.0181049 1 2.1 6 0.048 3 13 48
14.6212 1 -21.71 5.67836 -218.727 -0.937772 -0.00161208 -0.346776 0.0181049 1 2.1 6 0.048 3 13 48
14.6379 1 -21.71 5.67836 -218.727 -0.937772 -0.00161208 -0.346776 0.0181049 1 2.1 6 0.048 3 13 48
14.6546 1 -21.71 5.67836 -218.727 -0.937772 -0.00161208 -0.346776 0.0181049 1 2.1 6 0.048 3 13 48
14.6712 1 -21.71 5.67836 -218.727 -0.937772 -0.00161208 -0.346776 0.0181049 1 2.1 6 0.048 3 13 48
14.6879 1 -21.71 5.67836 -218.727 -0.937772 -0.00161208 -0.346776 0.0181049 1 2.1 6 0.048 3 13 48
14.7046 1 -21.71 5.67836 -218.727 -0.937772 -0.00161208 -0.346776 0.0181049 1 2.1 6 0.048 3 13 48
14.7212 1 -21.71 5.67836 -218.727 -0.937772 -0.00161208 -0.346776 0.0181049 1 2.1 6 0.048 3 13 48
14.7379 1 -21.71 5.67836 -218.727 -0.937772 -0.00161208 -0.346776 0.0181049 1 2.1 6 0.048 3 13 48
14.7546 1 -21.71 5.67836 -218.727 -0.937772 -0.00161208 -0.346776 0.0181049 1 2.1 6 0.048 3 13 48
14.7712 1 -21.71 5.67836 -218.727 -0.937772 -0.00161208 -0.346776 0.0181049 1 2.1 6 0.048 3 13 48
14.7879 1 -21.71 5.67836 -218.727 -0.937772 -0.00161208 -0.346776 0.0181049 1 2.1 6 0.048 3 13 48
14.8046 1 -21.71 5.67836 -218.727 -0.937772 -0.00161208 -0.346776 0.0181049 1 2.1 6 0.048 3 13 48
14.8212 1 -21.71 5.67836 -218.727 -0.937772 -0.00161208 -0.346776 0.0181049 1 2.1 6 0.048 3 13 48
14.8379 1 -21.71 5.67836 -218.727 -0.937772 -0.00161208 -0.346776 0.0181049 1 2.1 6 0.048 3 13 48
14.8546 1 -21.71 5.67836 -218.727 -0.937772 -0.00161208 -0.346776 0.0181049 1 2.1 6 0.048 3 13 48
14.8712 1 -21.71 5.67836 -218.727 -0.937772 -0.00161208 -0.346776 0.0181049 1 2.1 6 0.048 3 13 48
14.8879 1 -21.71 5.67836 -218.727 -0.937772 -0.00161208 -0.346776 0.0181049 1 2.1 6 0.048 3 13 48
14.9046 1 -21.71 5.67836 -218.727 -0.937772 -0.00161208 -0.346776 0.0181049 1 2.1 6 0.048 3 13 48
14.9212 1 -21.71 5.67836 -218.727 -0.937772 -0.00161208 -0.346776 0.0181049 1 2.1 6 0.048 3 13 48
14.9379 1 -21.71 5.67836 -218.727 -0.937772 -0.00161208 -0.346776 0.0181049 1 2.1 6 0.048 3 13 48
14.9546 1 -21.71 5.67836 -218.727 -0.937772 -0.00161208 -0.346776 0.0181049 1 2.1 6 0.048 3 13 48
14.9712 1 -21.71 5.67836 -218.727 -0.937772 -0.00161208 -0.346776 0.0181049 1 2.1 6 0.048 3 13 48
14.9879 1 -21.71 5.67836 -218.727 -0.937772 -0.00161208 -0.346776 0.0181049 1 2.1 6 0.048 3 13 48
15.0046 1 -21.71 5.67836 -218.727 -0.937772 -0.00161208 -0.346776 0.0181049 1 2.1 6 0.048 3 13 48
15.0212 1 -21.71 5.67836 -218.727 -0.937772 -0.00161208 -0.346776 0.0181049 1 2.1 6 0.048 3 13 48
15.0379 1 -21.71 5.67836 -218.727 -0.937772 -0.00161208 -0.346776 0.0181049 1 2.1 6 0.048 3 13 48
15.0546 1 -21.71 5.67836 -218.727 -0.937772 -0.00161208 -0.346776 0.0181049 1 2.1 6 0.048 3 13 48
15.0712 1 -21.71 5.67836 -218.727 -0.937772 -0.00161208 -0.346776 0.0181049 1 2.1 6 0.048 3 13 48
15.0879 1 -21.71 5.67836 -218.727 -0.937772 -0.00161208 -0.346776 0.0181049 1 2.1 6 0.048 3 13 48
15.1046 1 -21.71 5.67836 -218.727 -0.937772 -0.00161208 -0.346776 0.0181049 1 2.1 6 0.048 3 13 48
15.1212 1 -21.71 5.67836 -218.727 -0.937772 -0.00161208 -0.346776 0.0181049 1 2.1 6 0.048 3 13 48
15.1379 1 -21.71 5.67836 -218.727 -0.937772 -0.00161208 -0.346776 0.0181049 1 2.1 6 0.048 3 13 48
15.1546 1 -21.71 5.67836 -218.727 -0.937772 -0.00161208 -0.346776 0.0181049 1 2.1 6 0.048 3 13 48
15.1712 1 -21.71 5.67836 -218.727 -0.937772 -0.00161208 -0.346776 0.0181049 1 2.1 6 0.048 3 13 48
15.1879 1 -21.71 5.67836 -218.727 -0.937772 -0.00161208 -0.346776 0.0181049 1 2.1 6 0.048 3 13 48
15.2046 1 -21.71 5.67836 -218.727 -0.937772 -0.00161208 -0.346776 0.0181049 1 2.1 6 0.048 3 13 48
15.2212 1 -21.71 5.67836 -218.727 -0.937772 -0.00161208 -0.346776 0.0181049 1 2.1 6 0.048 3 13 48
15.2379 1 -21.71 5.67836 -218.727 -0.937772 -0.00161208 -0.346776 0.0181049 1 2.1 6 0.048 3 13 48
15.2546 1 -21.71 5.67836 -218.727 -0.937772 -0.00161208 -0.346776 0.0181049 1 2.1 6 0.048 3 13 48
15.2712 1 -21.71 5.67836 -218.727 -0.937772 -0.00161208 -0.346776 0.0181049 1 2.1 6 0.048 3 13 48
15.2879 1 -21.71 5.67836 -218.727 -0.937772 -0.00161208 -0.346776 0.0181049 1 2.1 6 0.048 3 13 48
15.3046 1 -21.71 5.67836 -218.727 -0.937772 -0.00161208 -0.346776 0.0181049 1 2.1 6 0.048 3 13 48
15.3212 1 -21.71 5.67836 -218.727 -0.937772 -0.00161208 -0.346776 0.0181049 1 2.1 6 0.048 3 13 48
15.3379 1 -21.71 5.67836 -218.727 -0.937772 -0.00161208 -0.346776 0.0181049 1 2.1 6 0.048 3 13 48
15.3546 1 -21.71 5.67836 -218.727 -0.937772 -0.00161208 -0.346776 0.0181049 1 2.1 6 0.048 3 13 48
15.3712 1 -21.71 5.67836 -218.727 -0.937772 -0.00161208 -0.346776 0.0181049 1 2.1 6 0.048 3 13 48
15.3879 1 -21.71 5.67836 -218.727 -0.937772 -0.00161208 -0.346776 0.0181049 1 2.1 6 0.048 3 13 48
15.4046 1 -21.71 5.67836 -218.727 -0.937772 -0.00161208 -0.346776 0.0181049 1 2.1 6 0.048 3 13 48
15.4212 1 -21.71 5.67836 -218.727 -0.937772 -0.00161208 -0.346776 0.0181049 1 2.1 6 0.048 3 13 48
15.4379 1 -21.71 5.67836 -218.727 -0.937772 -0.00161208 -0.346776 0.0181049 1 2.1 6 0.048 3 13 48
15.4546 1 -21.71 5.67836 -218.727 -0.937772 -0.00161208 -0.346776 0.0181049 1 2.1 6 0.048 3 13 48
15.4712 1 -21.71 5.67836 -218.727 -0.937772 -0.00161208 -0.346776 0.0181049 1 2.1 6 0.048 3 13 48
15.4879 1 -21.71 5.67836 -218.727 -0.937772 -0.00161208 -0.346776 0.0181049 1 2.1 6 0.048 3 13 48
15.5046 1 -21.71 5.67836 -218.727 -0.937772 -0.00161208 -0.346776 0.0181049 1 2.1 6 0.048 3 13 48
15.5212 1 -21.71 5.67836 -218.727 -0.937772 -0.00161208 -0.346776 0.0181049 1 2.1 6 0.048 3 13 48
15.5379 1 -21.71 5.67836 -218.727 -0.937772 -0.00161208 -0.346776 0.0181049 1 2.1 6 0.048 3 13 48
15.5546 1 -21.71 5.67836 -218.727 -0.937772 -0.00161208 -0.346776 0.0181049 1 2.1 6 0.048 3 13 48
15.5712 1 -21.71 5.67836 -218.727 -0.937772 -0.00161208 -0.346776 0.0181049 1 2.1 6 0.048 3 13 48
15.5879 1 -21.71 5.67836 -218.727 -0.937772 -0.00161208 -0.346776 0.0181049 1 2.1 6 0.048 3 13 48
15.6046 1 -21.71 5.67836 -218.727 -0.937772 -0.00161208 -0.346776 0.0181049 1 2.1 6 0.048 3 13 48
15.6212 1 -21.71 5.67836 -218.727 -0.937772 -0.00161208 -0.346776 0.0181049 1 2.1 6 0.048 3 13 48
15.6379 1 -21.71 5.67836 -218.727 -0.937772 -0.00161208 -0.346776 0.0181049 1 2.1 6 0.048 3 13 48
15.6546 1 -21.71 5.67836 -218.727 -0.937772 -0.00161208 -0.346776 0.0181049 1 2.1 6 0.048 3 13 48
15.6712 1 -21.71 5.67836 -218.727 -0.937772 -0.00161208 -0.346776 0.0181049 1 2.1 6 0.048 3 13 48
15.6879 1 -21.71 5.67836 -218.727 -0.937772 -0.00161208 -0.346776 0.0181049 1 2.1 6 0.048 3 13 48
15.7046 1 -21.71 5.67836 -218.727 -0.937772 -0.00161208 -0.346776 0.0181049 1 2.1 6 0.048 3 13 48
15.7212 1 -21.71 5.67836 -218.727 -0.937772 -0.00161208 -0.346776 0.0181049 1 2.1 6 0.048 3 13 48
15.7379 1 -21.71 5.67836 -218.727 -0.937772 -0.00161208 -0.346776 0.0181049 1 2.1 6 0.048 3 13 48
15.7546 1 -21.71 5.67836 -218.727 -0.937772 -0.00161208 -0.346776 0.0181049 1 2.1 6 0.048 3 13 48
15.7712 1 -21.71 5.67836 -218.727 -0.937772 -0.00161208 -0.346776 0.0181049 1 2.1 6 0.048 3 13 48
15.7879 1 -21.71 5.67836 -218.727 -0.937772 -0.00161208 -0.346776 0.0181049 1 2.1 6 0.048 3 13 48
15.8046 1 -21.71 5.67836 -218.727 -0.937772 -0.00161208 -0.346776 0.0181049 1 2.1 6 0.048 3 13 48
15.8212 1 -21.71 5.67836 -218.727 -0.937772 -0.00161208 -0.346776 0.0181049 1 2.1 6 0.048 3 13 48
15.8379 1 -21.71 5.67836 -218.727 -0.937772 -0.00161208 -0.346776 0.0181049 1 2.1 6 0.048 3 13 48
15.8546 1 -21.71 5.67836 -218.727 -0.937772 -0.00161208 -0.346776 0.0181049 1 2.1 6 0.048 3 13 48
15.8712 1 -21.71 5.67836 -218.727 -0.937772 -0.00161208 -0.346776 0.0181049 1 2.1 6 0.048 3 13 48
15.8879 1 -21.71 5.67836 -218.727 -0.937772 -0.00161208 -0.346776 0.0181049 1 2.1 6 0.048 3 13 48
16.5906 1 -21.71 5.67836 -218.727 -0.937772 -0.00161208 -0.346776 0.0181049 1 2.1 6 0.048 3 13 48
16.6073 1 -21.71 5.67836 -218.727 -0.937772 -0.00161208 -0.346776 0.0181049 1 2.1 6 0.048 3 13 48
16.624 1 -21.71 5.67836 -218.727 -0.937772 -0.00161208 -0.346776 0.0181049 1 2.1 6 0.048 3 13 48
16.6406 1 -21.71 5.67836 -218.727 -0.937772 -0.00161208 -0.346776 0.0181049 1 2.1 6 0.048 3 13 48
16.6573 1 -21.71 5.67836 -218.727 -0.937772 -0.00161208 -0.346776 0.0181049 1 2.1 6 0.048 3 13 48
16.674 1 -21.71 5.67836 -218.727 -0.937772 -0.00161208 -0.346776 0.0181049 1 2.1 6 0.048 3 13 48
16.6906 1 -21.71 5.67836 -218.727 -0.937772 -0.00161208 -0.346776 0.0181049 1 2.1 6 0.048 3 13 48
16.7073 1 -21.71 5.67836 -218.727 -0.937772 -0.00161208 -0.346776 0.0181049 1 2.1 6 0.048 3 13 48
16.724 1 -21.71 5.67836 -218.727 -0.937772 -0.00161208 -0.346776 0.0181049 1 2.1 6 0.048 3 13 48
16.7406 1 -21.71 5.67836 -218.727 -0.937772 -0.00161208 -0.346776 0.0181049 1 2.1 6 0.048 3 13 48
16.7573 1 -21.71 5.67836 -218.727 -0.937772 -0.00161208 -0.346776 0.0181049 1 2.1 6 0.048 3 13 48
16.774 1 -21.71 5.67836 -218.727 -0.937772 -0.00161208 -0.346776 0.0181049 1 2.1 6 0.048 3 13 48
16.7906 1 -21.71 5.67836 -218.727 -0.937772 -0.00161208 -0.346776 0.0181049 1 2.1 6 0.048 3 13 48
16.8073 1 -21.71 5.67836 -218.727 -0.937772 -0.00161208 -0.346776 0.0181049 1 2.1 6 0.048 3 13 48
16.824 1 -21.71 5.67836 -218.727 -0.937772 -0.00161208 -0.346776 0.0181049 1 2.1 6 0.048 3 13 48
16.8406 1 -21.71 5.67836 -218.727 -0.937772 -0.00161208 -0.346776 0.0181049 1 2.1 6 0.048 3 13 48
16.8573 1 -21.71 5.67836 -218.727 -0.937772 -0.00161208 -0.346776 0.0181049 1 2.1 6 0.048 3 13 48
16.874 1 -21.71 5.67836 -218.727 -0.937772 -0.00161208 -0.346776 0.0181049 1 2.1 6 0.048 3 13 48
16.8906 1 -21.71 5.67836 -218.727 -0.937772 -0.00161208 -0.346776 0.0181049 1 2.1 6 0.048 3 13 48
16.9073 1 -21.71 5.67836 -218.727 -0.937772 -0.00161208 -0.346776 0.0181049 1 2.1 6 0.048 3 13 48
16.924 1 -21.71 5.67836 -218.727 -0.937772 -0.00161208 -0.346776 0.0181049 1 2.1 6 0.048 3 13 48
16.9406 1 -21.71 5.67836 -218.727 -0.937772 -0.00161208 -0.346776 0.0181049 1 2.1 6 0.048 3 13 48
16.9573 1 -21.71 5.67836 -218.727 -0.937772 -0.00161208 -0.346776 0.0181049 1 2.1 6 0.048 3 13 48
16.974 1 -21.71 5.67836 -218.727 -0.937772 -0.00161208 -0.346776 0.0181049 1 2.1 6 0.048 3 13 48
16.9906 1 -21.71 5.67836 -218.727 -0.937772 -0.00161208 -0.346776 0.0181049 1 2.1 6 0.048 3 13 48
17.0073 1 -21.71 5.67836 -218.727 -0.937772 -0.00161208 -0.346776 0.0181049 1 2.1 6 0.048 3 13 48
17.024 1 -21.71 5.67836 -218.727 -0.937772 -0.00161208 -0.346776 0.0181049 1 2.1 6 0.048 3 13 48
17.0406 1 -21.71 5.67836 -218.727 -0.937772 -0.00161208 -0.346776 0.0181049 1 2.1 6 0.048 3 13 48
17.0573 1 -21.71 5.67836 -218.727 -0.937772 -0.00161208 -0.346776 0.0181049 1 2.1 6 0.048 3 13 48
17.074 1 -21.71 5.67836 -218.727 -0.937772 -0.00161208 -0.346776 0.0181049 1 2.1 6 0.048 3 13 48
17.0906 1 -21.71 5.67836 -218.727 -0.937772 -0.00161208 -0.346776 0.0181049 1 2.1 6 0.048 3 13 48
17.1073 1 -21.71 5.67836 -218.727 -0.937772 -0.00161208 -0.346776 0.0181049 1 2.1 6 0.048 3 13 48
17.124 1 -21.71 5.67836 -218.727 -0.937772 -0.00161208 -0.346776 0.0181049 1 2.1 6 0.048 3 13 48
17.1406 1 -21.71 5.67836 -218.727 -0.937772 -0.00161208 -0.346776 0.0181049 1 2.1 6 0.048 3 13 48
17.1573 1 -21.71 5.67836 -218.727 -0.937772 -0.00161208 -0.346776 0.0181049 1 2.1 6 0.048 3 13 48
17.174 1 -21.71 5.67836 -218.727 -0.937772 -0.00161208 -0.346776 0.0181049 1 2.1 6 0.048 3 13 48
17.1906 1 -21.71 5.67836 -218.727 -0.937772 -0.00161208 -0.346776 0.0181049 1 2.1 6 0.048 3 13 48
17.2073 1 -21.71 5.67836 -218.727 -0.937772 -0.00161208 -0.346776 0.0181049 1 2.1 6 0.048 3 13 48
17.224 1 -21.71 5.67836 -218.727 -0.937772 -0.00161208 -0.346776 0.0181049 1 2.1 6 0.048 3 13 48
17.2406 1 -21.71 5.67836 -218.727 -0.937772 -0.00161208 -0.346776 0.0181049 1 2.1 6 0.048 3 13 48
17.2573 1 -21.71 5.67836 -218.727 -0.937772 -0.00161208 -0.346776 0.0181049 1 2.1 6 0.048 3 13 48
17.274 1 -21.71 5.67836 -218.727 -0.937772 -0.00161208 -0.346776 0.0181049 1 2.1 6 0.048 3 13 48
17.2906 1 -21.71 5.67836 -218.727 -0.937772 -0.00161208 -0.346776 0.0181049 1 2.1 6 0.048 3 13 48
17.3073 1 -21.71 5.67836 -218.727 -0.937772 -0.00161208 -0.346776 0.0181049 1 2.1 6 0.048 3 13 48
17.324 1 -21.71 5.67836 -218.727 -0.937772 -0.00161208 -0.346776 0.0181049 1 2.1 6 0.048 3 13 48
17.3406 1 -21.71 5.67836 -218.727 -0.937772 -0.00161208 -0.346776 0.0181049 1 2.1 6 0.048 3 13 48
17.3573 1 -21.71 5.67836 -218.727 -0.937772 -0.00161208 -0.346776 0.0181049 1 2.1 6 0.048 3 13 48
17.374 1 -21.71 5.67836 -218.727 -0.937772 -0.00161208 -0.346776 0.0181049 1 2.1 6 0.048 3 13 48
17.3906 1 -21.71 5.67836 -218.727 -0.937772 -0.00161208 -0.346776 0.0181049 1 2.1 6 0.048 3 13 48
17.4073 1 -21.71 5.67836 -218.727 -0.937772 -0.00161208 -0.346776 0.0181049 1 2.1 6 0.048 3 13 48
17.424 1 -21.71 5.67836 -218.727 -0.937772 -0.00161208 -0.346776 0.0181049 1 2.1 6 0.048 3 13 48
17.4406 1 -21.71 5.67836 -218.727 -0.937772 -0.00161208 -0.346776 0.0181049 1 2.1 6 0.048 3 13 48
17.4573 1 -21.71 5.67836 -218.727 -0.937772 -0.00161208 -0.346776 0.0181049 1 2.1 6 0.048 3 13 48
17.474 1 -21.71 5.67836 -218.727 -0.937772 -0.00161208 -0.346776 0.0181049 1 2.1 6 0.048 3 13 48
17.4906 1 -21.71 5.67836 -218.727 -0.937772 -0.00161208 -0.346776 0.0181049 1 2.1 6 0.048 3 13 48
17.5073 1 -21.71 5.67836 -218.727 -0.937772 -0.00161208 -0.346776 0.0181049 1 2.1 6 0.048 3 13 48
17.524 1 -21.71 5.67836 -218.727 -0.937772 -0.00161208 -0.346776 0.0181049 1 2.1 6 0.048 3 13 48
17.5406 1 -21.71 5.67836 -218.727 -0.937772 -0.00161208 -0.346776 0.0181049 1 2.1 6 0.048 3 13 48
17.5573 1 -21.71 5.67836 -218.727 -0.937772 -0.00161208 -0.346776 0.0181049 1 2.1 6 0.048 3 13 48
17.574 1 -21.71 5.67836 -218.727 -0.937772 -0.00161208 -0.346776 0.0181049 1 2.1 6 0.048 3 13 48
17.5906 1 -21.71 5.67836 -218.727 -0.937772 -0.00161208 -0.346776 0.0181049 1 2.1 6 0.048 3 13 48
17.6073 1 -21.71 5.67836 -218.727 -0.937772 -0.00161208 -0.346776 0.0181049 1 2.1 6 0.048 3 13 48
17.624 1 -21.71 5.67836 -218.727 -0.937772 -0.00161208 -0.346776 0.0181049 1 2.1 6 0.048 3 13 48
17.6406 1 -21.71 5.67836 -218.727 -0.937772 -0.00161208 -0.346776 0.0181049 1 2.1 6 0.048 3 13 48
17.6573 1 -21.71 5.67836 -218.727 -0.937772 -0.00161208 -0.346776 0.0181049 1 2.1 6 0.048 3 13 48
17.674 1 -21.71 5.67836 -218.727 -0.937772 -0.00161208 -0.346776 0.0181049 1 2.1 6 0.048 3 13 48
17.6906 1 -21.71 5.67836 -218.727 -0.937772 -0.00161208 -0.346776 0.0181049 1 2.1 6 0.048 3 13 48
17.7073 1 -21.71 5.67836 -218.727 -0.937772 -0.00161208 -0.346776 0.0181049 1 2.1 6 0.048 3 13 48
17.724 1 -21.71 5.67836 -218.727 -0.937772 -0.00161208 -0.346776 0.0181049 1 2.1 6 0.048 3 13 48
17.7406 1 -21.71 5.67836 -218.727 -0.937772 -0.00161208 -0.346776 0.0181049 1 2.1 6 0.048 3 13 48
17.7573 1 -21.71 5.67836 -218.727 -0.937772 -0.00161208 -0.346776 0.0181049 1 2.1 6 0.048 3 13 48
17.774 1 -21.71 5.67836 -218.727 -0.937772 -0.00161208 -0.346776 0.0181049 1 2.1 6 0.048 3 13 48
17.7906 1 -21.71 5.67836 -218.727 -0.937772 -0.00161208 -0.346776 0.0181049 1 2.1 6 0.048 3 13 48
17.8073 1 -21.71 5.67836 -218.727 -0.937772 -0.00161208 -0.346776 0.0181049 1 2.1 6 0.048 3 13 48
17.824 1 -21.71 5.67836 -218.727 -0.937772 -0.00160238 -0.346776 0.0181013 1 2.1 6 0.048 3 13 48
17.8706 1 -21.71 5.67836 -218.727 -0.937773 0.00078445 -0.346821 0.0172186 1 2.1 6 0.048 3 13 48
17.8873 1 -21.71 5.67836 -218.727 -0.93777 0.0025706 -0.346853 0.016558 1 2.1 6 0.048 3 13 48
17.904 1 -21.71 5.67836 -218.727 -0.937765 0.00395284 -0.346877 0.0160468 1 2.1 6 0.048 3 13 48
17.9206 1 -21.71 5.67836 -218.727 -0.93776 0.00498671 -0.346895 0.0156643 1 2.1 6 0.048 3 13 48
17.9373 1 -21.71 5.67836 -218.727 -0.937756 0.00574725 -0.346907 0.015383 1 2.1 6 0.048 3 13 48
17.954 1 -21.71 5.67836 -218.727 -0.937752 0.00630674 -0.346917 0.015176 1 2.1 6 0.048 3 13 48
17.9706 1 -21.71 5.67836 -218.727 -0.937749 0.00671833 -0.346923 0.0150237 1 2.1 6 0.048 3 13 48
17.9873 1 -21.71 5.67836 -218.727 -0.937747 0.0070211 -0.346928 0.0149117 1 2.1 6 0.048 3 13 48
18.004 1 -21.71 5.67836 -218.727 -0.937745 0.00724384 -0.346932 0.0148293 1 2.1 6 0.048 3 13 48
18.0206 1 -21.71 5.67836 -218.727 -0.937744 0.00740769 -0.346934 0.0147687 1 2.1 6 0.048 3 13 48
18.0373 1 -21.71 5.67836 -218.727 -0.937743 0.00752823 -0.346936 0.0147241 1 2.1 6 0.048 3 13 48
18.054 1 -21.71 5.67836 -218.727 -0.937742 0.0076266 -0.346938 0.0146877 1 2.1 6 0.048 3 13 48
18.0706 1 -21.71 5.67836 -218.727 -0.937732 0.00879138 -0.346956 0.0142568 1 2.1 6 0.048 3 13 48
18.0873 1 -21.71 5.67836 -218.727 -0.937721 0.00992133 -0.346972 0.0138387 1 2.1 6 0.048 3 13 48
18.104 1 -21.71 5.67836 -218.727 -0.937711 0.0108208 -0.346986 0.0135058 1 2.1 6 0.048 3 13 48
18.1206 1 -21.71 5.67836 -218.727 -0.937703 0.0114996 -0.346995 0.0132547 1 2.1 6 0.048 3 13 48
18.1373 1 -21.71 5.67836 -218.727 -0.937697 0.0119989 -0.347002 0.0130699 1 2.1 6 0.048 3 13 48
18.154 1 -21.71 5.67836 -218.727 -0.937692 0.0123662 -0.347007 0.012934 1 2.1 6 0.048 3 13 48
18.1706 1 -21.71 5.67836 -218.727 -0.937688 0.0126364 -0.347011 0.012834 1 2.1 6 0.048 3 13 48
18.1873 1 -21.71 5.67836 -218.727 -0.937686 0.0128352 -0.347014 0.0127604 1 2.1 6 0.048 3 13 48
18.204 1 -21.71 5.67836 -218.727 -0.937684 0.0129814 -0.347016 0.0127063 1 2.1 6 0.048 3 13 48
18.2206 1 -21.71 5.67836 -218.727 -0.937682 0.013089 -0.347017 0.0126665 1 2.1 6 0.048 3 13 48
18.2373 1 -21.71 5.67836 -218.727 -0.937681 0.0131778 -0.347018 0.0126336 1 2.1 6 0.048 3 13 48
18.254 1 -21.71 5.67836 -218.727 -0.937664 0.0143355 -0.347034 0.0122052 1 2.1 6 0.048 3 13 48
18.2706 1 -21.71 5.67836 -218.727 -0.937646 0.0154602 -0.347048 0.0117889 1 2.1 6 0.048 3 13 48
18.2873 1 -21.71 5.67836 -218.727 -0.937631 0.0163557 -0.347059 0.0114574 1 2.1 6 0.048 3 13 48
18.304 1 -21.71 5.67836 -218.727 -0.937619 0.0170144 -0.347067 0.0112136 1 2.1 6 0.048 3 13 48
18.3206 1 -21.71 5.67836 -218.727 -0.93761 0.017499 -0.347073 0.0110342 1 2.1 6 0.048 3 13 48
18.3373 1 -21.71 5.67836 -218.727 -0.937603 0.0178555 -0.347077 0.0109023 1 2.1 6 0.048 3 13 48
18.354 1 -21.71 5.67836 -218.727 -0.937598 0.0181177 -0.34708 0.0108052 1 2.1 6 0.048 3 13 48
18.3706 1 -21.71 5.67836 -218.727 -0.937595 0.0183107 -0.347082 0.0107338 1 2.1 6 0.048 3 13 48
18.3873 1 -21.71 5.67836 -218.727 -0.937592 0.0184526 -0.347084 0.0106812 1 2.1 6 0.048 3 13 48
18.404 1 -21.71 5.67836 -218.727 -0.93759 0.0185667 -0.347085 0.010639 1 2.1 6 0.048 3 13 48
18.4206 1 -21.71 5.67836 -218.727 -0.937566 0.0197428 -0.347098 0.0102036 1 2.1 6 0.048 3 13 48
18.4373 1 -21.71 5.67836 -218.727 -0.937541 0.0208811 -0.34711 0.00978218 1 2.1 6 0.048 3 13 48
18.454 1 -21.71 5.67836 -218.727 -0.93752 0.0217867 -0.34712 0.00944689 1 2.1 6 0.048 3 13 48
18.4706 1 -21.71 5.67836 -218.727 -0.937504 0.0224699 -0.347127 0.00919392 1 2.1 6 0.048 3 13 48
18.4873 1 -21.71 5.67836 -218.727 -0.937492 0.0229725 -0.347131 0.00900783 1 2.1 6 0.048 3 13 48
18.504 1 -21.71 5.67836 -218.727 -0.937483 0.0233422 -0.347135 0.00887093 1 2.1 6 0.048 3 13 48
18.5206 1 -21.71 5.67836 -218.727 -0.937476 0.0236142 -0.347138 0.00877022 1 2.1 6 0.048 3 13 48
18.5373 1 -21.71 5.67836 -218.727 -0.937471 0.0238143 -0.347139 0.00869613 1 2.1 6 0.048 3 13 48
18.554 1 -21.71 5.67836 -218.727 -0.937467 0.0239711 -0.347141 0.00863804 1 2.1 6 0.048 3 13 48
18.5706 1 -21.71 5.67836 -218.727 -0.937435 0.0251786 -0.347152 0.00819089 1 2.1 6 0.048 3 13 48
18.5873 1 -21.71 5.67836 -218.727 -0.937403 0.0263399 -0.347162 0.00776084 1 2.1 6 0.048 3 13 48
18.604 1 -21.71 5.67836 -218.727 -0.937377 0.0272624 -0.347169 0.0074192 1 2.1 6 0.048 3 13 48
18.6206 1 -21.71 5.67836 -218.727 -0.937357 0.0279581 -0.347174 0.00716154 1 2.1 6 0.048 3 13 48
18.6373 1 -21.71 5.67836 -218.727 -0.937341 0.0284741 -0.347178 0.00697042 1 2.1 6 0.048 3 13 48
18.654 1 -21.71 5.67836 -218.727 -0.937329 0.0288547 -0.347181 0.00682942 1 2.1 6 0.048 3 13 48
18.6706 1 -21.71 5.67836 -218.727 -0.937321 0.0291348 -0.347183 0.0067257 1 2.1 6 0.048 3 13 48
18.6873 1 -21.71 5.67836 -218.727 -0.937314 0.0293408 -0.347185 0.0066494 1 2.1 6 0.048 3 13 48
18.704 1 -21.71 5.67836 -218.727 -0.93731 0.0294923 -0.347186 0.00659326 1 2.1 6 0.048 3 13 48
18.7206 1 -21.71 5.67836 -218.727 -0.937306 0.0296038 -0.347186 0.00655197 1 2.1 6 0.048 3 13 48
18.7373 1 -21.71 5.67836 -218.727 -0.937303 0.0296858 -0.347187 0.00652159 1 2.1 6 0.048 3 13 48
18.754 1 -21.71 5.67836 -218.727 -0.937301 0.0297461 -0.347187 0.00649925 1 2.1 6 0.048 3 13 48
18.7706 1 -21.71 5.67836 -218.727 -0.9373 0.0297905 -0.347188 0.00648281 1 2.1 6 0.048 3 13 48
18.7873 1 -21.71 5.67836 -218.727 -0.937299 0.0298232 -0.347188 0.00647072 1 2.1 6 0.048 3 13 48
18.804 1 -21.71 5.67836 -218.727 -0.937298 0.0298472 -0.347188 0.00646182 1 2.1 6 0.048 3 13 48
18.8206 1 -21.71 5.67836 -218.727 -0.937298 0.0298648 -0.347188 0.00645527 1 2.1 6 0.048 3 13 48
18.8373 1 -21.71 5.67836 -218.727 -0.937297 0.0298778 -0.347188 0.00645046 1 2.1 6 0.048 3 13 48
18.854 1 -21.71 5.67836 -218.727 -0.937297 0.0298874 -0.347188 0.00644692 1 2.1 6 0.048 3 13 48
18.8706 1 -21.71 5.67836 -218.727 -0.937297 0.0298944 -0.347188 0.00644431 1 2.1 6 0.048 3 13 48
18.8873 1 -21.71 5.67836 -218.727 -0.937297 0.0298996 -0.347189 0.0064424 1 2.1 6 0.048 3 13 48
18.904 1 -21.71 5.67836 -218.727 -0.937296 0.0299131 -0.347189 0.00643739 1 2.1 6 0.048 3 13 48
18.9206 1 -21.71 5.67836 -218.727 -0.93726 0.0310125 -0.347196 0.00603015 1 2.1 6 0.048 3 13 48
18.9373 1 -21.71 5.67836 -218.727 -0.937233 0.0318212 -0.347201 0.00573056 1 2.1 6 0.048 3 13 48
18.954 1 -21.71 5.67836 -218.727 -0.937213 0.0324161 -0.347205 0.00551017 1 2.1 6 0.048 3 13 48
18.9706 1 -21.71 5.67836 -218.727 -0.937198 0.0328538 -0.347207 0.00534804 1 2.1 6 0.048 3 13 48
18.9873 1 -21.71 5.67836 -218.727 -0.937186 0.0331757 -0.347209 0.00522877 1 2.1 6 0.048 3 13 48
19.004 1 -21.71 5.67836 -218.727 -0.937178 0.0334126 -0.34721 0.00514103 1 2.1 6 0.048 3 13 48
19.0206 1 -21.71 5.67836 -218.727 -0.937172 0.0335868 -0.347211 0.00507648 1 2.1 6 0.048 3 13 48
19.0373 1 -21.71 5.67836 -218.727 -0.937167 0.0337149 -0.347212 0.005029 1 2.1 6 0.048 3 13 48
19.054 1 -21.71 5.67836 -218.727 -0.937163 0.0338189 -0.347212 0.00499047 1 2.1 6 0.048 3 13 48
19.0706 1 -21.71 5.67836 -218.727 -0.93712 0.0349871 -0.347218 0.00455765 1 2.1 6 0.048 3 13 48
19.0873 1 -21.71 5.67836 -218.727 -0.937078 0.0361188 -0.347224 0.00413834 1 2.1 6 0.048 3 13 48
19.104 1 -21.71 5.67836 -218.727 -0.937045 0.0369512 -0.347227 0.00382987 1 2.1 6 0.048 3 13 48
19.1206 1 -21.71 5.67836 -218.727 -0.937021 0.0375636 -0.34723 0.00360295 1 2.1 6 0.048 3 13 48
19.1373 1 -21.71 5.67836 -218.727 -0.937003 0.0380141 -0.347231 0.00343602 1 2.1 6 0.048 3 13 48
19.154 1 -21.71 5.67836 -218.727 -0.936989 0.0383455 -0.347232 0.00331321 1 2.1 6 0.048 3 13 48
19.1706 1 -21.71 5.67836 -218.727 -0.936979 0.0385893 -0.347233 0.00322287 1 2.1 6 0.048 3 13 48
19.1873 1 -21.71 5.67836 -218.727 -0.936972 0.0387686 -0.347234 0.00315641 1 2.1 6 0.048 3 13 48
19.204 1 -21.71 5.67836 -218.727 -0.936966 0.0389005 -0.347234 0.00310752 1 2.1 6 0.048 3 13 48
19.2206 1 -21.71 5.67836 -218.727 -0.936962 0.0390073 -0.347235 0.00306796 1 2.1 6 0.048 3 13 48
19.2373 1 -21.71 5.67836 -218.727 -0.936912 0.0401748 -0.347238 0.00263525 1 2.1 6 0.048 3 13 48
19.254 1 -21.71 5.67836 -218.727 -0.936875 0.0410337 -0.347241 0.00231693 1 2.1 6 0.048 3 13 48
19.2706 1 -21.71 5.67836 -218.727 -0.936847 0.0416655 -0.347242 0.00208275 1 2.1 6 0.048 3 13 48
19.2873 1 -21.71 5.67836 -218.727 -0.936827 0.0421303 -0.347243 0.00191048 1 2.1 6 0.048 3 13 48
19.304 1 -21.71 5.67836 -218.727 -0.936811 0.0424722 -0.347244 0.00178375 1 2.1 6 0.048 3 13 48
19.3206 1 -21.71 5.67836 -218.727 -0.9368 0.0427237 -0.347244 0.00169053 1 2.1 6 0.048 3 13 48
19.3373 1 -21.71 5.67836 -218.727 -0.936791 0.0429087 -0.347245 0.00162194 1 2.1 6 0.048 3 13 48
19.354 1 -21.71 5.67836 -218.727 -0.936785 0.0430448 -0.347245 0.00157149 1 2.1 6 0.048 3 13 48
19.3706 1 -21.71 5.67836 -218.727 -0.93678 0.0431546 -0.347245 0.00153078 1 2.1 6 0.048 3 13 48
19.3873 1 -21.71 5.67836 -218.727 -0.936725 0.0443267 -0.347247 0.00109632 1 2.1 6 0.048 3 13 48
19.404 1 -21.71 5.67836 -218.727 -0.936671 0.045461 -0.347248 0.000675797 1 2.1 6 0.048 3 13 48
19.4206 1 -21.71 5.67836 -218.727 -0.93663 0.0462955 -0.347248 0.000366444 1 2.1 6 0.048 3 13 48
19.4373 1 -21.71 5.67836 -218.727 -0.936599 0.0469093 -0.347248 0.000138871 1 2.1 6 0.048 3 13 48
19.454 1 -21.71 5.67836 -218.727 -0.936577 0.0473608 -0.347248 -2.85418e-05 1 2.1 6 0.048 3 13 48
19.4706 1 -21.71 5.67836 -218.727 -0.93656 0.047693 -0.347248 -0.000151698 1 2.1 6 0.048 3 13 48
19.4873 1 -21.71 5.67836 -218.727 -0.936547 0.0479374 -0.347248 -0.000242296 1 2.1 6 0.048 3 13 48
19.504 1 -21.71 5.67836 -218.727 -0.936538 0.0481171 -0.347248 -0.000308944 1 2.1 6 0.048 3 13 48
19.5206 1 -21.71 5.67836 -218.727 -0.936531 0.0482493 -0.347248 -0.000357974 1 2.1 6 0.048 3 13 48
19.5373 1 -21.71 5.67836 -218.727 -0.936526 0.0483563 -0.347248 -0.000397635 1 2.1 6 0.048 3 13 48
19.554 1 -21.71 5.67836 -218.727 -0.936465 0.049526 -0.347247 -0.000831335 1 2.1 6 0.048 3 13 48
19.5706 1 -21.71 5.67836 -218.727 -0.936404 0.0506585 -0.347246 -0.00125129 1 2.1 6 0.048 3 13 48
19.5873 1 -21.71 5.67836 -218.727 -0.936359 0.0514915 -0.347245 -0.00156022 1 2.1 6 0.048 3 13 48
19.604 1 -21.71 5.67836 -218.727 -0.936325 0.0521043 -0.347244 -0.00178749 1 2.1 6 0.048 3 13 48
19.6206 1 -21.71 5.67836 -218.727 -0.9363 0.0525551 -0.347243 -0.00195467 1 2.1 6 0.048 3 13 48
19.6373 1 -21.71 5.67836 -218.727 -0.936281 0.0528868 -0.347242 -0.00207766 1 2.1 6 0.048 3 13 48
19.654 1 -21.71 5.67836 -218.727 -0.936267 0.0531307 -0.347242 -0.00216813 1 2.1 6 0.048 3 13 48
19.6706 1 -21.71 5.67836 -218.727 -0.936257 0.0533102 -0.347241 -0.00223469 1 2.1 6 0.048 3 13 48
19.6873 1 -21.71 5.67836 -218.727 -0.936249 0.0534422 -0.347241 -0.00228365 1 2.1 6 0.048 3 13 48
19.704 1 -21.71 5.67836 -218.727 -0.936243 0.053549 -0.347241 -0.00232326 1 2.1 6 0.048 3 13 48
19.7206 1 -21.71 5.67836 -218.727 -0.936176 0.0547182 -0.347237 -0.00275692 1 2.1 6 0.048 3 13 48
19.7373 1 -21.71 5.67836 -218.727 -0.936109 0.0558503 -0.347234 -0.00317683 1 2.1 6 0.048 3 13 48
19.754 1 -21.71 5.67836 -218.727 -0.936059 0.056683 -0.347231 -0.00348573 1 2.1 6 0.048 3 13 48
19.7706 1 -21.71 5.67836 -218.727 -0.936021 0.0572956 -0.347228 -0.00371297 1 2.1 6 0.048 3 13 48
19.7873 1 -21.71 5.67836 -218.727 -0.935994 0.0577462 -0.347227 -0.00388014 1 2.1 6 0.048 3 13 48
19.804 1 -21.71 5.67836 -218.727 -0.935973 0.0580777 -0.347225 -0.00400311 1 2.1 6 0.048 3 13 48
19.8206 1 -21.71 5.67836 -218.727 -0.935958 0.0583216 -0.347224 -0.00409358 1 2.1 6 0.048 3 13 48
19.8373 1 -21.71 5.67836 -218.727 -0.935947 0.058501 -0.347223 -0.00416013 1 2.1 6 0.048 3 13 48
19.854 1 -21.71 5.67836 -218.727 -0.935938 0.0586426 -0.347223 -0.00421268 1 2.1 6 0.048 3 13 48
19.8706 1 -21.71 5.67836 -218.727 -0.935862 0.0598371 -0.347217 -0.00465583 1 2.1 6 0.048 3 13 48
19.8873 1 -21.71 5.67836 -218.727 -0.935788 0.0609882 -0.347211 -0.00508294 1 2.1 6 0.048 3 13 48
19.904 1 -21.71 5.67836 -218.727 -0.935728 0.061903 -0.347206 -0.00542236 1 2.1 6 0.048 3 13 48
19.9206 1 -21.71 5.67836 -218.727 -0.935683 0.0625759 -0.347202 -0.00567205 1 2.1 6 0.048 3 13 48
19.9373 1 -21.71 5.67836 -218.727 -0.93565 0.0630709 -0.347199 -0.00585573 1 2.1 6 0.048 3 13 48
19.954 1 -21.71 5.67836 -218.727 -0.935625 0.0634351 -0.347197 -0.00599086 1 2.1 6 0.048 3 13 48
19.9706 1 -21.71 5.67836 -218.727 -0.935607 0.0637029 -0.347195 -0.00609026 1 2.1 6 0.048 3 13 48
19.9873 1 -21.71 5.67836 -218.727 -0.935594 0.0639 -0.347194 -0.00616338 1 2.1 6 0.048 3 13 48
20.004 1 -21.71 5.67836 -218.727 -0.935584 0.0640449 -0.347193 -0.00621717 1 2.1 6 0.048 3 13 48
20.0206 1 -21.71 5.67836 -218.727 -0.935576 0.0641612 -0.347192 -0.00626034 1 2.1 6 0.048 3 13 48
20.0373 1 -21.71 5.67836 -218.727 -0.935495 0.0653366 -0.347184 -0.00669654 1 2.1 6 0.048 3 13 48
20.054 1 -21.71 5.67836 -218.727 -0.935414 0.0664737 -0.347175 -0.00711854 1 2.1 6 0.048 3 13 48
20.0706 1 -21.71 5.67836 -218.727 -0.93535 0.067378 -0.347168 -0.00745419 1 2.1 6 0.048 3 13 48
20.0873 1 -21.71 5.67836 -218.727 -0.935302 0.0680433 -0.347163 -0.00770111 1 2.1 6 0.048 3 13 48
20.104 1 -21.71 5.67836 -218.727 -0.935266 0.0685326 -0.347159 -0.00788275 1 2.1 6 0.048 3 13 48
20.1206 1 -21.71 5.67836 -218.727 -0.935239 0.0688926 -0.347156 -0.00801637 1 2.1 6 0.048 3 13 48
20.1373 1 -21.71 5.67836 -218.727 -0.93522 0.0691574 -0.347153 -0.00811466 1 2.1 6 0.048 3 13 48
20.154 1 -21.71 5.67836 -218.727 -0.935205 0.0693522 -0.347152 -0.00818697 1 2.1 6 0.048 3 13 48
20.1706 1 -21.71 5.67836 -218.727 -0.935195 0.0694955 -0.347151 -0.00824017 1 2.1 6 0.048 3 13 48
20.1873 1 -21.71 5.67836 -218.727 -0.935186 0.0696106 -0.347149 -0.00828289 1 2.1 6 0.048 3 13 48
20.204 1 -21.71 5.67836 -218.727 -0.935098 0.0707822 -0.347139 -0.00871782 1 2.1 6 0.048 3 13 48
20.2206 1 -21.71 5.67836 -218.727 -0.935033 0.0716441 -0.347131 -0.00903777 1 2.1 6 0.048 3 13 48
20.2373 1 -21.71 5.67836 -218.727 -0.934984 0.072278 -0.347124 -0.00927313 1 2.1 6 0.048 3 13 48
20.254 1 -21.71 5.67836 -218.727 -0.934948 0.0727444 -0.34712 -0.00944627 1 2.1 6 0.048 3 13 48
20.2706 1 -21.71 5.67836 -218.727 -0.934921 0.0730874 -0.347116 -0.00957364 1 2.1 6 0.048 3 13 48
20.2873 1 -21.71 5.67836 -218.727 -0.934901 0.0733398 -0.347114 -0.00966733 1 2.1 6 0.048 3 13 48
20.304 1 -21.71 5.67836 -218.727 -0.934887 0.0735254 -0.347112 -0.00973626 1 2.1 6 0.048 3 13 48
20.3206 1 -21.71 5.67836 -218.727 -0.934876 0.073662 -0.34711 -0.00978697 1 2.1 6 0.048 3 13 48
20.3373 1 -21.71 5.67836 -218.727 -0.934867 0.0737721 -0.347109 -0.00982786 1 2.1 6 0.048 3 13 48
20.354 1 -21.71 5.67836 -218.727 -0.934774 0.0749397 -0.347097 -0.0102614 1 2.1 6 0.048 3 13 48
20.3706 1 -21.71 5.67836 -218.727 -0.934705 0.0757986 -0.347087 -0.0105803 1 2.1 6 0.048 3 13 48
20.3873 1 -21.71 5.67836 -218.727 -0.934654 0.0764304 -0.34708 -0.0108149 1 2.1 6 0.048 3 13 48
20.404 1 -21.71 5.67836 -218.727 -0.934615 0.0768951 -0.347074 -0.0109875 1 2.1 6 0.048 3 13 48
20.4206 1 -21.71 5.67836 -218.727 -0.934587 0.077237 -0.34707 -0.0111145 1 2.1 6 0.048 3 13 48
20.4373 1 -21.71 5.67836 -218.727 -0.934566 0.0774885 -0.347067 -0.0112079 1 2.1 6 0.048 3 13 48
20.454 1 -21.71 5.67836 -218.727 -0.934551 0.0776735 -0.347065 -0.0112766 1 2.1 6 0.048 3 13 48
20.4706 1 -21.71 5.67836 -218.727 -0.93454 0.0778096 -0.347064 -0.0113271 1 2.1 6 0.048 3 13 48
20.4873 1 -21.71 5.67836 -218.727 -0.934531 0.0779193 -0.347062 -0.0113679 1 2.1 6 0.048 3 13 48
20.504 1 -21.71 5.67836 -218.727 -0.934432 0.0790887 -0.347048 -0.0118022 1 2.1 6 0.048 3 13 48
20.5206 1 -21.71 5.67836 -218.727 -0.934336 0.080221 -0.347033 -0.0122227 1 2.1 6 0.048 3 13 48
20.5373 1 -21.71 5.67836 -218.727 -0.934258 0.0811218 -0.347021 -0.0125573 1 2.1 6 0.048 3 13 48
20.554 1 -21.71 5.67836 -218.727 -0.9342 0.0817843 -0.347012 -0.0128034 1 2.1 6 0.048 3 13 48
20.5706 1 -21.71 5.67836 -218.727 -0.934158 0.0822717 -0.347005 -0.0129844 1 2.1 6 0.048 3 13 48
20.5873 1 -21.71 5.67836 -218.727 -0.934126 0.0826303 -0.347 -0.0131176 1 2.1 6 0.048 3 13 48
20.604 1 -21.71 5.67836 -218.727 -0.934103 0.082894 -0.346997 -0.0132156 1 2.1 6 0.048 3 13 48
20.6206 1 -21.71 5.67836 -218.727 -0.934085 0.083088 -0.346994 -0.0132877 1 2.1 6 0.048 3 13 48
20.6373 1 -21.71 5.67836 -218.727 -0.934072 0.0832404 -0.346992 -0.0133443 1 2.1 6 0.048 3 13 48
20.654 1 -21.71 5.67836 -218.727 -0.933964 0.0844406 -0.346974 -0.0137901 1 2.1 6 0.048 3 13 48
20.6706 1 -21.71 5.67836 -218.727 -0.933859 0.0855954 -0.346957 -0.0142192 1 2.1 6 0.048 3 13 48
20.6873 1 -21.71 5.67836 -218.727 -0.933774 0.0865126 -0.346943 -0.01456 1 2.1 6 0.048 3 13 48
20.704 1 -21.71 5.67836 -218.727 -0.933712 0.0871874 -0.346932 -0.0148107 1 2.1 6 0.048 3 13 48
20.7206 1 -21.71 5.67836 -218.727 -0.933665 0.0876837 -0.346924 -0.0149951 1 2.1 6 0.048 3 13 48
20.7373 1 -21.71 5.67836 -218.727 -0.933631 0.0880488 -0.346918 -0.0151307 1 2.1 6 0.048 3 13 48
20.754 1 -21.71 5.67836 -218.727 -0.933605 0.0883174 -0.346914 -0.0152305 1 2.1 6 0.048 3 13 48
20.7706 1 -21.71 5.67836 -218.727 -0.933587 0.0885149 -0.346911 -0.0153039 1 2.1 6 0.048 3 13 48
20.7873 1 -21.71 5.67836 -218.727 -0.933573 0.0886603 -0.346909 -0.015358 1 2.1 6 0.048 3 13 48
20.804 1 -21.71 5.67836 -218.727 -0.933563 0.0887672 -0.346907 -0.0153977 1 2.1 6 0.048 3 13 48
20.8206 1 -21.71 5.67836 -218.727 -0.933554 0.0888555 -0.346905 -0.0154305 1 2.1 6 0.048 3 13 48
20.8373 1 -21.71 5.67836 -218.727 -0.933444 0.0900079 -0.346886 -0.0158588 1 2.1 6 0.048 3 13 48
20.854 1 -21.71 5.67836 -218.727 -0.933335 0.0911275 -0.346867 -0.0162748 1 2.1 6 0.048 3 13 48
20.8706 1 -21.71 5.67836 -218.727 -0.933248 0.0920187 -0.346851 -0.016606 1 2.1 6 0.048 3 13 48
20.8873 1 -21.71 5.67836 -218.727 -0.933183 0.0926743 -0.346839 -0.0168497 1 2.1 6 0.048 3 13 48
20.904 1 -21.71 5.67836 -218.727 -0.933135 0.0931566 -0.346831 -0.017029 1 2.1 6 0.048 3 13 48
20.9206 1 -21.71 5.67836 -218.727 -0.933099 0.0935114 -0.346824 -0.0171608 1 2.1 6 0.048 3 13 48
20.9373 1 -21.71 5.67836 -218.727 -0.933073 0.0937723 -0.346819 -0.0172578 1 2.1 6 0.048 3 13 48
20.954 1 -21.71 5.67836 -218.727 -0.933054 0.0939643 -0.346816 -0.0173292 1 2.1 6 0.048 3 13 48
20.9706 1 -21.71 5.67836 -218.727 -0.93304 0.0941055 -0.346813 -0.0173817 1 2.1 6 0.048 3 13 48
20.9873 1 -21.71 5.67836 -218.727 -0.933029 0.0942094 -0.346811 -0.0174203 1 2.1 6 0.048 3 13 48
21.004 1 -21.71 5.67836 -218.727 -0.933021 0.0942955 -0.346809 -0.0174523 1 2.1 6 0.048 3 13 48
21.0206 1 -21.71 5.67836 -218.727 -0.932904 0.0954432 -0.346788 -0.0178789 1 2.1 6 0.048 3 13 48
21.0373 1 -21.71 5.67836 -218.727 -0.932817 0.0962875 -0.346771 -0.0181928 1 2.1 6 0.048 3 13 48
21.054 1 -21.71 5.67836 -218.727 -0.932753 0.0969085 -0.346759 -0.0184236 1 2.1 6 0.048 3 13 48
21.0706 1 -21.71 5.67836 -218.727 -0.932705 0.0973653 -0.34675 -0.0185934 1 2.1 6 0.048 3 13 48
21.0873 1 -21.71 5.67836 -218.727 -0.93267 0.0977013 -0.346743 -0.0187184 1 2.1 6 0.048 3 13 48
21.104 1 -21.71 5.67836 -218.727 -0.932644 0.0979485 -0.346738 -0.0188103 1 2.1 6 0.048 3 13 48
21.1206 1 -21.71 5.67836 -218.727 -0.932625 0.0981304 -0.346735 -0.0188779 1 2.1 6 0.048 3 13 48
21.1373 1 -21.71 5.67836 -218.727 -0.932611 0.0982642 -0.346732 -0.0189276 1 2.1 6 0.048 3 13 48
21.154 1 -21.71 5.67836 -218.727 -0.9326 0.0983722 -0.34673 -0.0189678 1 2.1 6 0.048 3 13 48
21.1706 1 -21.71 5.67836 -218.727 -0.932476 0.099538 -0.346706 -0.0194012 1 2.1 6 0.048 3 13 48
21.1873 1 -21.71 5.67836 -218.727 -0.932355 0.100667 -0.346682 -0.0198208 1 2.1 6 0.048 3 13 48
21.204 1 -21.71 5.67836 -218.727 -0.932265 0.101497 -0.346664 -0.0201295 1 2.1 6 0.048 3 13 48
21.2206 1 -21.71 5.67836 -218.727 -0.932198 0.102107 -0.346651 -0.0203565 1 2.1 6 0.048 3 13 48
21.2373 1 -21.71 5.67836 -218.727 -0.932149 0.102556 -0.346641 -0.0205236 1 2.1 6 0.048 3 13 48
21.254 1 -21.71 5.67836 -218.727 -0.932112 0.102887 -0.346634 -0.0206464 1 2.1 6 0.048 3 13 48
21.2706 1 -21.71 5.67836 -218.727 -0.932085 0.10313 -0.346629 -0.0207368 1 2.1 6 0.048 3 13 48
21.2873 1 -21.71 5.67836 -218.727 -0.932066 0.103309 -0.346625 -0.0208033 1 2.1 6 0.048 3 13 48
21.304 1 -21.71 5.67836 -218.727 -0.932051 0.10344 -0.346622 -0.0208522 1 2.1 6 0.048 3 13 48
21.3206 1 -21.71 5.67836 -218.727 -0.93204 0.103537 -0.346619 -0.0208882 1 2.1 6 0.048 3 13 48
21.3373 1 -21.71 5.67836 -218.727 -0.932031 0.103618 -0.346618 -0.0209182 1 2.1 6 0.048 3 13 48
21.354 1 -21.71 5.67836 -218.727 -0.931903 0.104763 -0.346592 -0.0213441 1 2.1 6 0.048 3 13 48
21.3706 1 -21.71 5.67836 -218.727 -0.931777 0.105876 -0.346566 -0.0217583 1 2.1 6 0.048 3 13 48
21.3873 1 -21.71 5.67836 -218.727 -0.931676 0.106763 -0.346545 -0.0220882 1 2.1 6 0.048 3 13 48
21.404 1 -21.71 5.67836 -218.727 -0.931601 0.107416 -0.34653 -0.0223308 1 2.1 6 0.048 3 13 48
21.4206 1 -21.71 5.67836 -218.727 -0.931546 0.107895 -0.346518 -0.0225093 1 2.1 6 0.048 3 13 48
21.4375 1 -21.71 5.67836 -218.727 -0.931505 0.108247 -0.346509 -0.0226402 1 2.1 6 0.048 3 13 48
21.4543 1 -21.71 5.67836 -218.727 -0.931475 0.108505 -0.346503 -0.0227362 1 2.1 6 0.048 3 13 48
21.471 1 -21.71 5.67836 -218.727 -0.931453 0.108695 -0.346499 -0.0228068 1 2.1 6 0.048 3 13 48
21.4877 1 -21.71 5.67836 -218.727 -0.931437 0.108835 -0.346495 -0.0228587 1 2.1 6 0.048 3 13 48
21.5043 1 -21.71 5.67836 -218.727 -0.931423 0.108947 -0.346492 -0.0229005 1 2.1 6 0.048 3 13 48
21.521 1 -21.71 5.67836 -218.727 -0.931286 0.110114 -0.346463 -0.0233348 1 2.1 6 0.048 3 13 48
21.5377 1 -21.71 5.67836 -218.727 -0.931152 0.111244 -0.346435 -0.0237552 1 2.1 6 0.048 3 13 48
21.5543 1 -21.71 5.67836 -218.727 -0.931044 0.112143 -0.346412 -0.0240896 1 2.1 6 0.048 3 13 48
21.571 1 -21.71 5.67836 -218.727 -0.930964 0.112804 -0.346395 -0.0243356 1 2.1 6 0.048 3 13 48
21.5877 1 -21.71 5.67836 -218.727 -0.930905 0.113291 -0.346382 -0.0245166 1 2.1 6 0.048 3 13 48
21.6043 1 -21.71 5.67836 -218.727 -0.930861 0.113648 -0.346372 -0.0246497 1 2.1 6 0.048 3 13 48
21.621 1 -21.71 5.67836 -218.727 -0.930829 0.113912 -0.346365 -0.0247476 1 2.1 6 0.048 3 13 48
21.6377 1 -21.71 5.67836 -218.727 -0.930806 0.114105 -0.34636 -0.0248196 1 2.1 6 0.048 3 13 48
21.6543 1 -21.71 5.67836 -218.727 -0.930788 0.114248 -0.346356 -0.0248726 1 2.1 6 0.048 3 13 48
21.671 1 -21.71 5.67836 -218.727 -0.930774 0.114362 -0.346353 -0.0249152 1 2.1 6 0.048 3 13 48
21.6877 1 -21.71 5.67836 -218.727 -0.93063 0.11553 -0.346322 -0.02535 1 2.1 6 0.048 3 13 48
21.7043 1 -21.71 5.67836 -218.727 -0.930489 0.116661 -0.346291 -0.0257706 1 2.1 6 0.048 3 13 48
21.721 1 -21.71 5.67836 -218.727 -0.930376 0.11756 -0.346266 -0.0261053 1 2.1 6 0.048 3 13 48
21.7377 1 -21.71 5.67836 -218.727 -0.93029 0.118238 -0.346247 -0.0263577 1 2.1 6 0.048 3 13 48
21.7543 1 -21.71 5.67836 -218.727 -0.930226 0.118737 -0.346232 -0.0265434 1 2.1 6 0.048 3 13 48
21.771 1 -21.71 5.67836 -218.727 -0.930179 0.119104 -0.346222 -0.02668 1 2.1 6 0.048 3 13 48
21.7877 1 -21.71 5.67836 -218.727 -0.930144 0.119374 -0.346214 -0.0267805 1 2.1 6 0.048 3 13 48
21.8043 1 -21.71 5.67836 -218.727 -0.930119 0.119573 -0.346208 -0.0268545 1 2.1 6 0.048 3 13 48
21.821 1 -21.71 5.67836 -218.727 -0.9301 0.119719 -0.346204 -0.0269088 1 2.1 6 0.048 3 13 48
21.8377 1 -21.71 5.67836 -218.727 -0.930086 0.119826 -0.346201 -0.0269488 1 2.1 6 0.048 3 13 48
21.8543 1 -21.71 5.67836 -218.727 -0.930075 0.119915 -0.346198 -0.0269819 1 2.1 6 0.048 3 13 48
21.8726 1 -21.71 5.67836 -218.727 -0.929915 0.121148 -0.346162 -0.0274408 1 2.1 6 0.048 3 13 48
21.8892 1 -21.71 5.67836 -218.727 -0.929762 0.122318 -0.346128 -0.0278765 1 2.1 6 0.048 3 13 48
21.9059 1 -21.71 5.67836 -218.727 -0.929648 0.123179 -0.346102 -0.028197 1 2.1 6 0.048 3 13 48
21.9226 1 -21.71 5.67836 -218.727 -0.929564 0.123812 -0.346082 -0.0284328 1 2.1 6 0.048 3 13 48
21.9392 1 -21.71 5.67836 -218.727 -0.929502 0.124278 -0.346068 -0.0286062 1 2.1 6 0.048 3 13 48
21.9559 1 -21.71 5.67836 -218.727 -0.929456 0.124621 -0.346057 -0.0287337 1 2.1 6 0.048 3 13 48
21.9726 1 -21.71 5.67836 -218.727 -0.929422 0.124873 -0.34605 -0.0288276 1 2.1 6 0.048 3 13 48
21.9892 1 -21.71 5.67836 -218.727 -0.929397 0.125058 -0.346044 -0.0288966 1 2.1 6 0.048 3 13 48
22.0059 1 -21.71 5.67836 -218.727 -0.929379 0.125195 -0.34604 -0.0289474 1 2.1 6 0.048 3 13 48
22.0226 1 -21.71 5.67836 -218.727 -0.929364 0.125305 -0.346036 -0.0289883 1 2.1 6 0.048 3 13 48
22.0396 1 -21.71 5.67836 -218.727 -0.929204 0.126488 -0.345999 -0.0294288 1 2.1 6 0.048 3 13 48
22.0563 1 -21.71 5.67836 -218.727 -0.929048 0.127627 -0.345963 -0.0298529 1 2.1 6 0.048 3 13 48
22.0729 1 -21.71 5.67836 -218.727 -0.928923 0.128532 -0.345933 -0.0301901 1 2.1 6 0.048 3 13 48
22.0896 1 -21.71 5.67836 -218.727 -0.928831 0.129198 -0.345912 -0.0304381 1 2.1 6 0.048 3 13 48
22.1063 1 -21.71 5.67836 -218.727 -0.928763 0.129688 -0.345896 -0.0306205 1 2.1 6 0.048 3 13 48
22.1229 1 -21.71 5.67836 -218.727 -0.928712 0.130048 -0.345884 -0.0307547 1 2.1 6 0.048 3 13 48
22.1396 1 -21.71 5.67836 -218.727 -0.928675 0.130313 -0.345875 -0.0308534 1 2.1 6 0.048 3 13 48
22.1563 1 -21.71 5.67836 -218.727 -0.928648 0.130508 -0.345868 -0.030926 1 2.1 6 0.048 3 13 48
22.1729 1 -21.71 5.67836 -218.727 -0.928628 0.130652 -0.345864 -0.0309794 1 2.1 6 0.048 3 13 48
22.1896 1 -21.71 5.67836 -218.727 -0.928613 0.130757 -0.34586 -0.0310187 1 2.1 6 0.048 3 13 48
22.2069 1 -21.71 5.67836 -218.727 -0.928602 0.130834 -0.345858 -0.0310474 1 2.1 6 0.048 3 13 48
22.2236 1 -21.71 5.67836 -218.727 -0.928594 0.13089 -0.345856 -0.0310684 1 2.1 6 0.048 3 13 48
22.2402 1 -21.71 5.67836 -218.727 -0.928588 0.130932 -0.345854 -0.0310839 1 2.1 6 0.048 3 13 48
22.2569 1 -21.71 5.67836 -218.727 -0.928584 0.130963 -0.345853 -0.0310953 1 2.1 6 0.048 3 13 48
22.2736 1 -21.71 5.67836 -218.727 -0.928581 0.130985 -0.345852 -0.0311037 1 2.1 6 0.048 3 13 48
22.2902 1 -21.71 5.67836 -218.727 -0.928578 0.131002 -0.345852 -0.0311098 1 2.1 6 0.048 3 13 48
22.3069 1 -21.71 5.67836 -218.727 -0.928577 0.131014 -0.345852 -0.0311144 1 2.1 6 0.048 3 13 48
22.3236 1 -21.71 5.67836 -218.727 -0.928575 0.131023 -0.345851 -0.0311177 1 2.1 6 0.048 3 13 48
22.3402 1 -21.71 5.67836 -218.727 -0.928573 0.131039 -0.345851 -0.0311237 1 2.1 6 0.048 3 13 48
22.3581 1 -21.71 5.67836 -218.727 -0.928408 0.132199 -0.345812 -0.031556 1 2.1 6 0.048 3 13 48
22.3748 1 -21.71 5.67836 -218.727 -0.928248 0.133319 -0.345773 -0.0319729 1 2.1 6 0.048 3 13 48
22.3915 1 -21.71 5.67836 -218.727 -0.92812 0.134209 -0.345742 -0.0323046 1 2.1 6 0.048 3 13 48
22.4081 1 -21.71 5.67836 -218.727 -0.928023 0.134881 -0.345719 -0.032555 1 2.1 6 0.048 3 13 48
22.4248 1 -21.71 5.67836 -218.727 -0.927951 0.135376 -0.345702 -0.0327391 1 2.1 6 0.048 3 13 48
22.4415 1 -21.71 5.67836 -218.727 -0.927898 0.135739 -0.345689 -0.0328746 1 2.1 6 0.048 3 13 48
22.4581 1 -21.71 5.67836 -218.727 -0.927858 0.136007 -0.345679 -0.0329743 1 2.1 6 0.048 3 13 48
22.4748 1 -21.71 5.67836 -218.727 -0.927829 0.136203 -0.345672 -0.0330476 1 2.1 6 0.048 3 13 48
22.4915 1 -21.71 5.67836 -218.727 -0.927808 0.136348 -0.345667 -0.0331015 1 2.1 6 0.048 3 13 48
22.5081 1 -21.71 5.67836 -218.727 -0.927793 0.136455 -0.345663 -0.0331412 1 2.1 6 0.048 3 13 48
22.5248 1 -21.71 5.67836 -218.727 -0.92778 0.136543 -0.34566 -0.0331739 1 2.1 6 0.048 3 13 48
22.5415 1 -21.71 5.67836 -218.727 -0.92761 0.137688 -0.345619 -0.0336007 1 2.1 6 0.048 3 13 48
22.5581 1 -21.71 5.67836 -218.727 -0.927445 0.138801 -0.345578 -0.0340152 1 2.1 6 0.048 3 13 48
22.5748 1 -21.71 5.67836 -218.727 -0.927312 0.139686 -0.345546 -0.0343452 1 2.1 6 0.048 3 13 48
22.5915 1 -21.71 5.67836 -218.727 -0.927213 0.140338 -0.345521 -0.034588 1 2.1 6 0.048 3 13 48
22.6081 1 -21.71 5.67836 -218.727 -0.927141 0.140817 -0.345503 -0.0347666 1 2.1 6 0.048 3 13 48
22.6248 1 -21.71 5.67836 -218.727 -0.927087 0.141169 -0.34549 -0.0348979 1 2.1 6 0.048 3 13 48
22.6415 1 -21.71 5.67836 -218.727 -0.927047 0.141429 -0.34548 -0.0349946 1 2.1 6 0.048 3 13 48
22.6581 1 -21.71 5.67836 -218.727 -0.927018 0.141619 -0.345473 -0.0350657 1 2.1 6 0.048 3 13 48
22.6748 1 -21.71 5.67836 -218.727 -0.926997 0.14176 -0.345468 -0.035118 1 2.1 6 0.048 3 13 48
22.6915 1 -21.71 5.67836 -218.727 -0.926981 0.141863 -0.345464 -0.0351564 1 2.1 6 0.048 3 13 48
22.7081 1 -21.71 5.67836 -218.727 -0.926969 0.141939 -0.345461 -0.0351847 1 2.1 6 0.048 3 13 48
22.7248 1 -21.71 5.67836 -218.727 -0.926961 0.141995 -0.345459 -0.0352055 1 2.1 6 0.048 3 13 48
22.7415 1 -21.71 5.67836 -218.727 -0.926955 0.142036 -0.345457 -0.0352209 1 2.1 6 0.048 3 13 48
22.7581 1 -21.71 5.67836 -218.727 -0.92695 0.142066 -0.345456 -0.0352321 1 2.1 6 0.048 3 13 48
22.7748 1 -21.71 5.67836 -218.727 -0.926947 0.142088 -0.345455 -0.0352404 1 2.1 6 0.048 3 13 48
22.7915 1 -21.71 5.67836 -218.727 -0.926944 0.142105 -0.345455 -0.0352465 1 2.1 6 0.048 3 13 48
22.8081 1 -21.71 5.67836 -218.727 -0.926942 0.142117 -0.345454 -0.035251 1 2.1 6 0.048 3 13 48
22.8248 1 -21.71 5.67836 -218.727 -0.926941 0.142126 -0.345454 -0.0352543 1 2.1 6 0.048 3 13 48
22.8415 1 -21.71 5.67836 -218.727 -0.92694 0.142132 -0.345454 -0.0352567 1 2.1 6 0.048 3 13 48
22.8581 1 -21.71 5.67836 -218.727 -0.926939 0.142137 -0.345454 -0.0352585 1 2.1 6 0.048 3 13 48
22.8748 1 -21.71 5.67836 -218.727 -0.926937 0.14215 -0.345453 -0.0352634 1 2.1 6 0.048 3 13 48
22.8915 1 -21.71 5.67836 -218.727 -0.926769 0.143239 -0.345411 -0.0356694 1 2.1 6 0.048 3 13 48
22.9081 1 -21.71 5.67836 -218.727 -0.926603 0.144311 -0.34537 -0.0360686 1 2.1 6 0.048 3 13 48
22.9248 1 -21.71 5.67836 -218.727 -0.92647 0.145166 -0.345337 -0.0363874 1 2.1 6 0.048 3 13 48
22.9415 1 -21.71 5.67836 -218.727 -0.926368 0.145812 -0.345311 -0.0366282 1 2.1 6 0.048 3 13 48
22.9581 1 -21.71 5.67836 -218.727 -0.926293 0.146291 -0.345292 -0.0368069 1 2.1 6 0.048 3 13 48
22.9748 1 -21.71 5.67836 -218.727 -0.926237 0.146645 -0.345278 -0.0369387 1 2.1 6 0.048 3 13 48
22.9915 1 -21.71 5.67836 -218.727 -0.926195 0.146905 -0.345268 -0.0370358 1 2.1 6 0.048 3 13 48
23.0081 1 -21.71 5.67836 -218.727 -0.926165 0.147097 -0.34526 -0.0371073 1 2.1 6 0.048 3 13 48
23.0248 1 -21.71 5.67836 -218.727 -0.926142 0.147238 -0.345254 -0.0371598 1 2.1 6 0.048 3 13 48
23.0416 1 -21.71 5.67836 -218.727 -0.926126 0.147341 -0.34525 -0.0371984 1 2.1 6 0.048 3 13 48
23.0593 1 -21.71 5.67836 -218.727 -0.926114 0.147417 -0.345247 -0.0372264 1 2.1 6 0.048 3 13 48
23.076 1 -21.71 5.67836 -218.727 -0.926105 0.147471 -0.345245 -0.0372469 1 2.1 6 0.048 3 13 48
23.0949 1 -21.71 5.67836 -218.727 -0.926099 0.147511 -0.345243 -0.0372615 1 2.1 6 0.048 3 13 48
23.1116 1 -21.71 5.67836 -218.727 -0.926095 0.147539 -0.345242 -0.0372721 1 2.1 6 0.048 3 13 48
23.1309 1 -21.71 5.67836 -218.727 -0.926091 0.147559 -0.345241 -0.0372797 1 2.1 6 0.048 3 13 48
23.1475 1 -21.71 5.67836 -218.727 -0.926087 0.147584 -0.34524 -0.0372887 1 2.1 6 0.048 3 13 48
23.1677 1 -21.71 5.67836 -218.727 -0.925882 0.148866 -0.345188 -0.0377669 1 2.1 6 0.048 3 13 48
23.1844 1 -21.71 5.67836 -218.727 -0.925689 0.150064 -0.345139 -0.0382134 1 2.1 6 0.048 3 13 48
23.2025 1 -21.71 5.67836 -218.727 -0.925537 0.151 -0.3451 -0.0385623 1 2.1 6 0.048 3 13 48
23.2192 1 -21.71 5.67836 -218.727 -0.925422 0.1517 -0.345071 -0.0388233 1 2.1 6 0.048 3 13 48
23.2385 1 -21.71 5.67836 -218.727 -0.92534 0.152197 -0.34505 -0.0390088 1 2.1 6 0.048 3 13 48
23.2564 1 -21.71 5.67836 -218.727 -0.925282 0.152552 -0.345035 -0.0391411 1 2.1 6 0.048 3 13 48
23.2731 1 -21.71 5.67836 -218.727 -0.925239 0.152811 -0.345024 -0.0392378 1 2.1 6 0.048 3 13 48
23.2924 1 -21.71 5.67836 -218.727 -0.925209 0.152995 -0.345016 -0.0393065 1 2.1 6 0.048 3 13 48
23.3091 1 -21.71 5.67836 -218.727 -0.925187 0.153129 -0.345011 -0.0393563 1 2.1 6 0.048 3 13 48
23.3282 1 -21.71 5.67836 -218.727 -0.925169 0.153237 -0.345006 -0.0393964 1 2.1 6 0.048 3 13 48
23.3469 1 -21.71 5.67836 -218.727 -0.924958 0.154506 -0.344952 -0.0398696 1 2.1 6 0.048 3 13 48
23.3636 1 -21.71 5.67836 -218.727 -0.924758 0.155699 -0.3449 -0.0403148 1 2.1 6 0.048 3 13 48
23.3821 1 -21.71 5.67836 -218.727 -0.924601 0.156629 -0.344859 -0.0406616 1 2.1 6 0.048 3 13 48
23.4004 1 -21.71 5.67836 -218.727 -0.924485 0.15731 -0.344829 -0.0409156 1 2.1 6 0.048 3 13 48
23.4191 1 -21.71 5.67836 -218.727 -0.924403 0.157794 -0.344808 -0.041096 1 2.1 6 0.048 3 13 48
23.4358 1 -21.71 5.67836 -218.727 -0.924342 0.158146 -0.344792 -0.0412273 1 2.1 6 0.048 3 13 48
23.4547 1 -21.71 5.67836 -218.727 -0.924299 0.158397 -0.344781 -0.041321 1 2.1 6 0.048 3 13 48
23.4727 1 -21.71 5.67836 -218.727 -0.924269 0.158576 -0.344773 -0.041388 1 2.1 6 0.048 3 13 48
23.4893 1 -21.71 5.67836 -218.727 -0.924246 0.158708 -0.344767 -0.041437 1 2.1 6 0.048 3 13 48
23.5089 1 -21.71 5.67836 -218.727 -0.92423 0.158801 -0.344763 -0.0414717 1 2.1 6 0.048 3 13 48
23.5255 1 -21.71 5.67836 -218.727 -0.924217 0.158878 -0.344759 -0.0415004 1 2.1 6 0.048 3 13 48
23.5461 1 -21.71 5.67836 -218.727 -0.923986 0.160215 -0.344699 -0.0419993 1 2.1 6 0.048 3 13 48
23.5628 1 -21.71 5.67836 -218.727 -0.923771 0.16145 -0.344643 -0.04246 1 2.1 6 0.048 3 13 48
23.582 1 -21.71 5.67836 -218.727 -0.923604 0.162404 -0.344599 -0.0428158 1 2.1 6 0.048 3 13 48
23.5986 1 -21.71 5.67836 -218.727 -0.923479 0.163113 -0.344566 -0.0430805 1 2.1 6 0.048 3 13 48
23.6184 1 -21.71 5.67836 -218.727 -0.92339 0.163614 -0.344542 -0.0432673 1 2.1 6 0.048 3 13 48
23.6351 1 -21.71 5.67836 -218.727 -0.923326 0.163976 -0.344525 -0.0434026 1 2.1 6 0.048 3 13 48
23.6544 1 -21.71 5.67836 -218.727 -0.92328 0.164234 -0.344513 -0.0434986 1 2.1 6 0.048 3 13 48
23.6729 1 -21.71 5.67836 -218.727 -0.923248 0.164416 -0.344504 -0.0435666 1 2.1 6 0.048 3 13 48
23.6896 1 -21.71 5.67836 -218.727 -0.923222 0.164558 -0.344498 -0.0436197 1 2.1 6 0.048 3 13 48
23.7106 1 -21.71 5.67836 -218.727 -0.922972 0.165959 -0.344431 -0.0441426 1 2.1 6 0.048 3 13 48
23.7272 1 -21.71 5.67836 -218.727 -0.922741 0.167238 -0.34437 -0.0446197 1 2.1 6 0.048 3 13 48
23.7462 1 -21.71 5.67836 -218.727 -0.922561 0.168225 -0.344322 -0.044988 1 2.1 6 0.048 3 13 48
23.7646 1 -21.71 5.67836 -218.727 -0.92243 0.168944 -0.344287 -0.0452566 1 2.1 6 0.048 3 13 48
23.7812 1 -21.71 5.67836 -218.727 -0.922333 0.169473 -0.344261 -0.045454 1 2.1 6 0.048 3 13 48
23.8014 1 -21.71 5.67836 -218.727 -0.922264 0.169845 -0.344242 -0.0455926 1 2.1 6 0.048 3 13 48
23.8199 1 -21.71 5.67836 -218.727 -0.922216 0.170107 -0.344229 -0.0456904 1 2.1 6 0.048 3 13 48
23.8386 1 -21.71 5.67836 -218.727 -0.922182 0.170292 -0.34422 -0.0457596 1 2.1 6 0.048 3 13 48
23.8553 1 -21.71 5.67836 -218.727 -0.922157 0.170427 -0.344213 -0.0458101 1 2.1 6 0.048 3 13 48
23.8753 1 -21.71 5.67836 -218.727 -0.922137 0.170536 -0.344208 -0.0458506 1 2.1 6 0.048 3 13 48
23.8946 1 -21.71 5.67836 -218.727 -0.921897 0.171829 -0.344143 -0.0463332 1 2.1 6 0.048 3 13 48
23.9113 1 -21.71 5.67836 -218.727 -0.921671 0.173036 -0.344082 -0.046784 1 2.1 6 0.048 3 13 48
23.9309 1 -21.71 5.67836 -218.727 -0.921496 0.173967 -0.344035 -0.0471315 1 2.1 6 0.048 3 13 48
23.9475 1 -21.71 5.67836 -218.727 -0.921365 0.174659 -0.343999 -0.0473897 1 2.1 6 0.048 3 13 48
23.9684 1 -21.71 5.67836 -218.727 -0.921274 0.175139 -0.343975 -0.0475692 1 2.1 6 0.048 3 13 48
23.985 1 -21.71 5.67836 -218.727 -0.921208 0.175486 -0.343957 -0.0476986 1 2.1 6 0.048 3 13 48
24.0054 1 -21.71 5.67836 -218.727 -0.921162 0.175728 -0.343944 -0.0477891 1 2.1 6 0.048 3 13 48
24.0221 1 -21.71 5.67836 -218.727 -0.921128 0.175903 -0.343935 -0.0478544 1 2.1 6 0.048 3 13 48
24.0426 1 -21.71 5.67836 -218.727 -0.921105 0.176026 -0.343929 -0.0479001 1 2.1 6 0.048 3 13 48
24.0592 1 -21.71 5.67836 -218.727 -0.921086 0.176123 -0.343924 -0.0479366 1 2.1 6 0.048 3 13 48
24.0806 1 -21.71 5.67836 -218.727 -0.92082 0.177509 -0.343851 -0.048454 1 2.1 6 0.048 3 13 48
24.0988 1 -21.71 5.67836 -218.727 -0.920575 0.178774 -0.343784 -0.0489264 1 2.1 6 0.048 3 13 48
24.1155 1 -21.71 5.67836 -218.727 -0.920382 0.179764 -0.343731 -0.0492961 1 2.1 6 0.048 3 13 48
24.1368 1 -21.71 5.67836 -218.727 -0.920248 0.180449 -0.343695 -0.0495519 1 2.1 6 0.048 3 13 48
24.1534 1 -21.71 5.67836 -218.727 -0.920152 0.180941 -0.343668 -0.0497357 1 2.1 6 0.048 3 13 48
24.1737 1 -21.71 5.67836 -218.727 -0.920084 0.181286 -0.343649 -0.0498645 1 2.1 6 0.048 3 13 48
24.1925 1 -21.71 5.67836 -218.727 -0.920036 0.181528 -0.343636 -0.0499549 1 2.1 6 0.048 3 13 48
24.2092 1 -21.71 5.67836 -218.727 -0.92 0.181714 -0.343626 -0.0500242 1 2.1 6 0.048 3 13 48
24.2311 1 -21.71 5.67836 -218.727 -0.919708 0.183186 -0.343546 -0.0505741 1 2.1 6 0.048 3 13 48
24.2492 1 -21.71 5.67836 -218.727 -0.919443 0.184509 -0.343473 -0.0510683 1 2.1 6 0.048 3 13 48
24.2684 1 -21.71 5.67836 -218.727 -0.91924 0.185517 -0.343416 -0.0514452 1 2.1 6 0.048 3 13 48
24.2851 1 -21.71 5.67836 -218.727 -0.919088 0.186267 -0.343374 -0.0517251 1 2.1 6 0.048 3 13 48
24.3063 1 -21.71 5.67836 -218.727 -0.918983 0.186785 -0.343345 -0.0519189 1 2.1 6 0.048 3 13 48
24.3229 1 -21.71 5.67836 -218.727 -0.918907 0.187158 -0.343324 -0.0520583 1 2.1 6 0.048 3 13 48
24.3437 1 -21.71 5.67836 -218.727 -0.918854 0.187418 -0.343309 -0.0521554 1 2.1 6 0.048 3 13 48
24.363 1 -21.71 5.67836 -218.727 -0.918817 0.187599 -0.343299 -0.0522229 1 2.1 6 0.048 3 13 48
24.3797 1 -21.71 5.67836 -218.727 -0.918791 0.18773 -0.343291 -0.0522718 1 2.1 6 0.048 3 13 48
24.4013 1 -21.71 5.67836 -218.727 -0.918769 0.187836 -0.343285 -0.0523114 1 2.1 6 0.048 3 13 48
24.418 1 -21.71 5.67836 -218.727 -0.918533 0.188988 -0.34322 -0.0527418 1 2.1 6 0.048 3 13 48
24.4393 1 -21.71 5.67836 -218.727 -0.918301 0.190112 -0.343155 -0.0531618 1 2.1 6 0.048 3 13 48
24.4584 1 -21.71 5.67836 -218.727 -0.918123 0.190969 -0.343105 -0.053482 1 2.1 6 0.048 3 13 48
24.4751 1 -21.71 5.67836 -218.727 -0.91799 0.191608 -0.343068 -0.053721 1 2.1 6 0.048 3 13 48
24.4972 1 -21.71 5.67836 -218.727 -0.917898 0.192045 -0.343042 -0.0538844 1 2.1 6 0.048 3 13 48
24.5161 1 -21.71 5.67836 -218.727 -0.917835 0.192349 -0.343024 -0.0539979 1 2.1 6 0.048 3 13 48
24.5356 1 -21.71 5.67836 -218.727 -0.91779 0.192562 -0.343012 -0.0540774 1 2.1 6 0.048 3 13 48
24.5523 1 -21.71 5.67836 -218.727 -0.917756 0.192725 -0.343002 -0.0541386 1 2.1 6 0.048 3 13 48
24.5747 1 -21.71 5.67836 -218.727 -0.917444 0.194204 -0.342914 -0.0546912 1 2.1 6 0.048 3 13 48
24.5914 1 -21.71 5.67836 -218.727 -0.917163 0.195529 -0.342835 -0.0551866 1 2.1 6 0.048 3 13 48
24.6121 1 -21.71 5.67836 -218.727 -0.916948 0.196532 -0.342774 -0.0555614 1 2.1 6 0.048 3 13 48
24.6319 1 -21.71 5.67836 -218.727 -0.916795 0.197245 -0.342731 -0.0558279 1 2.1 6 0.048 3 13 48
24.6485 1 -21.71 5.67836 -218.727 -0.916684 0.197761 -0.3427 -0.0560209 1 2.1 6 0.048 3 13 48
24.6707 1 -21.71 5.67836 -218.727 -0.916608 0.198114 -0.342678 -0.0561529 1 2.1 6 0.048 3 13 48
24.6873 1 -21.71 5.67836 -218.727 -0.916553 0.198367 -0.342663 -0.0562473 1 2.1 6 0.048 3 13 48
24.709 1 -21.71 5.67836 -218.727 -0.916515 0.198541 -0.342652 -0.0563123 1 2.1 6 0.048 3 13 48
24.7257 1 -21.71 5.67836 -218.727 -0.916486 0.198675 -0.342644 -0.0563624 1 2.1 6 0.048 3 13 48
24.7486 1 -21.71 5.67836 -218.727 -0.916165 0.200153 -0.342552 -0.056915 1 2.1 6 0.048 3 13 48
24.7675 1 -21.71 5.67836 -218.727 -0.915875 0.201473 -0.34247 -0.0574088 1 2.1 6 0.048 3 13 48
24.7841 1 -21.71 5.67836 -218.727 -0.915649 0.202501 -0.342405 -0.057793 1 2.1 6 0.048 3 13 48
24.8068 1 -21.71 5.67836 -218.727 -0.915489 0.203219 -0.34236 -0.0580617 1 2.1 6 0.048 3 13 48
24.8235 1 -21.71 5.67836 -218.727 -0.915375 0.203732 -0.342327 -0.0582535 1 2.1 6 0.048 3 13 48
24.8458 1 -21.71 5.67836 -218.727 -0.915298 0.204082 -0.342305 -0.0583843 1 2.1 6 0.048 3 13 48
24.8625 1 -21.71 5.67836 -218.727 -0.915242 0.204332 -0.342289 -0.0584778 1 2.1 6 0.048 3 13 48
24.8847 1 -21.71 5.67836 -218.727 -0.915204 0.204502 -0.342278 -0.0585416 1 2.1 6 0.048 3 13 48
24.9048 1 -21.71 5.67836 -218.727 -0.915175 0.204633 -0.34227 -0.0585903 1 2.1 6 0.048 3 13 48
24.9223 1 -21.71 5.67836 -218.727 -0.914904 0.205838 -0.342192 -0.0590412 1 2.1 6 0.048 3 13 48
24.9443 1 -21.71 5.67836 -218.727 -0.914643 0.206996 -0.342117 -0.0594742 1 2.1 6 0.048 3 13 48
24.961 1 -21.71 5.67836 -218.727 -0.91444 0.207892 -0.342059 -0.0598093 1 2.1 6 0.048 3 13 48
24.984 1 -21.71 5.67836 -218.727 -0.914297 0.208519 -0.342018 -0.0600438 1 2.1 6 0.048 3 13 48
25.0053 1 -21.71 5.67836 -218.727 -0.914201 0.208939 -0.34199 -0.0602009 1 2.1 6 0.048 3 13 48
25.022 1 -21.71 5.67836 -218.727 -0.914132 0.20924 -0.34197 -0.0603137 1 2.1 6 0.048 3 13 48
25.0468 1 -21.71 5.67836 -218.727 -0.914086 0.209439 -0.341957 -0.0603882 1 2.1 6 0.048 3 13 48
25.0677 1 -21.71 5.67836 -218.727 -0.914053 0.209587 -0.341947 -0.0604433 1 2.1 6 0.048 3 13 48
25.0901 1 -21.71 5.67836 -218.727 -0.913716 0.211049 -0.34185 -0.0609902 1 2.1 6 0.048 3 13 48
25.1071 1 -21.71 5.67836 -218.727 -0.913412 0.212361 -0.341762 -0.0614811 1 2.1 6 0.048 3 13 48
25.1308 1 -21.71 5.67836 -218.727 -0.913187 0.213326 -0.341697 -0.0618422 1 2.1 6 0.048 3 13 48
25.1475 1 -21.71 5.67836 -218.727 -0.913023 0.214027 -0.34165 -0.0621047 1 2.1 6 0.048 3 13 48
25.173 1 -21.71 5.67836 -218.727 -0.912915 0.214486 -0.341618 -0.0622764 1 2.1 6 0.048 3 13 48
25.1941 1 -21.71 5.67836 -218.727 -0.912844 0.21479 -0.341597 -0.0623902 1 2.1 6 0.048 3 13 48
25.2107 1 -21.71 5.67836 -218.727 -0.912792 0.215009 -0.341583 -0.0624721 1 2.1 6 0.048 3 13 48
25.2364 1 -21.71 5.67836 -218.727 -0.912759 0.215152 -0.341573 -0.0625255 1 2.1 6 0.048 3 13 48
25.2531 1 -21.71 5.67836 -218.727 -0.912733 0.215261 -0.341565 -0.0625666 1 2.1 6 0.048 3 13 48
25.2797 1 -21.71 5.67836 -218.727 -0.912348 0.216889 -0.341453 -0.0631755 1 2.1 6 0.048 3 13 48
25.2964 1 -21.71 5.67836 -218.727 -0.912012 0.218295 -0.341355 -0.0637019 1 2.1 6 0.048 3 13 48
25.3207 1 -21.71 5.67836 -218.727 -0.911766 0.219319 -0.341284 -0.0640852 1 2.1 6 0.048 3 13 48
25.3427 1 -21.71 5.67836 -218.727 -0.911604 0.219994 -0.341236 -0.0643377 1 2.1 6 0.048 3 13 48
25.3594 1 -21.71 5.67836 -218.727 -0.911487 0.220477 -0.341202 -0.0645185 1 2.1 6 0.048 3 13 48
25.3851 1 -21.71 5.67836 -218.727 -0.911411 0.220791 -0.34118 -0.0646364 1 2.1 6 0.048 3 13 48
25.4018 1 -21.71 5.67836 -218.727 -0.911357 0.221013 -0.341164 -0.0647192 1 2.1 6 0.048 3 13 48
25.4275 1 -21.71 5.67836 -218.727 -0.911322 0.221157 -0.341154 -0.0647731 1 2.1 6 0.048 3 13 48
25.4442 1 -21.71 5.67836 -218.727 -0.911296 0.221268 -0.341146 -0.0648146 1 2.1 6 0.048 3 13 48
25.4711 1 -21.71 5.67836 -218.727 -0.910896 0.222907 -0.341029 -0.0654285 1 2.1 6 0.048 3 13 48
25.4919 1 -21.71 5.67836 -218.727 -0.910551 0.224312 -0.340927 -0.0659546 1 2.1 6 0.048 3 13 48
25.5086 1 -21.71 5.67836 -218.727 -0.910284 0.225391 -0.340849 -0.0663584 1 2.1 6 0.048 3 13 48
25.5354 1 -21.71 5.67836 -218.727 -0.910113 0.226083 -0.340798 -0.0666177 1 2.1 6 0.048 3 13 48
25.5521 1 -21.71 5.67836 -218.727 -0.909992 0.226567 -0.340763 -0.0667988 1 2.1 6 0.048 3 13 48
25.578 1 -21.71 5.67836 -218.727 -0.909914 0.226882 -0.34074 -0.0669166 1 2.1 6 0.048 3 13 48
25.5946 1 -21.71 5.67836 -218.727 -0.909857 0.227112 -0.340723 -0.0670028 1 2.1 6 0.048 3 13 48
25.6217 1 -21.71 5.67836 -218.727 -0.909426 0.228832 -0.340595 -0.0676469 1 2.1 6 0.048 3 13 48
25.6428 1 -21.71 5.67836 -218.727 -0.909058 0.230287 -0.340487 -0.068192 1 2.1 6 0.048 3 13 48
25.6595 1 -21.71 5.67836 -218.727 -0.908775 0.2314 -0.340403 -0.068609 1 2.1 6 0.048 3 13 48
25.6867 1 -21.71 5.67836 -218.727 -0.908594 0.232112 -0.340349 -0.0688755 1 2.1 6 0.048 3 13 48
25.7033 1 -21.71 5.67836 -218.727 -0.908467 0.232608 -0.340311 -0.0690614 1 2.1 6 0.048 3 13 48
25.7297 1 -21.71 5.67836 -218.727 -0.908385 0.232929 -0.340287 -0.0691816 1 2.1 6 0.048 3 13 48
25.7463 1 -21.71 5.67836 -218.727 -0.908327 0.233154 -0.34027 -0.0692658 1 2.1 6 0.048 3 13 48
25.7732 1 -21.71 5.67836 -218.727 -0.908284 0.233321 -0.340257 -0.0693285 1 2.1 6 0.048 3 13 48
25.7961 1 -21.71 5.67836 -218.727 -0.907898 0.234818 -0.340142 -0.0698892 1 2.1 6 0.048 3 13 48
25.8128 1 -21.71 5.67836 -218.727 -0.907553 0.23615 -0.340039 -0.0703884 1 2.1 6 0.048 3 13 48
25.8394 1 -21.71 5.67836 -218.727 -0.907304 0.237105 -0.339965 -0.070746 1 2.1 6 0.048 3 13 48
25.8561 1 -21.71 5.67836 -218.727 -0.907125 0.237789 -0.339912 -0.0710022 1 2.1 6 0.048 3 13 48
25.8836 1 -21.71 5.67836 -218.727 -0.907011 0.238224 -0.339878 -0.0711655 1 2.1 6 0.048 3 13 48
25.9002 1 -21.71 5.67836 -218.727 -0.906931 0.238527 -0.339854 -0.0712791 1 2.1 6 0.048 3 13 48
25.9272 1 -21.71 5.67836 -218.727 -0.90688 0.238722 -0.339839 -0.071352 1 2.1 6 0.048 3 13 48
25.9495 1 -21.71 5.67836 -218.727 -0.906842 0.238864 -0.339827 -0.0714054 1 2.1 6 0.048 3 13 48
25.9662 1 -21.71 5.67836 -218.727 -0.906535 0.240029 -0.339735 -0.0718417 1 2.1 6 0.048 3 13 48
25.994 1 -21.71 5.67836 -218.727 -0.906233 0.241166 -0.339645 -0.0722681 1 2.1 6 0.048 3 13 48
26.0107 1 -21.71 5.67836 -218.727 -0.906004 0.242024 -0.339576 -0.0725894 1 2.1 6 0.048 3 13 48
26.0385 1 -21.71 5.67836 -218.727 -0.905859 0.242567 -0.339533 -0.072793 1 2.1 6 0.048 3 13 48
26.0552 1 -21.71 5.67836 -218.727 -0.905758 0.242944 -0.339502 -0.0729345 1 2.1 6 0.048 3 13 48
26.0824 1 -21.71 5.67836 -218.727 -0.905693 0.243186 -0.339483 -0.073025 1 2.1 6 0.048 3 13 48
26.105 1 -21.71 5.67836 -218.727 -0.905647 0.243358 -0.339469 -0.0730895 1 2.1 6 0.048 3 13 48
26.1217 1 -21.71 5.67836 -218.727 -0.905328 0.244542 -0.339373 -0.0735335 1 2.1 6 0.048 3 13 48
26.1498 1 -21.71 5.67836 -218.727 -0.905016 0.245692 -0.33928 -0.0739647 1 2.1 6 0.048 3 13 48
26.1665 1 -21.71 5.67836 -218.727 -0.904781 0.246557 -0.339209 -0.0742888 1 2.1 6 0.048 3 13 48
26.1945 1 -21.71 5.67836 -218.727 -0.904632 0.247103 -0.339164 -0.0744936 1 2.1 6 0.048 3 13 48
26.2112 1 -21.71 5.67836 -218.727 -0.904528 0.247483 -0.339133 -0.0746358 1 2.1 6 0.048 3 13 48
26.2387 1 -21.71 5.67836 -218.727 -0.904462 0.247724 -0.339113 -0.0747262 1 2.1 6 0.048 3 13 48
26.2615 1 -21.71 5.67836 -218.727 -0.90442 0.247879 -0.3391 -0.0747842 1 2.1 6 0.048 3 13 48
26.2782 1 -21.71 5.67836 -218.727 -0.904387 0.247998 -0.33909 -0.0748291 1 2.1 6 0.048 3 13 48
26.3074 1 -21.71 5.67836 -218.727 -0.903911 0.249729 -0.338946 -0.0754781 1 2.1 6 0.048 3 13 48
26.3241 1 -21.71 5.67836 -218.727 -0.903506 0.25119 -0.338824 -0.0760258 1 2.1 6 0.048 3 13 48
26.3517 1 -21.71 5.67836 -218.727 -0.903247 0.252118 -0.338745 -0.0763739 1 2.1 6 0.048 3 13 48
26.3683 1 -21.71 5.67836 -218.727 -0.903067 0.252764 -0.338691 -0.0766162 1 2.1 6 0.048 3 13 48
26.3964 1 -21.71 5.67836 -218.727 -0.902952 0.253172 -0.338656 -0.0767693 1 2.1 6 0.048 3 13 48
26.4193 1 -21.71 5.67836 -218.727 -0.902879 0.253433 -0.338634 -0.076867 1 2.1 6 0.048 3 13 48
26.436 1 -21.71 5.67836 -218.727 -0.902824 0.253628 -0.338617 -0.0769402 1 2.1 6 0.048 3 13 48
26.4656 1 -21.71 5.67836 -218.727 -0.902319 0.255418 -0.338464 -0.0776118 1 2.1 6 0.048 3 13 48
26.4823 1 -21.71 5.67836 -218.727 -0.901894 0.256918 -0.338334 -0.0781743 1 2.1 6 0.048 3 13 48
26.51 1 -21.71 5.67836 -218.727 -0.901594 0.257968 -0.338243 -0.0785683 1 2.1 6 0.048 3 13 48
26.5267 1 -21.71 5.67836 -218.727 -0.90138 0.258715 -0.338178 -0.0788484 1 2.1 6 0.048 3 13 48
26.5557 1 -21.71 5.67836 -218.727 -0.901246 0.259181 -0.338137 -0.0790232 1 2.1 6 0.048 3 13 48
26.5785 1 -21.71 5.67836 -218.727 -0.901161 0.259477 -0.338111 -0.0791345 1 2.1 6 0.048 3 13 48
26.5951 1 -21.71 5.67836 -218.727 -0.9011 0.259689 -0.338093 -0.0792138 1 2.1 6 0.048 3 13 48
26.6243 1 -21.71 5.67836 -218.727 -0.901054 0.259847 -0.338079 -0.0792734 1 2.1 6 0.048 3 13 48
26.6414 1 -21.71 5.67836 -218.727 -0.900709 0.261042 -0.337973 -0.0797216 1 2.1 6 0.048 3 13 48
26.6701 1 -21.71 5.67836 -218.727 -0.900373 0.262196 -0.337871 -0.0801545 1 2.1 6 0.048 3 13 48
26.6868 1 -21.71 5.67836 -218.727 -0.900121 0.26306 -0.337794 -0.0804788 1 2.1 6 0.048 3 13 48
26.7164 1 -21.71 5.67836 -218.727 -0.899965 0.263595 -0.337746 -0.0806797 1 2.1 6 0.048 3 13 48
26.7395 1 -21.71 5.67836 -218.727 -0.899866 0.263933 -0.337715 -0.0808066 1 2.1 6 0.048 3 13 48
26.7561 1 -21.71 5.67836 -218.727 -0.899795 0.264174 -0.337694 -0.080897 1 2.1 6 0.048 3 13 48
26.7859 1 -21.71 5.67836 -218.727 -0.899743 0.264351 -0.337678 -0.0809634 1 2.1 6 0.048 3 13 48
26.8025 1 -21.71 5.67836 -218.727 -0.899393 0.265538 -0.337571 -0.0814089 1 2.1 6 0.048 3 13 48
26.8319 1 -21.71 5.67836 -218.727 -0.899053 0.266688 -0.337466 -0.0818405 1 2.1 6 0.048 3 13 48
26.8486 1 -21.71 5.67836 -218.727 -0.898798 0.267547 -0.337388 -0.082163 1 2.1 6 0.048 3 13 48
26.8785 1 -21.71 5.67836 -218.727 -0.89864 0.268077 -0.337339 -0.0823618 1 2.1 6 0.048 3 13 48
26.9018 1 -21.71 5.67836 -218.727 -0.898541 0.26841 -0.337309 -0.0824868 1 2.1 6 0.048 3 13 48
26.9185 1 -21.71 5.67836 -218.727 -0.89847 0.268647 -0.337287 -0.0825757 1 2.1 6 0.048 3 13 48
26.9486 1 -21.71 5.67836 -218.727 -0.898418 0.268821 -0.337271 -0.0826412 1 2.1 6 0.048 3 13 48
26.9652 1 -21.71 5.67836 -218.727 -0.898063 0.270005 -0.337162 -0.0830857 1 2.1 6 0.048 3 13 48
26.9951 1 -21.71 5.67836 -218.727 -0.897717 0.271153 -0.337055 -0.0835167 1 2.1 6 0.048 3 13 48
27.0117 1 -21.71 5.67836 -218.727 -0.897458 0.272009 -0.336976 -0.0838381 1 2.1 6 0.048 3 13 48
27.0413 1 -21.71 5.67836 -218.727 -0.897289 0.272565 -0.336924 -0.0840468 1 2.1 6 0.048 3 13 48
27.0642 1 -21.71 5.67836 -218.727 -0.897182 0.272917 -0.336891 -0.084179 1 2.1 6 0.048 3 13 48
27.0809 1 -21.71 5.67836 -218.727 -0.897105 0.273168 -0.336867 -0.0842733 1 2.1 6 0.048 3 13 48
27.1086 1 -21.71 5.67836 -218.727 -0.897057 0.273327 -0.336852 -0.0843331 1 2.1 6 0.048 3 13 48
27.1253 1 -21.71 5.67836 -218.727 -0.89702 0.273447 -0.336841 -0.0843782 1 2.1 6 0.048 3 13 48
27.1538 1 -21.71 5.67836 -218.727 -0.896504 0.275135 -0.336681 -0.0850121 1 2.1 6 0.048 3 13 48
27.1705 1 -21.71 5.67836 -218.727 -0.896063 0.276569 -0.336545 -0.0855505 1 2.1 6 0.048 3 13 48
27.1977 1 -21.71 5.67836 -218.727 -0.89575 0.277582 -0.336448 -0.0859309 1 2.1 6 0.048 3 13 48
27.2206 1 -21.71 5.67836 -218.727 -0.895548 0.278231 -0.336386 -0.0861747 1 2.1 6 0.048 3 13 48
27.2373 1 -21.71 5.67836 -218.727 -0.895404 0.278693 -0.336341 -0.0863485 1 2.1 6 0.048 3 13 48
27.2655 1 -21.71 5.67836 -218.727 -0.895313 0.278985 -0.336313 -0.0864581 1 2.1 6 0.048 3 13 48
27.2821 1 -21.71 5.67836 -218.727 -0.895247 0.279197 -0.336292 -0.0865376 1 2.1 6 0.048 3 13 48
27.3112 1 -21.71 5.67836 -218.727 -0.894695 0.280961 -0.336121 -0.0872002 1 2.1 6 0.048 3 13 48
27.3278 1 -21.71 5.67836 -218.727 -0.894229 0.282443 -0.335976 -0.087757 1 2.1 6 0.048 3 13 48
27.355 1 -21.71 5.67836 -218.727 -0.893898 0.283487 -0.335874 -0.0881493 1 2.1 6 0.048 3 13 48
27.378 1 -21.71 5.67836 -218.727 -0.893679 0.284177 -0.335805 -0.0884088 1 2.1 6 0.048 3 13 48
27.3946 1 -21.71 5.67836 -218.727 -0.893522 0.28467 -0.335757 -0.0885937 1 2.1 6 0.048 3 13 48
27.4234 1 -21.71 5.67836 -218.727 -0.893424 0.284978 -0.335726 -0.0887095 1 2.1 6 0.048 3 13 48
27.4403 1 -21.71 5.67836 -218.727 -0.893356 0.28519 -0.335705 -0.0887894 1 2.1 6 0.048 3 13 48
27.4684 1 -21.71 5.67836 -218.727 -0.893314 0.285324 -0.335692 -0.0888397 1 2.1 6 0.048 3 13 48
27.4851 1 -21.71 5.67836 -218.727 -0.893281 0.285426 -0.335681 -0.0888781 1 2.1 6 0.048 3 13 48
27.5146 1 -21.71 5.67836 -218.727 -0.892732 0.287138 -0.335511 -0.0895213 1 2.1 6 0.048 3 13 48
27.5369 1 -21.71 5.67836 -218.727 -0.892272 0.288565 -0.335367 -0.0900578 1 2.1 6 0.048 3 13 48
27.5536 1 -21.71 5.67836 -218.727 -0.89192 0.289651 -0.335257 -0.0904658 1 2.1 6 0.048 3 13 48
27.583 1 -21.71 5.67836 -218.727 -0.891701 0.290324 -0.335189 -0.0907188 1 2.1 6 0.048 3 13 48
27.5997 1 -21.71 5.67836 -218.727 -0.89155 0.290788 -0.335141 -0.0908932 1 2.1 6 0.048 3 13 48
27.6284 1 -21.71 5.67836 -218.727 -0.891455 0.291079 -0.335112 -0.0910025 1 2.1 6 0.048 3 13 48
27.6451 1 -21.71 5.67836 -218.727 -0.891386 0.291289 -0.33509 -0.0910816 1 2.1 6 0.048 3 13 48
27.6748 1 -21.71 5.67836 -218.727 -0.890802 0.293072 -0.334907 -0.0917519 1 2.1 6 0.048 3 13 48
27.6972 1 -21.71 5.67836 -218.727 -0.890316 0.294543 -0.334755 -0.0923049 1 2.1 6 0.048 3 13 48
27.7139 1 -21.71 5.67836 -218.727 -0.889947 0.295659 -0.334639 -0.0927245 1 2.1 6 0.048 3 13 48
27.7436 1 -21.71 5.67836 -218.727 -0.889708 0.296374 -0.334565 -0.0929936 1 2.1 6 0.048 3 13 48
27.7602 1 -21.71 5.67836 -218.727 -0.889544 0.296867 -0.334513 -0.0931789 1 2.1 6 0.048 3 13 48
27.7896 1 -21.71 5.67836 -218.727 -0.889442 0.297173 -0.334481 -0.0932939 1 2.1 6 0.048 3 13 48
27.8063 1 -21.71 5.67836 -218.727 -0.889371 0.297384 -0.334459 -0.0933733 1 2.1 6 0.048 3 13 48
27.8357 1 -21.71 5.67836 -218.727 -0.889319 0.297542 -0.334442 -0.0934327 1 2.1 6 0.048 3 13 48
27.8601 1 -21.71 5.67836 -218.727 -0.888806 0.299069 -0.334281 -0.0940068 1 2.1 6 0.048 3 13 48
27.8767 1 -21.71 5.67836 -218.727 -0.888354 0.30041 -0.334139 -0.0945112 1 2.1 6 0.048 3 13 48
27.906 1 -21.71 5.67836 -218.727 -0.888037 0.301345 -0.334039 -0.0948631 1 2.1 6 0.048 3 13 48
27.9226 1 -21.71 5.67836 -218.727 -0.887812 0.302007 -0.333969 -0.0951119 1 2.1 6 0.048 3 13 48
27.9526 1 -21.71 5.67836 -218.727 -0.887674 0.302414 -0.333925 -0.0952652 1 2.1 6 0.048 3 13 48
27.9693 1 -21.71 5.67836 -218.727 -0.887578 0.302694 -0.333895 -0.0953706 1 2.1 6 0.048 3 13 48
27.9989 1 -21.71 5.67836 -218.727 -0.887519 0.302868 -0.333876 -0.0954358 1 2.1 6 0.048 3 13 48
28.0227 1 -21.71 5.67836 -218.727 -0.887476 0.302994 -0.333863 -0.0954834 1 2.1 6 0.048 3 13 48
28.0393 1 -21.71 5.67836 -218.727 -0.887089 0.304126 -0.333741 -0.0959091 1 2.1 6 0.048 3 13 48
28.0699 1 -21.71 5.67836 -218.727 -0.886707 0.305237 -0.33362 -0.0963273 1 2.1 6 0.048 3 13 48
28.0866 1 -21.71 5.67836 -218.727 -0.886422 0.306064 -0.33353 -0.0966384 1 2.1 6 0.048 3 13 48
28.1171 1 -21.71 5.67836 -218.727 -0.886247 0.30657 -0.333475 -0.0968286 1 2.1 6 0.048 3 13 48
28.1338 1 -21.71 5.67836 -218.727 -0.886127 0.306916 -0.333437 -0.0969589 1 2.1 6 0.048 3 13 48
28.164 1 -21.71 5.67836 -218.727 -0.886053 0.307129 -0.333414 -0.097039 1 2.1 6 0.048 3 13 48
28.1879 1 -21.71 5.67836 -218.727 -0.886007 0.307262 -0.333399 -0.097089 1 2.1 6 0.048 3 13 48
28.2045 1 -21.71 5.67836 -218.727 -0.885972 0.307365 -0.333388 -0.0971278 1 2.1 6 0.048 3 13 48
28.2363 1 -21.71 5.67836 -218.727 -0.88535 0.309152 -0.333191 -0.0978004 1 2.1 6 0.048 3 13 48
28.2529 1 -21.71 5.67836 -218.727 -0.884832 0.310631 -0.333027 -0.0983571 1 2.1 6 0.048 3 13 48
28.2829 1 -21.71 5.67836 -218.727 -0.884475 0.311646 -0.332914 -0.098739 1 2.1 6 0.048 3 13 48
28.2995 1 -21.71 5.67836 -218.727 -0.884223 0.31236 -0.332835 -0.0990076 1 2.1 6 0.048 3 13 48
28.3307 1 -21.71 5.67836 -218.727 -0.88407 0.312792 -0.332786 -0.0991705 1 2.1 6 0.048 3 13 48
28.3546 1 -21.71 5.67836 -218.727 -0.883975 0.313061 -0.332756 -0.0992715 1 2.1 6 0.048 3 13 48
28.3713 1 -21.71 5.67836 -218.727 -0.883905 0.31326 -0.332734 -0.0993465 1 2.1 6 0.048 3 13 48
28.4034 1 -21.71 5.67836 -218.727 -0.883245 0.315113 -0.332524 -0.100044 1 2.1 6 0.048 3 13 48
28.42 1 -21.71 5.67836 -218.727 -0.882701 0.316635 -0.332352 -0.100617 1 2.1 6 0.048 3 13 48
28.4504 1 -21.71 5.67836 -218.727 -0.882329 0.317671 -0.332233 -0.101007 1 2.1 6 0.048 3 13 48
28.4671 1 -21.71 5.67836 -218.727 -0.882067 0.318398 -0.33215 -0.101281 1 2.1 6 0.048 3 13 48
28.4989 1 -21.71 5.67836 -218.727 -0.881909 0.318835 -0.3321 -0.101446 1 2.1 6 0.048 3 13 48
28.5229 1 -21.71 5.67836 -218.727 -0.881811 0.319105 -0.332069 -0.101547 1 2.1 6 0.048 3 13 48
28.5395 1 -21.71 5.67836 -218.727 -0.881739 0.319305 -0.332046 -0.101623 1 2.1 6 0.048 3 13 48
28.5714 1 -21.71 5.67836 -218.727 -0.88107 0.321146 -0.331833 -0.102316 1 2.1 6 0.048 3 13 48
28.5881 1 -21.71 5.67836 -218.727 -0.880517 0.32266 -0.331656 -0.102886 1 2.1 6 0.048 3 13 48
28.6166 1 -21.71 5.67836 -218.727 -0.880132 0.323709 -0.331533 -0.103281 1 2.1 6 0.048 3 13 48
28.6333 1 -21.71 5.67836 -218.727 -0.879858 0.324451 -0.331446 -0.103561 1 2.1 6 0.048 3 13 48
28.6631 1 -21.71 5.67836 -218.727 -0.879689 0.324909 -0.331392 -0.103733 1 2.1 6 0.048 3 13 48
28.6863 1 -21.71 5.67836 -218.727 -0.879582 0.325198 -0.331358 -0.103842 1 2.1 6 0.048 3 13 48
28.7029 1 -21.71 5.67836 -218.727 -0.879506 0.325404 -0.331334 -0.10392 1 2.1 6 0.048 3 13 48
28.7329 1 -21.71 5.67836 -218.727 -0.879449 0.325559 -0.331315 -0.103978 1 2.1 6 0.048 3 13 48
28.7495 1 -21.71 5.67836 -218.727 -0.879023 0.326706 -0.331179 -0.10441 1 2.1 6 0.048 3 13 48
28.7794 1 -21.71 5.67836 -218.727 -0.878607 0.327823 -0.331047 -0.104831 1 2.1 6 0.048 3 13 48
28.7961 1 -21.71 5.67836 -218.727 -0.878296 0.328656 -0.330947 -0.105145 1 2.1 6 0.048 3 13 48
28.8263 1 -21.71 5.67836 -218.727 -0.878105 0.329167 -0.330886 -0.105338 1 2.1 6 0.048 3 13 48
28.8498 1 -21.71 5.67836 -218.727 -0.877985 0.329487 -0.330847 -0.105458 1 2.1 6 0.048 3 13 48
28.8665 1 -21.71 5.67836 -218.727 -0.877899 0.329715 -0.33082 -0.105544 1 2.1 6 0.048 3 13 48
28.8969 1 -21.71 5.67836 -218.727 -0.877847 0.329854 -0.330803 -0.105596 1 2.1 6 0.048 3 13 48
28.9135 1 -21.71 5.67836 -218.727 -0.877808 0.329959 -0.330791 -0.105636 1 2.1 6 0.048 3 13 48
28.9445 1 -21.71 5.67836 -218.727 -0.877151 0.3317 -0.33058 -0.106292 1 2.1 6 0.048 3 13 48
28.9612 1 -21.71 5.67836 -218.727 -0.876601 0.33315 -0.330404 -0.106839 1 2.1 6 0.048 3 13 48
28.991 1 -21.71 5.67836 -218.727 -0.876261 0.334045 -0.330295 -0.107176 1 2.1 6 0.048 3 13 48
29.0146 1 -21.71 5.67836 -218.727 -0.876047 0.334605 -0.330226 -0.107387 1 2.1 6 0.048 3 13 48
29.0312 1 -21.71 5.67836 -218.727 -0.875895 0.335004 -0.330177 -0.107537 1 2.1 6 0.048 3 13 48
29.062 1 -21.71 5.67836 -218.727 -0.875802 0.335247 -0.330148 -0.107629 1 2.1 6 0.048 3 13 48
29.0787 1 -21.71 5.67836 -218.727 -0.875735 0.335422 -0.330126 -0.107695 1 2.1 6 0.048 3 13 48
29.1099 1 -21.71 5.67836 -218.727 -0.875047 0.337211 -0.329905 -0.10837 1 2.1 6 0.048 3 13 48
29.1265 1 -21.71 5.67836 -218.727 -0.874475 0.338693 -0.329721 -0.108928 1 2.1 6 0.048 3 13 48
29.1563 1 -21.71 5.67836 -218.727 -0.874081 0.339708 -0.329594 -0.109311 1 2.1 6 0.048 3 13 48
29.3008 1 -21.71 5.67836 -218.727 -0.874024 0.339854 -0.329576 -0.109366 1 2.1 6 0.048 3 13 48
29.3175 1 -21.71 5.67836 -218.727 -0.874002 0.339912 -0.329569 -0.109388 1 2.1 6 0.048 3 13 48
29.3341 1 -21.71 5.67836 -218.727 -0.873589 0.34097 -0.329436 -0.109787 1 2.1 6 0.048 3 13 48
29.3508 1 -21.71 5.67836 -218.727 -0.873285 0.341748 -0.329338 -0.11008 1 2.1 6 0.048 3 13 48
29.368 1 -21.71 5.67836 -218.727 -0.873063 0.342317 -0.329267 -0.110295 1 2.1 6 0.048 3 13 48
29.3863 1 -21.71 5.67836 -218.727 -0.872903 0.342724 -0.329215 -0.110448 1 2.1 6 0.048 3 13 48
29.403 1 -21.71 5.67836 -218.727 -0.872786 0.343021 -0.329177 -0.11056 1 2.1 6 0.048 3 13 48
29.4197 1 -21.71 5.67836 -218.727 -0.8727 0.34324 -0.32915 -0.110643 1 2.1 6 0.048 3 13 48
29.4363 1 -21.71 5.67836 -218.727 -0.872637 0.343401 -0.329129 -0.110704 1 2.1 6 0.048 3 13 48
29.453 1 -21.71 5.67836 -218.727 -0.872587 0.343528 -0.329113 -0.110752 1 2.1 6 0.048 3 13 48
29.4708 1 -21.71 5.67836 -218.727 -0.872126 0.344695 -0.328965 -0.111192 1 2.1 6 0.048 3 13 48
29.4875 1 -21.71 5.67836 -218.727 -0.871688 0.345801 -0.328823 -0.111609 1 2.1 6 0.048 3 13 48
29.5042 1 -21.71 5.67836 -218.727 -0.871365 0.346615 -0.328719 -0.111916 1 2.1 6 0.048 3 13 48
29.5208 1 -21.71 5.67836 -218.727 -0.871127 0.347213 -0.328642 -0.112142 1 2.1 6 0.048 3 13 48
29.5375 1 -21.71 5.67836 -218.727 -0.870951 0.347653 -0.328585 -0.112308 1 2.1 6 0.048 3 13 48
29.5542 1 -21.71 5.67836 -218.727 -0.870822 0.347977 -0.328544 -0.11243 1 2.1 6 0.048 3 13 48
29.5708 1 -21.71 5.67836 -218.727 -0.870727 0.348215 -0.328513 -0.11252 1 2.1 6 0.048 3 13 48
29.5875 1 -21.71 5.67836 -218.727 -0.870657 0.34839 -0.32849 -0.112586 1 2.1 6 0.048 3 13 48
29.6123 1 -21.71 5.67836 -218.727 -0.870603 0.348525 -0.328473 -0.112637 1 2.1 6 0.048 3 13 48
29.629 1 -21.71 5.67836 -218.727 -0.870154 0.349643 -0.328328 -0.113059 1 2.1 6 0.048 3 13 48
29.6605 1 -21.71 5.67836 -218.727 -0.869713 0.350739 -0.328185 -0.113472 1 2.1 6 0.048 3 13 48
29.6771 1 -21.71 5.67836 -218.727 -0.869385 0.351551 -0.328079 -0.113778 1 2.1 6 0.048 3 13 48
29.7085 1 -21.71 5.67836 -218.727 -0.869187 0.352042 -0.328015 -0.113964 1 2.1 6 0.048 3 13 48
29.7252 1 -21.71 5.67836 -218.727 -0.869051 0.352376 -0.327971 -0.11409 1 2.1 6 0.048 3 13 48
29.7565 1 -21.71 5.67836 -218.727 -0.868969 0.352579 -0.327944 -0.114166 1 2.1 6 0.048 3 13 48
29.7731 1 -21.71 5.67836 -218.727 -0.868909 0.352726 -0.327925 -0.114222 1 2.1 6 0.048 3 13 48
29.805 1 -21.71 5.67836 -218.727 -0.868182 0.354511 -0.327689 -0.114896 1 2.1 6 0.048 3 13 48
29.8286 1 -21.71 5.67836 -218.727 -0.86759 0.355959 -0.327497 -0.115442 1 2.1 6 0.048 3 13 48
29.8453 1 -21.71 5.67836 -218.727 -0.867141 0.357051 -0.327352 -0.115854 1 2.1 6 0.048 3 13 48
29.8767 1 -21.71 5.67836 -218.727 -0.866869 0.35771 -0.327264 -0.116103 1 2.1 6 0.048 3 13 48
29.8934 1 -21.71 5.67836 -218.727 -0.866684 0.358159 -0.327203 -0.116273 1 2.1 6 0.048 3 13 48
29.9246 1 -21.71 5.67836 -218.727 -0.866571 0.358432 -0.327167 -0.116376 1 2.1 6 0.048 3 13 48
29.9413 1 -21.71 5.67836 -218.727 -0.866491 0.358627 -0.327141 -0.116449 1 2.1 6 0.048 3 13 48
29.973 1 -21.71 5.67836 -218.727 -0.865741 0.360433 -0.326897 -0.117131 1 2.1 6 0.048 3 13 48
29.9967 1 -21.71 5.67836 -218.727 -0.865132 0.361893 -0.326699 -0.117682 1 2.1 6 0.048 3 13 48
30.0133 1 -21.71 5.67836 -218.727 -0.864671 0.362992 -0.326549 -0.118098 1 2.1 6 0.048 3 13 48
30.0446 1 -21.71 5.67836 -218.727 -0.864391 0.363658 -0.326458 -0.118349 1 2.1 6 0.048 3 13 48
30.0613 1 -21.71 5.67836 -218.727 -0.8642 0.364113 -0.326396 -0.118521 1 2.1 6 0.048 3 13 48
30.0925 1 -21.71 5.67836 -218.727 -0.864083 0.364388 -0.326358 -0.118625 1 2.1 6 0.048 3 13 48
30.1092 1 -21.71 5.67836 -218.727 -0.864004 0.364576 -0.326332 -0.118696 1 2.1 6 0.048 3 13 48
30.1402 1 -21.71 5.67836 -218.727 -0.863944 0.36472 -0.326312 -0.11875 1 2.1 6 0.048 3 13 48
30.1653 1 -21.71 5.67836 -218.727 -0.863305 0.366229 -0.326104 -0.11932 1 2.1 6 0.048 3 13 48
30.1819 1 -21.71 5.67836 -218.727 -0.862745 0.367545 -0.325922 -0.119817 1 2.1 6 0.048 3 13 48
30.2126 1 -21.71 5.67836 -218.727 -0.862402 0.368349 -0.32581 -0.120121 1 2.1 6 0.048 3 13 48
30.2292 1 -21.71 5.67836 -218.727 -0.862167 0.3689 -0.325733 -0.120329 1 2.1 6 0.048 3 13 48
30.2604 1 -21.71 5.67836 -218.727 -0.862024 0.369233 -0.325687 -0.120455 1 2.1 6 0.048 3 13 48
30.2771 1 -21.71 5.67836 -218.727 -0.861923 0.36947 -0.325654 -0.120545 1 2.1 6 0.048 3 13 48
30.3088 1 -21.71 5.67836 -218.727 -0.861139 0.371292 -0.325398 -0.121233 1 2.1 6 0.048 3 13 48
30.3324 1 -21.71 5.67836 -218.727 -0.860505 0.37276 -0.325191 -0.121788 1 2.1 6 0.048 3 13 48
30.3491 1 -21.71 5.67836 -218.727 -0.860025 0.373866 -0.325034 -0.122206 1 2.1 6 0.048 3 13 48
30.3804 1 -21.71 5.67836 -218.727 -0.859734 0.374535 -0.324939 -0.122459 1 2.1 6 0.048 3 13 48
30.397 1 -21.71 5.67836 -218.727 -0.859535 0.374992 -0.324874 -0.122631 1 2.1 6 0.048 3 13 48
30.4281 1 -21.71 5.67836 -218.727 -0.859414 0.375269 -0.324834 -0.122736 1 2.1 6 0.048 3 13 48
30.4448 1 -21.71 5.67836 -218.727 -0.859331 0.375458 -0.324807 -0.122807 1 2.1 6 0.048 3 13 48
30.4758 1 -21.71 5.67836 -218.727 -0.859268 0.375602 -0.324787 -0.122862 1 2.1 6 0.048 3 13 48
30.5006 1 -21.71 5.67836 -218.727 -0.858614 0.377096 -0.324572 -0.123427 1 2.1 6 0.048 3 13 48
30.5173 1 -21.71 5.67836 -218.727 -0.858039 0.378402 -0.324384 -0.12392 1 2.1 6 0.048 3 13 48
30.5478 1 -21.71 5.67836 -218.727 -0.857686 0.379201 -0.324269 -0.124222 1 2.1 6 0.048 3 13 48
30.5644 1 -21.71 5.67836 -218.727 -0.857444 0.379748 -0.324189 -0.124429 1 2.1 6 0.048 3 13 48
30.5955 1 -21.71 5.67836 -218.727 -0.857297 0.38008 -0.324141 -0.124555 1 2.1 6 0.048 3 13 48
30.6122 1 -21.71 5.67836 -218.727 -0.857196 0.380307 -0.324108 -0.124641 1 2.1 6 0.048 3 13 48
30.643 1 -21.71 5.67836 -218.727 -0.857122 0.380474 -0.324084 -0.124704 1 2.1 6 0.048 3 13 48
30.668 1 -21.71 5.67836 -218.727 -0.856452 0.381981 -0.323864 -0.125273 1 2.1 6 0.048 3 13 48
30.6846 1 -21.71 5.67836 -218.727 -0.855864 0.383295 -0.323671 -0.12577 1 2.1 6 0.048 3 13 48
30.7147 1 -21.71 5.67836 -218.727 -0.855457 0.384203 -0.323538 -0.126114 1 2.1 6 0.048 3 13 48
30.7313 1 -21.71 5.67836 -218.727 -0.855177 0.384827 -0.323446 -0.12635 1 2.1 6 0.048 3 13 48
30.7625 1 -21.71 5.67836 -218.727 -0.855006 0.385205 -0.32339 -0.126493 1 2.1 6 0.048 3 13 48
30.7792 1 -21.71 5.67836 -218.727 -0.85489 0.385463 -0.323352 -0.12659 1 2.1 6 0.048 3 13 48
30.8099 1 -21.71 5.67836 -218.727 -0.854806 0.385649 -0.323324 -0.126661 1 2.1 6 0.048 3 13 48
30.8348 1 -21.71 5.67836 -218.727 -0.854123 0.387161 -0.323099 -0.127233 1 2.1 6 0.048 3 13 48
30.8514 1 -21.71 5.67836 -218.727 -0.853524 0.388478 -0.322903 -0.127731 1 2.1 6 0.048 3 13 48
30.8814 1 -21.71 5.67836 -218.727 -0.85311 0.389388 -0.322766 -0.128075 1 2.1 6 0.048 3 13 48
30.8981 1 -21.71 5.67836 -218.727 -0.852824 0.390013 -0.322672 -0.128312 1 2.1 6 0.048 3 13 48
30.9291 1 -21.71 5.67836 -218.727 -0.85265 0.390393 -0.322615 -0.128455 1 2.1 6 0.048 3 13 48
30.9458 1 -21.71 5.67836 -218.727 -0.852531 0.390652 -0.322576 -0.128554 1 2.1 6 0.048 3 13 48
30.9764 1 -21.71 5.67836 -218.727 -0.852446 0.390839 -0.322548 -0.128624 1 2.1 6 0.048 3 13 48
31.0011 1 -21.71 5.67836 -218.727 -0.851755 0.392342 -0.322321 -0.129193 1 2.1 6 0.048 3 13 48
31.0178 1 -21.71 5.67836 -218.727 -0.85115 0.393653 -0.322121 -0.129689 1 2.1 6 0.048 3 13 48
31.0475 1 -21.71 5.67836 -218.727 -0.850729 0.394561 -0.321983 -0.130033 1 2.1 6 0.048 3 13 48
31.0642 1 -21.71 5.67836 -218.727 -0.850432 0.395202 -0.321885 -0.130275 1 2.1 6 0.048 3 13 48
31.0954 1 -21.71 5.67836 -218.727 -0.850251 0.39559 -0.321825 -0.130422 1 2.1 6 0.048 3 13 48
31.1121 1 -21.71 5.67836 -218.727 -0.850128 0.395855 -0.321785 -0.130522 1 2.1 6 0.048 3 13 48
31.1422 1 -21.71 5.67836 -218.727 -0.850052 0.396018 -0.32176 -0.130584 1 2.1 6 0.048 3 13 48
31.1662 1 -21.71 5.67836 -218.727 -0.849997 0.396137 -0.321741 -0.130629 1 2.1 6 0.048 3 13 48
31.1829 1 -21.71 5.67836 -218.727 -0.849491 0.397219 -0.321575 -0.131039 1 2.1 6 0.048 3 13 48
31.2132 1 -21.71 5.67836 -218.727 -0.848994 0.398282 -0.32141 -0.131441 1 2.1 6 0.048 3 13 48
31.2299 1 -21.71 5.67836 -218.727 -0.848622 0.399074 -0.321288 -0.131741 1 2.1 6 0.048 3 13 48
31.2609 1 -21.71 5.67836 -218.727 -0.848395 0.399555 -0.321213 -0.131923 1 2.1 6 0.048 3 13 48
31.2776 1 -21.71 5.67836 -218.727 -0.84824 0.399884 -0.321162 -0.132048 1 2.1 6 0.048 3 13 48
31.3076 1 -21.71 5.67836 -218.727 -0.848145 0.400087 -0.32113 -0.132124 1 2.1 6 0.048 3 13 48
31.3315 1 -21.71 5.67836 -218.727 -0.848085 0.400213 -0.32111 -0.132172 1 2.1 6 0.048 3 13 48
31.3481 1 -21.71 5.67836 -218.727 -0.848039 0.400311 -0.321095 -0.132209 1 2.1 6 0.048 3 13 48
31.3791 1 -21.71 5.67836 -218.727 -0.847243 0.401993 -0.320832 -0.132846 1 2.1 6 0.048 3 13 48
31.3958 1 -21.71 5.67836 -218.727 -0.846578 0.403392 -0.320612 -0.133376 1 2.1 6 0.048 3 13 48
31.4259 1 -21.71 5.67836 -218.727 -0.846167 0.404253 -0.320476 -0.133702 1 2.1 6 0.048 3 13 48
31.4425 1 -21.71 5.67836 -218.727 -0.845884 0.404844 -0.320383 -0.133926 1 2.1 6 0.048 3 13 48
31.4723 1 -21.71 5.67836 -218.727 -0.845709 0.405209 -0.320325 -0.134064 1 2.1 6 0.048 3 13 48
31.4962 1 -21.71 5.67836 -218.727 -0.845592 0.405454 -0.320286 -0.134157 1 2.1 6 0.048 3 13 48
31.5129 1 -21.71 5.67836 -218.727 -0.845032 0.406621 -0.320101 -0.134599 1 2.1 6 0.048 3 13 48
31.543 1 -21.71 5.67836 -218.727 -0.844495 0.407734 -0.319923 -0.13502 1 2.1 6 0.048 3 13 48
31.5597 1 -21.71 5.67836 -218.727 -0.844096 0.40856 -0.319791 -0.135333 1 2.1 6 0.048 3 13 48
31.5904 1 -21.71 5.67836 -218.727 -0.843852 0.409063 -0.31971 -0.135524 1 2.1 6 0.048 3 13 48
31.6071 1 -21.71 5.67836 -218.727 -0.843685 0.409408 -0.319655 -0.135655 1 2.1 6 0.048 3 13 48
31.6369 1 -21.71 5.67836 -218.727 -0.843581 0.409621 -0.31962 -0.135736 1 2.1 6 0.048 3 13 48
31.6606 1 -21.71 5.67836 -218.727 -0.843517 0.409754 -0.319599 -0.135786 1 2.1 6 0.048 3 13 48
31.6773 1 -21.71 5.67836 -218.727 -0.843467 0.409857 -0.319582 -0.135825 1 2.1 6 0.048 3 13 48
31.7081 1 -21.71 5.67836 -218.727 -0.842654 0.411525 -0.319313 -0.136457 1 2.1 6 0.048 3 13 48
31.7247 1 -21.71 5.67836 -218.727 -0.841974 0.412914 -0.319088 -0.136983 1 2.1 6 0.048 3 13 48
31.7546 1 -21.71 5.67836 -218.727 -0.841554 0.413771 -0.318948 -0.137308 1 2.1 6 0.048 3 13 48
31.7712 1 -21.71 5.67836 -218.727 -0.841264 0.41436 -0.318852 -0.137532 1 2.1 6 0.048 3 13 48
31.8008 1 -21.71 5.67836 -218.727 -0.841084 0.414725 -0.318792 -0.13767 1 2.1 6 0.048 3 13 48
31.8245 1 -21.71 5.67836 -218.727 -0.840971 0.414954 -0.318755 -0.137757 1 2.1 6 0.048 3 13 48
31.8412 1 -21.71 5.67836 -218.727 -0.840887 0.415125 -0.318727 -0.137821 1 2.1 6 0.048 3 13 48
31.8719 1 -21.71 5.67836 -218.727 -0.840044 0.416826 -0.318447 -0.138466 1 2.1 6 0.048 3 13 48
31.8885 1 -21.71 5.67836 -218.727 -0.839342 0.418239 -0.318214 -0.139002 1 2.1 6 0.048 3 13 48
31.9182 1 -21.71 5.67836 -218.727 -0.838906 0.419112 -0.318069 -0.139333 1 2.1 6 0.048 3 13 48
31.9348 1 -21.71 5.67836 -218.727 -0.838606 0.419713 -0.317969 -0.139561 1 2.1 6 0.048 3 13 48
31.9643 1 -21.71 5.67836 -218.727 -0.838419 0.420086 -0.317907 -0.139702 1 2.1 6 0.048 3 13 48
31.9879 1 -21.71 5.67836 -218.727 -0.838302 0.42032 -0.317868 -0.139791 1 2.1 6 0.048 3 13 48
32.0046 1 -21.71 5.67836 -218.727 -0.838214 0.420495 -0.317839 -0.139857 1 2.1 6 0.048 3 13 48
32.0352 1 -21.71 5.67836 -218.727 -0.837361 0.422191 -0.317555 -0.1405 1 2.1 6 0.048 3 13 48
32.0519 1 -21.71 5.67836 -218.727 -0.836649 0.4236 -0.317318 -0.141035 1 2.1 6 0.048 3 13 48
32.0812 1 -21.71 5.67836 -218.727 -0.836157 0.424571 -0.317154 -0.141403 1 2.1 6 0.048 3 13 48
32.0978 1 -21.71 5.67836 -218.727 -0.835808 0.425257 -0.317038 -0.141663 1 2.1 6 0.048 3 13 48
32.1276 1 -21.71 5.67836 -218.727 -0.835593 0.42568 -0.316966 -0.141824 1 2.1 6 0.048 3 13 48
32.151 1 -21.71 5.67836 -218.727 -0.835457 0.425946 -0.316921 -0.141924 1 2.1 6 0.048 3 13 48
32.1677 1 -21.71 5.67836 -218.727 -0.835361 0.426135 -0.316889 -0.141996 1 2.1 6 0.048 3 13 48
32.1973 1 -21.71 5.67836 -218.727 -0.835288 0.426278 -0.316864 -0.14205 1 2.1 6 0.048 3 13 48
32.214 1 -21.71 5.67836 -218.727 -0.834733 0.427365 -0.316679 -0.142463 1 2.1 6 0.048 3 13 48
32.2439 1 -21.71 5.67836 -218.727 -0.83419 0.428423 -0.316498 -0.142864 1 2.1 6 0.048 3 13 48
32.2606 1 -21.71 5.67836 -218.727 -0.833784 0.429212 -0.316363 -0.143164 1 2.1 6 0.048 3 13 48
32.2902 1 -21.71 5.67836 -218.727 -0.833533 0.4297 -0.316279 -0.143349 1 2.1 6 0.048 3 13 48
32.314 1 -21.71 5.67836 -218.727 -0.833375 0.430006 -0.316226 -0.143465 1 2.1 6 0.048 3 13 48
32.3306 1 -21.71 5.67836 -218.727 -0.833263 0.430223 -0.316189 -0.143547 1 2.1 6 0.048 3 13 48
32.3625 1 -21.71 5.67836 -218.727 -0.83318 0.430383 -0.316162 -0.143608 1 2.1 6 0.048 3 13 48
32.3792 1 -21.71 5.67836 -218.727 -0.832612 0.431481 -0.315972 -0.144025 1 2.1 6 0.048 3 13 48
32.4114 1 -21.71 5.67836 -218.727 -0.832059 0.432548 -0.315787 -0.144429 1 2.1 6 0.048 3 13 48
32.4281 1 -21.71 5.67836 -218.727 -0.83165 0.433333 -0.315651 -0.144728 1 2.1 6 0.048 3 13 48
32.4601 1 -21.71 5.67836 -218.727 -0.831404 0.433804 -0.315569 -0.144906 1 2.1 6 0.048 3 13 48
32.4845 1 -21.71 5.67836 -218.727 -0.831253 0.434093 -0.315518 -0.145016 1 2.1 6 0.048 3 13 48
32.5011 1 -21.71 5.67836 -218.727 -0.831142 0.434306 -0.315481 -0.145097 1 2.1 6 0.048 3 13 48
32.5336 1 -21.71 5.67836 -218.727 -0.830214 0.436078 -0.315171 -0.14577 1 2.1 6 0.048 3 13 48
32.5503 1 -21.71 5.67836 -218.727 -0.829452 0.437526 -0.314916 -0.146319 1 2.1 6 0.048 3 13 48
32.5816 1 -21.71 5.67836 -218.727 -0.828936 0.438502 -0.314744 -0.14669 1 2.1 6 0.048 3 13 48
32.5983 1 -21.71 5.67836 -218.727 -0.828576 0.439182 -0.314623 -0.146948 1 2.1 6 0.048 3 13 48
32.6302 1 -21.71 5.67836 -218.727 -0.828359 0.439591 -0.31455 -0.147103 1 2.1 6 0.048 3 13 48
32.6546 1 -21.71 5.67836 -218.727 -0.828226 0.439842 -0.314506 -0.147199 1 2.1 6 0.048 3 13 48
32.6712 1 -21.71 5.67836 -218.727 -0.828132 0.440019 -0.314474 -0.147266 1 2.1 6 0.048 3 13 48
32.7028 1 -21.71 5.67836 -218.727 -0.828059 0.440155 -0.31445 -0.147317 1 2.1 6 0.048 3 13 48
32.7194 1 -21.71 5.67836 -218.727 -0.827487 0.441231 -0.314259 -0.147726 1 2.1 6 0.048 3 13 48
32.7514 1 -21.71 5.67836 -218.727 -0.826926 0.442281 -0.314071 -0.148125 1 2.1 6 0.048 3 13 48
32.768 1 -21.71 5.67836 -218.727 -0.826511 0.443056 -0.313932 -0.148419 1 2.1 6 0.048 3 13 48
32.7997 1 -21.71 5.67836 -218.727 -0.82626 0.443523 -0.313848 -0.148597 1 2.1 6 0.048 3 13 48
32.824 1 -21.71 5.67836 -218.727 -0.826106 0.44381 -0.313796 -0.148706 1 2.1 6 0.048 3 13 48
32.8407 1 -21.71 5.67836 -218.727 -0.825997 0.444013 -0.31376 -0.148783 1 2.1 6 0.048 3 13 48
32.8721 1 -21.71 5.67836 -218.727 -0.825916 0.444165 -0.313732 -0.14884 1 2.1 6 0.048 3 13 48
32.8888 1 -21.71 5.67836 -218.727 -0.825332 0.445248 -0.313537 -0.149252 1 2.1 6 0.048 3 13 48
32.9206 1 -21.71 5.67836 -218.727 -0.824763 0.446302 -0.313346 -0.149652 1 2.1 6 0.048 3 13 48
32.9373 1 -21.71 5.67836 -218.727 -0.824341 0.44708 -0.313204 -0.149948 1 2.1 6 0.048 3 13 48
32.9688 1 -21.71 5.67836 -218.727 -0.824087 0.447549 -0.313119 -0.150126 1 2.1 6 0.048 3 13 48
32.9931 1 -21.71 5.67836 -218.727 -0.82393 0.447838 -0.313066 -0.150236 1 2.1 6 0.048 3 13 48
33.0097 1 -21.71 5.67836 -218.727 -0.823819 0.448042 -0.313029 -0.150314 1 2.1 6 0.048 3 13 48
33.0411 1 -21.71 5.67836 -218.727 -0.823736 0.448194 -0.313001 -0.150371 1 2.1 6 0.048 3 13 48
33.0578 1 -21.71 5.67836 -218.727 -0.823147 0.449276 -0.312804 -0.150782 1 2.1 6 0.048 3 13 48
33.0895 1 -21.71 5.67836 -218.727 -0.822572 0.450327 -0.312611 -0.151182 1 2.1 6 0.048 3 13 48
33.1062 1 -21.71 5.67836 -218.727 -0.822146 0.451103 -0.312468 -0.151477 1 2.1 6 0.048 3 13 48
33.1376 1 -21.71 5.67836 -218.727 -0.821889 0.451572 -0.312381 -0.151655 1 2.1 6 0.048 3 13 48
33.1618 1 -21.71 5.67836 -218.727 -0.82173 0.451862 -0.312328 -0.151765 1 2.1 6 0.048 3 13 48
33.1785 1 -21.71 5.67836 -218.727 -0.821617 0.452066 -0.31229 -0.151843 1 2.1 6 0.048 3 13 48
33.2097 1 -21.71 5.67836 -218.727 -0.821549 0.45219 -0.312267 -0.15189 1 2.1 6 0.048 3 13 48
33.2264 1 -21.71 5.67836 -218.727 -0.821498 0.452284 -0.31225 -0.151925 1 2.1 6 0.048 3 13 48
33.2588 1 -21.71 5.67836 -218.727 -0.82057 0.453964 -0.311938 -0.152564 1 2.1 6 0.048 3 13 48
33.2755 1 -21.71 5.67836 -218.727 -0.819804 0.455347 -0.311681 -0.15309 1 2.1 6 0.048 3 13 48
33.3061 1 -21.71 5.67836 -218.727 -0.819335 0.45619 -0.311523 -0.153411 1 2.1 6 0.048 3 13 48
33.3303 1 -21.71 5.67836 -218.727 -0.819044 0.456713 -0.311425 -0.153609 1 2.1 6 0.048 3 13 48
33.347 1 -21.71 5.67836 -218.727 -0.818837 0.457083 -0.311356 -0.15375 1 2.1 6 0.048 3 13 48
33.3782 1 -21.71 5.67836 -218.727 -0.818712 0.457307 -0.311314 -0.153835 1 2.1 6 0.048 3 13 48
33.3949 1 -21.71 5.67836 -218.727 -0.818622 0.457468 -0.311283 -0.153896 1 2.1 6 0.048 3 13 48
33.4273 1 -21.71 5.67836 -218.727 -0.817661 0.459183 -0.31096 -0.154548 1 2.1 6 0.048 3 13 48
33.444 1 -21.71 5.67836 -218.727 -0.816871 0.460588 -0.310694 -0.155083 1 2.1 6 0.048 3 13 48
33.4746 1 -21.71 5.67836 -218.727 -0.816387 0.461445 -0.310531 -0.155409 1 2.1 6 0.048 3 13 48
33.4987 1 -21.71 5.67836 -218.727 -0.816086 0.461977 -0.31043 -0.155611 1 2.1 6 0.048 3 13 48
33.5154 1 -21.71 5.67836 -218.727 -0.815873 0.462354 -0.310358 -0.155754 1 2.1 6 0.048 3 13 48
33.5465 1 -21.71 5.67836 -218.727 -0.815743 0.462582 -0.310314 -0.155841 1 2.1 6 0.048 3 13 48
33.5632 1 -21.71 5.67836 -218.727 -0.815655 0.462738 -0.310284 -0.155901 1 2.1 6 0.048 3 13 48
33.5948 1 -21.71 5.67836 -218.727 -0.815601 0.462832 -0.310266 -0.155936 1 2.1 6 0.048 3 13 48
33.6114 1 -21.71 5.67836 -218.727 -0.81556 0.462905 -0.310252 -0.155964 1 2.1 6 0.048 3 13 48
33.6433 1 -21.71 5.67836 -218.727 -0.814628 0.464542 -0.309939 -0.156587 1 2.1 6 0.048 3 13 48
33.6667 1 -21.71 5.67836 -218.727 -0.813866 0.465876 -0.309682 -0.157095 1 2.1 6 0.048 3 13 48
33.6834 1 -21.71 5.67836 -218.727 -0.813323 0.466824 -0.309498 -0.157455 1 2.1 6 0.048 3 13 48
33.7145 1 -21.71 5.67836 -218.727 -0.812993 0.467399 -0.309387 -0.157674 1 2.1 6 0.048 3 13 48
33.7312 1 -21.71 5.67836 -218.727 -0.812766 0.467792 -0.309311 -0.157824 1 2.1 6 0.048 3 13 48
33.7626 1 -21.71 5.67836 -218.727 -0.81263 0.46803 -0.309264 -0.157914 1 2.1 6 0.048 3 13 48
33.7793 1 -21.71 5.67836 -218.727 -0.812532 0.4682 -0.309231 -0.157979 1 2.1 6 0.048 3 13 48
33.8111 1 -21.71 5.67836 -218.727 -0.811558 0.469885 -0.308903 -0.15862 1 2.1 6 0.048 3 13 48
33.8346 1 -21.71 5.67836 -218.727 -0.810767 0.47125 -0.308636 -0.15914 1 2.1 6 0.048 3 13 48
33.8512 1 -21.71 5.67836 -218.727 -0.810168 0.472278 -0.308434 -0.159531 1 2.1 6 0.048 3 13 48
33.8824 1 -21.71 5.67836 -218.727 -0.809805 0.472901 -0.308311 -0.159768 1 2.1 6 0.048 3 13 48
33.8991 1 -21.71 5.67836 -218.727 -0.809556 0.473326 -0.308227 -0.15993 1 2.1 6 0.048 3 13 48
33.9302 1 -21.71 5.67836 -218.727 -0.809406 0.473584 -0.308176 -0.160028 1 2.1 6 0.048 3 13 48
33.9469 1 -21.71 5.67836 -218.727 -0.809297 0.473769 -0.308139 -0.160099 1 2.1 6 0.048 3 13 48
33.9785 1 -21.71 5.67836 -218.727 -0.808311 0.47545 -0.307806 -0.160739 1 2.1 6 0.048 3 13 48
34.002 1 -21.71 5.67836 -218.727 -0.807509 0.476811 -0.307535 -0.161257 1 2.1 6 0.048 3 13 48
34.0187 1 -21.71 5.67836 -218.727 -0.806902 0.477836 -0.307329 -0.161648 1 2.1 6 0.048 3 13 48
34.0499 1 -21.71 5.67836 -218.727 -0.806534 0.478457 -0.307205 -0.161884 1 2.1 6 0.048 3 13 48
34.0666 1 -21.71 5.67836 -218.727 -0.806283 0.478881 -0.30712 -0.162046 1 2.1 6 0.048 3 13 48
34.0975 1 -21.71 5.67836 -218.727 -0.80613 0.479139 -0.307068 -0.162144 1 2.1 6 0.048 3 13 48
34.1142 1 -21.71 5.67836 -218.727 -0.806025 0.479315 -0.307032 -0.162211 1 2.1 6 0.048 3 13 48
34.145 1 -21.71 5.67836 -218.727 -0.805945 0.479449 -0.307005 -0.162262 1 2.1 6 0.048 3 13 48
34.17 1 -21.71 5.67836 -218.727 -0.805108 0.480853 -0.306722 -0.162797 1 2.1 6 0.048 3 13 48
34.1867 1 -21.71 5.67836 -218.727 -0.804375 0.482078 -0.306474 -0.163264 1 2.1 6 0.048 3 13 48
34.2169 1 -21.71 5.67836 -218.727 -0.803924 0.48283 -0.306321 -0.16355 1 2.1 6 0.048 3 13 48
34.2336 1 -21.71 5.67836 -218.727 -0.803615 0.483345 -0.306216 -0.163746 1 2.1 6 0.048 3 13 48
34.2645 1 -21.71 5.67836 -218.727 -0.803426 0.483659 -0.306153 -0.163866 1 2.1 6 0.048 3 13 48
34.2812 1 -21.71 5.67836 -218.727 -0.803297 0.483873 -0.306109 -0.163948 1 2.1 6 0.048 3 13 48
34.312 1 -21.71 5.67836 -218.727 -0.803218 0.484004 -0.306082 -0.163997 1 2.1 6 0.048 3 13 48
34.3361 1 -21.71 5.67836 -218.727 -0.803159 0.484102 -0.306062 -0.164035 1 2.1 6 0.048 3 13 48
34.3528 1 -21.71 5.67836 -218.727 -0.802548 0.485114 -0.305855 -0.16442 1 2.1 6 0.048 3 13 48
34.3836 1 -21.71 5.67836 -218.727 -0.801945 0.486111 -0.30565 -0.1648 1 2.1 6 0.048 3 13 48
34.4003 1 -21.71 5.67836 -218.727 -0.801531 0.486793 -0.30551 -0.16506 1 2.1 6 0.048 3 13 48
34.4314 1 -21.71 5.67836 -218.727 -0.80128 0.487206 -0.305425 -0.165218 1 2.1 6 0.048 3 13 48
34.4481 1 -21.71 5.67836 -218.727 -0.801108 0.487489 -0.305367 -0.165326 1 2.1 6 0.048 3 13 48
34.4767 1 -21.71 5.67836 -218.727 -0.801 0.487666 -0.30533 -0.165393 1 2.1 6 0.048 3 13 48
34.4996 1 -21.71 5.67836 -218.727 -0.800931 0.487779 -0.305307 -0.165436 1 2.1 6 0.048 3 13 48
34.5163 1 -21.71 5.67836 -218.727 -0.800877 0.487867 -0.305289 -0.16547 1 2.1 6 0.048 3 13 48
34.5455 1 -21.71 5.67836 -218.727 -0.79995 0.489387 -0.304974 -0.166049 1 2.1 6 0.048 3 13 48
34.5626 1 -21.71 5.67836 -218.727 -0.799164 0.49067 -0.304707 -0.166538 1 2.1 6 0.048 3 13 48
34.5903 1 -21.71 5.67836 -218.727 -0.798665 0.491481 -0.304538 -0.166848 1 2.1 6 0.048 3 13 48
34.607 1 -21.71 5.67836 -218.727 -0.798318 0.492045 -0.30442 -0.167063 1 2.1 6 0.048 3 13 48
34.6351 1 -21.71 5.67836 -218.727 -0.798098 0.492401 -0.304345 -0.167198 1 2.1 6 0.048 3 13 48
34.658 1 -21.71 5.67836 -218.727 -0.797958 0.492628 -0.304298 -0.167285 1 2.1 6 0.048 3 13 48
34.6746 1 -21.71 5.67836 -218.727 -0.797852 0.492799 -0.304262 -0.16735 1 2.1 6 0.048 3 13 48
34.7038 1 -21.71 5.67836 -218.727 -0.796883 0.494364 -0.303933 -0.167947 1 2.1 6 0.048 3 13 48
34.7259 1 -21.71 5.67836 -218.727 -0.796075 0.495664 -0.303658 -0.168443 1 2.1 6 0.048 3 13 48
34.7426 1 -21.71 5.67836 -218.727 -0.795459 0.496652 -0.303449 -0.16882 1 2.1 6 0.048 3 13 48
34.7711 1 -21.71 5.67836 -218.727 -0.795072 0.497272 -0.303317 -0.169056 1 2.1 6 0.048 3 13 48
34.7878 1 -21.71 5.67836 -218.727 -0.794803 0.497701 -0.303226 -0.16922 1 2.1 6 0.048 3 13 48
34.8162 1 -21.71 5.67836 -218.727 -0.794634 0.497971 -0.303168 -0.169323 1 2.1 6 0.048 3 13 48
34.8329 1 -21.71 5.67836 -218.727 -0.794517 0.498158 -0.303129 -0.169394 1 2.1 6 0.048 3 13 48
34.861 1 -21.71 5.67836 -218.727 -0.794429 0.498298 -0.303099 -0.169448 1 2.1 6 0.048 3 13 48
34.8846 1 -21.71 5.67836 -218.727 -0.793593 0.499628 -0.302814 -0.169955 1 2.1 6 0.048 3 13 48
34.9012 1 -21.71 5.67836 -218.727 -0.792851 0.500805 -0.302562 -0.170405 1 2.1 6 0.048 3 13 48
34.9286 1 -21.71 5.67836 -218.727 -0.792322 0.501642 -0.302382 -0.170724 1 2.1 6 0.048 3 13 48
34.9453 1 -21.71 5.67836 -218.727 -0.791944 0.502239 -0.302253 -0.170952 1 2.1 6 0.048 3 13 48
34.9741 1 -21.71 5.67836 -218.727 -0.791707 0.502612 -0.302172 -0.171094 1 2.1 6 0.048 3 13 48
34.9907 1 -21.71 5.67836 -218.727 -0.791543 0.502871 -0.302117 -0.171193 1 2.1 6 0.048 3 13 48
35.0185 1 -21.71 5.67836 -218.727 -0.791439 0.503034 -0.302081 -0.171255 1 2.1 6 0.048 3 13 48
35.0413 1 -21.71 5.67836 -218.727 -0.791372 0.503139 -0.302059 -0.171295 1 2.1 6 0.048 3 13 48
35.058 1 -21.71 5.67836 -218.727 -0.791319 0.503222 -0.302041 -0.171327 1 2.1 6 0.048 3 13 48
35.0868 1 -21.71 5.67836 -218.727 -0.790376 0.504702 -0.301719 -0.171892 1 2.1 6 0.048 3 13 48
35.1041 1 -21.71 5.67836 -218.727 -0.789729 0.505715 -0.301499 -0.172279 1 2.1 6 0.048 3 13 48
35.131 1 -21.71 5.67836 -218.727 -0.789313 0.506363 -0.301357 -0.172526 1 2.1 6 0.048 3 13 48
35.1476 1 -21.71 5.67836 -218.727 -0.789023 0.506816 -0.301258 -0.172699 1 2.1 6 0.048 3 13 48
35.1756 1 -21.71 5.67836 -218.727 -0.788839 0.507102 -0.301196 -0.172808 1 2.1 6 0.048 3 13 48
35.1984 1 -21.71 5.67836 -218.727 -0.788721 0.507285 -0.301155 -0.172878 1 2.1 6 0.048 3 13 48
35.2151 1 -21.71 5.67836 -218.727 -0.788632 0.507424 -0.301125 -0.172931 1 2.1 6 0.048 3 13 48
35.2438 1 -21.71 5.67836 -218.727 -0.787657 0.508935 -0.300793 -0.173508 1 2.1 6 0.048 3 13 48
35.2656 1 -21.71 5.67836 -218.727 -0.786839 0.510199 -0.300514 -0.173991 1 2.1 6 0.048 3 13 48
35.4009 1 -21.71 5.67836 -218.727 -0.786703 0.510409 -0.300467 -0.174071 1 2.1 6 0.048 3 13 48
35.4176 1 -21.71 5.67836 -218.727 -0.786649 0.510492 -0.300449 -0.174103 1 2.1 6 0.048 3 13 48
35.4343 1 -21.71 5.67836 -218.727 -0.786014 0.511469 -0.300233 -0.174476 1 2.1 6 0.048 3 13 48
35.4509 1 -21.71 5.67836 -218.727 -0.785397 0.512416 -0.300022 -0.174837 1 2.1 6 0.048 3 13 48
35.4683 1 -21.71 5.67836 -218.727 -0.784947 0.513105 -0.299869 -0.175101 1 2.1 6 0.048 3 13 48
35.485 1 -21.71 5.67836 -218.727 -0.784617 0.51361 -0.299756 -0.175294 1 2.1 6 0.048 3 13 48
35.5029 1 -21.71 5.67836 -218.727 -0.784378 0.513975 -0.299674 -0.175433 1 2.1 6 0.048 3 13 48
35.5196 1 -21.71 5.67836 -218.727 -0.784203 0.514242 -0.299615 -0.175535 1 2.1 6 0.048 3 13 48
35.5363 1 -21.71 5.67836 -218.727 -0.784074 0.514438 -0.299571 -0.17561 1 2.1 6 0.048 3 13 48
35.5529 1 -21.71 5.67836 -218.727 -0.78398 0.514582 -0.299538 -0.175665 1 2.1 6 0.048 3 13 48
35.5696 1 -21.71 5.67836 -218.727 -0.78391 0.514688 -0.299515 -0.175706 1 2.1 6 0.048 3 13 48
35.5863 1 -21.71 5.67836 -218.727 -0.783859 0.514766 -0.299497 -0.175735 1 2.1 6 0.048 3 13 48
35.603 1 -21.71 5.67836 -218.727 -0.783816 0.514832 -0.299482 -0.17576 1 2.1 6 0.048 3 13 48
35.6201 1 -21.71 5.67836 -218.727 -0.783171 0.515813 -0.299262 -0.176135 1 2.1 6 0.048 3 13 48
35.6376 1 -21.71 5.67836 -218.727 -0.782544 0.516762 -0.299048 -0.176498 1 2.1 6 0.048 3 13 48
35.6543 1 -21.71 5.67836 -218.727 -0.782048 0.517514 -0.298879 -0.176785 1 2.1 6 0.048 3 13 48
35.671 1 -21.71 5.67836 -218.727 -0.781682 0.518066 -0.298753 -0.176996 1 2.1 6 0.048 3 13 48
35.6876 1 -21.71 5.67836 -218.727 -0.781412 0.518473 -0.298661 -0.177152 1 2.1 6 0.048 3 13 48
35.7043 1 -21.71 5.67836 -218.727 -0.781214 0.518771 -0.298594 -0.177266 1 2.1 6 0.048 3 13 48
35.7223 1 -21.71 5.67836 -218.727 -0.78107 0.518987 -0.298545 -0.177348 1 2.1 6 0.048 3 13 48
35.739 1 -21.71 5.67836 -218.727 -0.780966 0.519145 -0.298509 -0.177409 1 2.1 6 0.048 3 13 48
35.7588 1 -21.71 5.67836 -218.727 -0.780892 0.519256 -0.298484 -0.177451 1 2.1 6 0.048 3 13 48
35.7755 1 -21.71 5.67836 -218.727 -0.780833 0.519345 -0.298463 -0.177485 1 2.1 6 0.048 3 13 48
35.8039 1 -21.71 5.67836 -218.727 -0.779863 0.5208 -0.298132 -0.178041 1 2.1 6 0.048 3 13 48
35.8257 1 -21.71 5.67836 -218.727 -0.779042 0.522027 -0.297851 -0.178511 1 2.1 6 0.048 3 13 48
35.8423 1 -21.71 5.67836 -218.727 -0.778414 0.522963 -0.297636 -0.178869 1 2.1 6 0.048 3 13 48
35.8707 1 -21.71 5.67836 -218.727 -0.778018 0.523552 -0.297501 -0.179094 1 2.1 6 0.048 3 13 48
35.8874 1 -21.71 5.67836 -218.727 -0.777744 0.52396 -0.297407 -0.17925 1 2.1 6 0.048 3 13 48
35.9148 1 -21.71 5.67836 -218.727 -0.777568 0.52422 -0.297347 -0.179349 1 2.1 6 0.048 3 13 48
35.9314 1 -21.71 5.67836 -218.727 -0.777446 0.524401 -0.297305 -0.179418 1 2.1 6 0.048 3 13 48
35.959 1 -21.71 5.67836 -218.727 -0.777369 0.524516 -0.297279 -0.179462 1 2.1 6 0.048 3 13 48
35.9816 1 -21.71 5.67836 -218.727 -0.777309 0.524604 -0.297258 -0.179496 1 2.1 6 0.048 3 13 48
35.9983 1 -21.71 5.67836 -218.727 -0.776651 0.525578 -0.297033 -0.179868 1 2.1 6 0.048 3 13 48
36.0263 1 -21.71 5.67836 -218.727 -0.776001 0.526538 -0.296811 -0.180235 1 2.1 6 0.048 3 13 48
36.043 1 -21.71 5.67836 -218.727 -0.77551 0.527261 -0.296643 -0.180512 1 2.1 6 0.048 3 13 48
36.0709 1 -21.71 5.67836 -218.727 -0.775198 0.527718 -0.296536 -0.180687 1 2.1 6 0.048 3 13 48
36.0876 1 -21.71 5.67836 -218.727 -0.774982 0.528036 -0.296462 -0.180809 1 2.1 6 0.048 3 13 48
36.115 1 -21.71 5.67836 -218.727 -0.774844 0.528239 -0.296415 -0.180886 1 2.1 6 0.048 3 13 48
36.1375 1 -21.71 5.67836 -218.727 -0.774755 0.528369 -0.296384 -0.180936 1 2.1 6 0.048 3 13 48
36.1542 1 -21.71 5.67836 -218.727 -0.774686 0.52847 -0.29636 -0.180975 1 2.1 6 0.048 3 13 48
36.1829 1 -21.71 5.67836 -218.727 -0.773686 0.529933 -0.296018 -0.181534 1 2.1 6 0.048 3 13 48
36.1996 1 -21.71 5.67836 -218.727 -0.772835 0.531173 -0.295727 -0.182009 1 2.1 6 0.048 3 13 48
36.2268 1 -21.71 5.67836 -218.727 -0.772291 0.531964 -0.29554 -0.182311 1 2.1 6 0.048 3 13 48
36.2435 1 -21.71 5.67836 -218.727 -0.771911 0.532515 -0.29541 -0.182522 1 2.1 6 0.048 3 13 48
36.2709 1 -21.71 5.67836 -218.727 -0.771669 0.532866 -0.295327 -0.182657 1 2.1 6 0.048 3 13 48
36.2935 1 -21.71 5.67836 -218.727 -0.771513 0.533092 -0.295273 -0.182743 1 2.1 6 0.048 3 13 48
36.3102 1 -21.71 5.67836 -218.727 -0.771401 0.533253 -0.295235 -0.182805 1 2.1 6 0.048 3 13 48
36.3382 1 -21.71 5.67836 -218.727 -0.771331 0.533355 -0.295211 -0.182844 1 2.1 6 0.048 3 13 48
36.3549 1 -21.71 5.67836 -218.727 -0.771282 0.533426 -0.295194 -0.182871 1 2.1 6 0.048 3 13 48
36.3824 1 -21.71 5.67836 -218.727 -0.771251 0.533471 -0.295184 -0.182888 1 2.1 6 0.048 3 13 48
36.3991 1 -21.71 5.67836 -218.727 -0.771224 0.53351 -0.295174 -0.182903 1 2.1 6 0.048 3 13 48
36.4283 1 -21.71 5.67836 -218.727 -0.770229 0.534945 -0.294833 -0.183452 1 2.1 6 0.048 3 13 48
36.451 1 -21.71 5.67836 -218.727 -0.769391 0.53615 -0.294546 -0.183914 1 2.1 6 0.048 3 13 48
36.4676 1 -21.71 5.67836 -218.727 -0.768752 0.537065 -0.294327 -0.184264 1 2.1 6 0.048 3 13 48
36.4982 1 -21.71 5.67836 -218.727 -0.768361 0.537624 -0.294193 -0.184478 1 2.1 6 0.048 3 13 48
36.5149 1 -21.71 5.67836 -218.727 -0.768094 0.538007 -0.294101 -0.184625 1 2.1 6 0.048 3 13 48
36.5446 1 -21.71 5.67836 -218.727 -0.767928 0.538244 -0.294044 -0.184715 1 2.1 6 0.048 3 13 48
36.5612 1 -21.71 5.67836 -218.727 -0.767813 0.538406 -0.294004 -0.184778 1 2.1 6 0.048 3 13 48
36.5911 1 -21.71 5.67836 -218.727 -0.767743 0.538507 -0.29398 -0.184816 1 2.1 6 0.048 3 13 48
36.6148 1 -21.71 5.67836 -218.727 -0.767688 0.538586 -0.293961 -0.184846 1 2.1 6 0.048 3 13 48
36.6315 1 -21.71 5.67836 -218.727 -0.767016 0.539542 -0.293731 -0.185212 1 2.1 6 0.048 3 13 48
36.6618 1 -21.71 5.67836 -218.727 -0.766349 0.540489 -0.293502 -0.185575 1 2.1 6 0.048 3 13 48
36.6785 1 -21.71 5.67836 -218.727 -0.76585 0.541195 -0.293331 -0.185845 1 2.1 6 0.048 3 13 48
36.7087 1 -21.71 5.67836 -218.727 -0.765544 0.541628 -0.293225 -0.186011 1 2.1 6 0.048 3 13 48
36.7254 1 -21.71 5.67836 -218.727 -0.765334 0.541926 -0.293153 -0.186125 1 2.1 6 0.048 3 13 48
36.755 1 -21.71 5.67836 -218.727 -0.765203 0.54211 -0.293108 -0.186196 1 2.1 6 0.048 3 13 48
36.7787 1 -21.71 5.67836 -218.727 -0.765122 0.542225 -0.29308 -0.18624 1 2.1 6 0.048 3 13 48
36.7954 1 -21.71 5.67836 -218.727 -0.765058 0.542315 -0.293058 -0.186274 1 2.1 6 0.048 3 13 48
36.8265 1 -21.71 5.67836 -218.727 -0.763975 0.543839 -0.292686 -0.186858 1 2.1 6 0.048 3 13 48
36.8432 1 -21.71 5.67836 -218.727 -0.763072 0.545106 -0.292376 -0.187344 1 2.1 6 0.048 3 13 48
36.8723 1 -21.71 5.67836 -218.727 -0.762445 0.545982 -0.292161 -0.187679 1 2.1 6 0.048 3 13 48
36.889 1 -21.71 5.67836 -218.727 -0.762002 0.5466 -0.292008 -0.187916 1 2.1 6 0.048 3 13 48
36.9193 1 -21.71 5.67836 -218.727 -0.76173 0.546979 -0.291915 -0.188062 1 2.1 6 0.048 3 13 48
36.9426 1 -21.71 5.67836 -218.727 -0.761559 0.547217 -0.291856 -0.188153 1 2.1 6 0.048 3 13 48
36.9593 1 -21.71 5.67836 -218.727 -0.761437 0.547386 -0.291814 -0.188218 1 2.1 6 0.048 3 13 48
36.9895 1 -21.71 5.67836 -218.727 -0.761363 0.54749 -0.291789 -0.188257 1 2.1 6 0.048 3 13 48
37.0062 1 -21.71 5.67836 -218.727 -0.761306 0.547569 -0.291769 -0.188288 1 2.1 6 0.048 3 13 48
37.0368 1 -21.71 5.67836 -218.727 -0.760231 0.549061 -0.291399 -0.18886 1 2.1 6 0.048 3 13 48
37.0535 1 -21.71 5.67836 -218.727 -0.759329 0.550307 -0.291089 -0.189337 1 2.1 6 0.048 3 13 48
37.0826 1 -21.71 5.67836 -218.727 -0.758703 0.55117 -0.290874 -0.189668 1 2.1 6 0.048 3 13 48
37.1062 1 -21.71 5.67836 -218.727 -0.758296 0.551731 -0.290733 -0.189883 1 2.1 6 0.048 3 13 48
37.1229 1 -21.71 5.67836 -218.727 -0.758006 0.552129 -0.290634 -0.190035 1 2.1 6 0.048 3 13 48
37.1532 1 -21.71 5.67836 -218.727 -0.757828 0.552373 -0.290572 -0.190129 1 2.1 6 0.048 3 13 48
37.1699 1 -21.71 5.67836 -218.727 -0.757706 0.55254 -0.29053 -0.190193 1 2.1 6 0.048 3 13 48
37.1996 1 -21.71 5.67836 -218.727 -0.75763 0.552644 -0.290504 -0.190233 1 2.1 6 0.048 3 13 48
37.2162 1 -21.71 5.67836 -218.727 -0.757573 0.552723 -0.290485 -0.190263 1 2.1 6 0.048 3 13 48
37.2469 1 -21.71 5.67836 -218.727 -0.756487 0.554208 -0.290111 -0.190833 1 2.1 6 0.048 3 13 48
37.2697 1 -21.71 5.67836 -218.727 -0.755588 0.555433 -0.289801 -0.191303 1 2.1 6 0.048 3 13 48
37.2863 1 -21.71 5.67836 -218.727 -0.754905 0.556361 -0.289566 -0.191659 1 2.1 6 0.048 3 13 48
37.3167 1 -21.71 5.67836 -218.727 -0.754485 0.55693 -0.289421 -0.191877 1 2.1 6 0.048 3 13 48
37.3334 1 -21.71 5.67836 -218.727 -0.754198 0.557319 -0.289322 -0.192026 1 2.1 6 0.048 3 13 48
37.3627 1 -21.71 5.67836 -218.727 -0.754019 0.557561 -0.289261 -0.192119 1 2.1 6 0.048 3 13 48
37.3794 1 -21.71 5.67836 -218.727 -0.753895 0.557728 -0.289218 -0.192183 1 2.1 6 0.048 3 13 48
37.4091 1 -21.71 5.67836 -218.727 -0.753802 0.557855 -0.289186 -0.192232 1 2.1 6 0.048 3 13 48
37.4334 1 -21.71 5.67836 -218.727 -0.752845 0.559145 -0.288856 -0.192727 1 2.1 6 0.048 3 13 48
37.4501 1 -21.71 5.67836 -218.727 -0.752002 0.560278 -0.288566 -0.193161 1 2.1 6 0.048 3 13 48
37.4794 1 -21.71 5.67836 -218.727 -0.751414 0.561067 -0.288363 -0.193464 1 2.1 6 0.048 3 13 48
37.4961 1 -21.71 5.67836 -218.727 -0.751007 0.561611 -0.288222 -0.193673 1 2.1 6 0.048 3 13 48
37.5256 1 -21.71 5.67836 -218.727 -0.750755 0.561948 -0.288135 -0.193802 1 2.1 6 0.048 3 13 48
37.5423 1 -21.71 5.67836 -218.727 -0.750581 0.56218 -0.288076 -0.193891 1 2.1 6 0.048 3 13 48
37.5719 1 -21.71 5.67836 -218.727 -0.750474 0.562324 -0.288038 -0.193946 1 2.1 6 0.048 3 13 48
37.5954 1 -21.71 5.67836 -218.727 -0.750406 0.562414 -0.288015 -0.193981 1 2.1 6 0.048 3 13 48
37.612 1 -21.71 5.67836 -218.727 -0.750352 0.562486 -0.287996 -0.194009 1 2.1 6 0.048 3 13 48
37.6428 1 -21.71 5.67836 -218.727 -0.749248 0.563956 -0.287616 -0.194573 1 2.1 6 0.048 3 13 48
37.6594 1 -21.71 5.67836 -218.727 -0.748323 0.565183 -0.287296 -0.195044 1 2.1 6 0.048 3 13 48
37.6882 1 -21.71 5.67836 -218.727 -0.747679 0.566035 -0.287074 -0.195371 1 2.1 6 0.048 3 13 48
37.7049 1 -21.71 5.67836 -218.727 -0.747222 0.566637 -0.286917 -0.195602 1 2.1 6 0.048 3 13 48
37.7346 1 -21.71 5.67836 -218.727 -0.74694 0.567009 -0.286819 -0.195745 1 2.1 6 0.048 3 13 48
37.7578 1 -21.71 5.67836 -218.727 -0.746762 0.567244 -0.286758 -0.195835 1 2.1 6 0.048 3 13 48
37.7745 1 -21.71 5.67836 -218.727 -0.746635 0.567411 -0.286714 -0.195899 1 2.1 6 0.048 3 13 48
37.8043 1 -21.71 5.67836 -218.727 -0.746557 0.567514 -0.286687 -0.195939 1 2.1 6 0.048 3 13 48
37.821 1 -21.71 5.67836 -218.727 -0.746497 0.567593 -0.286666 -0.195969 1 2.1 6 0.048 3 13 48
37.8512 1 -21.71 5.67836 -218.727 -0.745394 0.569041 -0.286285 -0.196525 1 2.1 6 0.048 3 13 48
37.8678 1 -21.71 5.67836 -218.727 -0.744466 0.570254 -0.285965 -0.196991 1 2.1 6 0.048 3 13 48
37.8965 1 -21.71 5.67836 -218.727 -0.743819 0.571098 -0.285741 -0.197315 1 2.1 6 0.048 3 13 48
37.9202 1 -21.71 5.67836 -218.727 -0.74341 0.571629 -0.2856 -0.19752 1 2.1 6 0.048 3 13 48
37.9368 1 -21.71 5.67836 -218.727 -0.74312 0.572006 -0.2855 -0.197664 1 2.1 6 0.048 3 13 48
37.9664 1 -21.71 5.67836 -218.727 -0.742941 0.57224 -0.285438 -0.197754 1 2.1 6 0.048 3 13 48
37.983 1 -21.71 5.67836 -218.727 -0.742817 0.572401 -0.285395 -0.197816 1 2.1 6 0.048 3 13 48
38.0124 1 -21.71 5.67836 -218.727 -0.74274 0.572501 -0.285368 -0.197854 1 2.1 6 0.048 3 13 48
38.0291 1 -21.71 5.67836 -218.727 -0.742681 0.572577 -0.285348 -0.197884 1 2.1 6 0.048 3 13 48
38.0594 1 -21.71 5.67836 -218.727 -0.741566 0.57402 -0.284962 -0.198438 1 2.1 6 0.048 3 13 48
38.0819 1 -21.71 5.67836 -218.727 -0.74064 0.575214 -0.284642 -0.198897 1 2.1 6 0.048 3 13 48
38.0986 1 -21.71 5.67836 -218.727 -0.739977 0.576066 -0.284413 -0.199225 1 2.1 6 0.048 3 13 48
38.1283 1 -21.71 5.67836 -218.727 -0.739567 0.576593 -0.284271 -0.199427 1 2.1 6 0.048 3 13 48
38.1449 1 -21.71 5.67836 -218.727 -0.739285 0.576955 -0.284174 -0.199566 1 2.1 6 0.048 3 13 48
38.1742 1 -21.71 5.67836 -218.727 -0.739109 0.57718 -0.284113 -0.199653 1 2.1 6 0.048 3 13 48
38.1909 1 -21.71 5.67836 -218.727 -0.738982 0.577343 -0.284069 -0.199715 1 2.1 6 0.048 3 13 48
38.221 1 -21.71 5.67836 -218.727 -0.737821 0.578826 -0.283667 -0.200285 1 2.1 6 0.048 3 13 48
38.2436 1 -21.71 5.67836 -218.727 -0.736863 0.580045 -0.283336 -0.200754 1 2.1 6 0.048 3 13 48
38.2602 1 -21.71 5.67836 -218.727 -0.736135 0.580968 -0.283084 -0.201109 1 2.1 6 0.048 3 13 48
38.2902 1 -21.71 5.67836 -218.727 -0.735686 0.581536 -0.282929 -0.201328 1 2.1 6 0.048 3 13 48
38.3069 1 -21.71 5.67836 -218.727 -0.735377 0.581927 -0.282822 -0.201478 1 2.1 6 0.048 3 13 48
38.3359 1 -21.71 5.67836 -218.727 -0.735184 0.582171 -0.282755 -0.201572 1 2.1 6 0.048 3 13 48
38.3526 1 -21.71 5.67836 -218.727 -0.735051 0.582339 -0.282709 -0.201636 1 2.1 6 0.048 3 13 48
38.3819 1 -21.71 5.67836 -218.727 -0.734968 0.582444 -0.28268 -0.201677 1 2.1 6 0.048 3 13 48
38.4052 1 -21.71 5.67836 -218.727 -0.734905 0.582524 -0.282658 -0.201708 1 2.1 6 0.048 3 13 48
38.4219 1 -21.71 5.67836 -218.727 -0.734175 0.583443 -0.282405 -0.202061 1 2.1 6 0.048 3 13 48
38.4516 1 -21.71 5.67836 -218.727 -0.733453 0.584351 -0.282155 -0.20241 1 2.1 6 0.048 3 13 48
38.4683 1 -21.71 5.67836 -218.727 -0.732911 0.58503 -0.281968 -0.202671 1 2.1 6 0.048 3 13 48
38.4978 1 -21.71 5.67836 -218.727 -0.732575 0.58545 -0.281851 -0.202833 1 2.1 6 0.048 3 13 48
38.5144 1 -21.71 5.67836 -218.727 -0.732344 0.58574 -0.281771 -0.202945 1 2.1 6 0.048 3 13 48
38.5435 1 -21.71 5.67836 -218.727 -0.732199 0.585921 -0.281721 -0.203014 1 2.1 6 0.048 3 13 48
38.5669 1 -21.71 5.67836 -218.727 -0.732108 0.586035 -0.281689 -0.203058 1 2.1 6 0.048 3 13 48
38.5836 1 -21.71 5.67836 -218.727 -0.732037 0.586123 -0.281665 -0.203092 1 2.1 6 0.048 3 13 48
38.6139 1 -21.71 5.67836 -218.727 -0.730888 0.587555 -0.281266 -0.203643 1 2.1 6 0.048 3 13 48
38.6306 1 -21.71 5.67836 -218.727 -0.729924 0.588753 -0.280932 -0.204104 1 2.1 6 0.048 3 13 48
38.659 1 -21.71 5.67836 -218.727 -0.729251 0.589587 -0.280699 -0.204425 1 2.1 6 0.048 3 13 48
38.6757 1 -21.71 5.67836 -218.727 -0.728773 0.590177 -0.280533 -0.204652 1 2.1 6 0.048 3 13 48
38.7052 1 -21.71 5.67836 -218.727 -0.728476 0.590543 -0.28043 -0.204793 1 2.1 6 0.048 3 13 48
38.7283 1 -21.71 5.67836 -218.727 -0.728289 0.590774 -0.280365 -0.204882 1 2.1 6 0.048 3 13 48
38.745 1 -21.71 5.67836 -218.727 -0.728155 0.590939 -0.280319 -0.204945 1 2.1 6 0.048 3 13 48
38.7746 1 -21.71 5.67836 -218.727 -0.728073 0.591041 -0.28029 -0.204985 1 2.1 6 0.048 3 13 48
38.7913 1 -21.71 5.67836 -218.727 -0.72801 0.591119 -0.280268 -0.205015 1 2.1 6 0.048 3 13 48
38.8212 1 -21.71 5.67836 -218.727 -0.726868 0.592522 -0.279872 -0.205555 1 2.1 6 0.048 3 13 48
38.8378 1 -21.71 5.67836 -218.727 -0.725906 0.5937 -0.279539 -0.206009 1 2.1 6 0.048 3 13 48
38.8666 1 -21.71 5.67836 -218.727 -0.725302 0.594437 -0.279329 -0.206292 1 2.1 6 0.048 3 13 48
38.8896 1 -21.71 5.67836 -218.727 -0.724918 0.594905 -0.279196 -0.206473 1 2.1 6 0.048 3 13 48
38.9062 1 -21.71 5.67836 -218.727 -0.724645 0.595239 -0.279101 -0.206601 1 2.1 6 0.048 3 13 48
38.9358 1 -21.71 5.67836 -218.727 -0.724475 0.595445 -0.279042 -0.206681 1 2.1 6 0.048 3 13 48
38.9524 1 -21.71 5.67836 -218.727 -0.724358 0.595588 -0.279001 -0.206736 1 2.1 6 0.048 3 13 48
38.9814 1 -21.71 5.67836 -218.727 -0.724285 0.595677 -0.278976 -0.20677 1 2.1 6 0.048 3 13 48
38.9981 1 -21.71 5.67836 -218.727 -0.724234 0.595738 -0.278958 -0.206793 1 2.1 6 0.048 3 13 48
39.0272 1 -21.71 5.67836 -218.727 -0.724203 0.595776 -0.278948 -0.206808 1 2.1 6 0.048 3 13 48
39.0505 1 -21.71 5.67836 -218.727 -0.724171 0.595815 -0.278937 -0.206823 1 2.1 6 0.048 3 13 48
39.0671 1 -21.71 5.67836 -218.727 -0.723451 0.596689 -0.278686 -0.20716 1 2.1 6 0.048 3 13 48
39.0968 1 -21.71 5.67836 -218.727 -0.723004 0.59723 -0.278532 -0.207368 1 2.1 6 0.048 3 13 48
39.1135 1 -21.71 5.67836 -218.727 -0.722697 0.597602 -0.278425 -0.207511 1 2.1 6 0.048 3 13 48
39.1423 1 -21.71 5.67836 -218.727 -0.722505 0.597834 -0.278358 -0.207601 1 2.1 6 0.048 3 13 48
39.159 1 -21.71 5.67836 -218.727 -0.722372 0.597995 -0.278312 -0.207663 1 2.1 6 0.048 3 13 48
39.188 1 -21.71 5.67836 -218.727 -0.722289 0.598095 -0.278283 -0.207702 1 2.1 6 0.048 3 13 48
39.2113 1 -21.71 5.67836 -218.727 -0.722236 0.598159 -0.278265 -0.207726 1 2.1 6 0.048 3 13 48
39.228 1 -21.71 5.67836 -218.727 -0.722199 0.598204 -0.278252 -0.207743 1 2.1 6 0.048 3 13 48
39.2574 1 -21.71 5.67836 -218.727 -0.722176 0.598232 -0.278244 -0.207754 1 2.1 6 0.048 3 13 48
39.2741 1 -21.71 5.67836 -218.727 -0.72216 0.598251 -0.278238 -0.207762 1 2.1 6 0.048 3 13 48
39.3031 1 -21.71 5.67836 -218.727 -0.72215 0.598263 -0.278235 -0.207766 1 2.1 6 0.048 3 13 48
39.3197 1 -21.71 5.67836 -218.727 -0.722137 0.598279 -0.27823 -0.207772 1 2.1 6 0.048 3 13 48
39.3497 1 -21.71 5.67836 -218.727 -0.721011 0.599634 -0.277839 -0.208295 1 2.1 6 0.048 3 13 48
39.372 1 -21.71 5.67836 -218.727 -0.720068 0.600767 -0.277512 -0.208731 1 2.1 6 0.048 3 13 48
39.3887 1 -21.71 5.67836 -218.727 -0.719348 0.601629 -0.277261 -0.209063 1 2.1 6 0.048 3 13 48
39.4184 1 -21.71 5.67836 -218.727 -0.718902 0.602162 -0.277106 -0.209269 1 2.1 6 0.048 3 13 48
39.4351 1 -21.71 5.67836 -218.727 -0.718595 0.602528 -0.277 -0.20941 1 2.1 6 0.048 3 13 48
39.4638 1 -21.71 5.67836 -218.727 -0.718403 0.602757 -0.276933 -0.209498 1 2.1 6 0.048 3 13 48
39.4805 1 -21.71 5.67836 -218.727 -0.71827 0.602916 -0.276887 -0.209559 1 2.1 6 0.048 3 13 48
39.5095 1 -21.71 5.67836 -218.727 -0.718187 0.603015 -0.276858 -0.209597 1 2.1 6 0.048 3 13 48
39.5328 1 -21.71 5.67836 -218.727 -0.718134 0.603077 -0.27684 -0.209622 1 2.1 6 0.048 3 13 48
39.5495 1 -21.71 5.67836 -218.727 -0.718097 0.603122 -0.276827 -0.209639 1 2.1 6 0.048 3 13 48
39.579 1 -21.71 5.67836 -218.727 -0.718074 0.603149 -0.276819 -0.209649 1 2.1 6 0.048 3 13 48
39.5956 1 -21.71 5.67836 -218.727 -0.718058 0.603168 -0.276813 -0.209657 1 2.1 6 0.048 3 13 48
39.6247 1 -21.71 5.67836 -218.727 -0.718048 0.60318 -0.27681 -0.209661 1 2.1 6 0.048 3 13 48
39.6414 1 -21.71 5.67836 -218.727 -0.718035 0.603196 -0.276805 -0.209667 1 2.1 6 0.048 3 13 48
39.6696 1 -21.71 5.67836 -218.727 -0.71695 0.604485 -0.276428 -0.210164 1 2.1 6 0.048 3 13 48
39.691 1 -21.71 5.67836 -218.727 -0.716023 0.605583 -0.276106 -0.210588 1 2.1 6 0.048 3 13 48
39.7076 1 -21.71 5.67836 -218.727 -0.715312 0.606423 -0.275858 -0.210911 1 2.1 6 0.048 3 13 48
39.7351 1 -21.71 5.67836 -218.727 -0.714858 0.606957 -0.2757 -0.211118 1 2.1 6 0.048 3 13 48
39.7518 1 -21.71 5.67836 -218.727 -0.714542 0.607329 -0.275591 -0.211261 1 2.1 6 0.048 3 13 48
39.7783 1 -21.71 5.67836 -218.727 -0.714338 0.607569 -0.27552 -0.211353 1 2.1 6 0.048 3 13 48
39.795 1 -21.71 5.67836 -218.727 -0.714196 0.607736 -0.27547 -0.211418 1 2.1 6 0.048 3 13 48
39.8218 1 -21.71 5.67836 -218.727 -0.714104 0.607844 -0.275438 -0.21146 1 2.1 6 0.048 3 13 48
39.844 1 -21.71 5.67836 -218.727 -0.714045 0.607914 -0.275417 -0.211487 1 2.1 6 0.048 3 13 48
39.8606 1 -21.71 5.67836 -218.727 -0.714002 0.607964 -0.275403 -0.211506 1 2.1 6 0.048 3 13 48
39.8879 1 -21.71 5.67836 -218.727 -0.713975 0.607996 -0.275393 -0.211518 1 2.1 6 0.048 3 13 48
39.9046 1 -21.71 5.67836 -218.727 -0.713956 0.608018 -0.275387 -0.211527 1 2.1 6 0.048 3 13 48
39.9314 1 -21.71 5.67836 -218.727 -0.713944 0.608032 -0.275382 -0.211532 1 2.1 6 0.048 3 13 48
39.948 1 -21.71 5.67836 -218.727 -0.713935 0.608042 -0.275379 -0.211536 1 2.1 6 0.048 3 13 48
39.9749 1 -21.71 5.67836 -218.727 -0.71393 0.608049 -0.275377 -0.211539 1 2.1 6 0.048 3 13 48
39.997 1 -21.71 5.67836 -218.727 -0.713926 0.608053 -0.275376 -0.21154 1 2.1 6 0.048 3 13 48
40.0137 1 -21.71 5.67836 -218.727 -0.713924 0.608056 -0.275375 -0.211541 1 2.1 6 0.048 3 13 48
40.041 1 -21.71 5.67836 -218.727 -0.713922 0.608058 -0.275375 -0.211542 1 2.1 6 0.048 3 13 48
40.0576 1 -21.71 5.67836 -218.727 -0.713921 0.608059 -0.275374 -0.211543 1 2.1 6 0.048 3 13 48
40.0845 1 -21.71 5.67836 -218.727 -0.71392 0.60806 -0.275374 -0.211543 1 2.1 6 0.048 3 13 48
40.1011 1 -21.71 5.67836 -218.727 -0.71392 0.608061 -0.275374 -0.211543 1 2.1 6 0.048 3 13 48
40.128 1 -21.71 5.67836 -218.727 -0.713919 0.608061 -0.275374 -0.211543 1 2.1 6 0.048 3 13 48
40.1502 1 -21.71 5.67836 -218.727 -0.713919 0.608061 -0.275374 -0.211544 1 2.1 6 0.048 3 13 48
40.1668 1 -21.71 5.67836 -218.727 -0.713919 0.608062 -0.275374 -0.211544 1 2.1 6 0.048 3 13 48
40.194 1 -21.71 5.67836 -218.727 -0.713919 0.608062 -0.275374 -0.211544 1 2.1 6 0.048 3 13 48
40.2107 1 -21.71 5.67836 -218.727 -0.713919 0.608062 -0.275374 -0.211544 1 2.1 6 0.048 3 13 48
40.2376 1 -21.71 5.67836 -218.727 -0.713919 0.608062 -0.275374 -0.211544 1 2.1 6 0.048 3 13 48
40.2542 1 -21.71 5.67836 -218.727 -0.713919 0.608062 -0.275374 -0.211544 1 2.1 6 0.048 3 13 48
40.2812 1 -21.71 5.67836 -218.727 -0.713919 0.608062 -0.275374 -0.211544 1 2.1 6 0.048 3 13 48
40.3033 1 -21.71 5.67836 -218.727 -0.713919 0.608062 -0.275374 -0.211544 1 2.1 6 0.048 3 13 48
40.32 1 -21.71 5.67836 -218.727 -0.713919 0.608062 -0.275374 -0.211544 1 2.1 6 0.048 3 13 48
40.3472 1 -21.71 5.67836 -218.727 -0.713919 0.608062 -0.275374 -0.211544 1 2.1 6 0.048 3 13 48
40.3639 1 -21.71 5.67836 -218.727 -0.713912 0.608069 -0.275371 -0.211547 1 2.1 6 0.048 3 13 48
40.3919 1 -21.71 5.67836 -218.727 -0.712829 0.609338 -0.274995 -0.212036 1 2.1 6 0.048 3 13 48
40.4086 1 -21.71 5.67836 -218.727 -0.711896 0.610429 -0.27467 -0.212457 1 2.1 6 0.048 3 13 48
40.4347 1 -21.71 5.67836 -218.727 -0.711291 0.611134 -0.274459 -0.212729 1 2.1 6 0.048 3 13 48
40.4566 1 -21.71 5.67836 -218.727 -0.710894 0.611595 -0.274321 -0.212907 1 2.1 6 0.048 3 13 48
40.4733 1 -21.71 5.67836 -218.727 -0.71061 0.611925 -0.274222 -0.213034 1 2.1 6 0.048 3 13 48
40.5005 1 -21.71 5.67836 -218.727 -0.710428 0.612136 -0.274159 -0.213116 1 2.1 6 0.048 3 13 48
40.5172 1 -21.71 5.67836 -218.727 -0.710302 0.612283 -0.274115 -0.213172 1 2.1 6 0.048 3 13 48
40.5441 1 -21.71 5.67836 -218.727 -0.71022 0.612377 -0.274087 -0.213209 1 2.1 6 0.048 3 13 48
40.5608 1 -21.71 5.67836 -218.727 -0.710164 0.612443 -0.274067 -0.213234 1 2.1 6 0.048 3 13 48
40.5878 1 -21.71 5.67836 -218.727 -0.710127 0.612485 -0.274054 -0.21325 1 2.1 6 0.048 3 13 48
40.6099 1 -21.71 5.67836 -218.727 -0.710104 0.612513 -0.274046 -0.213261 1 2.1 6 0.048 3 13 48
40.6266 1 -21.71 5.67836 -218.727 -0.710087 0.612532 -0.27404 -0.213268 1 2.1 6 0.048 3 13 48
40.6539 1 -21.71 5.67836 -218.727 -0.710076 0.612545 -0.274036 -0.213273 1 2.1 6 0.048 3 13 48
40.6706 1 -21.71 5.67836 -218.727 -0.710069 0.612553 -0.274034 -0.213277 1 2.1 6 0.048 3 13 48
40.6975 1 -21.71 5.67836 -218.727 -0.710064 0.612559 -0.274032 -0.213279 1 2.1 6 0.048 3 13 48
40.7141 1 -21.71 5.67836 -218.727 -0.71006 0.612563 -0.274031 -0.21328 1 2.1 6 0.048 3 13 48
40.7411 1 -21.71 5.67836 -218.727 -0.710058 0.612565 -0.27403 -0.213281 1 2.1 6 0.048 3 13 48
40.7633 1 -21.71 5.67836 -218.727 -0.710057 0.612567 -0.27403 -0.213282 1 2.1 6 0.048 3 13 48
40.78 1 -21.71 5.67836 -218.727 -0.710056 0.612568 -0.274029 -0.213282 1 2.1 6 0.048 3 13 48
40.8073 1 -21.71 5.67836 -218.727 -0.710055 0.612569 -0.274029 -0.213283 1 2.1 6 0.048 3 13 48
40.8239 1 -21.71 5.67836 -218.727 -0.710055 0.612569 -0.274029 -0.213283 1 2.1 6 0.048 3 13 48
40.8509 1 -21.71 5.67836 -218.727 -0.710054 0.61257 -0.274029 -0.213283 1 2.1 6 0.048 3 13 48
40.8676 1 -21.71 5.67836 -218.727 -0.710054 0.61257 -0.274029 -0.213283 1 2.1 6 0.048 3 13 48
40.8945 1 -21.71 5.67836 -218.727 -0.710054 0.61257 -0.274029 -0.213283 1 2.1 6 0.048 3 13 48
40.9167 1 -21.71 5.67836 -218.727 -0.710054 0.61257 -0.274029 -0.213283 1 2.1 6 0.048 3 13 48
40.9333 1 -21.71 5.67836 -218.727 -0.710054 0.61257 -0.274029 -0.213283 1 2.1 6 0.048 3 13 48
40.9607 1 -21.71 5.67836 -218.727 -0.710054 0.61257 -0.274029 -0.213283 1 2.1 6 0.048 3 13 48
40.9773 1 -21.71 5.67836 -218.727 -0.710054 0.61257 -0.274029 -0.213283 1 2.1 6 0.048 3 13 48
41.0042 1 -21.71 5.67836 -218.727 -0.710054 0.61257 -0.274029 -0.213283 1 2.1 6 0.048 3 13 48
41.0209 1 -21.71 5.67836 -218.727 -0.710054 0.61257 -0.274029 -0.213283 1 2.1 6 0.048 3 13 48
41.0477 1 -21.71 5.67836 -218.727 -0.710054 0.61257 -0.274029 -0.213283 1 2.1 6 0.048 3 13 48
41.07 1 -21.71 5.67836 -218.727 -0.710054 0.61257 -0.274029 -0.213283 1 2.1 6 0.048 3 13 48
41.0867 1 -21.71 5.67836 -218.727 -0.710054 0.61257 -0.274029 -0.213283 1 2.1 6 0.048 3 13 48
41.2234 1 -21.71 5.67836 -218.727 -0.710054 0.61257 -0.274029 -0.213283 1 2.1 6 0.048 3 13 48
41.24 1 -21.71 5.67836 -218.727 -0.710054 0.61257 -0.274029 -0.213283 1 2.1 6 0.048 3 13 48
41.2567 1 -21.71 5.67836 -218.727 -0.710054 0.61257 -0.274029 -0.213283 1 2.1 6 0.048 3 13 48
41.2734 1 -21.71 5.67836 -218.727 -0.710054 0.61257 -0.274029 -0.213283 1 2.1 6 0.048 3 13 48
41.29 1 -21.71 5.67836 -218.727 -0.710054 0.61257 -0.274029 -0.213283 1 2.1 6 0.048 3 13 48
41.3067 1 -21.71 5.67836 -218.727 -0.710054 0.61257 -0.274029 -0.213283 1 2.1 6 0.048 3 13 48
41.3234 1 -21.71 5.67836 -218.727 -0.710054 0.61257 -0.274029 -0.213283 1 2.1 6 0.048 3 13 48
41.34 1 -21.71 5.67836 -218.727 -0.710054 0.61257 -0.274029 -0.213283 1 2.1 6 0.048 3 13 48
41.3567 1 -21.71 5.67836 -218.727 -0.710054 0.61257 -0.274029 -0.213283 1 2.1 6 0.048 3 13 48
41.3734 1 -21.71 5.67836 -218.727 -0.710054 0.61257 -0.274029 -0.213283 1 2.1 6 0.048 3 13 48
41.39 1 -21.71 5.67836 -218.727 -0.710054 0.61257 -0.274029 -0.213283 1 2.1 6 0.048 3 13 48
41.4067 1 -21.71 5.67836 -218.727 -0.710054 0.61257 -0.274029 -0.213283 1 2.1 6 0.048 3 13 48
41.4234 1 -21.71 5.67836 -218.727 -0.710054 0.61257 -0.274029 -0.213283 1 2.1 6 0.048 3 13 48
41.44 1 -21.71 5.67836 -218.727 -0.710054 0.61257 -0.274029 -0.213283 1 2.1 6 0.048 3 13 48
41.4567 1 -21.71 5.67836 -218.727 -0.710054 0.61257 -0.274029 -0.213283 1 2.1 6 0.048 3 13 48
41.4734 1 -21.71 5.67836 -218.727 -0.710054 0.61257 -0.274029 -0.213283 1 2.1 6 0.048 3 13 48
41.49 1 -21.71 5.67836 -218.727 -0.710054 0.61257 -0.274029 -0.213283 1 2.1 6 0.048 3 13 48
41.5067 1 -21.71 5.67836 -218.727 -0.710054 0.61257 -0.274029 -0.213283 1 2.1 6 0.048 3 13 48
41.5234 1 -21.71 5.67836 -218.727 -0.710054 0.61257 -0.274029 -0.213283 1 2.1 6 0.048 3 13 48
41.54 1 -21.71 5.67836 -218.727 -0.710054 0.61257 -0.274029 -0.213283 1 2.1 6 0.048 3 13 48
41.5567 1 -21.71 5.67836 -218.727 -0.710054 0.61257 -0.274029 -0.213283 1 2.1 6 0.048 3 13 48
41.575 1 -21.71 5.67836 -218.727 -0.710054 0.61257 -0.274029 -0.213283 1 2.1 6 0.048 3 13 48
41.5916 1 -21.71 5.67836 -218.727 -0.710054 0.61257 -0.274029 -0.213283 1 2.1 6 0.048 3 13 48
41.6184 1 -21.71 5.67836 -218.727 -0.710054 0.61257 -0.274029 -0.213283 1 2.1 6 0.048 3 13 48
41.6351 1 -21.71 5.67836 -218.727 -0.710054 0.61257 -0.274029 -0.213283 1 2.1 6 0.048 3 13 48
41.6621 1 -21.71 5.67836 -218.727 -0.710054 0.61257 -0.274029 -0.213283 1 2.1 6 0.048 3 13 48
41.6839 1 -21.71 5.67836 -218.727 -0.710054 0.61257 -0.274029 -0.213283 1 2.1 6 0.048 3 13 48
41.7061 1 -21.71 5.67836 -218.727 -0.710054 0.61257 -0.274029 -0.213283 1 2.1 6 0.048 3 13 48
41.7284 1 -21.71 5.67836 -218.727 -0.710054 0.61257 -0.274029 -0.213283 1 2.1 6 0.048 3 13 48
41.745 1 -21.71 5.67836 -218.727 -0.710054 0.61257 -0.274029 -0.213283 1 2.1 6 0.048 3 13 48
41.7717 1 -21.71 5.67836 -218.727 -0.710054 0.61257 -0.274029 -0.213283 1 2.1 6 0.048 3 13 48
41.7884 1 -21.71 5.67836 -218.727 -0.710054 0.61257 -0.274029 -0.213283 1 2.1 6 0.048 3 13 48
41.8153 1 -21.71 5.67836 -218.727 -0.710054 0.61257 -0.274029 -0.213283 1 2.1 6 0.048 3 13 48
41.8378 1 -21.71 5.67836 -218.727 -0.710054 0.61257 -0.274029 -0.213283 1 2.1 6 0.048 3 13 48
41.8611 1 -21.71 5.67836 -218.727 -0.710054 0.61257 -0.274029 -0.213283 1 2.1 6 0.048 3 13 48
41.8845 1 -21.71 5.67836 -218.727 -0.710054 0.61257 -0.274029 -0.213283 1 2.1 6 0.048 3 13 48
41.9012 1 -21.71 5.67836 -218.727 -0.710054 0.61257 -0.274029 -0.213283 1 2.1 6 0.048 3 13 48
41.9302 1 -21.71 5.67836 -218.727 -0.710054 0.61257 -0.274029 -0.213283 1 2.1 6 0.048 3 13 48
41.9469 1 -21.71 5.67836 -218.727 -0.710054 0.61257 -0.274029 -0.213283 1 2.1 6 0.048 3 13 48
41.976 1 -21.71 5.67836 -218.727 -0.710054 0.61257 -0.274029 -0.213283 1 2.1 6 0.048 3 13 48
41.9989 1 -21.71 5.67836 -218.727 -0.710054 0.61257 -0.274029 -0.213283 1 2.1 6 0.048 3 13 48
42.0223 1 -21.71 5.67836 -218.727 -0.710054 0.61257 -0.274029 -0.213283 1 2.1 6 0.048 3 13 48
42.0456 1 -21.71 5.67836 -218.727 -0.710054 0.61257 -0.274029 -0.213283 1 2.1 6 0.048 3 13 48
42.0623 1 -21.71 5.67836 -218.727 -0.710054 0.61257 -0.274029 -0.213283 1 2.1 6 0.048 3 13 48
42.0913 1 -21.71 5.67836 -218.727 -0.710054 0.61257 -0.274029 -0.213283 1 2.1 6 0.048 3 13 48
42.108 1 -21.71 5.67836 -218.727 -0.710054 0.61257 -0.274029 -0.213283 1 2.1 6 0.048 3 13 48
42.1371 1 -21.71 5.67836 -218.727 -0.710054 0.61257 -0.274029 -0.213283 1 2.1 6 0.048 3 13 48
42.1601 1 -21.71 5.67836 -218.727 -0.710054 0.61257 -0.274029 -0.213283 1 2.1 6 0.048 3 13 48
42.1835 1 -21.71 5.67836 -218.727 -0.710054 0.61257 -0.274029 -0.213283 1 2.1 6 0.048 3 13 48
42.2068 1 -21.71 5.67836 -218.727 -0.710054 0.61257 -0.274029 -0.213283 1 2.1 6 0.048 3 13 48
42.2235 1 -21.71 5.67836 -218.727 -0.710054 0.61257 -0.274029 -0.213283 1 2.1 6 0.048 3 13 48
42.2527 1 -21.71 5.67836 -218.727 -0.710054 0.61257 -0.274029 -0.213283 1 2.1 6 0.048 3 13 48
42.2694 1 -21.71 5.67836 -218.727 -0.710054 0.61257 -0.274029 -0.213283 1 2.1 6 0.048 3 13 48
42.2985 1 -21.71 5.67836 -218.727 -0.710054 0.61257 -0.274029 -0.213283 1 2.1 6 0.048 3 13 48
42.3215 1 -21.71 5.67836 -218.727 -0.710054 0.61257 -0.274029 -0.213283 1 2.1 6 0.048 3 13 48
42.345 1 -21.71 5.67836 -218.727 -0.710054 0.61257 -0.274029 -0.213283 1 2.1 6 0.048 3 13 48
42.3685 1 -21.71 5.67836 -218.727 -0.710054 0.61257 -0.274029 -0.213283 1 2.1 6 0.048 3 13 48
42.3851 1 -21.71 5.67836 -218.727 -0.710054 0.61257 -0.274029 -0.213283 1 2.1 6 0.048 3 13 48
42.4143 1 -21.71 5.67836 -218.727 -0.710054 0.61257 -0.274029 -0.213283 1 2.1 6 0.048 3 13 48
42.4309 1 -21.71 5.67836 -218.727 -0.710054 0.61257 -0.274029 -0.213283 1 2.1 6 0.048 3 13 48
42.4602 1 -21.71 5.67836 -218.727 -0.710054 0.61257 -0.274029 -0.213283 1 2.1 6 0.048 3 13 48
42.4832 1 -21.71 5.67836 -218.727 -0.710054 0.61257 -0.274029 -0.213283 1 2.1 6 0.048 3 13 48
42.5066 1 -21.71 5.67836 -218.727 -0.710054 0.61257 -0.274029 -0.213283 1 2.1 6 0.048 3 13 48
42.53 1 -21.71 5.67836 -218.727 -0.710054 0.61257 -0.274029 -0.213283 1 2.1 6 0.048 3 13 48
42.5466 1 -21.71 5.67836 -218.727 -0.710054 0.61257 -0.274029 -0.213283 1 2.1 6 0.048 3 13 48
42.5758 1 -21.71 5.67836 -218.727 -0.710054 0.61257 -0.274029 -0.213283 1 2.1 6 0.048 3 13 48
42.5925 1 -21.71 5.67836 -218.727 -0.710054 0.61257 -0.274029 -0.213283 1 2.1 6 0.048 3 13 48
42.6217 1 -21.71 5.67836 -218.727 -0.710054 0.61257 -0.274029 -0.213283 1 2.1 6 0.048 3 13 48
42.6447 1 -21.71 5.67836 -218.727 -0.710054 0.61257 -0.274029 -0.213283 1 2.1 6 0.048 3 13 48
42.6681 1 -21.71 5.67836 -218.727 -0.710054 0.61257 -0.274029 -0.213283 1 2.1 6 0.048 3 13 48
42.6914 1 -21.71 5.67836 -218.727 -0.710054 0.61257 -0.274029 -0.213283 1 2.1 6 0.048 3 13 48
42.7081 1 -21.71 5.67836 -218.727 -0.710054 0.61257 -0.274029 -0.213283 1 2.1 6 0.048 3 13 48
42.7373 1 -21.71 5.67836 -218.727 -0.710054 0.61257 -0.274029 -0.213283 1 2.1 6 0.048 3 13 48
42.754 1 -21.71 5.67836 -218.727 -0.710054 0.61257 -0.274029 -0.213283 1 2.1 6 0.048 3 13 48
42.7832 1 -21.71 5.67836 -218.727 -0.710054 0.61257 -0.274029 -0.213283 1 2.1 6 0.048 3 13 48
42.8062 1 -21.71 5.67836 -218.727 -0.710054 0.61257 -0.274029 -0.213283 1 2.1 6 0.048 3 13 48
42.8295 1 -21.71 5.67836 -218.727 -0.710054 0.61257 -0.274029 -0.213283 1 2.1 6 0.048 3 13 48
42.8529 1 -21.71 5.67836 -218.727 -0.710054 0.61257 -0.274029 -0.213283 1 2.1 6 0.048 3 13 48
42.8696 1 -21.71 5.67807 -218.727 -0.710054 0.61257 -0.274029 -0.213283 1 2.1 6 0.048 3 13 48
42.8993 1 -21.7134 5.65333 -218.73 -0.710054 0.61257 -0.274029 -0.213283 1 2.1 6 0.048 3 13 48
42.916 1 -21.7154 5.64114 -218.731 -0.710054 0.61257 -0.274029 -0.213283 1 2.1 6 0.048 3 13 48
42.9445 1 -21.7177 5.62745 -218.733 -0.710054 0.61257 -0.274029 -0.213283 1 2.1 6 0.048 3 13 48
42.9675 1 -21.7197 5.61739 -218.735 -0.710054 0.61257 -0.274029 -0.213283 1 2.1 6 0.048 3 13 48
42.9909 1 -21.7215 5.6086 -218.736 -0.710054 0.61257 -0.274029 -0.213283 1 2.1 6 0.048 3 13 48
43.0143 1 -21.7233 5.60068 -218.737 -0.710054 0.61257 -0.274029 -0.213283 1 2.1 6 0.048 3 13 48
43.0309 1 -21.725 5.59347 -218.739 -0.710054 0.61257 -0.274029 -0.213283 1 2.1 6 0.048 3 13 48
43.06 1 -21.7267 5.58666 -218.74 -0.710054 0.61257 -0.274029 -0.213283 1 2.1 6 0.048 3 13 48
43.0767 1 -21.7283 5.57981 -218.741 -0.710054 0.61257 -0.274029 -0.213283 1 2.1 6 0.048 3 13 48
43.1058 1 -21.73 5.57348 -218.743 -0.710054 0.61257 -0.274029 -0.213283 1 2.1 6 0.048 3 13 48
43.1288 1 -21.7316 5.56686 -218.744 -0.710054 0.61257 -0.274029 -0.213283 1 2.1 6 0.048 3 13 48
43.1521 1 -21.7333 5.56036 -218.745 -0.710054 0.61257 -0.274029 -0.213283 1 2.1 6 0.048 3 13 48
43.1754 1 -21.7349 5.55393 -218.746 -0.710054 0.61257 -0.274029 -0.213283 1 2.1 6 0.048 3 13 48
43.1921 1 -21.7366 5.54737 -218.748 -0.710054 0.61257 -0.274029 -0.213283 1 2.1 6 0.048 3 13 48
43.2213 1 -21.7382 5.54146 -218.749 -0.710054 0.61257 -0.274029 -0.213283 1 2.1 6 0.048 3 13 48
43.2379 1 -21.7398 5.53488 -218.75 -0.710054 0.61257 -0.274029 -0.213283 1 2.1 6 0.048 3 13 48
43.267 1 -21.7414 5.52894 -218.751 -0.710054 0.61257 -0.274029 -0.213283 1 2.1 6 0.048 3 13 48
43.29 1 -21.7431 5.52249 -218.753 -0.710054 0.61257 -0.274029 -0.213283 1 2.1 6 0.048 3 13 48
43.3133 1 -21.7447 5.51611 -218.754 -0.710054 0.61257 -0.274029 -0.213283 1 2.1 6 0.048 3 13 48
43.3367 1 -21.7464 5.50976 -218.755 -0.710054 0.61257 -0.274029 -0.213283 1 2.1 6 0.048 3 13 48
43.3533 1 -21.748 5.50323 -218.757 -0.710054 0.61257 -0.274029 -0.213283 1 2.1 6 0.048 3 13 48
43.3829 1 -21.7496 5.4974 -218.758 -0.710054 0.61257 -0.274029 -0.213283 1 2.1 6 0.048 3 13 48
43.3996 1 -21.7512 5.49082 -218.759 -0.710054 0.61257 -0.274029 -0.213283 1 2.1 6 0.048 3 13 48
43.4281 1 -21.7528 5.48485 -218.76 -0.710054 0.61257 -0.274029 -0.213283 1 2.1 6 0.048 3 13 48
43.451 1 -21.7544 5.47896 -218.762 -0.710054 0.61257 -0.274029 -0.213283 1 2.1 6 0.048 3 13 48
43.475 1 -21.7531 5.49387 -218.761 -0.710054 0.61257 -0.274029 -0.213283 1 2.1 6 0.048 3 13 48
43.4977 1 -21.7524 5.50292 -218.76 -0.710054 0.61257 -0.274029 -0.213283 1 2.1 6 0.048 3 13 48
43.5144 1 -21.7522 5.50698 -218.76 -0.710054 0.61257 -0.274029 -0.213283 1 2.1 6 0.048 3 13 48
43.5434 1 -21.7516 5.51263 -218.759 -0.710054 0.61257 -0.274029 -0.213283 1 2.1 6 0.048 3 13 48
43.56 1 -21.7515 5.51438 -218.759 -0.710054 0.61257 -0.274029 -0.213283 1 2.1 6 0.048 3 13 48
43.5891 1 -21.7513 5.51684 -218.759 -0.710054 0.61257 -0.274029 -0.213283 1 2.1 6 0.048 3 13 48
43.6121 1 -21.7512 5.51796 -218.759 -0.710054 0.61257 -0.274029 -0.213283 1 2.1 6 0.048 3 13 48
43.6354 1 -21.7512 5.51815 -218.759 -0.710054 0.61257 -0.274029 -0.213283 1 2.1 6 0.048 3 13 48
43.6593 1 -21.7541 5.49742 -218.761 -0.710054 0.61257 -0.274029 -0.213283 1 2.1 6 0.048 3 13 48
43.676 1 -21.7561 5.48491 -218.763 -0.710054 0.61257 -0.274029 -0.213283 1 2.1 6 0.048 3 13 48
43.7044 1 -21.7584 5.47081 -218.765 -0.710054 0.61257 -0.274029 -0.213283 1 2.1 6 0.048 3 13 48
43.7211 1 -21.7602 5.46166 -218.766 -0.710054 0.61257 -0.274029 -0.213283 1 2.1 6 0.048 3 13 48
43.7501 1 -21.7622 5.45211 -218.768 -0.710054 0.61257 -0.274029 -0.213283 1 2.1 6 0.048 3 13 48
43.7731 1 -21.764 5.44402 -218.769 -0.710054 0.61257 -0.274029 -0.213283 1 2.1 6 0.048 3 13 48
43.7964 1 -21.7657 5.43654 -218.77 -0.710054 0.61257 -0.274029 -0.213283 1 2.1 6 0.048 3 13 48
43.8197 1 -21.7674 5.42947 -218.772 -0.710054 0.61257 -0.274029 -0.213283 1 2.1 6 0.048 3 13 48
43.8364 1 -21.7691 5.42264 -218.773 -0.710054 0.61257 -0.274029 -0.213283 1 2.1 6 0.048 3 13 48
43.8653 1 -21.7707 5.41633 -218.774 -0.710054 0.61257 -0.274029 -0.213283 1 2.1 6 0.048 3 13 48
43.882 1 -21.7723 5.40963 -218.775 -0.710054 0.61257 -0.274029 -0.213283 1 2.1 6 0.048 3 13 48
43.9111 1 -21.774 5.40353 -218.777 -0.710054 0.61257 -0.274029 -0.213283 1 2.1 6 0.048 3 13 48
43.934 1 -21.7756 5.39701 -218.778 -0.710054 0.61257 -0.274029 -0.213283 1 2.1 6 0.048 3 13 48
43.9573 1 -21.7773 5.39058 -218.779 -0.710054 0.61257 -0.274029 -0.213283 1 2.1 6 0.048 3 13 48
43.9806 1 -21.7789 5.3842 -218.781 -0.710054 0.61257 -0.274029 -0.213283 1 2.1 6 0.048 3 13 48
43.9973 1 -21.7805 5.37795 -218.782 -0.710054 0.61257 -0.274029 -0.213283 1 2.1 6 0.048 3 13 48
44.0265 1 -21.7787 5.39654 -218.78 -0.710054 0.61257 -0.274029 -0.213283 1 2.1 6 0.048 3 13 48
44.0432 1 -21.7784 5.4022 -218.78 -0.710054 0.61257 -0.274029 -0.213283 1 2.1 6 0.048 3 13 48
44.072 1 -21.7777 5.41004 -218.78 -0.710054 0.61257 -0.274029 -0.213283 1 2.1 6 0.048 3 13 48
44.0949 1 -21.7774 5.41368 -218.779 -0.710054 0.61257 -0.274029 -0.213283 1 2.1 6 0.048 3 13 48
44.1182 1 -21.7772 5.4161 -218.779 -0.710054 0.61257 -0.274029 -0.213283 1 2.1 6 0.048 3 13 48
44.1414 1 -21.777 5.41767 -218.779 -0.710054 0.61257 -0.274029 -0.213283 1 2.1 6 0.048 3 13 48
44.1581 1 -21.777 5.41835 -218.779 -0.710054 0.61257 -0.274029 -0.213283 1 2.1 6 0.048 3 13 48
44.187 1 -21.7769 5.4193 -218.779 -0.710054 0.61257 -0.274029 -0.213283 1 2.1 6 0.048 3 13 48
44.2037 1 -21.7769 5.4196 -218.779 -0.710054 0.61257 -0.274029 -0.213283 1 2.1 6 0.048 3 13 48
44.2327 1 -21.7768 5.42001 -218.779 -0.710054 0.61257 -0.274029 -0.213283 1 2.1 6 0.048 3 13 48
44.2555 1 -21.7768 5.4202 -218.779 -0.710054 0.61257 -0.274029 -0.213283 1 2.1 6 0.048 3 13 48
44.2789 1 -21.7768 5.42032 -218.779 -0.710054 0.61257 -0.274029 -0.213283 1 2.1 6 0.048 3 13 48
44.3022 1 -21.7768 5.42041 -218.779 -0.710054 0.61257 -0.274029 -0.213283 1 2.1 6 0.048 3 13 48
44.3188 1 -21.7768 5.42044 -218.779 -0.710054 0.61257 -0.274029 -0.213283 1 2.1 6 0.048 3 13 48
44.3478 1 -21.7768 5.42049 -218.779 -0.710054 0.61257 -0.274029 -0.213283 1 2.1 6 0.048 3 13 48
44.3644 1 -21.7768 5.42051 -218.779 -0.710054 0.61257 -0.274029 -0.213283 1 2.1 6 0.048 3 13 48
44.3934 1 -21.7768 5.42053 -218.779 -0.710054 0.61257 -0.274029 -0.213283 1 2.1 6 0.048 3 13 48
44.4162 1 -21.7768 5.42054 -218.779 -0.710054 0.61257 -0.274029 -0.213283 1 2.1 6 0.048 3 13 48
44.4395 1 -21.7768 5.42054 -218.779 -0.710054 0.61257 -0.274029 -0.213283 1 2.1 6 0.048 3 13 48
44.4627 1 -21.7768 5.42055 -218.779 -0.710054 0.61257 -0.274029 -0.213283 1 2.1 6 0.048 3 13 48
44.4793 1 -21.7768 5.42026 -218.779 -0.710054 0.61257 -0.274029 -0.213283 1 2.1 6 0.048 3 13 48
44.5088 1 -21.7802 5.39567 -218.782 -0.710054 0.61257 -0.274029 -0.213283 1 2.1 6 0.048 3 13 48
44.5255 1 -21.7822 5.38346 -218.783 -0.710054 0.61257 -0.274029 -0.213283 1 2.1 6 0.048 3 13 48
44.5537 1 -21.7845 5.36978 -218.785 -0.710054 0.61257 -0.274029 -0.213283 1 2.1 6 0.048 3 13 48
44.5766 1 -21.7865 5.35972 -218.786 -0.710054 0.61257 -0.274029 -0.213283 1 2.1 6 0.048 3 13 48
44.5997 1 -21.7883 5.35093 -218.788 -0.710054 0.61257 -0.274029 -0.213283 1 2.1 6 0.048 3 13 48
44.623 1 -21.7901 5.34299 -218.789 -0.710054 0.61257 -0.274029 -0.213283 1 2.1 6 0.048 3 13 48
44.6396 1 -21.7918 5.33578 -218.791 -0.710054 0.61257 -0.274029 -0.213283 1 2.1 6 0.048 3 13 48
44.6684 1 -21.7935 5.32894 -218.792 -0.710054 0.61257 -0.274029 -0.213283 1 2.1 6 0.048 3 13 48
44.6851 1 -21.7951 5.32209 -218.793 -0.710054 0.61257 -0.274029 -0.213283 1 2.1 6 0.048 3 13 48
44.7139 1 -21.7968 5.31575 -218.794 -0.710054 0.61257 -0.274029 -0.213283 1 2.1 6 0.048 3 13 48
44.7367 1 -21.7984 5.30913 -218.796 -0.710054 0.61257 -0.274029 -0.213283 1 2.1 6 0.048 3 13 48
44.7599 1 -21.8001 5.30263 -218.797 -0.710054 0.61257 -0.274029 -0.213283 1 2.1 6 0.048 3 13 48
44.7831 1 -21.8017 5.2962 -218.798 -0.710054 0.61257 -0.274029 -0.213283 1 2.1 6 0.048 3 13 48
44.7998 1 -21.8034 5.28965 -218.8 -0.710054 0.61257 -0.274029 -0.213283 1 2.1 6 0.048 3 13 48
44.8286 1 -21.805 5.28372 -218.801 -0.710054 0.61257 -0.274029 -0.213283 1 2.1 6 0.048 3 13 48
44.8453 1 -21.8066 5.27715 -218.802 -0.710054 0.61257 -0.274029 -0.213283 1 2.1 6 0.048 3 13 48
44.8741 1 -21.8082 5.27119 -218.803 -0.710054 0.61257 -0.274029 -0.213283 1 2.1 6 0.048 3 13 48
44.897 1 -21.8099 5.26476 -218.805 -0.710054 0.61257 -0.274029 -0.213283 1 2.1 6 0.048 3 13 48
44.9201 1 -21.8115 5.25838 -218.806 -0.710054 0.61257 -0.274029 -0.213283 1 2.1 6 0.048 3 13 48
44.9422 1 -21.8131 5.25198 -218.807 -0.710054 0.61257 -0.274029 -0.213283 1 2.1 6 0.048 3 13 48
44.9588 1 -21.8147 5.24576 -218.808 -0.710054 0.61257 -0.274029 -0.213283 1 2.1 6 0.048 3 13 48
44.9857 1 -21.8132 5.26287 -218.807 -0.710054 0.61257 -0.274029 -0.213283 1 2.1 6 0.048 3 13 48
45.0024 1 -21.8128 5.2688 -218.807 -0.710054 0.61257 -0.274029 -0.213283 1 2.1 6 0.048 3 13 48
45.0287 1 -21.8121 5.2763 -218.806 -0.710054 0.61257 -0.274029 -0.213283 1 2.1 6 0.048 3 13 48
45.0505 1 -21.8118 5.28005 -218.806 -0.710054 0.61257 -0.274029 -0.213283 1 2.1 6 0.048 3 13 48
45.0725 1 -21.8116 5.2826 -218.806 -0.710054 0.61257 -0.274029 -0.213283 1 2.1 6 0.048 3 13 48
45.0946 1 -21.8115 5.2843 -218.806 -0.710054 0.61257 -0.274029 -0.213283 1 2.1 6 0.048 3 13 48
45.1113 1 -21.8115 5.2851 -218.806 -0.710054 0.61257 -0.274029 -0.213283 1 2.1 6 0.048 3 13 48
45.1378 1 -21.8114 5.28612 -218.806 -0.710054 0.61257 -0.274029 -0.213283 1 2.1 6 0.048 3 13 48
45.1545 1 -21.8113 5.28648 -218.806 -0.710054 0.61257 -0.274029 -0.213283 1 2.1 6 0.048 3 13 48
45.1811 1 -21.8113 5.28694 -218.806 -0.710054 0.61257 -0.274029 -0.213283 1 2.1 6 0.048 3 13 48
45.2028 1 -21.8113 5.28717 -218.806 -0.710054 0.61257 -0.274029 -0.213283 1 2.1 6 0.048 3 13 48
45.2249 1 -21.8113 5.28732 -218.806 -0.710054 0.61257 -0.274029 -0.213283 1 2.1 6 0.048 3 13 48
45.247 1 -21.8113 5.28742 -218.806 -0.710054 0.61257 -0.274029 -0.213283 1 2.1 6 0.048 3 13 48
45.2637 1 -21.8113 5.28747 -218.806 -0.710054 0.61257 -0.274029 -0.213283 1 2.1 6 0.048 3 13 48
45.2903 1 -21.8113 5.28753 -218.806 -0.710054 0.61257 -0.274029 -0.213283 1 2.1 6 0.048 3 13 48
45.307 1 -21.8113 5.28755 -218.806 -0.710054 0.61257 -0.274029 -0.213283 1 2.1 6 0.048 3 13 48
45.3337 1 -21.8112 5.28758 -218.806 -0.710054 0.61257 -0.274029 -0.213283 1 2.1 6 0.048 3 13 48
45.3554 1 -21.8112 5.2876 -218.806 -0.710054 0.61257 -0.274029 -0.213283 1 2.1 6 0.048 3 13 48
45.3776 1 -21.8112 5.2876 -218.806 -0.710054 0.61257 -0.274029 -0.213283 1 2.1 6 0.048 3 13 48
45.3997 1 -21.8112 5.28761 -218.806 -0.710054 0.61257 -0.274029 -0.213283 1 2.1 6 0.048 3 13 48
45.4163 1 -21.8112 5.28761 -218.806 -0.710054 0.61257 -0.274029 -0.213283 1 2.1 6 0.048 3 13 48
45.4431 1 -21.8112 5.28762 -218.806 -0.710054 0.61257 -0.274029 -0.213283 1 2.1 6 0.048 3 13 48
45.4598 1 -21.8112 5.28762 -218.806 -0.710054 0.61257 -0.274029 -0.213283 1 2.1 6 0.048 3 13 48
45.4865 1 -21.8112 5.28762 -218.806 -0.710054 0.61257 -0.274029 -0.213283 1 2.1 6 0.048 3 13 48
45.5084 1 -21.8112 5.28762 -218.806 -0.710054 0.61257 -0.274029 -0.213283 1 2.1 6 0.048 3 13 48
45.5305 1 -21.8112 5.28762 -218.806 -0.710054 0.61257 -0.274029 -0.213283 1 2.1 6 0.048 3 13 48
45.5527 1 -21.8112 5.28762 -218.806 -0.710054 0.61257 -0.274029 -0.213283 1 2.1 6 0.048 3 13 48
45.5693 1 -21.8112 5.28762 -218.806 -0.710054 0.61257 -0.274029 -0.213283 1 2.1 6 0.048 3 13 48
45.5962 1 -21.8112 5.28762 -218.806 -0.710054 0.61257 -0.274029 -0.213283 1 2.1 6 0.048 3 13 48
45.6128 1 -21.8112 5.28762 -218.806 -0.710054 0.61257 -0.274029 -0.213283 1 2.1 6 0.048 3 13 48
45.6397 1 -21.8112 5.28762 -218.806 -0.710054 0.61257 -0.274029 -0.213283 1 2.1 6 0.048 3 13 48
45.6615 1 -21.8112 5.28762 -218.806 -0.710054 0.61257 -0.274029 -0.213283 1 2.1 6 0.048 3 13 48
45.6837 1 -21.8112 5.28762 -218.806 -0.710054 0.61257 -0.274029 -0.213283 1 2.1 6 0.048 3 13 48
45.7059 1 -21.8112 5.28762 -218.806 -0.710054 0.61257 -0.274029 -0.213283 1 2.1 6 0.048 3 13 48
45.7226 1 -21.8112 5.28762 -218.806 -0.710054 0.61257 -0.274029 -0.213283 1 2.1 6 0.048 3 13 48
45.7493 1 -21.8112 5.28762 -218.806 -0.710054 0.61257 -0.274029 -0.213283 1 2.1 6 0.048 3 13 48
45.766 1 -21.8112 5.28762 -218.806 -0.710054 0.61257 -0.274029 -0.213283 1 2.1 6 0.048 3 13 48
45.7929 1 -21.8112 5.28762 -218.806 -0.710054 0.61257 -0.274029 -0.213283 1 2.1 6 0.048 3 13 48
45.8148 1 -21.8112 5.28762 -218.806 -0.710054 0.61257 -0.274029 -0.213283 1 2.1 6 0.048 3 13 48
45.837 1 -21.8112 5.28762 -218.806 -0.710054 0.61257 -0.274029 -0.213283 1 2.1 6 0.048 3 13 48
45.8592 1 -21.8112 5.28762 -218.806 -0.710054 0.61257 -0.274029 -0.213283 1 2.1 6 0.048 3 13 48
45.8759 1 -21.8112 5.28762 -218.806 -0.710054 0.61257 -0.274029 -0.213283 1 2.1 6 0.048 3 13 48
45.9027 1 -21.8112 5.28762 -218.806 -0.710054 0.61257 -0.274029 -0.213283 1 2.1 6 0.048 3 13 48
45.9193 1 -21.8112 5.28762 -218.806 -0.710054 0.61257 -0.274029 -0.213283 1 2.1 6 0.048 3 13 48
45.9464 1 -21.8112 5.28762 -218.806 -0.710054 0.61257 -0.274029 -0.213283 1 2.1 6 0.048 3 13 48
45.9683 1 -21.8112 5.28762 -218.806 -0.710054 0.61257 -0.274029 -0.213283 1 2.1 6 0.048 3 13 48
45.9905 1 -21.8112 5.28762 -218.806 -0.710054 0.61257 -0.274029 -0.213283 1 2.1 6 0.048 3 13 48
46.0128 1 -21.8112 5.28762 -218.806 -0.710054 0.61257 -0.274029 -0.213283 1 2.1 6 0.048 3 13 48
46.0294 1 -21.8112 5.28762 -218.806 -0.710054 0.61257 -0.274029 -0.213283 1 2.1 6 0.048 3 13 48
46.0565 1 -21.8112 5.28762 -218.806 -0.710054 0.61257 -0.274029 -0.213283 1 2.1 6 0.048 3 13 48
46.0731 1 -21.8112 5.28762 -218.806 -0.710054 0.61257 -0.274029 -0.213283 1 2.1 6 0.048 3 13 48
46.1001 1 -21.8112 5.28762 -218.806 -0.710054 0.61257 -0.274029 -0.213283 1 2.1 6 0.048 3 13 48
46.122 1 -21.8112 5.28762 -218.806 -0.710054 0.61257 -0.274029 -0.213283 1 2.1 6 0.048 3 13 48
46.1443 1 -21.8112 5.28762 -218.806 -0.710054 0.61257 -0.274029 -0.213283 1 2.1 6 0.048 3 13 48
46.1666 1 -21.8112 5.28762 -218.806 -0.710054 0.61257 -0.274029 -0.213283 1 2.1 6 0.048 3 13 48
46.1833 1 -21.8112 5.28762 -218.806 -0.710054 0.61257 -0.274029 -0.213283 1 2.1 6 0.048 3 13 48
46.2103 1 -21.8112 5.28762 -218.806 -0.710054 0.61257 -0.274029 -0.213283 1 2.1 6 0.048 3 13 48
46.227 1 -21.8112 5.28762 -218.806 -0.710054 0.61257 -0.274029 -0.213283 1 2.1 6 0.048 3 13 48
46.2541 1 -21.8112 5.28762 -218.806 -0.710054 0.61257 -0.274029 -0.213283 1 2.1 6 0.048 3 13 48
46.276 1 -21.8112 5.28762 -218.806 -0.710054 0.61257 -0.274029 -0.213283 1 2.1 6 0.048 3 13 48
46.2983 1 -21.8112 5.28762 -218.806 -0.710054 0.61257 -0.274029 -0.213283 1 2.1 6 0.048 3 13 48
46.3206 1 -21.8112 5.28762 -218.806 -0.710054 0.61257 -0.274029 -0.213283 1 2.1 6 0.048 3 13 48
46.3373 1 -21.8112 5.28762 -218.806 -0.710054 0.61257 -0.274029 -0.213283 1 2.1 6 0.048 3 13 48
46.3643 1 -21.8112 5.28762 -218.806 -0.710054 0.61257 -0.274029 -0.213283 1 2.1 6 0.048 3 13 48
46.381 1 -21.8112 5.28762 -218.806 -0.710054 0.61257 -0.274029 -0.213283 1 2.1 6 0.048 3 13 48
46.4081 1 -21.8112 5.28762 -218.806 -0.710054 0.61257 -0.274029 -0.213283 1 2.1 6 0.048 3 13 48
46.43 1 -21.8112 5.28762 -218.806 -0.710054 0.61257 -0.274029 -0.213283 1 2.1 6 0.048 3 13 48
46.4523 1 -21.8112 5.28762 -218.806 -0.710054 0.61257 -0.274029 -0.213283 1 2.1 6 0.048 3 13 48
46.4746 1 -21.8112 5.28762 -218.806 -0.710054 0.61257 -0.274029 -0.213283 1 2.1 6 0.048 3 13 48
46.4913 1 -21.8112 5.28762 -218.806 -0.710054 0.61257 -0.274029 -0.213283 1 2.1 6 0.048 3 13 48
46.5183 1 -21.8112 5.28762 -218.806 -0.710054 0.61257 -0.274029 -0.213283 1 2.1 6 0.048 3 13 48
46.535 1 -21.8112 5.28762 -218.806 -0.710054 0.61257 -0.274029 -0.213283 1 2.1 6 0.048 3 13 48
46.5621 1 -21.8112 5.28762 -218.806 -0.710054 0.61257 -0.274029 -0.213283 1 2.1 6 0.048 3 13 48
46.584 1 -21.8112 5.28762 -218.806 -0.710054 0.61257 -0.274029 -0.213283 1 2.1 6 0.048 3 13 48
46.6064 1 -21.8112 5.28762 -218.806 -0.710054 0.61257 -0.274029 -0.213283 1 2.1 6 0.048 3 13 48
46.6287 1 -21.8112 5.28762 -218.806 -0.710054 0.61257 -0.274029 -0.213283 1 2.1 6 0.048 3 13 48
46.6454 1 -21.8112 5.28762 -218.806 -0.710054 0.61257 -0.274029 -0.213283 1 2.1 6 0.048 3 13 48
46.6725 1 -21.8112 5.28762 -218.806 -0.710054 0.61257 -0.274029 -0.213283 1 2.1 6 0.048 3 13 48
46.6891 1 -21.8112 5.28762 -218.806 -0.710054 0.61257 -0.274029 -0.213283 1 2.1 6 0.048 3 13 48
46.7162 1 -21.8112 5.28762 -218.806 -0.710054 0.61257 -0.274029 -0.213283 1 2.1 6 0.048 3 13 48
46.7382 1 -21.8112 5.28762 -218.806 -0.710054 0.61257 -0.274029 -0.213283 1 2.1 6 0.048 3 13 48
46.7605 1 -21.8112 5.28762 -218.806 -0.710054 0.61257 -0.274029 -0.213283 1 2.1 6 0.048 3 13 48
46.7829 1 -21.8112 5.28762 -218.806 -0.710054 0.61257 -0.274029 -0.213283 1 2.1 6 0.048 3 13 48
46.7995 1 -21.8112 5.28762 -218.806 -0.710054 0.61257 -0.274029 -0.213283 1 2.1 6 0.048 3 13 48
46.8265 1 -21.8112 5.28762 -218.806 -0.710054 0.61257 -0.274029 -0.213283 1 2.1 6 0.048 3 13 48
46.8432 1 -21.8112 5.28762 -218.806 -0.710054 0.61257 -0.274029 -0.213283 1 2.1 6 0.048 3 13 48
46.8704 1 -21.8112 5.28762 -218.806 -0.710054 0.61257 -0.274029 -0.213283 1 2.1 6 0.048 3 13 48
46.8923 1 -21.8112 5.28762 -218.806 -0.710054 0.61257 -0.274029 -0.213283 1 2.1 6 0.048 3 13 48
46.9146 1 -21.8113 5.28711 -218.806 -0.710054 0.61257 -0.274029 -0.213283 1 2.1 6 0.048 3 13 48
46.9376 1 -21.8141 5.26647 -218.808 -0.710054 0.61257 -0.274029 -0.213283 1 2.1 6 0.048 3 13 48
46.9543 1 -21.8162 5.25366 -218.809 -0.710054 0.61257 -0.274029 -0.213283 1 2.1 6 0.048 3 13 48
46.9808 1 -21.8185 5.23961 -218.811 -0.710054 0.61257 -0.274029 -0.213283 1 2.1 6 0.048 3 13 48
46.9974 1 -21.8203 5.23025 -218.813 -0.710054 0.61257 -0.274029 -0.213283 1 2.1 6 0.048 3 13 48
47.0246 1 -21.8223 5.22054 -218.814 -0.710054 0.61257 -0.274029 -0.213283 1 2.1 6 0.048 3 13 48
47.0466 1 -21.824 5.21236 -218.816 -0.710054 0.61257 -0.274029 -0.213283 1 2.1 6 0.048 3 13 48
47.0689 1 -21.8258 5.20479 -218.817 -0.710054 0.61257 -0.274029 -0.213283 1 2.1 6 0.048 3 13 48
47.0912 1 -21.8275 5.19765 -218.818 -0.710054 0.61257 -0.274029 -0.213283 1 2.1 6 0.048 3 13 48
47.1079 1 -21.8291 5.19079 -218.82 -0.710054 0.61257 -0.274029 -0.213283 1 2.1 6 0.048 3 13 48
47.1351 1 -21.8308 5.18435 -218.821 -0.710054 0.61257 -0.274029 -0.213283 1 2.1 6 0.048 3 13 48
47.1518 1 -21.8324 5.17767 -218.822 -0.710054 0.61257 -0.274029 -0.213283 1 2.1 6 0.048 3 13 48
47.179 1 -21.8341 5.17147 -218.823 -0.710054 0.61257 -0.274029 -0.213283 1 2.1 6 0.048 3 13 48
47.201 1 -21.8357 5.16497 -218.825 -0.710054 0.61257 -0.274029 -0.213283 1 2.1 6 0.048 3 13 48
47.2234 1 -21.8373 5.15906 -218.826 -0.710054 0.61257 -0.274029 -0.213283 1 2.1 6 0.048 3 13 48
47.3571 1 -21.8316 5.20671 -218.821 -0.710054 0.61257 -0.274029 -0.213283 1 2.1 6 0.048 3 13 48
47.3738 1 -21.8315 5.20753 -218.821 -0.710054 0.61257 -0.274029 -0.213283 1 2.1 6 0.048 3 13 48
47.3905 1 -21.8315 5.20813 -218.821 -0.710054 0.61257 -0.274029 -0.213283 1 2.1 6 0.048 3 13 48
47.4078 1 -21.8315 5.2086 -218.821 -0.710054 0.61257 -0.274029 -0.213283 1 2.1 6 0.048 3 13 48
47.4245 1 -21.8315 5.20892 -218.821 -0.710054 0.61257 -0.274029 -0.213283 1 2.1 6 0.048 3 13 48
47.4411 1 -21.8314 5.20916 -218.821 -0.710054 0.61257 -0.274029 -0.213283 1 2.1 6 0.048 3 13 48
47.4595 1 -21.8314 5.20935 -218.821 -0.710054 0.61257 -0.274029 -0.213283 1 2.1 6 0.048 3 13 48
47.4762 1 -21.8314 5.20948 -218.821 -0.710054 0.61257 -0.274029 -0.213283 1 2.1 6 0.048 3 13 48
47.4928 1 -21.8315 5.20928 -218.821 -0.710054 0.61257 -0.274029 -0.213283 1 2.1 6 0.048 3 13 48
47.5095 1 -21.8337 5.19317 -218.823 -0.710054 0.61257 -0.274029 -0.213283 1 2.1 6 0.048 3 13 48
47.5262 1 -21.8357 5.17966 -218.825 -0.710054 0.61257 -0.274029 -0.213283 1 2.1 6 0.048 3 13 48
47.5428 1 -21.8377 5.16807 -218.826 -0.710054 0.61257 -0.274029 -0.213283 1 2.1 6 0.048 3 13 48
47.5595 1 -21.8395 5.15788 -218.828 -0.710054 0.61257 -0.274029 -0.213283 1 2.1 6 0.048 3 13 48
47.5762 1 -21.8413 5.14873 -218.829 -0.710054 0.61257 -0.274029 -0.213283 1 2.1 6 0.048 3 13 48
47.5928 1 -21.8431 5.14034 -218.83 -0.710054 0.61257 -0.274029 -0.213283 1 2.1 6 0.048 3 13 48
47.6095 1 -21.8448 5.13251 -218.832 -0.710054 0.61257 -0.274029 -0.213283 1 2.1 6 0.048 3 13 48
47.6262 1 -21.8465 5.12509 -218.833 -0.710054 0.61257 -0.274029 -0.213283 1 2.1 6 0.048 3 13 48
47.6436 1 -21.8482 5.11795 -218.834 -0.710054 0.61257 -0.274029 -0.213283 1 2.1 6 0.048 3 13 48
47.6603 1 -21.8498 5.11106 -218.836 -0.710054 0.61257 -0.274029 -0.213283 1 2.1 6 0.048 3 13 48
47.677 1 -21.8515 5.10433 -218.837 -0.710054 0.61257 -0.274029 -0.213283 1 2.1 6 0.048 3 13 48
47.6937 1 -21.8531 5.09773 -218.838 -0.710054 0.61257 -0.274029 -0.213283 1 2.1 6 0.048 3 13 48
47.7235 1 -21.8547 5.0918 -218.839 -0.710054 0.61257 -0.274029 -0.213283 1 2.1 6 0.048 3 13 48
47.7472 1 -21.8564 5.08535 -218.841 -0.710054 0.61257 -0.274029 -0.213283 1 2.1 6 0.048 3 13 48
47.7639 1 -21.858 5.07907 -218.842 -0.710054 0.61257 -0.274029 -0.213283 1 2.1 6 0.048 3 13 48
47.7941 1 -21.8561 5.09819 -218.841 -0.710054 0.61257 -0.274029 -0.213283 1 2.1 6 0.048 3 13 48
47.8108 1 -21.8558 5.10374 -218.84 -0.710054 0.61257 -0.274029 -0.213283 1 2.1 6 0.048 3 13 48
47.8407 1 -21.855 5.11174 -218.84 -0.710054 0.61257 -0.274029 -0.213283 1 2.1 6 0.048 3 13 48
47.8574 1 -21.8549 5.11409 -218.84 -0.710054 0.61257 -0.274029 -0.213283 1 2.1 6 0.048 3 13 48
47.8872 1 -21.8546 5.11747 -218.839 -0.710054 0.61257 -0.274029 -0.213283 1 2.1 6 0.048 3 13 48
47.9109 1 -21.8544 5.11901 -218.839 -0.710054 0.61257 -0.274029 -0.213283 1 2.1 6 0.048 3 13 48
47.9276 1 -21.8544 5.11965 -218.839 -0.710054 0.61257 -0.274029 -0.213283 1 2.1 6 0.048 3 13 48
47.9575 1 -21.8543 5.12058 -218.839 -0.710054 0.61257 -0.274029 -0.213283 1 2.1 6 0.048 3 13 48
47.9742 1 -21.8543 5.12085 -218.839 -0.710054 0.61257 -0.274029 -0.213283 1 2.1 6 0.048 3 13 48
48.0044 1 -21.8543 5.12125 -218.839 -0.710054 0.61257 -0.274029 -0.213283 1 2.1 6 0.048 3 13 48
48.021 1 -21.8543 5.12137 -218.839 -0.710054 0.61257 -0.274029 -0.213283 1 2.1 6 0.048 3 13 48
48.0509 1 -21.8542 5.12153 -218.839 -0.710054 0.61257 -0.274029 -0.213283 1 2.1 6 0.048 3 13 48
48.0746 1 -21.8542 5.12161 -218.839 -0.710054 0.61257 -0.274029 -0.213283 1 2.1 6 0.048 3 13 48
48.0912 1 -21.8542 5.12164 -218.839 -0.710054 0.61257 -0.274029 -0.213283 1 2.1 6 0.048 3 13 48
48.1209 1 -21.8542 5.12168 -218.839 -0.710054 0.61257 -0.274029 -0.213283 1 2.1 6 0.048 3 13 48
48.1376 1 -21.8542 5.1217 -218.839 -0.710054 0.61257 -0.274029 -0.213283 1 2.1 6 0.048 3 13 48
48.1678 1 -21.8542 5.12172 -218.839 -0.710054 0.61257 -0.274029 -0.213283 1 2.1 6 0.048 3 13 48
48.1845 1 -21.8542 5.12172 -218.839 -0.710054 0.61257 -0.274029 -0.213283 1 2.1 6 0.048 3 13 48
48.2142 1 -21.8542 5.12173 -218.839 -0.710054 0.61257 -0.274029 -0.213283 1 2.1 6 0.048 3 13 48
48.2379 1 -21.8542 5.12173 -218.839 -0.710054 0.61257 -0.274029 -0.213283 1 2.1 6 0.048 3 13 48
48.2545 1 -21.8542 5.12174 -218.839 -0.710054 0.61257 -0.274029 -0.213283 1 2.1 6 0.048 3 13 48
48.2843 1 -21.8542 5.12174 -218.839 -0.710054 0.61257 -0.274029 -0.213283 1 2.1 6 0.048 3 13 48
48.3009 1 -21.8542 5.12174 -218.839 -0.710054 0.61257 -0.274029 -0.213283 1 2.1 6 0.048 3 13 48
48.331 1 -21.8543 5.12084 -218.839 -0.710054 0.61257 -0.274029 -0.213283 1 2.1 6 0.048 3 13 48
48.3477 1 -21.8566 5.10477 -218.841 -0.710054 0.61257 -0.274029 -0.213283 1 2.1 6 0.048 3 13 48
48.3774 1 -21.8594 5.0853 -218.843 -0.710054 0.61257 -0.274029 -0.213283 1 2.1 6 0.048 3 13 48
48.401 1 -21.8616 5.07268 -218.845 -0.710054 0.61257 -0.274029 -0.213283 1 2.1 6 0.048 3 13 48
48.4177 1 -21.8634 5.0635 -218.846 -0.710054 0.61257 -0.274029 -0.213283 1 2.1 6 0.048 3 13 48
48.4472 1 -21.8654 5.05388 -218.848 -0.710054 0.61257 -0.274029 -0.213283 1 2.1 6 0.048 3 13 48
48.4639 1 -21.8671 5.04618 -218.849 -0.710054 0.61257 -0.274029 -0.213283 1 2.1 6 0.048 3 13 48
48.494 1 -21.8688 5.03868 -218.85 -0.710054 0.61257 -0.274029 -0.213283 1 2.1 6 0.048 3 13 48
48.5106 1 -21.8705 5.0316 -218.852 -0.710054 0.61257 -0.274029 -0.213283 1 2.1 6 0.048 3 13 48
48.5401 1 -21.8722 5.02498 -218.853 -0.710054 0.61257 -0.274029 -0.213283 1 2.1 6 0.048 3 13 48
48.5638 1 -21.8739 5.01823 -218.854 -0.710054 0.61257 -0.274029 -0.213283 1 2.1 6 0.048 3 13 48
48.5804 1 -21.8755 5.01152 -218.856 -0.710054 0.61257 -0.274029 -0.213283 1 2.1 6 0.048 3 13 48
48.61 1 -21.8771 5.00543 -218.857 -0.710054 0.61257 -0.274029 -0.213283 1 2.1 6 0.048 3 13 48
48.6267 1 -21.8788 4.99879 -218.858 -0.710054 0.61257 -0.274029 -0.213283 1 2.1 6 0.048 3 13 48
48.6566 1 -21.8804 4.99281 -218.859 -0.710054 0.61257 -0.274029 -0.213283 1 2.1 6 0.048 3 13 48
48.6733 1 -21.882 4.98618 -218.861 -0.710054 0.61257 -0.274029 -0.213283 1 2.1 6 0.048 3 13 48
48.7028 1 -21.8836 4.9802 -218.862 -0.710054 0.61257 -0.274029 -0.213283 1 2.1 6 0.048 3 13 48
48.7263 1 -21.8852 4.97431 -218.863 -0.710054 0.61257 -0.274029 -0.213283 1 2.1 6 0.048 3 13 48
48.743 1 -21.8846 4.98385 -218.863 -0.710054 0.61257 -0.274029 -0.213283 1 2.1 6 0.048 3 13 48
48.7725 1 -21.8834 4.9974 -218.862 -0.710054 0.61257 -0.274029 -0.213283 1 2.1 6 0.048 3 13 48
48.7891 1 -21.8831 5.00149 -218.862 -0.710054 0.61257 -0.274029 -0.213283 1 2.1 6 0.048 3 13 48
48.819 1 -21.8826 5.00736 -218.861 -0.710054 0.61257 -0.274029 -0.213283 1 2.1 6 0.048 3 13 48
48.8357 1 -21.8825 5.00909 -218.861 -0.710054 0.61257 -0.274029 -0.213283 1 2.1 6 0.048 3 13 48
48.8651 1 -21.8822 5.01154 -218.861 -0.710054 0.61257 -0.274029 -0.213283 1 2.1 6 0.048 3 13 48
48.8887 1 -21.8821 5.01268 -218.861 -0.710054 0.61257 -0.274029 -0.213283 1 2.1 6 0.048 3 13 48
48.9054 1 -21.8821 5.01316 -218.861 -0.710054 0.61257 -0.274029 -0.213283 1 2.1 6 0.048 3 13 48
48.9348 1 -21.882 5.01384 -218.861 -0.710054 0.61257 -0.274029 -0.213283 1 2.1 6 0.048 3 13 48
48.9514 1 -21.882 5.01404 -218.861 -0.710054 0.61257 -0.274029 -0.213283 1 2.1 6 0.048 3 13 48
48.9813 1 -21.882 5.01434 -218.861 -0.710054 0.61257 -0.274029 -0.213283 1 2.1 6 0.048 3 13 48
48.9979 1 -21.882 5.01443 -218.861 -0.710054 0.61257 -0.274029 -0.213283 1 2.1 6 0.048 3 13 48
49.0273 1 -21.882 5.01455 -218.861 -0.710054 0.61257 -0.274029 -0.213283 1 2.1 6 0.048 3 13 48
49.0507 1 -21.882 5.01461 -218.861 -0.710054 0.61257 -0.274029 -0.213283 1 2.1 6 0.048 3 13 48
49.0674 1 -21.882 5.01463 -218.861 -0.710054 0.61257 -0.274029 -0.213283 1 2.1 6 0.048 3 13 48
49.0968 1 -21.882 5.01466 -218.861 -0.710054 0.61257 -0.274029 -0.213283 1 2.1 6 0.048 3 13 48
49.1135 1 -21.882 5.01467 -218.861 -0.710054 0.61257 -0.274029 -0.213283 1 2.1 6 0.048 3 13 48
49.1431 1 -21.882 5.01469 -218.861 -0.710054 0.61257 -0.274029 -0.213283 1 2.1 6 0.048 3 13 48
49.1598 1 -21.882 5.01469 -218.861 -0.710054 0.61257 -0.274029 -0.213283 1 2.1 6 0.048 3 13 48
49.1891 1 -21.882 5.0147 -218.861 -0.710054 0.61257 -0.274029 -0.213283 1 2.1 6 0.048 3 13 48
49.2125 1 -21.882 5.0147 -218.861 -0.710054 0.61257 -0.274029 -0.213283 1 2.1 6 0.048 3 13 48
49.2292 1 -21.882 5.0147 -218.861 -0.710054 0.61257 -0.274029 -0.213283 1 2.1 6 0.048 3 13 48
49.2584 1 -21.882 5.01471 -218.861 -0.710054 0.61257 -0.274029 -0.213283 1 2.1 6 0.048 3 13 48
49.2751 1 -21.882 5.01471 -218.861 -0.710054 0.61257 -0.274029 -0.213283 1 2.1 6 0.048 3 13 48
49.3047 1 -21.882 5.01471 -218.861 -0.710054 0.61257 -0.274029 -0.213283 1 2.1 6 0.048 3 13 48
49.3213 1 -21.882 5.01471 -218.861 -0.710054 0.61257 -0.274029 -0.213283 1 2.1 6 0.048 3 13 48
49.3504 1 -21.882 5.01471 -218.861 -0.710054 0.61257 -0.274029 -0.213283 1 2.1 6 0.048 3 13 48
49.3738 1 -21.882 5.01471 -218.861 -0.710054 0.61257 -0.274029 -0.213283 1 2.1 6 0.048 3 13 48
49.3904 1 -21.882 5.01471 -218.861 -0.710054 0.61257 -0.274029 -0.213283 1 2.1 6 0.048 3 13 48
49.4195 1 -21.882 5.01471 -218.861 -0.710054 0.61257 -0.274029 -0.213283 1 2.1 6 0.048 3 13 48
49.4362 1 -21.882 5.01471 -218.861 -0.710054 0.61257 -0.274029 -0.213283 1 2.1 6 0.048 3 13 48
49.4656 1 -21.882 5.01471 -218.861 -0.710054 0.61257 -0.274029 -0.213283 1 2.1 6 0.048 3 13 48
49.4823 1 -21.882 5.01471 -218.861 -0.710054 0.61257 -0.274029 -0.213283 1 2.1 6 0.048 3 13 48
49.5113 1 -21.882 5.01471 -218.861 -0.710054 0.61257 -0.274029 -0.213283 1 2.1 6 0.048 3 13 48
49.5345 1 -21.882 5.01471 -218.861 -0.710054 0.61257 -0.274029 -0.213283 1 2.1 6 0.048 3 13 48
49.5512 1 -21.882 5.01471 -218.861 -0.710054 0.61257 -0.274029 -0.213283 1 2.1 6 0.048 3 13 48
49.5801 1 -21.882 5.01471 -218.861 -0.710054 0.61257 -0.274029 -0.213283 1 2.1 6 0.048 3 13 48
49.5968 1 -21.882 5.01471 -218.861 -0.710054 0.61257 -0.274029 -0.213283 1 2.1 6 0.048 3 13 48
49.6259 1 -21.882 5.01471 -218.861 -0.710054 0.61257 -0.274029 -0.213283 1 2.1 6 0.048 3 13 48
49.6426 1 -21.882 5.01471 -218.861 -0.710054 0.61257 -0.274029 -0.213283 1 2.1 6 0.048 3 13 48
49.6714 1 -21.882 5.01471 -218.861 -0.710054 0.61257 -0.274029 -0.213283 1 2.1 6 0.048 3 13 48
49.6945 1 -21.882 5.01471 -218.861 -0.710054 0.61257 -0.274029 -0.213283 1 2.1 6 0.048 3 13 48
49.7112 1 -21.882 5.01471 -218.861 -0.710054 0.61257 -0.274029 -0.213283 1 2.1 6 0.048 3 13 48
49.7399 1 -21.882 5.01471 -218.861 -0.710054 0.61257 -0.274029 -0.213283 1 2.1 6 0.048 3 13 48
49.7568 1 -21.882 5.01471 -218.861 -0.710054 0.61257 -0.274029 -0.213283 1 2.1 6 0.048 3 13 48
49.7857 1 -21.882 5.01471 -218.861 -0.710054 0.61257 -0.274029 -0.213283 1 2.1 6 0.048 3 13 48
49.8023 1 -21.882 5.01471 -218.861 -0.710054 0.61257 -0.274029 -0.213283 1 2.1 6 0.048 3 13 48
49.831 1 -21.882 5.01471 -218.861 -0.710054 0.61257 -0.274029 -0.213283 1 2.1 6 0.048 3 13 48
49.8542 1 -21.882 5.01471 -218.861 -0.710054 0.61257 -0.274029 -0.213283 1 2.1 6 0.048 3 13 48
49.8708 1 -21.882 5.01471 -218.861 -0.710054 0.61257 -0.274029 -0.213283 1 2.1 6 0.048 3 13 48
49.8984 1 -21.882 5.01471 -218.861 -0.710054 0.61257 -0.274029 -0.213283 1 2.1 6 0.048 3 13 48
49.9151 1 -21.882 5.01471 -218.861 -0.710054 0.61257 -0.274029 -0.213283 1 2.1 6 0.048 3 13 48
49.9419 1 -21.882 5.01471 -218.861 -0.710054 0.61257 -0.274029 -0.213283 1 2.1 6 0.048 3 13 48
49.9586 1 -21.882 5.01471 -218.861 -0.710054 0.61257 -0.274029 -0.213283 1 2.1 6 0.048 3 13 48
49.985 1 -21.882 5.01471 -218.861 -0.710054 0.61257 -0.274029 -0.213283 1 2.1 6 0.048 3 13 48
50.007 1 -21.882 5.01471 -218.861 -0.710054 0.61257 -0.274029 -0.213283 1 2.1 6 0.048 3 13 48
50.0236 1 -21.882 5.01471 -218.861 -0.710054 0.61257 -0.274029 -0.213283 1 2.1 6 0.048 3 13 48
50.05 1 -21.882 5.01471 -218.861 -0.710054 0.61257 -0.274029 -0.213283 1 2.1 6 0.048 3 13 48
50.0666 1 -21.882 5.01471 -218.861 -0.710054 0.61257 -0.274029 -0.213283 1 2.1 6 0.048 3 13 48
50.0934 1 -21.882 5.01471 -218.861 -0.710054 0.61257 -0.274029 -0.213283 1 2.1 6 0.048 3 13 48
50.1101 1 -21.882 5.01471 -218.861 -0.710054 0.61257 -0.274029 -0.213283 1 2.1 6 0.048 3 13 48
50.1364 1 -21.882 5.01471 -218.861 -0.710054 0.61257 -0.274029 -0.213283 1 2.1 6 0.048 3 13 48
50.1583 1 -21.882 5.01471 -218.861 -0.710054 0.61257 -0.274029 -0.213283 1 2.1 6 0.048 3 13 48
50.175 1 -21.882 5.01471 -218.861 -0.710054 0.61257 -0.274029 -0.213283 1 2.1 6 0.048 3 13 48
50.2014 1 -21.882 5.01471 -218.861 -0.710054 0.61257 -0.274029 -0.213283 1 2.1 6 0.048 3 13 48
50.2181 1 -21.882 5.01471 -218.861 -0.710054 0.61257 -0.274029 -0.213283 1 2.1 6 0.048 3 13 48
50.2448 1 -21.882 5.01471 -218.861 -0.710054 0.61257 -0.274029 -0.213283 1 2.1 6 0.048 3 13 48
50.2615 1 -21.882 5.01471 -218.861 -0.710054 0.61257 -0.274029 -0.213283 1 2.1 6 0.048 3 13 48
50.2879 1 -21.882 5.01471 -218.861 -0.710054 0.61257 -0.274029 -0.213283 1 2.1 6 0.048 3 13 48
50.3098 1 -21.882 5.01471 -218.861 -0.710054 0.61257 -0.274029 -0.213283 1 2.1 6 0.048 3 13 48
50.3265 1 -21.882 5.01471 -218.861 -0.710054 0.61257 -0.274029 -0.213283 1 2.1 6 0.048 3 13 48
50.3528 1 -21.882 5.01471 -218.861 -0.710054 0.61257 -0.274029 -0.213283 1 2.1 6 0.048 3 13 48
50.3695 1 -21.882 5.01471 -218.861 -0.710054 0.61257 -0.274029 -0.213283 1 2.1 6 0.048 3 13 48
50.3963 1 -21.882 5.01471 -218.861 -0.710054 0.61257 -0.274029 -0.213283 1 2.1 6 0.048 3 13 48
50.413 1 -21.882 5.01471 -218.861 -0.710054 0.61257 -0.274029 -0.213283 1 2.1 6 0.048 3 13 48
50.4394 1 -21.882 5.01471 -218.861 -0.710054 0.61257 -0.274029 -0.213283 1 2.1 6 0.048 3 13 48
50.4613 1 -21.882 5.01471 -218.861 -0.710054 0.61257 -0.274029 -0.213283 1 2.1 6 0.048 3 13 48
50.4779 1 -21.882 5.01471 -218.861 -0.710054 0.61257 -0.274029 -0.213283 1 2.1 6 0.048 3 13 48
50.5045 1 -21.882 5.01471 -218.861 -0.710054 0.61257 -0.274029 -0.213283 1 2.1 6 0.048 3 13 48
50.5211 1 -21.882 5.01471 -218.861 -0.710054 0.61257 -0.274029 -0.213283 1 2.1 6 0.048 3 13 48
50.548 1 -21.882 5.01471 -218.861 -0.710054 0.61257 -0.274029 -0.213283 1 2.1 6 0.048 3 13 48
50.5646 1 -21.882 5.01471 -218.861 -0.710054 0.61257 -0.274029 -0.213283 1 2.1 6 0.048 3 13 48
50.5911 1 -21.882 5.01471 -218.861 -0.710054 0.61257 -0.274029 -0.213283 1 2.1 6 0.048 3 13 48
50.6131 1 -21.882 5.01471 -218.861 -0.710054 0.61257 -0.274029 -0.213283 1 2.1 6 0.048 3 13 48
50.6297 1 -21.882 5.01471 -218.861 -0.710054 0.61257 -0.274029 -0.213283 1 2.1 6 0.048 3 13 48
50.6563 1 -21.882 5.01471 -218.861 -0.710054 0.61257 -0.274029 -0.213283 1 2.1 6 0.048 3 13 48
50.673 1 -21.882 5.01471 -218.861 -0.710054 0.61257 -0.274029 -0.213283 1 2.1 6 0.048 3 13 48
50.6999 1 -21.882 5.01471 -218.861 -0.710054 0.61257 -0.274029 -0.213283 1 2.1 6 0.048 3 13 48
50.7166 1 -21.882 5.01471 -218.861 -0.710054 0.61257 -0.274029 -0.213283 1 2.1 6 0.048 3 13 48
50.7431 1 -21.882 5.01471 -218.861 -0.710054 0.61257 -0.274029 -0.213283 1 2.1 6 0.048 3 13 48
50.7651 1 -21.882 5.01471 -218.861 -0.710054 0.61257 -0.274029 -0.213283 1 2.1 6 0.048 3 13 48
50.7818 1 -21.882 5.01471 -218.861 -0.710054 0.61257 -0.274029 -0.213283 1 2.1 6 0.048 3 13 48
50.8084 1 -21.882 5.01471 -218.861 -0.710054 0.61257 -0.274029 -0.213283 1 2.1 6 0.048 3 13 48
50.8251 1 -21.882 5.01471 -218.861 -0.710054 0.61257 -0.274029 -0.213283 1 2.1 6 0.048 3 13 48
50.852 1 -21.882 5.01471 -218.861 -0.710054 0.61257 -0.274029 -0.213283 1 2.1 6 0.048 3 13 48
50.8687 1 -21.882 5.01471 -218.861 -0.710054 0.61257 -0.274029 -0.213283 1 2.1 6 0.048 3 13 48
50.8953 1 -21.882 5.01471 -218.861 -0.710054 0.61257 -0.274029 -0.213283 1 2.1 6 0.048 3 13 48
50.9174 1 -21.882 5.01471 -218.861 -0.710054 0.61257 -0.274029 -0.213283 1 2.1 6 0.048 3 13 48
50.9341 1 -21.882 5.01471 -218.861 -0.710054 0.61257 -0.274029 -0.213283 1 2.1 6 0.048 3 13 48
50.9607 1 -21.882 5.01471 -218.861 -0.710054 0.61257 -0.274029 -0.213283 1 2.1 6 0.048 3 13 48
50.9774 1 -21.882 5.01471 -218.861 -0.710054 0.61257 -0.274029 -0.213283 1 2.1 6 0.048 3 13 48
51.0044 1 -21.882 5.01471 -218.861 -0.710054 0.61257 -0.274029 -0.213283 1 2.1 6 0.048 3 13 48
51.0211 1 -21.882 5.01471 -218.861 -0.710054 0.61257 -0.274029 -0.213283 1 2.1 6 0.048 3 13 48
51.0478 1 -21.882 5.01471 -218.861 -0.710054 0.61257 -0.274029 -0.213283 1 2.1 6 0.048 3 13 48
51.0699 1 -21.882 5.01471 -218.861 -0.710054 0.61257 -0.274029 -0.213283 1 2.1 6 0.048 3 13 48
51.0865 1 -21.882 5.01471 -218.861 -0.710054 0.61257 -0.274029 -0.213283 1 2.1 6 0.048 3 13 48
51.1133 1 -21.882 5.01471 -218.861 -0.710054 0.61257 -0.274029 -0.213283 1 2.1 6 0.048 3 13 48
51.13 1 -21.882 5.01471 -218.861 -0.710054 0.61257 -0.274029 -0.213283 1 2.1 6 0.048 3 13 48
51.157 1 -21.882 5.01471 -218.861 -0.710054 0.61257 -0.274029 -0.213283 1 2.1 6 0.048 3 13 48
51.1736 1 -21.882 5.01471 -218.861 -0.710054 0.61257 -0.274029 -0.213283 1 2.1 6 0.048 3 13 48
51.2004 1 -21.882 5.01471 -218.861 -0.710054 0.61257 -0.274029 -0.213283 1 2.1 6 0.048 3 13 48
51.2225 1 -21.882 5.01471 -218.861 -0.710054 0.61257 -0.274029 -0.213283 1 2.1 6 0.048 3 13 48
51.2392 1 -21.882 5.01471 -218.861 -0.710054 0.61257 -0.274029 -0.213283 1 2.1 6 0.048 3 13 48
51.2659 1 -21.882 5.01471 -218.861 -0.710054 0.61257 -0.274029 -0.213283 1 2.1 6 0.048 3 13 48
51.2826 1 -21.882 5.01471 -218.861 -0.710054 0.61257 -0.274029 -0.213283 1 2.1 6 0.048 3 13 48
51.3097 1 -21.882 5.01471 -218.861 -0.710054 0.61257 -0.274029 -0.213283 1 2.1 6 0.048 3 13 48
51.3264 1 -21.882 5.01471 -218.861 -0.710054 0.61257 -0.274029 -0.213283 1 2.1 6 0.048 3 13 48
51.3531 1 -21.882 5.01471 -218.861 -0.710054 0.61257 -0.274029 -0.213283 1 2.1 6 0.048 3 13 48
51.3753 1 -21.882 5.01471 -218.861 -0.710054 0.61257 -0.274029 -0.213283 1 2.1 6 0.048 3 13 48
51.3919 1 -21.882 5.01471 -218.861 -0.710054 0.61257 -0.274029 -0.213283 1 2.1 6 0.048 3 13 48
51.4187 1 -21.882 5.01471 -218.861 -0.710054 0.61257 -0.274029 -0.213283 1 2.1 6 0.048 3 13 48
51.4354 1 -21.882 5.01471 -218.861 -0.710054 0.61257 -0.274029 -0.213283 1 2.1 6 0.048 3 13 48
51.4627 1 -21.882 5.01471 -218.861 -0.710054 0.61257 -0.274029 -0.213283 1 2.1 6 0.048 3 13 48
51.4793 1 -21.882 5.01471 -218.861 -0.710054 0.61257 -0.274029 -0.213283 1 2.1 6 0.048 3 13 48
51.5061 1 -21.882 5.01471 -218.861 -0.710054 0.61257 -0.274029 -0.213283 1 2.1 6 0.048 3 13 48
51.5282 1 -21.882 5.01471 -218.861 -0.710054 0.61257 -0.274029 -0.213283 1 2.1 6 0.048 3 13 48
51.5449 1 -21.882 5.01471 -218.861 -0.710054 0.61257 -0.274029 -0.213283 1 2.1 6 0.048 3 13 48
51.5717 1 -21.882 5.01471 -218.861 -0.710054 0.61257 -0.274029 -0.213283 1 2.1 6 0.048 3 13 48
51.5884 1 -21.882 5.01471 -218.861 -0.710054 0.61257 -0.274029 -0.213283 1 2.1 6 0.048 3 13 48
51.6156 1 -21.882 5.01471 -218.861 -0.710054 0.61257 -0.274029 -0.213283 1 2.1 6 0.048 3 13 48
51.6322 1 -21.882 5.01471 -218.861 -0.710054 0.61257 -0.274029 -0.213283 1 2.1 6 0.048 3 13 48
51.6591 1 -21.882 5.01471 -218.861 -0.710054 0.61257 -0.274029 -0.213283 1 2.1 6 0.048 3 13 48
51.6814 1 -21.882 5.01471 -218.861 -0.710054 0.61257 -0.274029 -0.213283 1 2.1 6 0.048 3 13 48
51.6981 1 -21.882 5.01471 -218.861 -0.710054 0.61257 -0.274029 -0.213283 1 2.1 6 0.048 3 13 48
51.7249 1 -21.882 5.01471 -218.861 -0.710054 0.61257 -0.274029 -0.213283 1 2.1 6 0.048 3 13 48
51.7415 1 -21.882 5.01471 -218.861 -0.710054 0.61257 -0.274029 -0.213283 1 2.1 6 0.048 3 13 48
51.7688 1 -21.882 5.01471 -218.861 -0.710054 0.61257 -0.274029 -0.213283 1 2.1 6 0.048 3 13 48
51.7855 1 -21.882 5.01471 -218.861 -0.710054 0.61257 -0.274029 -0.213283 1 2.1 6 0.048 3 13 48
51.8135 1 -21.882 5.01471 -218.861 -0.710054 0.61257 -0.274029 -0.213283 1 2.1 6 0.048 3 13 48
51.8369 1 -21.882 5.01471 -218.861 -0.710054 0.61257 -0.274029 -0.213283 1 2.1 6 0.048 3 13 48
51.8535 1 -21.882 5.01471 -218.861 -0.710054 0.61257 -0.274029 -0.213283 1 2.1 6 0.048 3 13 48
51.8828 1 -21.882 5.01471 -218.861 -0.710054 0.61257 -0.274029 -0.213283 1 2.1 6 0.048 3 13 48
51.8994 1 -21.882 5.01471 -218.861 -0.710054 0.61257 -0.274029 -0.213283 1 2.1 6 0.048 3 13 48
51.9291 1 -21.882 5.01471 -218.861 -0.710054 0.61257 -0.274029 -0.213283 1 2.1 6 0.048 3 13 48
51.9458 1 -21.882 5.01471 -218.861 -0.710054 0.61257 -0.274029 -0.213283 1 2.1 6 0.048 3 13 48
51.975 1 -21.882 5.01471 -218.861 -0.710054 0.61257 -0.274029 -0.213283 1 2.1 6 0.048 3 13 48
51.9984 1 -21.882 5.01471 -218.861 -0.710054 0.61257 -0.274029 -0.213283 1 2.1 6 0.048 3 13 48
52.0151 1 -21.882 5.01471 -218.861 -0.710054 0.61257 -0.274029 -0.213283 1 2.1 6 0.048 3 13 48
52.0445 1 -21.882 5.01471 -218.861 -0.710054 0.61257 -0.274029 -0.213283 1 2.1 6 0.048 3 13 48
52.0611 1 -21.8822 5.01475 -218.861 -0.710054 0.61257 -0.274029 -0.213283 1 2.1 6 0.048 3 13 48
52.0915 1 -21.8994 5.01878 -218.881 -0.710054 0.61257 -0.274029 -0.213283 1 2.1 6 0.048 3 13 48
52.1082 1 -21.9092 5.02073 -218.893 -0.710054 0.61257 -0.274029 -0.213283 1 2.1 6 0.048 3 13 48
52.1369 1 -21.9209 5.02293 -218.906 -0.710054 0.61257 -0.274029 -0.213283 1 2.1 6 0.048 3 13 48
52.1604 1 -21.9306 5.02455 -218.918 -0.710054 0.61257 -0.274029 -0.213283 1 2.1 6 0.048 3 13 48
52.1771 1 -21.9393 5.02585 -218.928 -0.710054 0.61257 -0.274029 -0.213283 1 2.1 6 0.048 3 13 48
52.2066 1 -21.9484 5.02715 -218.939 -0.710054 0.61257 -0.274029 -0.213283 1 2.1 6 0.048 3 13 48
52.2232 1 -21.9568 5.02832 -218.949 -0.710054 0.61257 -0.274029 -0.213283 1 2.1 6 0.048 3 13 48
52.2529 1 -21.9652 5.02942 -218.959 -0.710054 0.61257 -0.274029 -0.213283 1 2.1 6 0.048 3 13 48
52.2696 1 -21.9735 5.03053 -218.969 -0.710054 0.61257 -0.274029 -0.213283 1 2.1 6 0.048 3 13 48
52.2991 1 -21.9817 5.03154 -218.978 -0.710054 0.61257 -0.274029 -0.213283 1 2.1 6 0.048 3 13 48
52.3226 1 -21.99 5.03261 -218.988 -0.710054 0.61257 -0.274029 -0.213283 1 2.1 6 0.048 3 13 48
52.3392 1 -21.9983 5.03368 -218.998 -0.710054 0.61257 -0.274029 -0.213283 1 2.1 6 0.048 3 13 48
52.3688 1 -22.0063 5.03464 -219.007 -0.710054 0.61257 -0.274029 -0.213283 1 2.1 6 0.048 3 13 48
52.3854 1 -22.0145 5.03571 -219.017 -0.710054 0.61257 -0.274029 -0.213283 1 2.1 6 0.048 3 13 48
52.4153 1 -22.0226 5.03666 -219.026 -0.710054 0.61257 -0.274029 -0.213283 1 2.1 6 0.048 3 13 48
52.4319 1 -22.0308 5.03773 -219.036 -0.710054 0.61257 -0.274029 -0.213283 1 2.1 6 0.048 3 13 48
52.4614 1 -22.0383 5.03854 -219.045 -0.710054 0.61257 -0.274029 -0.213283 1 2.1 6 0.048 3 13 48
52.4852 1 -22.032 5.0362 -219.038 -0.710054 0.61257 -0.274029 -0.213283 1 2.1 6 0.048 3 13 48
52.5019 1 -22.0302 5.03521 -219.035 -0.710054 0.61257 -0.274029 -0.213283 1 2.1 6 0.048 3 13 48
52.5311 1 -22.0261 5.03383 -219.031 -0.710054 0.61257 -0.274029 -0.213283 1 2.1 6 0.048 3 13 48
52.5478 1 -22.0256 5.03346 -219.03 -0.710054 0.61257 -0.274029 -0.213283 1 2.1 6 0.048 3 13 48
52.5782 1 -22.041 5.03688 -219.048 -0.710054 0.61257 -0.274029 -0.213283 1 2.1 6 0.048 3 13 48
52.5949 1 -22.0505 5.03865 -219.059 -0.710054 0.61257 -0.274029 -0.213283 1 2.1 6 0.048 3 13 48
52.6238 1 -22.0614 5.0406 -219.072 -0.710054 0.61257 -0.274029 -0.213283 1 2.1 6 0.048 3 13 48
52.6474 1 -22.0709 5.0421 -219.083 -0.710054 0.61257 -0.274029 -0.213283 1 2.1 6 0.048 3 13 48
52.664 1 -22.0795 5.04336 -219.093 -0.710054 0.61257 -0.274029 -0.213283 1 2.1 6 0.048 3 13 48
52.6936 1 -22.0883 5.04459 -219.104 -0.710054 0.61257 -0.274029 -0.213283 1 2.1 6 0.048 3 13 48
52.7102 1 -22.0967 5.04573 -219.114 -0.710054 0.61257 -0.274029 -0.213283 1 2.1 6 0.048 3 13 48
52.7401 1 -22.105 5.0468 -219.124 -0.710054 0.61257 -0.274029 -0.213283 1 2.1 6 0.048 3 13 48
52.7568 1 -22.1133 5.0479 -219.133 -0.710054 0.61257 -0.274029 -0.213283 1 2.1 6 0.048 3 13 48
52.7862 1 -22.1215 5.0489 -219.143 -0.710054 0.61257 -0.274029 -0.213283 1 2.1 6 0.048 3 13 48
52.8098 1 -22.1298 5.04996 -219.153 -0.710054 0.61257 -0.274029 -0.213283 1 2.1 6 0.048 3 13 48
52.8265 1 -22.138 5.05103 -219.163 -0.710054 0.61257 -0.274029 -0.213283 1 2.1 6 0.048 3 13 48
52.856 1 -22.1461 5.05199 -219.172 -0.710054 0.61257 -0.274029 -0.213283 1 2.1 6 0.048 3 13 48
52.8727 1 -22.1543 5.05305 -219.182 -0.710054 0.61257 -0.274029 -0.213283 1 2.1 6 0.048 3 13 48
52.9027 1 -22.1623 5.05401 -219.191 -0.710054 0.61257 -0.274029 -0.213283 1 2.1 6 0.048 3 13 48
52.9193 1 -22.1705 5.05507 -219.201 -0.710054 0.61257 -0.274029 -0.213283 1 2.1 6 0.048 3 13 48
52.9488 1 -22.1785 5.05603 -219.21 -0.710054 0.61257 -0.274029 -0.213283 1 2.1 6 0.048 3 13 48
52.9724 1 -22.1868 5.05706 -219.22 -0.710054 0.61257 -0.274029 -0.213283 1 2.1 6 0.048 3 13 48
52.9891 1 -22.195 5.05812 -219.23 -0.710054 0.61257 -0.274029 -0.213283 1 2.1 6 0.048 3 13 48
53.0186 1 -22.203 5.05907 -219.239 -0.710054 0.61257 -0.274029 -0.213283 1 2.1 6 0.048 3 13 48
53.0353 1 -22.2112 5.06013 -219.249 -0.710054 0.61257 -0.274029 -0.213283 1 2.1 6 0.048 3 13 48
53.0653 1 -22.2192 5.06107 -219.258 -0.710054 0.61257 -0.274029 -0.213283 1 2.1 6 0.048 3 13 48
53.206 1 -22.2201 5.05999 -219.259 -0.710054 0.61257 -0.274029 -0.213283 1 2.1 6 0.048 3 13 48
53.2227 1 -22.2288 5.06142 -219.27 -0.710054 0.61257 -0.274029 -0.213283 1 2.1 6 0.048 3 13 48
53.2394 1 -22.2265 5.06016 -219.267 -0.710054 0.61257 -0.274029 -0.213283 1 2.1 6 0.048 3 13 48
53.256 1 -22.2248 5.05924 -219.265 -0.710054 0.61257 -0.274029 -0.213283 1 2.1 6 0.048 3 13 48
53.2727 1 -22.2236 5.05856 -219.263 -0.710054 0.61257 -0.274029 -0.213283 1 2.1 6 0.048 3 13 48
53.2894 1 -22.2227 5.05807 -219.262 -0.710054 0.61257 -0.274029 -0.213283 1 2.1 6 0.048 3 13 48
53.306 1 -22.222 5.0577 -219.262 -0.710054 0.61257 -0.274029 -0.213283 1 2.1 6 0.048 3 13 48
53.3227 1 -22.2215 5.05743 -219.261 -0.710054 0.61257 -0.274029 -0.213283 1 2.1 6 0.048 3 13 48
53.3394 1 -22.2211 5.05723 -219.261 -0.710054 0.61257 -0.274029 -0.213283 1 2.1 6 0.048 3 13 48
53.356 1 -22.2208 5.05709 -219.26 -0.710054 0.61257 -0.274029 -0.213283 1 2.1 6 0.048 3 13 48
53.3727 1 -22.2206 5.05698 -219.26 -0.710054 0.61257 -0.274029 -0.213283 1 2.1 6 0.048 3 13 48
53.3894 1 -22.2205 5.0569 -219.26 -0.710054 0.61257 -0.274029 -0.213283 1 2.1 6 0.048 3 13 48
53.406 1 -22.2204 5.05684 -219.26 -0.710054 0.61257 -0.274029 -0.213283 1 2.1 6 0.048 3 13 48
53.4227 1 -22.2203 5.0568 -219.26 -0.710054 0.61257 -0.274029 -0.213283 1 2.1 6 0.048 3 13 48
53.4394 1 -22.2203 5.05677 -219.26 -0.710054 0.61257 -0.274029 -0.213283 1 2.1 6 0.048 3 13 48
53.456 1 -22.2202 5.05674 -219.259 -0.710054 0.61257 -0.274029 -0.213283 1 2.1 6 0.048 3 13 48
53.4727 1 -22.2202 5.05673 -219.259 -0.710054 0.61257 -0.274029 -0.213283 1 2.1 6 0.048 3 13 48
53.4894 1 -22.2202 5.05671 -219.259 -0.710054 0.61257 -0.274029 -0.213283 1 2.1 6 0.048 3 13 48
53.5081 1 -22.2201 5.0567 -219.259 -0.710054 0.61257 -0.274029 -0.213283 1 2.1 6 0.048 3 13 48
53.5248 1 -22.2201 5.0567 -219.259 -0.710054 0.61257 -0.274029 -0.213283 1 2.1 6 0.048 3 13 48
53.5544 1 -22.2201 5.05669 -219.259 -0.710054 0.61257 -0.274029 -0.213283 1 2.1 6 0.048 3 13 48
53.578 1 -22.2201 5.05668 -219.259 -0.710054 0.61257 -0.274029 -0.213283 1 2.1 6 0.048 3 13 48
53.5946 1 -22.2201 5.05668 -219.259 -0.710054 0.61257 -0.274029 -0.213283 1 2.1 6 0.048 3 13 48
53.6242 1 -22.2201 5.05668 -219.259 -0.710054 0.61257 -0.274029 -0.213283 1 2.1 6 0.048 3 13 48
53.6477 1 -22.2201 5.05668 -219.259 -0.710054 0.61257 -0.274029 -0.213283 1 2.1 6 0.048 3 13 48
53.6644 1 -22.2201 5.05668 -219.259 -0.710054 0.61257 -0.274029 -0.213283 1 2.1 6 0.048 3 13 48
53.6939 1 -22.2201 5.05668 -219.259 -0.710054 0.61257 -0.274029 -0.213283 1 2.1 6 0.048 3 13 48
53.7106 1 -22.2201 5.05668 -219.259 -0.710054 0.61257 -0.274029 -0.213283 1 2.1 6 0.048 3 13 48
53.7406 1 -22.2201 5.05668 -219.259 -0.710054 0.61257 -0.274029 -0.213283 1 2.1 6 0.048 3 13 48
53.7572 1 -22.2201 5.05668 -219.259 -0.710054 0.61257 -0.274029 -0.213283 1 2.1 6 0.048 3 13 48
53.7867 1 -22.2201 5.05668 -219.259 -0.710054 0.61257 -0.274029 -0.213283 1 2.1 6 0.048 3 13 48
53.8103 1 -22.2201 5.05668 -219.259 -0.710054 0.61257 -0.274029 -0.213283 1 2.1 6 0.048 3 13 48
53.827 1 -22.2201 5.05668 -219.259 -0.710054 0.61257 -0.274029 -0.213283 1 2.1 6 0.048 3 13 48
53.8565 1 -22.2201 5.05668 -219.259 -0.710054 0.61257 -0.274029 -0.213283 1 2.1 6 0.048 3 13 48
53.8732 1 -22.2201 5.05668 -219.259 -0.710054 0.61257 -0.274029 -0.213283 1 2.1 6 0.048 3 13 48
53.9031 1 -22.2201 5.05668 -219.259 -0.710054 0.61257 -0.274029 -0.213283 1 2.1 6 0.048 3 13 48
53.9198 1 -22.2201 5.05668 -219.259 -0.710054 0.61257 -0.274029 -0.213283 1 2.1 6 0.048 3 13 48
53.9492 1 -22.2201 5.05668 -219.259 -0.710054 0.61257 -0.274029 -0.213283 1 2.1 6 0.048 3 13 48
53.9727 1 -22.2201 5.05668 -219.259 -0.710054 0.61257 -0.274029 -0.213283 1 2.1 6 0.048 3 13 48
53.9894 1 -22.2201 5.05668 -219.259 -0.710054 0.61257 -0.274029 -0.213283 1 2.1 6 0.048 3 13 48
54.0188 1 -22.2201 5.05668 -219.259 -0.710054 0.61257 -0.274029 -0.213283 1 2.1 6 0.048 3 13 48
54.0355 1 -22.2201 5.05668 -219.259 -0.710054 0.61257 -0.274029 -0.213283 1 2.1 6 0.048 3 13 48
54.0653 1 -22.2201 5.05668 -219.259 -0.710054 0.61257 -0.274029 -0.213283 1 2.1 6 0.048 3 13 48
54.082 1 -22.2201 5.05668 -219.259 -0.710054 0.61257 -0.274029 -0.213283 1 2.1 6 0.048 3 13 48
54.1114 1 -22.2201 5.05668 -219.259 -0.710054 0.61257 -0.274029 -0.213283 1 2.1 6 0.048 3 13 48
54.1349 1 -22.2201 5.05668 -219.259 -0.710054 0.61257 -0.274029 -0.213283 1 2.1 6 0.048 3 13 48
54.1516 1 -22.2201 5.05668 -219.259 -0.710054 0.61257 -0.274029 -0.213283 1 2.1 6 0.048 3 13 48
54.1809 1 -22.2201 5.05668 -219.259 -0.710054 0.61257 -0.274029 -0.213283 1 2.1 6 0.048 3 13 48
54.1976 1 -22.2201 5.05668 -219.259 -0.710054 0.61257 -0.274029 -0.213283 1 2.1 6 0.048 3 13 48
54.2275 1 -22.2201 5.05668 -219.259 -0.710054 0.61257 -0.274029 -0.213283 1 2.1 6 0.048 3 13 48
54.2441 1 -22.2201 5.05668 -219.259 -0.710054 0.61257 -0.274029 -0.213283 1 2.1 6 0.048 3 13 48
54.2735 1 -22.2201 5.05668 -219.259 -0.710054 0.61257 -0.274029 -0.213283 1 2.1 6 0.048 3 13 48
54.2969 1 -22.2201 5.05668 -219.259 -0.710054 0.61257 -0.274029 -0.213283 1 2.1 6 0.048 3 13 48
54.3136 1 -22.2201 5.05668 -219.259 -0.710054 0.61257 -0.274029 -0.213283 1 2.1 6 0.048 3 13 48
54.343 1 -22.2201 5.05668 -219.259 -0.710054 0.61257 -0.274029 -0.213283 1 2.1 6 0.048 3 13 48
54.3597 1 -22.2201 5.05668 -219.259 -0.710054 0.61257 -0.274029 -0.213283 1 2.1 6 0.048 3 13 48
54.3895 1 -22.2201 5.05668 -219.259 -0.710054 0.61257 -0.274029 -0.213283 1 2.1 6 0.048 3 13 48
54.4061 1 -22.2201 5.05668 -219.259 -0.710054 0.61257 -0.274029 -0.213283 1 2.1 6 0.048 3 13 48
54.4355 1 -22.2201 5.05668 -219.259 -0.710054 0.61257 -0.274029 -0.213283 1 2.1 6 0.048 3 13 48
54.4591 1 -22.2201 5.05668 -219.259 -0.710054 0.61257 -0.274029 -0.213283 1 2.1 6 0.048 3 13 48
54.4758 1 -22.2201 5.05668 -219.259 -0.710054 0.61257 -0.274029 -0.213283 1 2.1 6 0.048 3 13 48
54.505 1 -22.2201 5.05668 -219.259 -0.710054 0.61257 -0.274029 -0.213283 1 2.1 6 0.048 3 13 48
54.5217 1 -22.2201 5.05668 -219.259 -0.710054 0.61257 -0.274029 -0.213283 1 2.1 6 0.048 3 13 48
54.5514 1 -22.2201 5.05668 -219.259 -0.710054 0.61257 -0.274029 -0.213283 1 2.1 6 0.048 3 13 48
54.5681 1 -22.2201 5.05668 -219.259 -0.710054 0.61257 -0.274029 -0.213283 1 2.1 6 0.048 3 13 48
54.5956 1 -22.2201 5.05668 -219.259 -0.710054 0.61257 -0.274029 -0.213283 1 2.1 6 0.048 3 13 48
54.6179 1 -22.2201 5.05668 -219.259 -0.710054 0.61257 -0.274029 -0.213283 1 2.1 6 0.048 3 13 48
54.6346 1 -22.2201 5.05668 -219.259 -0.710054 0.61257 -0.274029 -0.213283 1 2.1 6 0.048 3 13 48
54.6617 1 -22.2201 5.05668 -219.259 -0.710054 0.61257 -0.274029 -0.213283 1 2.1 6 0.048 3 13 48
54.6783 1 -22.2201 5.05668 -219.259 -0.710054 0.61257 -0.274029 -0.213283 1 2.1 6 0.048 3 13 48
54.7058 1 -22.2201 5.05668 -219.259 -0.710054 0.61257 -0.274029 -0.213283 1 2.1 6 0.048 3 13 48
54.7225 1 -22.2201 5.05668 -219.259 -0.710054 0.61257 -0.274029 -0.213283 1 2.1 6 0.048 3 13 48
54.7495 1 -22.2201 5.05668 -219.259 -0.710054 0.61257 -0.274029 -0.213283 1 2.1 6 0.048 3 13 48
54.7718 1 -22.2201 5.05668 -219.259 -0.710054 0.61257 -0.274029 -0.213283 1 2.1 6 0.048 3 13 48
54.7885 1 -22.2201 5.05668 -219.259 -0.710054 0.61257 -0.274029 -0.213283 1 2.1 6 0.048 3 13 48
54.8155 1 -22.2201 5.05668 -219.259 -0.710054 0.61257 -0.274029 -0.213283 1 2.1 6 0.048 3 13 48
54.8322 1 -22.2201 5.05668 -219.259 -0.710054 0.61257 -0.274029 -0.213283 1 2.1 6 0.048 3 13 48
54.8597 1 -22.2201 5.05668 -219.259 -0.710054 0.61257 -0.274029 -0.213283 1 2.1 6 0.048 3 13 48
54.8764 1 -22.2201 5.05668 -219.259 -0.710054 0.61257 -0.274029 -0.213283 1 2.1 6 0.048 3 13 48
54.9034 1 -22.2201 5.05668 -219.259 -0.710054 0.61257 -0.274029 -0.213283 1 2.1 6 0.048 3 13 48
54.9257 1 -22.2201 5.05668 -219.259 -0.710054 0.61257 -0.274029 -0.213283 1 2.1 6 0.048 3 13 48
54.9423 1 -22.2201 5.05668 -219.259 -0.710054 0.61257 -0.274029 -0.213283 1 2.1 6 0.048 3 13 48
54.9693 1 -22.2201 5.05668 -219.259 -0.710054 0.61257 -0.274029 -0.213283 1 2.1 6 0.048 3 13 48
54.9859 1 -22.2201 5.05668 -219.259 -0.710054 0.61257 -0.274029 -0.213283 1 2.1 6 0.048 3 13 48
55.0133 1 -22.2201 5.05668 -219.259 -0.710054 0.61257 -0.274029 -0.213283 1 2.1 6 0.048 3 13 48
55.03 1 -22.2201 5.05668 -219.259 -0.710054 0.61257 -0.274029 -0.213283 1 2.1 6 0.048 3 13 48
55.0569 1 -22.2201 5.05668 -219.259 -0.710054 0.61257 -0.274029 -0.213283 1 2.1 6 0.048 3 13 48
55.0792 1 -22.2201 5.05668 -219.259 -0.710054 0.61257 -0.274029 -0.213283 1 2.1 6 0.048 3 13 48
55.0958 1 -22.2201 5.05668 -219.259 -0.710054 0.61257 -0.274029 -0.213283 1 2.1 6 0.048 3 13 48
55.1228 1 -22.2201 5.05668 -219.259 -0.710054 0.61257 -0.274029 -0.213283 1 2.1 6 0.048 3 13 48
55.1394 1 -22.2201 5.05668 -219.259 -0.710054 0.61257 -0.274029 -0.213283 1 2.1 6 0.048 3 13 48
55.1668 1 -22.2201 5.05668 -219.259 -0.710054 0.61257 -0.274029 -0.213283 1 2.1 6 0.048 3 13 48
55.1835 1 -22.2201 5.05668 -219.259 -0.710054 0.61257 -0.274029 -0.213283 1 2.1 6 0.048 3 13 48
55.2103 1 -22.2201 5.05668 -219.259 -0.710054 0.61257 -0.274029 -0.213283 1 2.1 6 0.048 3 13 48
55.2325 1 -22.2201 5.05668 -219.259 -0.710054 0.61257 -0.274029 -0.213283 1 2.1 6 0.048 3 13 48
55.2492 1 -22.2201 5.05668 -219.259 -0.710054 0.61257 -0.274029 -0.213283 1 2.1 6 0.048 3 13 48
55.2762 1 -22.2201 5.05668 -219.259 -0.710054 0.61257 -0.274029 -0.213283 1 2.1 6 0.048 3 13 48
55.2929 1 -22.2201 5.05668 -219.259 -0.710054 0.61257 -0.274029 -0.213283 1 2.1 6 0.048 3 13 48
55.3201 1 -22.2201 5.05668 -219.259 -0.710054 0.61257 -0.274029 -0.213283 1 2.1 6 0.048 3 13 48
55.3368 1 -22.2201 5.05668 -219.259 -0.710054 0.61257 -0.274029 -0.213283 1 2.1 6 0.048 3 13 48
55.3636 1 -22.2201 5.05668 -219.259 -0.710054 0.61257 -0.274029 -0.213283 1 2.1 6 0.048 3 13 48
55.3858 1 -22.2201 5.05668 -219.259 -0.710054 0.61257 -0.274029 -0.213283 1 2.1 6 0.048 3 13 48
55.4025 1 -22.2201 5.05668 -219.259 -0.710054 0.61257 -0.274029 -0.213283 1 2.1 6 0.048 3 13 48
55.4293 1 -22.2201 5.05668 -219.259 -0.710054 0.61257 -0.274029 -0.213283 1 2.1 6 0.048 3 13 48
55.446 1 -22.2201 5.05668 -219.259 -0.710054 0.61257 -0.274029 -0.213283 1 2.1 6 0.048 3 13 48
55.4733 1 -22.2201 5.05668 -219.259 -0.710054 0.61257 -0.274029 -0.213283 1 2.1 6 0.048 3 13 48
55.4899 1 -22.2201 5.05668 -219.259 -0.710054 0.61257 -0.274029 -0.213283 1 2.1 6 0.048 3 13 48
55.5168 1 -22.2201 5.05668 -219.259 -0.710054 0.61257 -0.274029 -0.213283 1 2.1 6 0.048 3 13 48
55.539 1 -22.2201 5.05668 -219.259 -0.710054 0.61257 -0.274029 -0.213283 1 2.1 6 0.048 3 13 48
55.5556 1 -22.2201 5.05668 -219.259 -0.710054 0.61257 -0.274029 -0.213283 1 2.1 6 0.048 3 13 48
55.5827 1 -22.2201 5.05668 -219.259 -0.710054 0.61257 -0.274029 -0.213283 1 2.1 6 0.048 3 13 48
55.5994 1 -22.2201 5.05668 -219.259 -0.710054 0.61257 -0.274029 -0.213283 1 2.1 6 0.048 3 13 48
55.6267 1 -22.2201 5.05668 -219.259 -0.710054 0.61257 -0.274029 -0.213283 1 2.1 6 0.048 3 13 48
55.6433 1 -22.2201 5.05668 -219.259 -0.710054 0.61257 -0.274029 -0.213283 1 2.1 6 0.048 3 13 48
55.6701 1 -22.2201 5.05668 -219.259 -0.710054 0.61257 -0.274029 -0.213283 1 2.1 6 0.048 3 13 48
55.6934 1 -22.2201 5.05668 -219.259 -0.710054 0.61257 -0.274029 -0.213283 1 2.1 6 0.048 3 13 48
55.71 1 -22.2201 5.05668 -219.259 -0.710054 0.61257 -0.274029 -0.213283 1 2.1 6 0.048 3 13 48
55.7356 1 -22.2201 5.05668 -219.259 -0.710054 0.61257 -0.274029 -0.213283 1 2.1 6 0.048 3 13 48
55.7522 1 -22.2201 5.05668 -219.259 -0.710054 0.61257 -0.274029 -0.213283 1 2.1 6 0.048 3 13 48
55.7794 1 -22.2201 5.05668 -219.259 -0.710054 0.61257 -0.274029 -0.213283 1 2.1 6 0.048 3 13 48
55.796 1 -22.2201 5.05668 -219.259 -0.710054 0.61257 -0.274029 -0.213283 1 2.1 6 0.048 3 13 48
55.8227 1 -22.2201 5.05668 -219.259 -0.710054 0.61257 -0.274029 -0.213283 1 2.1 6 0.048 3 13 48
55.8447 1 -22.2201 5.05668 -219.259 -0.710054 0.61257 -0.274029 -0.213283 1 2.1 6 0.048 3 13 48
55.8614 1 -22.2201 5.05668 -219.259 -0.710054 0.61257 -0.274029 -0.213283 1 2.1 6 0.048 3 13 48
55.8893 1 -22.2201 5.05668 -219.259 -0.710054 0.61257 -0.274029 -0.213283 1 2.1 6 0.048 3 13 48
55.9059 1 -22.2201 5.05668 -219.259 -0.710054 0.61257 -0.274029 -0.213283 1 2.1 6 0.048 3 13 48
55.9352 1 -22.2201 5.05668 -219.259 -0.710054 0.61257 -0.274029 -0.213283 1 2.1 6 0.048 3 13 48
55.9519 1 -22.2201 5.05668 -219.259 -0.710054 0.61257 -0.274029 -0.213283 1 2.1 6 0.048 3 13 48
55.9807 1 -22.2201 5.05668 -219.259 -0.710054 0.61257 -0.274029 -0.213283 1 2.1 6 0.048 3 13 48
56.004 1 -22.2201 5.05668 -219.259 -0.710054 0.61257 -0.274029 -0.213283 1 2.1 6 0.048 3 13 48
56.0207 1 -22.2201 5.05668 -219.259 -0.710054 0.61257 -0.274029 -0.213283 1 2.1 6 0.048 3 13 48
56.0495 1 -22.2201 5.05668 -219.259 -0.710054 0.61257 -0.274029 -0.213283 1 2.1 6 0.048 3 13 48
56.0662 1 -22.2201 5.05668 -219.259 -0.710054 0.61257 -0.274029 -0.213283 1 2.1 6 0.048 3 13 48
56.0954 1 -22.2201 5.05668 -219.259 -0.710054 0.61257 -0.274029 -0.213283 1 2.1 6 0.048 3 13 48
56.1121 1 -22.2201 5.05668 -219.259 -0.710054 0.61257 -0.274029 -0.213283 1 2.1 6 0.048 3 13 48
56.1408 1 -22.2201 5.05668 -219.259 -0.710054 0.61257 -0.274029 -0.213283 1 2.1 6 0.048 3 13 48
56.1575 1 -22.2201 5.05668 -219.259 -0.710054 0.61257 -0.274029 -0.213283 1 2.1 6 0.048 3 13 48
56.1862 1 -22.2201 5.05668 -219.259 -0.710054 0.61257 -0.274029 -0.213283 1 2.1 6 0.048 3 13 48
56.2093 1 -22.2201 5.05668 -219.259 -0.710054 0.61257 -0.274029 -0.213283 1 2.1 6 0.048 3 13 48
56.226 1 -22.2201 5.05668 -219.259 -0.710054 0.61257 -0.274029 -0.213283 1 2.1 6 0.048 3 13 48
56.2551 1 -22.2201 5.05668 -219.259 -0.710054 0.61257 -0.274029 -0.213283 1 2.1 6 0.048 3 13 48
56.2718 1 -22.2201 5.05668 -219.259 -0.710054 0.61257 -0.274029 -0.213283 1 2.1 6 0.048 3 13 48
56.3004 1 -22.2201 5.05668 -219.259 -0.710054 0.61257 -0.274029 -0.213283 1 2.1 6 0.048 3 13 48
56.3171 1 -22.2201 5.05668 -219.259 -0.710054 0.61257 -0.274029 -0.213283 1 2.1 6 0.048 3 13 48
56.3458 1 -22.2201 5.05668 -219.259 -0.710036 0.612591 -0.274022 -0.213291 1 2.1 6 0.048 3 13 48
56.3697 1 -22.2201 5.05668 -219.259 -0.709054 0.613728 -0.27368 -0.21373 1 2.1 6 0.048 3 13 48
56.3863 1 -22.2201 5.05668 -219.259 -0.708175 0.614741 -0.273374 -0.214121 1 2.1 6 0.048 3 13 48
56.4146 1 -22.2201 5.05668 -219.259 -0.707553 0.615458 -0.273157 -0.214398 1 2.1 6 0.048 3 13 48
56.4313 1 -22.2201 5.05668 -219.259 -0.707109 0.615967 -0.273003 -0.214594 1 2.1 6 0.048 3 13 48
56.4599 1 -22.2201 5.05668 -219.259 -0.706826 0.616292 -0.272904 -0.21472 1 2.1 6 0.048 3 13 48
56.4766 1 -22.2201 5.05668 -219.259 -0.706629 0.616517 -0.272836 -0.214807 1 2.1 6 0.048 3 13 48
56.5056 1 -22.2201 5.05668 -219.259 -0.706507 0.616658 -0.272793 -0.214861 1 2.1 6 0.048 3 13 48
56.5284 1 -22.2201 5.05668 -219.259 -0.706429 0.616747 -0.272766 -0.214896 1 2.1 6 0.048 3 13 48
56.5451 1 -22.2201 5.05668 -219.259 -0.706373 0.616811 -0.272747 -0.21492 1 2.1 6 0.048 3 13 48
56.5741 1 -22.2201 5.05668 -219.259 -0.706338 0.616851 -0.272734 -0.214936 1 2.1 6 0.048 3 13 48
56.5908 1 -22.2201 5.05668 -219.259 -0.706314 0.616878 -0.272726 -0.214946 1 2.1 6 0.048 3 13 48
56.6195 1 -22.2201 5.05668 -219.259 -0.706299 0.616896 -0.272721 -0.214953 1 2.1 6 0.048 3 13 48
56.6362 1 -22.2201 5.05668 -219.259 -0.706289 0.616907 -0.272717 -0.214957 1 2.1 6 0.048 3 13 48
56.6649 1 -22.2201 5.05668 -219.259 -0.706282 0.616915 -0.272715 -0.21496 1 2.1 6 0.048 3 13 48
56.688 1 -22.2201 5.05668 -219.259 -0.706278 0.61692 -0.272714 -0.214962 1 2.1 6 0.048 3 13 48
56.7047 1 -22.2201 5.05668 -219.259 -0.706275 0.616923 -0.272712 -0.214963 1 2.1 6 0.048 3 13 48
56.7337 1 -22.2201 5.05668 -219.259 -0.706274 0.616925 -0.272712 -0.214964 1 2.1 6 0.048 3 13 48
56.7504 1 -22.2201 5.05668 -219.259 -0.706272 0.616927 -0.272711 -0.214965 1 2.1 6 0.048 3 13 48
56.7791 1 -22.2201 5.05668 -219.259 -0.706271 0.616928 -0.272711 -0.214965 1 2.1 6 0.048 3 13 48
56.7958 1 -22.2201 5.05668 -219.259 -0.706271 0.616928 -0.272711 -0.214965 1 2.1 6 0.048 3 13 48
56.8246 1 -22.2201 5.05668 -219.259 -0.706271 0.616929 -0.272711 -0.214966 1 2.1 6 0.048 3 13 48
56.8477 1 -22.2201 5.05668 -219.259 -0.706258 0.616942 -0.272707 -0.214971 1 2.1 6 0.048 3 13 48
56.8643 1 -22.2201 5.05668 -219.259 -0.705526 0.61778 -0.272451 -0.215295 1 2.1 6 0.048 3 13 48
56.8936 1 -22.2201 5.05668 -219.259 -0.704786 0.618624 -0.272193 -0.21562 1 2.1 6 0.048 3 13 48
56.9102 1 -22.2201 5.05668 -219.259 -0.704229 0.619258 -0.271999 -0.215865 1 2.1 6 0.048 3 13 48
56.939 1 -22.2201 5.05668 -219.259 -0.703862 0.619675 -0.271872 -0.216026 1 2.1 6 0.048 3 13 48
56.9557 1 -22.2201 5.05668 -219.259 -0.703606 0.619966 -0.271782 -0.216139 1 2.1 6 0.048 3 13 48
56.9845 1 -22.2201 5.05668 -219.259 -0.703444 0.620149 -0.271726 -0.216209 1 2.1 6 0.048 3 13 48
57.0079 1 -22.2201 5.05668 -219.259 -0.703342 0.620265 -0.27169 -0.216254 1 2.1 6 0.048 3 13 48
57.0246 1 -22.2201 5.05668 -219.259 -0.703269 0.620347 -0.271665 -0.216286 1 2.1 6 0.048 3 13 48
57.0535 1 -22.2201 5.05668 -219.259 -0.703224 0.620399 -0.271649 -0.216306 1 2.1 6 0.048 3 13 48
57.0702 1 -22.2201 5.05668 -219.259 -0.703193 0.620434 -0.271638 -0.21632 1 2.1 6 0.048 3 13 48
57.0991 1 -22.2201 5.05668 -219.259 -0.703173 0.620457 -0.271631 -0.216328 1 2.1 6 0.048 3 13 48
57.1157 1 -22.2201 5.05668 -219.259 -0.70316 0.620472 -0.271626 -0.216334 1 2.1 6 0.048 3 13 48
57.1446 1 -22.2201 5.05668 -219.259 -0.703151 0.620482 -0.271624 -0.216338 1 2.1 6 0.048 3 13 48
57.1678 1 -22.2201 5.05668 -219.259 -0.703146 0.620488 -0.271622 -0.21634 1 2.1 6 0.048 3 13 48
57.1845 1 -22.2201 5.05668 -219.259 -0.703142 0.620492 -0.27162 -0.216342 1 2.1 6 0.048 3 13 48
57.2138 1 -22.2201 5.05668 -219.259 -0.70314 0.620495 -0.27162 -0.216343 1 2.1 6 0.048 3 13 48
57.2305 1 -22.2201 5.05668 -219.259 -0.703138 0.620497 -0.271619 -0.216344 1 2.1 6 0.048 3 13 48
57.2594 1 -22.2201 5.05668 -219.259 -0.703137 0.620498 -0.271619 -0.216344 1 2.1 6 0.048 3 13 48
57.2761 1 -22.2201 5.05668 -219.259 -0.703136 0.620498 -0.271618 -0.216344 1 2.1 6 0.048 3 13 48
57.3051 1 -22.2201 5.05668 -219.259 -0.703136 0.620499 -0.271618 -0.216345 1 2.1 6 0.048 3 13 48
57.3284 1 -22.2201 5.05668 -219.259 -0.703136 0.620499 -0.271618 -0.216345 1 2.1 6 0.048 3 13 48
57.345 1 -22.2201 5.05668 -219.259 -0.703135 0.6205 -0.271618 -0.216345 1 2.1 6 0.048 3 13 48
57.3745 1 -22.2201 5.05668 -219.259 -0.703135 0.6205 -0.271618 -0.216345 1 2.1 6 0.048 3 13 48
57.3911 1 -22.2201 5.05668 -219.259 -0.703135 0.6205 -0.271618 -0.216345 1 2.1 6 0.048 3 13 48
57.4202 1 -22.2201 5.05668 -219.259 -0.703135 0.6205 -0.271618 -0.216345 1 2.1 6 0.048 3 13 48
57.4368 1 -22.2201 5.05668 -219.259 -0.703129 0.620507 -0.271616 -0.216348 1 2.1 6 0.048 3 13 48
57.4667 1 -22.2201 5.05668 -219.259 -0.701969 0.621819 -0.271211 -0.216854 1 2.1 6 0.048 3 13 48
57.4892 1 -22.2201 5.05668 -219.259 -0.700994 0.622917 -0.270871 -0.217279 1 2.1 6 0.048 3 13 48
57.5059 1 -22.2201 5.05668 -219.259 -0.700251 0.623752 -0.270612 -0.217601 1 2.1 6 0.048 3 13 48
57.5354 1 -22.2201 5.05668 -219.259 -0.699772 0.62429 -0.270445 -0.217809 1 2.1 6 0.048 3 13 48
57.552 1 -22.2201 5.05668 -219.259 -0.699442 0.62466 -0.27033 -0.217952 1 2.1 6 0.048 3 13 48
57.5812 1 -22.2201 5.05668 -219.259 -0.699236 0.62489 -0.270258 -0.218041 1 2.1 6 0.048 3 13 48
57.5978 1 -22.2201 5.05668 -219.259 -0.699094 0.625049 -0.270208 -0.218103 1 2.1 6 0.048 3 13 48
57.627 1 -22.2201 5.05668 -219.259 -0.699005 0.625148 -0.270177 -0.218141 1 2.1 6 0.048 3 13 48
57.6505 1 -22.2201 5.05668 -219.259 -0.698949 0.625211 -0.270158 -0.218165 1 2.1 6 0.048 3 13 48
57.6671 1 -22.2201 5.05668 -219.259 -0.69891 0.625255 -0.270144 -0.218182 1 2.1 6 0.048 3 13 48
57.6967 1 -22.2201 5.05668 -219.259 -0.698885 0.625283 -0.270136 -0.218193 1 2.1 6 0.048 3 13 48
57.7133 1 -22.2201 5.05668 -219.259 -0.698868 0.625302 -0.27013 -0.2182 1 2.1 6 0.048 3 13 48
57.7426 1 -22.2201 5.05668 -219.259 -0.698858 0.625313 -0.270126 -0.218205 1 2.1 6 0.048 3 13 48
57.7592 1 -22.2201 5.05668 -219.259 -0.69885 0.625322 -0.270123 -0.218208 1 2.1 6 0.048 3 13 48
57.7885 1 -22.2201 5.05668 -219.259 -0.698846 0.625327 -0.270122 -0.21821 1 2.1 6 0.048 3 13 48
57.8118 1 -22.2201 5.05668 -219.259 -0.698843 0.62533 -0.270121 -0.218211 1 2.1 6 0.048 3 13 48
57.8285 1 -22.2201 5.05668 -219.259 -0.698841 0.625332 -0.27012 -0.218212 1 2.1 6 0.048 3 13 48
57.8582 1 -22.2201 5.05668 -219.259 -0.69884 0.625334 -0.27012 -0.218213 1 2.1 6 0.048 3 13 48
57.8749 1 -22.2201 5.05668 -219.259 -0.698839 0.625334 -0.270119 -0.218213 1 2.1 6 0.048 3 13 48
57.9041 1 -22.2201 5.05668 -219.259 -0.698838 0.625335 -0.270119 -0.218213 1 2.1 6 0.048 3 13 48
57.9208 1 -22.2201 5.05668 -219.259 -0.698838 0.625335 -0.270119 -0.218213 1 2.1 6 0.048 3 13 48
57.9502 1 -22.2201 5.05668 -219.259 -0.698838 0.625336 -0.270119 -0.218213 1 2.1 6 0.048 3 13 48
57.9736 1 -22.2201 5.05668 -219.259 -0.698838 0.625336 -0.270119 -0.218214 1 2.1 6 0.048 3 13 48
57.9903 1 -22.2201 5.05668 -219.259 -0.698837 0.625336 -0.270119 -0.218214 1 2.1 6 0.048 3 13 48
58.02 1 -22.2201 5.05668 -219.259 -0.698837 0.625336 -0.270119 -0.218214 1 2.1 6 0.048 3 13 48
58.0366 1 -22.2201 5.05668 -219.259 -0.698837 0.625336 -0.270119 -0.218214 1 2.1 6 0.048 3 13 48
58.0661 1 -22.2201 5.05668 -219.259 -0.698837 0.625336 -0.270119 -0.218214 1 2.1 6 0.048 3 13 48
58.0827 1 -22.2203 5.05671 -219.26 -0.698837 0.625336 -0.270119 -0.218214 1 2.1 6 0.048 3 13 48
58.1128 1 -22.2375 5.05981 -219.28 -0.698837 0.625336 -0.270119 -0.218214 1 2.1 6 0.048 3 13 48
58.1356 1 -22.2492 5.06163 -219.294 -0.698837 0.625336 -0.270119 -0.218214 1 2.1 6 0.048 3 13 48
58.1522 1 -22.2585 5.0629 -219.305 -0.698837 0.625336 -0.270119 -0.218214 1 2.1 6 0.048 3 13 48
58.1822 1 -22.2691 5.06428 -219.317 -0.698837 0.625336 -0.270119 -0.218214 1 2.1 6 0.048 3 13 48
58.1988 1 -22.2778 5.0653 -219.327 -0.698837 0.625336 -0.270119 -0.218214 1 2.1 6 0.048 3 13 48
58.2283 1 -22.287 5.06631 -219.338 -0.698837 0.625336 -0.270119 -0.218214 1 2.1 6 0.048 3 13 48
58.245 1 -22.2954 5.06721 -219.348 -0.698837 0.625336 -0.270119 -0.218214 1 2.1 6 0.048 3 13 48
58.2744 1 -22.3039 5.06807 -219.358 -0.698837 0.625336 -0.270119 -0.218214 1 2.1 6 0.048 3 13 48
58.2979 1 -22.3124 5.06892 -219.368 -0.698837 0.625336 -0.270119 -0.218214 1 2.1 6 0.048 3 13 48
58.3146 1 -22.3207 5.06976 -219.378 -0.698837 0.625336 -0.270119 -0.218214 1 2.1 6 0.048 3 13 48
58.3445 1 -22.3289 5.07052 -219.387 -0.698837 0.625336 -0.270119 -0.218214 1 2.1 6 0.048 3 13 48
58.3611 1 -22.3372 5.07135 -219.397 -0.698837 0.625336 -0.270119 -0.218214 1 2.1 6 0.048 3 13 48
58.3906 1 -22.3453 5.0721 -219.407 -0.698837 0.625336 -0.270119 -0.218214 1 2.1 6 0.048 3 13 48
58.4073 1 -22.3536 5.07293 -219.416 -0.698837 0.625336 -0.270119 -0.218214 1 2.1 6 0.048 3 13 48
58.4367 1 -22.3617 5.07367 -219.426 -0.698837 0.625336 -0.270119 -0.218214 1 2.1 6 0.048 3 13 48
58.4603 1 -22.37 5.07448 -219.436 -0.698837 0.625336 -0.270119 -0.218214 1 2.1 6 0.048 3 13 48
58.4769 1 -22.378 5.07526 -219.445 -0.698837 0.625336 -0.270119 -0.218214 1 2.1 6 0.048 3 13 48
58.5058 1 -22.3694 5.07298 -219.435 -0.698837 0.625336 -0.270119 -0.218214 1 2.1 6 0.048 3 13 48
58.5225 1 -22.3677 5.07228 -219.433 -0.698837 0.625336 -0.270119 -0.218214 1 2.1 6 0.048 3 13 48
58.5494 1 -22.3643 5.07136 -219.429 -0.698837 0.625336 -0.270119 -0.218214 1 2.1 6 0.048 3 13 48
58.5661 1 -22.3635 5.07104 -219.428 -0.698837 0.625336 -0.270119 -0.218214 1 2.1 6 0.048 3 13 48
58.5934 1 -22.362 5.07063 -219.426 -0.698837 0.625336 -0.270119 -0.218214 1 2.1 6 0.048 3 13 48
58.6158 1 -22.3613 5.07042 -219.425 -0.698837 0.625336 -0.270119 -0.218214 1 2.1 6 0.048 3 13 48
58.6324 1 -22.3611 5.07033 -219.425 -0.698837 0.625336 -0.270119 -0.218214 1 2.1 6 0.048 3 13 48
58.6601 1 -22.3606 5.07021 -219.425 -0.698837 0.625336 -0.270119 -0.218214 1 2.1 6 0.048 3 13 48
58.6767 1 -22.3605 5.07017 -219.424 -0.698837 0.625336 -0.270119 -0.218214 1 2.1 6 0.048 3 13 48
58.704 1 -22.3603 5.07011 -219.424 -0.698837 0.625336 -0.270119 -0.218214 1 2.1 6 0.048 3 13 48
58.7206 1 -22.3603 5.07009 -219.424 -0.698837 0.625336 -0.270119 -0.218214 1 2.1 6 0.048 3 13 48
58.748 1 -22.3607 5.07016 -219.425 -0.698837 0.625336 -0.270119 -0.218214 1 2.1 6 0.048 3 13 48
58.771 1 -22.3748 5.07271 -219.441 -0.698837 0.625336 -0.270119 -0.218214 1 2.1 6 0.048 3 13 48
58.7876 1 -22.3849 5.07429 -219.453 -0.698837 0.625336 -0.270119 -0.218214 1 2.1 6 0.048 3 13 48
58.8147 1 -22.3968 5.07604 -219.467 -0.698837 0.625336 -0.270119 -0.218214 1 2.1 6 0.048 3 13 48
58.8314 1 -22.4058 5.0772 -219.478 -0.698837 0.625336 -0.270119 -0.218214 1 2.1 6 0.048 3 13 48
58.8586 1 -22.4156 5.0784 -219.489 -0.698837 0.625336 -0.270119 -0.218214 1 2.1 6 0.048 3 13 48
58.8753 1 -22.4242 5.07937 -219.499 -0.698837 0.625336 -0.270119 -0.218214 1 2.1 6 0.048 3 13 48
58.9026 1 -22.4331 5.08032 -219.51 -0.698837 0.625336 -0.270119 -0.218214 1 2.1 6 0.048 3 13 48
58.9249 1 -22.4417 5.08121 -219.52 -0.698837 0.625336 -0.270119 -0.218214 1 2.1 6 0.048 3 13 48
59.0579 1 -22.4437 5.08062 -219.522 -0.698837 0.625336 -0.270119 -0.218214 1 2.1 6 0.048 3 13 48
59.0746 1 -22.4527 5.08174 -219.533 -0.698837 0.625336 -0.270119 -0.218214 1 2.1 6 0.048 3 13 48
59.0913 1 -22.4615 5.08278 -219.543 -0.698837 0.625336 -0.270119 -0.218214 1 2.1 6 0.048 3 13 48
59.1088 1 -22.4702 5.08375 -219.553 -0.698837 0.625336 -0.270119 -0.218214 1 2.1 6 0.048 3 13 48
59.1255 1 -22.4787 5.08467 -219.563 -0.698837 0.625336 -0.270119 -0.218214 1 2.1 6 0.048 3 13 48
59.1422 1 -22.4869 5.08551 -219.573 -0.698837 0.625336 -0.270119 -0.218214 1 2.1 6 0.048 3 13 48
59.1591 1 -22.484 5.08433 -219.57 -0.698837 0.625336 -0.270119 -0.218214 1 2.1 6 0.048 3 13 48
59.1758 1 -22.482 5.08348 -219.567 -0.698837 0.625336 -0.270119 -0.218214 1 2.1 6 0.048 3 13 48
59.1924 1 -22.4805 5.08286 -219.566 -0.698837 0.625336 -0.270119 -0.218214 1 2.1 6 0.048 3 13 48
59.2091 1 -22.4794 5.0824 -219.564 -0.698837 0.625336 -0.270119 -0.218214 1 2.1 6 0.048 3 13 48
59.2258 1 -22.4786 5.08206 -219.563 -0.698837 0.625336 -0.270119 -0.218214 1 2.1 6 0.048 3 13 48
59.2424 1 -22.478 5.08182 -219.563 -0.698837 0.625336 -0.270119 -0.218214 1 2.1 6 0.048 3 13 48
59.2591 1 -22.4775 5.08163 -219.562 -0.698837 0.625336 -0.270119 -0.218214 1 2.1 6 0.048 3 13 48
59.2758 1 -22.4772 5.0815 -219.562 -0.698837 0.625336 -0.270119 -0.218214 1 2.1 6 0.048 3 13 48
59.2924 1 -22.477 5.0814 -219.561 -0.698837 0.625336 -0.270119 -0.218214 1 2.1 6 0.048 3 13 48
59.3101 1 -22.4768 5.08132 -219.561 -0.698837 0.625336 -0.270119 -0.218214 1 2.1 6 0.048 3 13 48
59.3268 1 -22.4766 5.08127 -219.561 -0.698837 0.625336 -0.270119 -0.218214 1 2.1 6 0.048 3 13 48
59.3434 1 -22.4765 5.08123 -219.561 -0.698837 0.625336 -0.270119 -0.218214 1 2.1 6 0.048 3 13 48
59.3601 1 -22.4765 5.0812 -219.561 -0.698837 0.625336 -0.270119 -0.218214 1 2.1 6 0.048 3 13 48
59.3768 1 -22.4764 5.08118 -219.561 -0.698837 0.625336 -0.270119 -0.218214 1 2.1 6 0.048 3 13 48
59.3934 1 -22.4764 5.08117 -219.561 -0.698837 0.625336 -0.270119 -0.218214 1 2.1 6 0.048 3 13 48
59.4101 1 -22.4764 5.08115 -219.561 -0.698837 0.625336 -0.270119 -0.218214 1 2.1 6 0.048 3 13 48
59.4343 1 -22.4763 5.08114 -219.561 -0.698837 0.625336 -0.270119 -0.218214 1 2.1 6 0.048 3 13 48
59.451 1 -22.4763 5.08114 -219.561 -0.698837 0.625336 -0.270119 -0.218214 1 2.1 6 0.048 3 13 48
59.4783 1 -22.4763 5.08113 -219.561 -0.698837 0.625336 -0.270119 -0.218214 1 2.1 6 0.048 3 13 48
59.5006 1 -22.4763 5.08113 -219.561 -0.698837 0.625336 -0.270119 -0.218214 1 2.1 6 0.048 3 13 48
59.523 1 -22.4763 5.08112 -219.561 -0.698837 0.625336 -0.270119 -0.218214 1 2.1 6 0.048 3 13 48
59.5397 1 -22.4762 5.08112 -219.561 -0.698837 0.625336 -0.270119 -0.218214 1 2.1 6 0.048 3 13 48
59.567 1 -22.4762 5.08112 -219.561 -0.698837 0.625336 -0.270119 -0.218214 1 2.1 6 0.048 3 13 48
59.5837 1 -22.4762 5.08112 -219.561 -0.698837 0.625336 -0.270119 -0.218214 1 2.1 6 0.048 3 13 48
59.611 1 -22.4767 5.08121 -219.561 -0.698837 0.625336 -0.270119 -0.218214 1 2.1 6 0.048 3 13 48
59.6337 1 -22.4908 5.08375 -219.578 -0.698837 0.625336 -0.270119 -0.218214 1 2.1 6 0.048 3 13 48
59.6555 1 -22.5026 5.08564 -219.592 -0.698837 0.625336 -0.270119 -0.218214 1 2.1 6 0.048 3 13 48
59.6779 1 -22.5134 5.08718 -219.604 -0.698837 0.625336 -0.270119 -0.218214 1 2.1 6 0.048 3 13 48
59.6946 1 -22.5224 5.08833 -219.615 -0.698837 0.625336 -0.270119 -0.218214 1 2.1 6 0.048 3 13 48
59.7219 1 -22.5322 5.08953 -219.626 -0.698837 0.625336 -0.270119 -0.218214 1 2.1 6 0.048 3 13 48
59.7386 1 -22.5408 5.09049 -219.637 -0.698837 0.625336 -0.270119 -0.218214 1 2.1 6 0.048 3 13 48
59.7658 1 -22.5497 5.09144 -219.647 -0.698837 0.625336 -0.270119 -0.218214 1 2.1 6 0.048 3 13 48
59.788 1 -22.5579 5.09227 -219.657 -0.698837 0.625336 -0.270119 -0.218214 1 2.1 6 0.048 3 13 48
59.8106 1 -22.5523 5.09059 -219.65 -0.698837 0.625336 -0.270119 -0.218214 1 2.1 6 0.048 3 13 48
59.8329 1 -22.5487 5.0895 -219.646 -0.698837 0.625336 -0.270119 -0.218214 1 2.1 6 0.048 3 13 48
59.8495 1 -22.5475 5.089 -219.644 -0.698837 0.625336 -0.270119 -0.218214 1 2.1 6 0.048 3 13 48
59.8768 1 -22.545 5.08834 -219.642 -0.698837 0.625336 -0.270119 -0.218214 1 2.1 6 0.048 3 13 48
59.8935 1 -22.5445 5.08811 -219.641 -0.698837 0.625336 -0.270119 -0.218214 1 2.1 6 0.048 3 13 48
59.9208 1 -22.5434 5.08782 -219.64 -0.698837 0.625336 -0.270119 -0.218214 1 2.1 6 0.048 3 13 48
59.9429 1 -22.5429 5.08768 -219.639 -0.698837 0.625336 -0.270119 -0.218214 1 2.1 6 0.048 3 13 48
59.9653 1 -22.5426 5.08758 -219.639 -0.698837 0.625336 -0.270119 -0.218214 1 2.1 6 0.048 3 13 48
59.9878 1 -22.5424 5.08752 -219.638 -0.698837 0.625336 -0.270119 -0.218214 1 2.1 6 0.048 3 13 48
60.0044 1 -22.5423 5.08749 -219.638 -0.698837 0.625336 -0.270119 -0.218214 1 2.1 6 0.048 3 13 48
60.0317 1 -22.5422 5.08745 -219.638 -0.698837 0.625336 -0.270119 -0.218214 1 2.1 6 0.048 3 13 48
60.0484 1 -22.5422 5.08744 -219.638 -0.698837 0.625336 -0.270119 -0.218214 1 2.1 6 0.048 3 13 48
60.0756 1 -22.5421 5.08742 -219.638 -0.698837 0.625336 -0.270119 -0.218214 1 2.1 6 0.048 3 13 48
60.0978 1 -22.5421 5.08741 -219.638 -0.698837 0.625336 -0.270119 -0.218214 1 2.1 6 0.048 3 13 48
60.1201 1 -22.542 5.08741 -219.638 -0.698837 0.625336 -0.270119 -0.218214 1 2.1 6 0.048 3 13 48
60.1425 1 -22.542 5.0874 -219.638 -0.698837 0.625336 -0.270119 -0.218214 1 2.1 6 0.048 3 13 48
60.1592 1 -22.542 5.0874 -219.638 -0.698837 0.625336 -0.270119 -0.218214 1 2.1 6 0.048 3 13 48
60.1865 1 -22.542 5.0874 -219.638 -0.698837 0.625336 -0.270119 -0.218214 1 2.1 6 0.048 3 13 48
60.2032 1 -22.542 5.0874 -219.638 -0.698837 0.625336 -0.270119 -0.218214 1 2.1 6 0.048 3 13 48
60.2304 1 -22.542 5.0874 -219.638 -0.698837 0.625336 -0.270119 -0.218214 1 2.1 6 0.048 3 13 48
60.2525 1 -22.542 5.0874 -219.638 -0.698837 0.625336 -0.270119 -0.218214 1 2.1 6 0.048 3 13 48
60.2748 1 -22.542 5.0874 -219.638 -0.698837 0.625336 -0.270119 -0.218214 1 2.1 6 0.048 3 13 48
60.2972 1 -22.542 5.0874 -219.638 -0.698837 0.625336 -0.270119 -0.218214 1 2.1 6 0.048 3 13 48
60.3139 1 -22.542 5.0874 -219.638 -0.698837 0.625336 -0.270119 -0.218214 1 2.1 6 0.048 3 13 48
60.3413 1 -22.542 5.0874 -219.638 -0.698837 0.625336 -0.270119 -0.218214 1 2.1 6 0.048 3 13 48
60.358 1 -22.542 5.0874 -219.638 -0.698837 0.625336 -0.270119 -0.218214 1 2.1 6 0.048 3 13 48
60.3852 1 -22.542 5.08739 -219.638 -0.698837 0.625336 -0.270119 -0.218214 1 2.1 6 0.048 3 13 48
60.4072 1 -22.542 5.08739 -219.638 -0.698837 0.625336 -0.270119 -0.218214 1 2.1 6 0.048 3 13 48
60.4296 1 -22.542 5.08739 -219.638 -0.698837 0.625336 -0.270119 -0.218214 1 2.1 6 0.048 3 13 48
60.452 1 -22.542 5.08739 -219.638 -0.698837 0.625336 -0.270119 -0.218214 1 2.1 6 0.048 3 13 48
60.4687 1 -22.542 5.08739 -219.638 -0.698837 0.625336 -0.270119 -0.218214 1 2.1 6 0.048 3 13 48
60.4959 1 -22.542 5.08739 -219.638 -0.698837 0.625336 -0.270119 -0.218214 1 2.1 6 0.048 3 13 48
60.5126 1 -22.542 5.08739 -219.638 -0.698837 0.625336 -0.270119 -0.218214 1 2.1 6 0.048 3 13 48
60.5399 1 -22.542 5.08739 -219.638 -0.698837 0.625336 -0.270119 -0.218214 1 2.1 6 0.048 3 13 48
60.5621 1 -22.542 5.08739 -219.638 -0.698837 0.625336 -0.270119 -0.218214 1 2.1 6 0.048 3 13 48
60.5843 1 -22.542 5.08739 -219.638 -0.698837 0.625336 -0.270119 -0.218214 1 2.1 6 0.048 3 13 48
60.6067 1 -22.542 5.08739 -219.638 -0.698837 0.625336 -0.270119 -0.218214 1 2.1 6 0.048 3 13 48
60.6234 1 -22.542 5.08739 -219.638 -0.698837 0.625336 -0.270119 -0.218214 1 2.1 6 0.048 3 13 48
60.6506 1 -22.542 5.08739 -219.638 -0.698837 0.625336 -0.270119 -0.218214 1 2.1 6 0.048 3 13 48
60.6673 1 -22.542 5.08739 -219.638 -0.698837 0.625336 -0.270119 -0.218214 1 2.1 6 0.048 3 13 48
60.6946 1 -22.542 5.08739 -219.638 -0.698837 0.625336 -0.270119 -0.218214 1 2.1 6 0.048 3 13 48
60.7166 1 -22.542 5.08739 -219.638 -0.698837 0.625336 -0.270119 -0.218214 1 2.1 6 0.048 3 13 48
60.7389 1 -22.542 5.08739 -219.638 -0.698837 0.625336 -0.270119 -0.218214 1 2.1 6 0.048 3 13 48
60.7613 1 -22.542 5.08739 -219.638 -0.698837 0.625336 -0.270119 -0.218214 1 2.1 6 0.048 3 13 48
60.7779 1 -22.542 5.08739 -219.638 -0.698837 0.625336 -0.270119 -0.218214 1 2.1 6 0.048 3 13 48
60.8065 1 -22.542 5.08739 -219.638 -0.698837 0.625336 -0.270119 -0.218214 1 2.1 6 0.048 3 13 48
60.8232 1 -22.542 5.08739 -219.638 -0.698837 0.625336 -0.270119 -0.218214 1 2.1 6 0.048 3 13 48
60.8526 1 -22.542 5.08739 -219.638 -0.698837 0.625336 -0.270119 -0.218214 1 2.1 6 0.048 3 13 48
60.8757 1 -22.542 5.08739 -219.638 -0.698837 0.625336 -0.270119 -0.218214 1 2.1 6 0.048 3 13 48
60.8992 1 -22.542 5.08739 -219.638 -0.698837 0.625336 -0.270119 -0.218214 1 2.1 6 0.048 3 13 48
60.9227 1 -22.542 5.08739 -219.638 -0.698837 0.625336 -0.270119 -0.218214 1 2.1 6 0.048 3 13 48
60.9394 1 -22.542 5.08739 -219.638 -0.698837 0.625336 -0.270119 -0.218214 1 2.1 6 0.048 3 13 48
60.9686 1 -22.542 5.08739 -219.638 -0.698837 0.625336 -0.270119 -0.218214 1 2.1 6 0.048 3 13 48
60.9853 1 -22.542 5.08739 -219.638 -0.698837 0.625336 -0.270119 -0.218214 1 2.1 6 0.048 3 13 48
61.0147 1 -22.542 5.08739 -219.638 -0.698837 0.625336 -0.270119 -0.218214 1 2.1 6 0.048 3 13 48
61.0378 1 -22.542 5.08739 -219.638 -0.698837 0.625336 -0.270119 -0.218214 1 2.1 6 0.048 3 13 48
61.0612 1 -22.542 5.08739 -219.638 -0.698837 0.625336 -0.270119 -0.218214 1 2.1 6 0.048 3 13 48
61.0847 1 -22.542 5.08739 -219.638 -0.698837 0.625336 -0.270119 -0.218214 1 2.1 6 0.048 3 13 48
61.1013 1 -22.542 5.08739 -219.638 -0.698837 0.625336 -0.270119 -0.218214 1 2.1 6 0.048 3 13 48
61.1307 1 -22.542 5.08739 -219.638 -0.698837 0.625336 -0.270119 -0.218214 1 2.1 6 0.048 3 13 48
61.1473 1 -22.542 5.08739 -219.638 -0.698837 0.625336 -0.270119 -0.218214 1 2.1 6 0.048 3 13 48
61.1767 1 -22.542 5.08739 -219.638 -0.698837 0.625336 -0.270119 -0.218214 1 2.1 6 0.048 3 13 48
61.1998 1 -22.542 5.08739 -219.638 -0.698837 0.625336 -0.270119 -0.218214 1 2.1 6 0.048 3 13 48
61.2232 1 -22.542 5.08739 -219.638 -0.698837 0.625336 -0.270119 -0.218214 1 2.1 6 0.048 3 13 48
61.2467 1 -22.542 5.08739 -219.638 -0.698837 0.625336 -0.270119 -0.218214 1 2.1 6 0.048 3 13 48
61.2634 1 -22.542 5.08739 -219.638 -0.698837 0.625336 -0.270119 -0.218214 1 2.1 6 0.048 3 13 48
61.2927 1 -22.542 5.08739 -219.638 -0.698837 0.625336 -0.270119 -0.218214 1 2.1 6 0.048 3 13 48
61.3094 1 -22.542 5.08739 -219.638 -0.698837 0.625336 -0.270119 -0.218214 1 2.1 6 0.048 3 13 48
61.3387 1 -22.542 5.08739 -219.638 -0.698837 0.625336 -0.270119 -0.218214 1 2.1 6 0.048 3 13 48
61.3618 1 -22.542 5.08739 -219.638 -0.698837 0.625336 -0.270119 -0.218214 1 2.1 6 0.048 3 13 48
61.3852 1 -22.542 5.08739 -219.638 -0.698837 0.625336 -0.270119 -0.218214 1 2.1 6 0.048 3 13 48
61.4087 1 -22.542 5.08739 -219.638 -0.698837 0.625336 -0.270119 -0.218214 1 2.1 6 0.048 3 13 48
61.4253 1 -22.542 5.08739 -219.638 -0.698837 0.625336 -0.270119 -0.218214 1 2.1 6 0.048 3 13 48
61.4545 1 -22.542 5.08739 -219.638 -0.698837 0.625336 -0.270119 -0.218214 1 2.1 6 0.048 3 13 48
61.4712 1 -22.542 5.08739 -219.638 -0.698837 0.625336 -0.270119 -0.218214 1 2.1 6 0.048 3 13 48
61.5005 1 -22.542 5.08739 -219.638 -0.698837 0.625336 -0.270119 -0.218214 1 2.1 6 0.048 3 13 48
61.5236 1 -22.542 5.08739 -219.638 -0.698837 0.625336 -0.270119 -0.218214 1 2.1 6 0.048 3 13 48
61.547 1 -22.542 5.08739 -219.638 -0.698837 0.625336 -0.270119 -0.218214 1 2.1 6 0.048 3 13 48
61.5703 1 -22.542 5.08739 -219.638 -0.698837 0.625336 -0.270119 -0.218214 1 2.1 6 0.048 3 13 48
61.587 1 -22.542 5.08739 -219.638 -0.698837 0.625336 -0.270119 -0.218214 1 2.1 6 0.048 3 13 48
61.6162 1 -22.542 5.08739 -219.638 -0.698837 0.625336 -0.270119 -0.218214 1 2.1 6 0.048 3 13 48
61.6329 1 -22.542 5.08739 -219.638 -0.698837 0.625336 -0.270119 -0.218214 1 2.1 6 0.048 3 13 48
61.6621 1 -22.542 5.08739 -219.638 -0.698837 0.625336 -0.270119 -0.218214 1 2.1 6 0.048 3 13 48
61.685 1 -22.542 5.08739 -219.638 -0.698837 0.625336 -0.270119 -0.218214 1 2.1 6 0.048 3 13 48
61.7083 1 -22.542 5.08739 -219.638 -0.698837 0.625336 -0.270119 -0.218214 1 2.1 6 0.048 3 13 48
61.7317 1 -22.542 5.08739 -219.638 -0.698837 0.625336 -0.270119 -0.218214 1 2.1 6 0.048 3 13 48
61.7484 1 -22.542 5.08739 -219.638 -0.698837 0.625336 -0.270119 -0.218214 1 2.1 6 0.048 3 13 48
61.7774 1 -22.542 5.08739 -219.638 -0.698837 0.625336 -0.270119 -0.218214 1 2.1 6 0.048 3 13 48
61.7941 1 -22.542 5.08739 -219.638 -0.698837 0.625336 -0.270119 -0.218214 1 2.1 6 0.048 3 13 48
61.8231 1 -22.542 5.08739 -219.638 -0.698837 0.625336 -0.270119 -0.218214 1 2.1 6 0.048 3 13 48
61.846 1 -22.542 5.08739 -219.638 -0.698837 0.625336 -0.270119 -0.218214 1 2.1 6 0.048 3 13 48
61.8692 1 -22.542 5.08739 -219.638 -0.698837 0.625336 -0.270119 -0.218214 1 2.1 6 0.048 3 13 48
61.8925 1 -22.542 5.08739 -219.638 -0.698837 0.625336 -0.270119 -0.218214 1 2.1 6 0.048 3 13 48
61.9092 1 -22.542 5.08739 -219.638 -0.698837 0.625336 -0.270119 -0.218214 1 2.1 6 0.048 3 13 48
61.9382 1 -22.542 5.08739 -219.638 -0.698837 0.625336 -0.270119 -0.218214 1 2.1 6 0.048 3 13 48
61.9548 1 -22.542 5.08739 -219.638 -0.698837 0.625336 -0.270119 -0.218214 1 2.1 6 0.048 3 13 48
61.9838 1 -22.542 5.08739 -219.638 -0.698837 0.625336 -0.270119 -0.218214 1 2.1 6 0.048 3 13 48
62.0067 1 -22.542 5.08739 -219.638 -0.698837 0.625336 -0.270119 -0.218214 1 2.1 6 0.048 3 13 48
62.0299 1 -22.542 5.08739 -219.638 -0.698837 0.625336 -0.270119 -0.218214 1 2.1 6 0.048 3 13 48
62.0532 1 -22.542 5.08739 -219.638 -0.698837 0.625336 -0.270119 -0.218214 1 2.1 6 0.048 3 13 48
62.0698 1 -22.542 5.08739 -219.638 -0.698837 0.625336 -0.270119 -0.218214 1 2.1 6 0.048 3 13 48
62.0988 1 -22.542 5.08739 -219.638 -0.698837 0.625336 -0.270119 -0.218214 1 2.1 6 0.048 3 13 48
62.1154 1 -22.542 5.08769 -219.638 -0.698837 0.625336 -0.270119 -0.218214 1 2.1 6 0.048 3 13 48
62.1449 1 -22.5392 5.11238 -219.636 -0.698837 0.625336 -0.270119 -0.218214 1 2.1 6 0.048 3 13 48
62.1672 1 -22.5373 5.12701 -219.635 -0.698837 0.625336 -0.270119 -0.218214 1 2.1 6 0.048 3 13 48
62.1903 1 -22.5356 5.13904 -219.634 -0.698837 0.625336 -0.270119 -0.218214 1 2.1 6 0.048 3 13 48
62.2136 1 -22.534 5.14911 -219.632 -0.698837 0.625336 -0.270119 -0.218214 1 2.1 6 0.048 3 13 48
62.2302 1 -22.5326 5.15697 -219.632 -0.698837 0.625336 -0.270119 -0.218214 1 2.1 6 0.048 3 13 48
62.2593 1 -22.5339 5.14059 -219.632 -0.698837 0.625336 -0.270119 -0.218214 1 2.1 6 0.048 3 13 48
62.276 1 -22.5341 5.13556 -219.633 -0.698837 0.625336 -0.270119 -0.218214 1 2.1 6 0.048 3 13 48
62.3046 1 -22.5347 5.12864 -219.633 -0.698837 0.625336 -0.270119 -0.218214 1 2.1 6 0.048 3 13 48
62.3275 1 -22.5349 5.1254 -219.633 -0.698837 0.625336 -0.270119 -0.218214 1 2.1 6 0.048 3 13 48
62.3507 1 -22.535 5.12326 -219.633 -0.698837 0.625336 -0.270119 -0.218214 1 2.1 6 0.048 3 13 48
62.3739 1 -22.5351 5.12186 -219.633 -0.698837 0.625336 -0.270119 -0.218214 1 2.1 6 0.048 3 13 48
62.3906 1 -22.5351 5.12125 -219.633 -0.698837 0.625336 -0.270119 -0.218214 1 2.1 6 0.048 3 13 48
62.4195 1 -22.5352 5.1204 -219.633 -0.698837 0.625336 -0.270119 -0.218214 1 2.1 6 0.048 3 13 48
62.4362 1 -22.5352 5.12013 -219.633 -0.698837 0.625336 -0.270119 -0.218214 1 2.1 6 0.048 3 13 48
62.465 1 -22.5353 5.11977 -219.633 -0.698837 0.625336 -0.270119 -0.218214 1 2.1 6 0.048 3 13 48
62.4879 1 -22.5353 5.1196 -219.633 -0.698837 0.625336 -0.270119 -0.218214 1 2.1 6 0.048 3 13 48
62.5112 1 -22.5353 5.11949 -219.633 -0.698837 0.625336 -0.270119 -0.218214 1 2.1 6 0.048 3 13 48
62.5345 1 -22.5353 5.11942 -219.633 -0.698837 0.625336 -0.270119 -0.218214 1 2.1 6 0.048 3 13 48
62.5511 1 -22.5353 5.11938 -219.633 -0.698837 0.625336 -0.270119 -0.218214 1 2.1 6 0.048 3 13 48
62.58 1 -22.5353 5.11934 -219.633 -0.698837 0.625336 -0.270119 -0.218214 1 2.1 6 0.048 3 13 48
62.5967 1 -22.5353 5.11933 -219.633 -0.698837 0.625336 -0.270119 -0.218214 1 2.1 6 0.048 3 13 48
62.6256 1 -22.5353 5.11931 -219.633 -0.698837 0.625336 -0.270119 -0.218214 1 2.1 6 0.048 3 13 48
62.6485 1 -22.5353 5.1193 -219.633 -0.698837 0.625336 -0.270119 -0.218214 1 2.1 6 0.048 3 13 48
62.6718 1 -22.5353 5.11929 -219.633 -0.698837 0.625336 -0.270119 -0.218214 1 2.1 6 0.048 3 13 48
62.695 1 -22.5353 5.11929 -219.633 -0.698837 0.625336 -0.270119 -0.218214 1 2.1 6 0.048 3 13 48
62.7116 1 -22.5353 5.11929 -219.633 -0.698837 0.625336 -0.270119 -0.218214 1 2.1 6 0.048 3 13 48
62.7406 1 -22.5353 5.11929 -219.633 -0.698837 0.625336 -0.270119 -0.218214 1 2.1 6 0.048 3 13 48
62.7573 1 -22.5353 5.11928 -219.633 -0.698837 0.625336 -0.270119 -0.218214 1 2.1 6 0.048 3 13 48
62.7862 1 -22.5353 5.11928 -219.633 -0.698837 0.625336 -0.270119 -0.218214 1 2.1 6 0.048 3 13 48
62.8091 1 -22.5353 5.11928 -219.633 -0.698837 0.625336 -0.270119 -0.218214 1 2.1 6 0.048 3 13 48
62.8324 1 -22.5353 5.11928 -219.633 -0.698837 0.625336 -0.270119 -0.218214 1 2.1 6 0.048 3 13 48
62.8557 1 -22.5353 5.11928 -219.633 -0.698837 0.625336 -0.270119 -0.218214 1 2.1 6 0.048 3 13 48
62.8723 1 -22.5353 5.11928 -219.633 -0.698837 0.625336 -0.270119 -0.218214 1 2.1 6 0.048 3 13 48
62.9013 1 -22.5353 5.11928 -219.633 -0.698837 0.625336 -0.270119 -0.218214 1 2.1 6 0.048 3 13 48
62.918 1 -22.5353 5.11928 -219.633 -0.698837 0.625336 -0.270119 -0.218214 1 2.1 6 0.048 3 13 48
62.9469 1 -22.5353 5.11928 -219.633 -0.698837 0.625336 -0.270119 -0.218214 1 2.1 6 0.048 3 13 48
62.9698 1 -22.5353 5.11928 -219.633 -0.698837 0.625336 -0.270119 -0.218214 1 2.1 6 0.048 3 13 48
62.9932 1 -22.5356 5.11935 -219.634 -0.698837 0.625336 -0.270119 -0.218214 1 2.1 6 0.048 3 13 48
63.0163 1 -22.5499 5.12193 -219.651 -0.698837 0.625336 -0.270119 -0.218214 1 2.1 6 0.048 3 13 48
63.033 1 -22.5601 5.12352 -219.662 -0.698837 0.625336 -0.270119 -0.218214 1 2.1 6 0.048 3 13 48
63.0592 1 -22.5718 5.12525 -219.676 -0.698837 0.625336 -0.270119 -0.218214 1 2.1 6 0.048 3 13 48
63.0758 1 -22.5809 5.12642 -219.687 -0.698837 0.625336 -0.270119 -0.218214 1 2.1 6 0.048 3 13 48
63.1026 1 -22.5906 5.12762 -219.698 -0.698837 0.625336 -0.270119 -0.218214 1 2.1 6 0.048 3 13 48
63.1244 1 -22.5996 5.12864 -219.709 -0.698837 0.625336 -0.270119 -0.218214 1 2.1 6 0.048 3 13 48
63.1466 1 -22.6083 5.12958 -219.719 -0.698837 0.625336 -0.270119 -0.218214 1 2.1 6 0.048 3 13 48
63.1687 1 -22.6169 5.13047 -219.729 -0.698837 0.625336 -0.270119 -0.218214 1 2.1 6 0.048 3 13 48
63.1854 1 -22.6251 5.13128 -219.739 -0.698837 0.625336 -0.270119 -0.218214 1 2.1 6 0.048 3 13 48
63.2124 1 -22.6173 5.1292 -219.73 -0.698837 0.625336 -0.270119 -0.218214 1 2.1 6 0.048 3 13 48
63.2291 1 -22.6156 5.12848 -219.728 -0.698837 0.625336 -0.270119 -0.218214 1 2.1 6 0.048 3 13 48
63.2557 1 -22.6123 5.12757 -219.724 -0.698837 0.625336 -0.270119 -0.218214 1 2.1 6 0.048 3 13 48
63.2775 1 -22.6111 5.12718 -219.723 -0.698837 0.625336 -0.270119 -0.218214 1 2.1 6 0.048 3 13 48
63.3002 1 -22.6242 5.1294 -219.738 -0.698837 0.625336 -0.270119 -0.218214 1 2.1 6 0.048 3 13 48
63.3217 1 -22.6353 5.13109 -219.751 -0.698837 0.625336 -0.270119 -0.218214 1 2.1 6 0.048 3 13 48
63.3384 1 -22.6446 5.13233 -219.762 -0.698837 0.625336 -0.270119 -0.218214 1 2.1 6 0.048 3 13 48
63.3652 1 -22.6547 5.13363 -219.774 -0.698837 0.625336 -0.270119 -0.218214 1 2.1 6 0.048 3 13 48
63.3819 1 -22.6634 5.13464 -219.784 -0.698837 0.625336 -0.270119 -0.218214 1 2.1 6 0.048 3 13 48
63.4087 1 -22.6724 5.13563 -219.795 -0.698837 0.625336 -0.270119 -0.218214 1 2.1 6 0.048 3 13 48
63.4306 1 -22.6811 5.13655 -219.805 -0.698837 0.625336 -0.270119 -0.218214 1 2.1 6 0.048 3 13 48
63.4527 1 -22.6893 5.13736 -219.814 -0.698837 0.625336 -0.270119 -0.218214 1 2.1 6 0.048 3 13 48
63.4751 1 -22.6837 5.13568 -219.808 -0.698837 0.625336 -0.270119 -0.218214 1 2.1 6 0.048 3 13 48
63.4918 1 -22.6819 5.13492 -219.806 -0.698837 0.625336 -0.270119 -0.218214 1 2.1 6 0.048 3 13 48
63.5184 1 -22.6782 5.13393 -219.802 -0.698837 0.625336 -0.270119 -0.218214 1 2.1 6 0.048 3 13 48
63.5351 1 -22.6774 5.13359 -219.801 -0.698837 0.625336 -0.270119 -0.218214 1 2.1 6 0.048 3 13 48
63.5618 1 -22.6758 5.13314 -219.799 -0.698837 0.625336 -0.270119 -0.218214 1 2.1 6 0.048 3 13 48
63.5836 1 -22.6751 5.13292 -219.798 -0.698837 0.625336 -0.270119 -0.218214 1 2.1 6 0.048 3 13 48
63.6057 1 -22.6746 5.13278 -219.797 -0.698837 0.625336 -0.270119 -0.218214 1 2.1 6 0.048 3 13 48
63.6279 1 -22.6743 5.13268 -219.797 -0.698837 0.625336 -0.270119 -0.218214 1 2.1 6 0.048 3 13 48
63.6446 1 -22.6743 5.13267 -219.797 -0.698837 0.625336 -0.270119 -0.218214 1 2.1 6 0.048 3 13 48
63.6719 1 -22.6902 5.13551 -219.816 -0.698837 0.625336 -0.270119 -0.218214 1 2.1 6 0.048 3 13 48
63.6886 1 -22.7002 5.13703 -219.827 -0.698837 0.625336 -0.270119 -0.218214 1 2.1 6 0.048 3 13 48
63.7148 1 -22.7116 5.13868 -219.841 -0.698837 0.625336 -0.270119 -0.218214 1 2.1 6 0.048 3 13 48
63.7366 1 -22.7213 5.13993 -219.852 -0.698837 0.625336 -0.270119 -0.218214 1 2.1 6 0.048 3 13 48
63.7588 1 -22.7305 5.14103 -219.863 -0.698837 0.625336 -0.270119 -0.218214 1 2.1 6 0.048 3 13 48
63.7809 1 -22.7391 5.14196 -219.873 -0.698837 0.625336 -0.270119 -0.218214 1 2.1 6 0.048 3 13 48
63.7976 1 -22.7365 5.14085 -219.87 -0.698837 0.625336 -0.270119 -0.218214 1 2.1 6 0.048 3 13 48
63.8243 1 -22.7312 5.13943 -219.864 -0.698837 0.625336 -0.270119 -0.218214 1 2.1 6 0.048 3 13 48
63.841 1 -22.73 5.13893 -219.862 -0.698837 0.625336 -0.270119 -0.218214 1 2.1 6 0.048 3 13 48
63.8679 1 -22.7277 5.13829 -219.86 -0.698837 0.625336 -0.270119 -0.218214 1 2.1 6 0.048 3 13 48
63.8845 1 -22.7271 5.13807 -219.859 -0.698837 0.625336 -0.270119 -0.218214 1 2.1 6 0.048 3 13 48
63.9117 1 -22.726 5.13777 -219.858 -0.698837 0.625336 -0.270119 -0.218214 1 2.1 6 0.048 3 13 48
63.9339 1 -22.7256 5.13763 -219.857 -0.698837 0.625336 -0.270119 -0.218214 1 2.1 6 0.048 3 13 48
63.9506 1 -22.7254 5.13757 -219.857 -0.698837 0.625336 -0.270119 -0.218214 1 2.1 6 0.048 3 13 48
63.9774 1 -22.7251 5.13748 -219.857 -0.698837 0.625336 -0.270119 -0.218214 1 2.1 6 0.048 3 13 48
63.994 1 -22.725 5.13745 -219.857 -0.698837 0.625336 -0.270119 -0.218214 1 2.1 6 0.048 3 13 48
64.0208 1 -22.7249 5.13741 -219.856 -0.698837 0.625336 -0.270119 -0.218214 1 2.1 6 0.048 3 13 48
64.0428 1 -22.7248 5.13739 -219.856 -0.698837 0.625336 -0.270119 -0.218214 1 2.1 6 0.048 3 13 48
64.065 1 -22.7248 5.13738 -219.856 -0.698837 0.625336 -0.270119 -0.218214 1 2.1 6 0.048 3 13 48
64.0872 1 -22.7248 5.13737 -219.856 -0.698837 0.625336 -0.270119 -0.218214 1 2.1 6 0.048 3 13 48
64.1038 1 -22.7247 5.13737 -219.856 -0.698837 0.625336 -0.270119 -0.218214 1 2.1 6 0.048 3 13 48
64.1307 1 -22.7247 5.13736 -219.856 -0.698837 0.625336 -0.270119 -0.218214 1 2.1 6 0.048 3 13 48
64.1473 1 -22.7247 5.13736 -219.856 -0.698837 0.625336 -0.270119 -0.218214 1 2.1 6 0.048 3 13 48
64.1742 1 -22.7247 5.13736 -219.856 -0.698837 0.625336 -0.270119 -0.218214 1 2.1 6 0.048 3 13 48
64.196 1 -22.7247 5.13736 -219.856 -0.698837 0.625336 -0.270119 -0.218214 1 2.1 6 0.048 3 13 48
64.2182 1 -22.7247 5.13736 -219.856 -0.698837 0.625336 -0.270119 -0.218214 1 2.1 6 0.048 3 13 48
64.2405 1 -22.7247 5.13736 -219.856 -0.698837 0.625336 -0.270119 -0.218214 1 2.1 6 0.048 3 13 48
64.2571 1 -22.7247 5.13736 -219.856 -0.698837 0.625336 -0.270119 -0.218214 1 2.1 6 0.048 3 13 48
64.284 1 -22.7247 5.13736 -219.856 -0.698837 0.625336 -0.270119 -0.218214 1 2.1 6 0.048 3 13 48
64.3006 1 -22.7247 5.13736 -219.856 -0.698837 0.625336 -0.270119 -0.218214 1 2.1 6 0.048 3 13 48
64.3276 1 -22.7247 5.13736 -219.856 -0.698837 0.625336 -0.270119 -0.218214 1 2.1 6 0.048 3 13 48
64.3494 1 -22.7247 5.13736 -219.856 -0.698837 0.625336 -0.270119 -0.218214 1 2.1 6 0.048 3 13 48
64.3716 1 -22.7247 5.13736 -219.856 -0.698837 0.625336 -0.270119 -0.218214 1 2.1 6 0.048 3 13 48
64.3939 1 -22.7247 5.13736 -219.856 -0.698837 0.625336 -0.270119 -0.218214 1 2.1 6 0.048 3 13 48
64.4106 1 -22.7247 5.13736 -219.856 -0.698837 0.625336 -0.270119 -0.218214 1 2.1 6 0.048 3 13 48
64.4375 1 -22.7247 5.13736 -219.856 -0.698837 0.625336 -0.270119 -0.218214 1 2.1 6 0.048 3 13 48
64.4542 1 -22.7247 5.13736 -219.856 -0.698837 0.625336 -0.270119 -0.218214 1 2.1 6 0.048 3 13 48
64.481 1 -22.7247 5.13736 -219.856 -0.698837 0.625336 -0.270119 -0.218214 1 2.1 6 0.048 3 13 48
64.503 1 -22.7247 5.13736 -219.856 -0.698837 0.625336 -0.270119 -0.218214 1 2.1 6 0.048 3 13 48
64.5252 1 -22.7247 5.13736 -219.856 -0.698837 0.625336 -0.270119 -0.218214 1 2.1 6 0.048 3 13 48
64.5475 1 -22.7247 5.13736 -219.856 -0.698837 0.625336 -0.270119 -0.218214 1 2.1 6 0.048 3 13 48
64.5642 1 -22.7247 5.13736 -219.856 -0.698837 0.625336 -0.270119 -0.218214 1 2.1 6 0.048 3 13 48
64.5911 1 -22.7247 5.13736 -219.856 -0.698837 0.625336 -0.270119 -0.218214 1 2.1 6 0.048 3 13 48
64.6077 1 -22.7247 5.13736 -219.856 -0.698837 0.625336 -0.270119 -0.218214 1 2.1 6 0.048 3 13 48
64.6347 1 -22.7247 5.13736 -219.856 -0.698837 0.625336 -0.270119 -0.218214 1 2.1 6 0.048 3 13 48
64.6566 1 -22.7247 5.13736 -219.856 -0.698837 0.625336 -0.270119 -0.218214 1 2.1 6 0.048 3 13 48
64.6789 1 -22.7247 5.13736 -219.856 -0.698837 0.625336 -0.270119 -0.218214 1 2.1 6 0.048 3 13 48
64.7011 1 -22.7247 5.13736 -219.856 -0.698837 0.625336 -0.270119 -0.218214 1 2.1 6 0.048 3 13 48
64.8332 1 -22.7247 5.13736 -219.856 -0.698837 0.625336 -0.270119 -0.218214 1 2.1 6 0.048 3 13 48
64.8499 1 -22.7247 5.13736 -219.856 -0.698837 0.625336 -0.270119 -0.218214 1 2.1 6 0.048 3 13 48
64.8666 1 -22.7247 5.13736 -219.856 -0.698837 0.625336 -0.270119 -0.218214 1 2.1 6 0.048 3 13 48
64.8832 1 -22.7247 5.13736 -219.856 -0.698837 0.625336 -0.270119 -0.218214 1 2.1 6 0.048 3 13 48
64.8999 1 -22.7247 5.13736 -219.856 -0.698837 0.625336 -0.270119 -0.218214 1 2.1 6 0.048 3 13 48
64.9166 1 -22.7247 5.13736 -219.856 -0.698837 0.625336 -0.270119 -0.218214 1 2.1 6 0.048 3 13 48
64.9332 1 -22.7247 5.13736 -219.856 -0.698837 0.625336 -0.270119 -0.218214 1 2.1 6 0.048 3 13 48
64.9499 1 -22.7247 5.13736 -219.856 -0.698837 0.625336 -0.270119 -0.218214 1 2.1 6 0.048 3 13 48
64.9666 1 -22.7247 5.13736 -219.856 -0.698837 0.625336 -0.270119 -0.218214 1 2.1 6 0.048 3 13 48
64.9832 1 -22.7247 5.13736 -219.856 -0.698837 0.625336 -0.270119 -0.218214 1 2.1 6 0.048 3 13 48
64.9999 1 -22.7247 5.13736 -219.856 -0.698837 0.625336 -0.270119 -0.218214 1 2.1 6 0.048 3 13 48
65.0166 1 -22.7247 5.13736 -219.856 -0.698837 0.625336 -0.270119 -0.218214 1 2.1 6 0.048 3 13 48
65.0332 1 -22.7247 5.13736 -219.856 -0.698837 0.625336 -0.270119 -0.218214 1 2.1 6 0.048 3 13 48
65.0499 1 -22.7247 5.13736 -219.856 -0.698837 0.625336 -0.270119 -0.218214 1 2.1 6 0.048 3 13 48
65.0666 1 -22.7247 5.13736 -219.856 -0.698837 0.625336 -0.270119 -0.218214 1 2.1 6 0.048 3 13 48
65.0832 1 -22.7247 5.13736 -219.856 -0.698837 0.625336 -0.270119 -0.218214 1 2.1 6 0.048 3 13 48
65.0999 1 -22.7247 5.13736 -219.856 -0.698837 0.625336 -0.270119 -0.218214 1 2.1 6 0.048 3 13 48
65.1166 1 -22.7247 5.13736 -219.856 -0.698837 0.625336 -0.270119 -0.218214 1 2.1 6 0.048 3 13 48
65.1332 1 -22.7247 5.13736 -219.856 -0.698837 0.625336 -0.270119 -0.218214 1 2.1 6 0.048 3 13 48
65.1525 1 -22.7247 5.13736 -219.856 -0.698837 0.625336 -0.270119 -0.218214 1 2.1 6 0.048 3 13 48
65.176 1 -22.7247 5.13736 -219.856 -0.698837 0.625336 -0.270119 -0.218214 1 2.1 6 0.048 3 13 48
65.1926 1 -22.7247 5.13736 -219.856 -0.698837 0.625336 -0.270119 -0.218214 1 2.1 6 0.048 3 13 48
65.2225 1 -22.7247 5.13736 -219.856 -0.698837 0.625336 -0.270119 -0.218214 1 2.1 6 0.048 3 13 48
65.2391 1 -22.7247 5.13736 -219.856 -0.698837 0.625336 -0.270119 -0.218214 1 2.1 6 0.048 3 13 48
65.2686 1 -22.7247 5.13736 -219.856 -0.698837 0.625336 -0.270119 -0.218214 1 2.1 6 0.048 3 13 48
65.2852 1 -22.7247 5.13736 -219.856 -0.698837 0.625336 -0.270119 -0.218214 1 2.1 6 0.048 3 13 48
65.3146 1 -22.7247 5.13736 -219.856 -0.698837 0.625336 -0.270119 -0.218214 1 2.1 6 0.048 3 13 48
65.3381 1 -22.7247 5.13736 -219.856 -0.698837 0.625336 -0.270119 -0.218214 1 2.1 6 0.048 3 13 48
65.3548 1 -22.7247 5.13736 -219.856 -0.698837 0.625336 -0.270119 -0.218214 1 2.1 6 0.048 3 13 48
65.3846 1 -22.7247 5.13736 -219.856 -0.698837 0.625336 -0.270119 -0.218214 1 2.1 6 0.048 3 13 48
65.4013 1 -22.7247 5.13736 -219.856 -0.698837 0.625336 -0.270119 -0.218214 1 2.1 6 0.048 3 13 48
65.4308 1 -22.7247 5.13736 -219.856 -0.698837 0.625336 -0.270119 -0.218214 1 2.1 6 0.048 3 13 48
65.4474 1 -22.7247 5.13736 -219.856 -0.698837 0.625336 -0.270119 -0.218214 1 2.1 6 0.048 3 13 48
65.4769 1 -22.7247 5.13736 -219.856 -0.698837 0.625336 -0.270119 -0.218214 1 2.1 6 0.048 3 13 48
65.5004 1 -22.7247 5.13736 -219.856 -0.698837 0.625336 -0.270119 -0.218214 1 2.1 6 0.048 3 13 48
65.517 1 -22.7247 5.13736 -219.856 -0.698837 0.625336 -0.270119 -0.218214 1 2.1 6 0.048 3 13 48
65.5469 1 -22.7247 5.13736 -219.856 -0.698837 0.625336 -0.270119 -0.218214 1 2.1 6 0.048 3 13 48
65.5636 1 -22.7247 5.13736 -219.856 -0.698837 0.625336 -0.270119 -0.218214 1 2.1 6 0.048 3 13 48
65.593 1 -22.7247 5.13736 -219.856 -0.698837 0.625336 -0.270119 -0.218214 1 2.1 6 0.048 3 13 48
65.6097 1 -22.7247 5.13736 -219.856 -0.698837 0.625336 -0.270119 -0.218214 1 2.1 6 0.048 3 13 48
65.6392 1 -22.7247 5.13736 -219.856 -0.698837 0.625336 -0.270119 -0.218214 1 2.1 6 0.048 3 13 48
65.6627 1 -22.7247 5.13736 -219.856 -0.698837 0.625336 -0.270119 -0.218214 1 2.1 6 0.048 3 13 48
65.6793 1 -22.7247 5.13736 -219.856 -0.698837 0.625336 -0.270119 -0.218214 1 2.1 6 0.048 3 13 48
65.7093 1 -22.7247 5.13736 -219.856 -0.698837 0.625336 -0.270119 -0.218214 1 2.1 6 0.048 3 13 48
65.7259 1 -22.7247 5.13736 -219.856 -0.698837 0.625336 -0.270119 -0.218214 1 2.1 6 0.048 3 13 48
65.7555 1 -22.7247 5.13736 -219.856 -0.698837 0.625336 -0.270119 -0.218214 1 2.1 6 0.048 3 13 48
65.7722 1 -22.7247 5.13736 -219.856 -0.698837 0.625336 -0.270119 -0.218214 1 2.1 6 0.048 3 13 48
65.8017 1 -22.7247 5.13736 -219.856 -0.698837 0.625336 -0.270119 -0.218214 1 2.1 6 0.048 3 13 48
65.8252 1 -22.7247 5.13736 -219.856 -0.698837 0.625336 -0.270119 -0.218214 1 2.1 6 0.048 3 13 48
65.8419 1 -22.7247 5.13736 -219.856 -0.698837 0.625336 -0.270119 -0.218214 1 2.1 6 0.048 3 13 48
65.8719 1 -22.7247 5.13736 -219.856 -0.698837 0.625336 -0.270119 -0.218214 1 2.1 6 0.048 3 13 48
65.8885 1 -22.7247 5.13736 -219.856 -0.698837 0.625336 -0.270119 -0.218214 1 2.1 6 0.048 3 13 48
65.9181 1 -22.7247 5.13736 -219.856 -0.698837 0.625336 -0.270119 -0.218214 1 2.1 6 0.048 3 13 48
65.9348 1 -22.7249 5.13739 -219.856 -0.698837 0.625336 -0.270119 -0.218214 1 2.1 6 0.048 3 13 48
65.965 1 -22.7422 5.1405 -219.877 -0.698837 0.625336 -0.270119 -0.218214 1 2.1 6 0.048 3 13 48
65.9879 1 -22.7539 5.14233 -219.891 -0.698837 0.625336 -0.270119 -0.218214 1 2.1 6 0.048 3 13 48
66.0046 1 -22.7633 5.1436 -219.902 -0.698837 0.625336 -0.270119 -0.218214 1 2.1 6 0.048 3 13 48
66.0345 1 -22.7738 5.14497 -219.914 -0.698837 0.625336 -0.270119 -0.218214 1 2.1 6 0.048 3 13 48
66.0511 1 -22.7825 5.14599 -219.924 -0.698837 0.625336 -0.270119 -0.218214 1 2.1 6 0.048 3 13 48
66.0807 1 -22.7917 5.147 -219.935 -0.698837 0.625336 -0.270119 -0.218214 1 2.1 6 0.048 3 13 48
66.0974 1 -22.7999 5.14786 -219.945 -0.698837 0.625336 -0.270119 -0.218214 1 2.1 6 0.048 3 13 48
66.1272 1 -22.7913 5.14564 -219.935 -0.698837 0.625336 -0.270119 -0.218214 1 2.1 6 0.048 3 13 48
66.1504 1 -22.788 5.14465 -219.931 -0.698837 0.625336 -0.270119 -0.218214 1 2.1 6 0.048 3 13 48
66.167 1 -22.7869 5.14422 -219.929 -0.698837 0.625336 -0.270119 -0.218214 1 2.1 6 0.048 3 13 48
66.1969 1 -22.7846 5.1436 -219.927 -0.698837 0.625336 -0.270119 -0.218214 1 2.1 6 0.048 3 13 48
66.2136 1 -22.7841 5.14342 -219.926 -0.698837 0.625336 -0.270119 -0.218214 1 2.1 6 0.048 3 13 48
66.2431 1 -22.7831 5.14316 -219.925 -0.698837 0.625336 -0.270119 -0.218214 1 2.1 6 0.048 3 13 48
66.2597 1 -22.7829 5.14308 -219.925 -0.698837 0.625336 -0.270119 -0.218214 1 2.1 6 0.048 3 13 48
66.2892 1 -22.7825 5.14297 -219.924 -0.698837 0.625336 -0.270119 -0.218214 1 2.1 6 0.048 3 13 48
66.3127 1 -22.7823 5.14292 -219.924 -0.698837 0.625336 -0.270119 -0.218214 1 2.1 6 0.048 3 13 48
66.3294 1 -22.7823 5.1429 -219.924 -0.698837 0.625336 -0.270119 -0.218214 1 2.1 6 0.048 3 13 48
66.3592 1 -22.7822 5.14287 -219.924 -0.698837 0.625336 -0.270119 -0.218214 1 2.1 6 0.048 3 13 48
66.3759 1 -22.7821 5.14286 -219.924 -0.698837 0.625336 -0.270119 -0.218214 1 2.1 6 0.048 3 13 48
66.4054 1 -22.7821 5.14284 -219.924 -0.698837 0.625336 -0.270119 -0.218214 1 2.1 6 0.048 3 13 48
66.4221 1 -22.7821 5.14284 -219.924 -0.698837 0.625336 -0.270119 -0.218214 1 2.1 6 0.048 3 13 48
66.4516 1 -22.7821 5.14283 -219.924 -0.698837 0.625336 -0.270119 -0.218214 1 2.1 6 0.048 3 13 48
66.475 1 -22.7821 5.14283 -219.924 -0.698837 0.625336 -0.270119 -0.218214 1 2.1 6 0.048 3 13 48
66.4917 1 -22.782 5.14283 -219.924 -0.698837 0.625336 -0.270119 -0.218214 1 2.1 6 0.048 3 13 48
66.5216 1 -22.782 5.14283 -219.924 -0.698837 0.625336 -0.270119 -0.218214 1 2.1 6 0.048 3 13 48
66.5383 1 -22.782 5.14283 -219.924 -0.698837 0.625336 -0.270119 -0.218214 1 2.1 6 0.048 3 13 48
66.5677 1 -22.782 5.14283 -219.924 -0.698837 0.625336 -0.270119 -0.218214 1 2.1 6 0.048 3 13 48
66.5843 1 -22.782 5.14283 -219.924 -0.698837 0.625336 -0.270119 -0.218214 1 2.1 6 0.048 3 13 48
66.6139 1 -22.782 5.14283 -219.924 -0.698837 0.625336 -0.270119 -0.218214 1 2.1 6 0.048 3 13 48
66.6374 1 -22.782 5.14283 -219.924 -0.698837 0.625336 -0.270119 -0.218214 1 2.1 6 0.048 3 13 48
66.6541 1 -22.782 5.14283 -219.924 -0.698837 0.625336 -0.270119 -0.218214 1 2.1 6 0.048 3 13 48
66.684 1 -22.782 5.14283 -219.924 -0.698837 0.625336 -0.270119 -0.218214 1 2.1 6 0.048 3 13 48
66.7006 1 -22.782 5.14283 -219.924 -0.698837 0.625336 -0.270119 -0.218214 1 2.1 6 0.048 3 13 48
66.73 1 -22.782 5.14283 -219.924 -0.698837 0.625336 -0.270119 -0.218214 1 2.1 6 0.048 3 13 48
66.7467 1 -22.782 5.14283 -219.924 -0.698837 0.625336 -0.270119 -0.218214 1 2.1 6 0.048 3 13 48
66.7761 1 -22.782 5.14283 -219.924 -0.698837 0.625336 -0.270119 -0.218214 1 2.1 6 0.048 3 13 48
66.7995 1 -22.782 5.14283 -219.924 -0.698837 0.625336 -0.270119 -0.218214 1 2.1 6 0.048 3 13 48
66.8161 1 -22.782 5.14283 -219.924 -0.698837 0.625336 -0.270119 -0.218214 1 2.1 6 0.048 3 13 48
66.8459 1 -22.782 5.14283 -219.924 -0.698837 0.625336 -0.270119 -0.218214 1 2.1 6 0.048 3 13 48
66.8626 1 -22.782 5.14283 -219.924 -0.698837 0.625336 -0.270119 -0.218214 1 2.1 6 0.048 3 13 48
66.8919 1 -22.782 5.14283 -219.924 -0.698837 0.625336 -0.270119 -0.218214 1 2.1 6 0.048 3 13 48
66.9086 1 -22.782 5.14283 -219.924 -0.698837 0.625336 -0.270119 -0.218214 1 2.1 6 0.048 3 13 48
66.9378 1 -22.782 5.14283 -219.924 -0.698837 0.625336 -0.270119 -0.218214 1 2.1 6 0.048 3 13 48
66.9612 1 -22.782 5.14283 -219.924 -0.698837 0.625336 -0.270119 -0.218214 1 2.1 6 0.048 3 13 48
66.9778 1 -22.782 5.14283 -219.924 -0.698837 0.625336 -0.270119 -0.218214 1 2.1 6 0.048 3 13 48
67.0076 1 -22.782 5.14283 -219.924 -0.698837 0.625336 -0.270119 -0.218214 1 2.1 6 0.048 3 13 48
67.0242 1 -22.782 5.14283 -219.924 -0.698837 0.625336 -0.270119 -0.218214 1 2.1 6 0.048 3 13 48
67.0534 1 -22.782 5.14283 -219.924 -0.698837 0.625336 -0.270119 -0.218214 1 2.1 6 0.048 3 13 48
67.0701 1 -22.782 5.14283 -219.924 -0.698837 0.625336 -0.270119 -0.218214 1 2.1 6 0.048 3 13 48
67.0993 1 -22.782 5.14283 -219.924 -0.698837 0.625336 -0.270119 -0.218214 1 2.1 6 0.048 3 13 48
67.1227 1 -22.782 5.14283 -219.924 -0.698837 0.625336 -0.270119 -0.218214 1 2.1 6 0.048 3 13 48
67.1393 1 -22.782 5.14283 -219.924 -0.698837 0.625336 -0.270119 -0.218214 1 2.1 6 0.048 3 13 48
67.1689 1 -22.782 5.14283 -219.924 -0.698837 0.625336 -0.270119 -0.218214 1 2.1 6 0.048 3 13 48
67.1856 1 -22.782 5.14283 -219.924 -0.698837 0.625336 -0.270119 -0.218214 1 2.1 6 0.048 3 13 48
67.2147 1 -22.782 5.14283 -219.924 -0.698837 0.625336 -0.270119 -0.218214 1 2.1 6 0.048 3 13 48
67.2314 1 -22.782 5.14283 -219.924 -0.698837 0.625336 -0.270119 -0.218214 1 2.1 6 0.048 3 13 48
67.2606 1 -22.782 5.14283 -219.924 -0.698837 0.625336 -0.270119 -0.218214 1 2.1 6 0.048 3 13 48
67.2839 1 -22.782 5.14283 -219.924 -0.698837 0.625336 -0.270119 -0.218214 1 2.1 6 0.048 3 13 48
67.3006 1 -22.782 5.14283 -219.924 -0.698837 0.625336 -0.270119 -0.218214 1 2.1 6 0.048 3 13 48
67.3302 1 -22.782 5.14283 -219.924 -0.698837 0.625336 -0.270119 -0.218214 1 2.1 6 0.048 3 13 48
67.3468 1 -22.782 5.14283 -219.924 -0.698837 0.625336 -0.270119 -0.218214 1 2.1 6 0.048 3 13 48
67.376 1 -22.782 5.14283 -219.924 -0.698837 0.625336 -0.270119 -0.218214 1 2.1 6 0.048 3 13 48
67.3927 1 -22.782 5.14283 -219.924 -0.698837 0.625336 -0.270119 -0.218214 1 2.1 6 0.048 3 13 48
67.4218 1 -22.782 5.14283 -219.924 -0.698837 0.625336 -0.270119 -0.218214 1 2.1 6 0.048 3 13 48
67.4452 1 -22.782 5.14283 -219.924 -0.698837 0.625336 -0.270119 -0.218214 1 2.1 6 0.048 3 13 48
67.4618 1 -22.782 5.14283 -219.924 -0.698837 0.625336 -0.270119 -0.218214 1 2.1 6 0.048 3 13 48
67.4915 1 -22.782 5.14283 -219.924 -0.698837 0.625336 -0.270119 -0.218214 1 2.1 6 0.048 3 13 48
67.5081 1 -22.782 5.14283 -219.924 -0.698837 0.625336 -0.270119 -0.218214 1 2.1 6 0.048 3 13 48
67.5372 1 -22.782 5.14283 -219.924 -0.698837 0.625336 -0.270119 -0.218214 1 2.1 6 0.048 3 13 48
67.5539 1 -22.782 5.14283 -219.924 -0.698837 0.625336 -0.270119 -0.218214 1 2.1 6 0.048 3 13 48
67.5831 1 -22.782 5.14283 -219.924 -0.698837 0.625336 -0.270119 -0.218214 1 2.1 6 0.048 3 13 48
67.6064 1 -22.782 5.14283 -219.924 -0.698837 0.625336 -0.270119 -0.218214 1 2.1 6 0.048 3 13 48
67.6231 1 -22.782 5.14283 -219.924 -0.698837 0.625336 -0.270119 -0.218214 1 2.1 6 0.048 3 13 48
67.6526 1 -22.782 5.14283 -219.924 -0.698837 0.625336 -0.270119 -0.218214 1 2.1 6 0.048 3 13 48
67.6692 1 -22.782 5.14283 -219.924 -0.698837 0.625336 -0.270119 -0.218214 1 2.1 6 0.048 3 13 48
67.6984 1 -22.782 5.14283 -219.924 -0.698837 0.625336 -0.270119 -0.218214 1 2.1 6 0.048 3 13 48
67.7151 1 -22.782 5.14283 -219.924 -0.698837 0.625336 -0.270119 -0.218214 1 2.1 6 0.048 3 13 48
67.7442 1 -22.782 5.14283 -219.924 -0.698837 0.625336 -0.270119 -0.218214 1 2.1 6 0.048 3 13 48
67.7675 1 -22.782 5.14283 -219.924 -0.698837 0.625336 -0.270119 -0.218214 1 2.1 6 0.048 3 13 48
67.7842 1 -22.782 5.14283 -219.924 -0.698837 0.625336 -0.270119 -0.218214 1 2.1 6 0.048 3 13 48
67.8136 1 -22.782 5.14283 -219.924 -0.698837 0.625336 -0.270119 -0.218214 1 2.1 6 0.048 3 13 48
67.8303 1 -22.782 5.14283 -219.924 -0.698837 0.625336 -0.270119 -0.218214 1 2.1 6 0.048 3 13 48
67.8594 1 -22.782 5.14283 -219.924 -0.698837 0.625336 -0.270119 -0.218214 1 2.1 6 0.048 3 13 48
67.8761 1 -22.782 5.14283 -219.924 -0.698837 0.625336 -0.270119 -0.218214 1 2.1 6 0.048 3 13 48
67.9051 1 -22.782 5.14283 -219.924 -0.698837 0.625336 -0.270119 -0.218214 1 2.1 6 0.048 3 13 48
67.9285 1 -22.782 5.14283 -219.924 -0.698837 0.625336 -0.270119 -0.218214 1 2.1 6 0.048 3 13 48
67.9451 1 -22.782 5.14283 -219.924 -0.698837 0.625336 -0.270119 -0.218214 1 2.1 6 0.048 3 13 48
67.9746 1 -22.782 5.14283 -219.924 -0.698837 0.625336 -0.270119 -0.218214 1 2.1 6 0.048 3 13 48
67.9913 1 -22.782 5.14283 -219.924 -0.698837 0.625336 -0.270119 -0.218214 1 2.1 6 0.048 3 13 48
68.0203 1 -22.782 5.14283 -219.924 -0.698837 0.625336 -0.270119 -0.218214 1 2.1 6 0.048 3 13 48
68.0369 1 -22.782 5.14283 -219.924 -0.698837 0.625336 -0.270119 -0.218214 1 2.1 6 0.048 3 13 48
68.0659 1 -22.782 5.14283 -219.924 -0.698837 0.625336 -0.270119 -0.218214 1 2.1 6 0.048 3 13 48
68.0892 1 -22.782 5.14283 -219.924 -0.698837 0.625336 -0.270119 -0.218214 1 2.1 6 0.048 3 13 48
68.1058 1 -22.782 5.14283 -219.924 -0.698837 0.625336 -0.270119 -0.218214 1 2.1 6 0.048 3 13 48
68.1352 1 -22.782 5.14283 -219.924 -0.698837 0.625336 -0.270119 -0.218214 1 2.1 6 0.048 3 13 48
68.1518 1 -22.782 5.14283 -219.924 -0.698837 0.625336 -0.270119 -0.218214 1 2.1 6 0.048 3 13 48
68.1809 1 -22.782 5.14283 -219.924 -0.698837 0.625336 -0.270119 -0.218214 1 2.1 6 0.048 3 13 48
68.1975 1 -22.782 5.14283 -219.924 -0.698837 0.625336 -0.270119 -0.218214 1 2.1 6 0.048 3 13 48
68.2265 1 -22.782 5.14283 -219.924 -0.698837 0.625336 -0.270119 -0.218214 1 2.1 6 0.048 3 13 48
68.2497 1 -22.782 5.14283 -219.924 -0.698837 0.625336 -0.270119 -0.218214 1 2.1 6 0.048 3 13 48
68.2663 1 -22.782 5.14283 -219.924 -0.698837 0.625336 -0.270119 -0.218214 1 2.1 6 0.048 3 13 48
68.2957 1 -22.782 5.14283 -219.924 -0.698837 0.625336 -0.270119 -0.218214 1 2.1 6 0.048 3 13 48
68.3124 1 -22.782 5.14283 -219.924 -0.698837 0.625336 -0.270119 -0.218214 1 2.1 6 0.048 3 13 48
68.3413 1 -22.782 5.14283 -219.924 -0.698837 0.625336 -0.270119 -0.218214 1 2.1 6 0.048 3 13 48
68.358 1 -22.782 5.14283 -219.924 -0.698837 0.625336 -0.270119 -0.218214 1 2.1 6 0.048 3 13 48
68.387 1 -22.782 5.14283 -219.924 -0.698837 0.625336 -0.270119 -0.218214 1 2.1 6 0.048 3 13 48
68.4102 1 -22.782 5.14283 -219.924 -0.698837 0.625336 -0.270119 -0.218214 1 2.1 6 0.048 3 13 48
68.4269 1 -22.782 5.14283 -219.924 -0.698837 0.625336 -0.270119 -0.218214 1 2.1 6 0.048 3 13 48
68.4562 1 -22.782 5.14283 -219.924 -0.698837 0.625336 -0.270119 -0.218214 1 2.1 6 0.048 3 13 48
68.4728 1 -22.782 5.14283 -219.924 -0.698837 0.625336 -0.270119 -0.218214 1 2.1 6 0.048 3 13 48
68.5017 1 -22.782 5.14283 -219.924 -0.698837 0.625336 -0.270119 -0.218214 1 2.1 6 0.048 3 13 48
68.5184 1 -22.782 5.14283 -219.924 -0.698837 0.625336 -0.270119 -0.218214 1 2.1 6 0.048 3 13 48
68.5473 1 -22.782 5.14283 -219.924 -0.698837 0.625336 -0.270119 -0.218214 1 2.1 6 0.048 3 13 48
68.5705 1 -22.782 5.14283 -219.924 -0.698837 0.625336 -0.270119 -0.218214 1 2.1 6 0.048 3 13 48
68.5871 1 -22.782 5.14283 -219.924 -0.698837 0.625336 -0.270119 -0.218214 1 2.1 6 0.048 3 13 48
68.6164 1 -22.782 5.14283 -219.924 -0.698837 0.625336 -0.270119 -0.218214 1 2.1 6 0.048 3 13 48
68.6331 1 -22.782 5.14283 -219.924 -0.698837 0.625336 -0.270119 -0.218214 1 2.1 6 0.048 3 13 48
68.662 1 -22.782 5.14283 -219.924 -0.698837 0.625336 -0.270119 -0.218214 1 2.1 6 0.048 3 13 48
68.6787 1 -22.782 5.14283 -219.924 -0.698837 0.625336 -0.270119 -0.218214 1 2.1 6 0.048 3 13 48
68.7075 1 -22.782 5.14283 -219.924 -0.698837 0.625336 -0.270119 -0.218214 1 2.1 6 0.048 3 13 48
68.7307 1 -22.782 5.14283 -219.924 -0.698837 0.625336 -0.270119 -0.218214 1 2.1 6 0.048 3 13 48
68.7474 1 -22.782 5.14283 -219.924 -0.698837 0.625336 -0.270119 -0.218214 1 2.1 6 0.048 3 13 48
68.7767 1 -22.782 5.14283 -219.924 -0.698837 0.625336 -0.270119 -0.218214 1 2.1 6 0.048 3 13 48
68.7934 1 -22.782 5.14283 -219.924 -0.698837 0.625336 -0.270119 -0.218214 1 2.1 6 0.048 3 13 48
68.8222 1 -22.782 5.14283 -219.924 -0.698837 0.625336 -0.270119 -0.218214 1 2.1 6 0.048 3 13 48
68.8389 1 -22.782 5.14283 -219.924 -0.698837 0.625336 -0.270119 -0.218214 1 2.1 6 0.048 3 13 48
68.8678 1 -22.782 5.14283 -219.924 -0.698837 0.625336 -0.270119 -0.218214 1 2.1 6 0.048 3 13 48
68.891 1 -22.782 5.14283 -219.924 -0.698837 0.625336 -0.270119 -0.218214 1 2.1 6 0.048 3 13 48
68.9077 1 -22.782 5.14283 -219.924 -0.698837 0.625336 -0.270119 -0.218214 1 2.1 6 0.048 3 13 48
68.937 1 -22.782 5.14283 -219.924 -0.698837 0.625336 -0.270119 -0.218214 1 2.1 6 0.048 3 13 48
68.9536 1 -22.782 5.14283 -219.924 -0.698837 0.625336 -0.270119 -0.218214 1 2.1 6 0.048 3 13 48
68.9825 1 -22.782 5.14283 -219.924 -0.698837 0.625336 -0.270119 -0.218214 1 2.1 6 0.048 3 13 48
68.9992 1 -22.782 5.14283 -219.924 -0.698837 0.625336 -0.270119 -0.218214 1 2.1 6 0.048 3 13 48
69.028 1 -22.782 5.14283 -219.924 -0.698837 0.625336 -0.270119 -0.218214 1 2.1 6 0.048 3 13 48
69.0513 1 -22.782 5.14283 -219.924 -0.698837 0.625336 -0.270119 -0.218214 1 2.1 6 0.048 3 13 48
69.068 1 -22.782 5.14283 -219.924 -0.698837 0.625336 -0.270119 -0.218214 1 2.1 6 0.048 3 13 48
69.0973 1 -22.782 5.14283 -219.924 -0.698837 0.625336 -0.270119 -0.218214 1 2.1 6 0.048 3 13 48
69.114 1 -22.782 5.14283 -219.924 -0.698837 0.625336 -0.270119 -0.218214 1 2.1 6 0.048 3 13 48
69.1429 1 -22.782 5.14283 -219.924 -0.698837 0.625336 -0.270119 -0.218214 1 2.1 6 0.048 3 13 48
69.1596 1 -22.782 5.14283 -219.924 -0.698837 0.625336 -0.270119 -0.218214 1 2.1 6 0.048 3 13 48
69.1885 1 -22.782 5.14283 -219.924 -0.698837 0.625336 -0.270119 -0.218214 1 2.1 6 0.048 3 13 48
69.2117 1 -22.782 5.14283 -219.924 -0.698837 0.625336 -0.270119 -0.218214 1 2.1 6 0.048 3 13 48
69.2284 1 -22.782 5.14283 -219.924 -0.698837 0.625336 -0.270119 -0.218214 1 2.1 6 0.048 3 13 48
69.2577 1 -22.782 5.14283 -219.924 -0.698837 0.625336 -0.270119 -0.218214 1 2.1 6 0.048 3 13 48
69.2744 1 -22.782 5.14283 -219.924 -0.698837 0.625336 -0.270119 -0.218214 1 2.1 6 0.048 3 13 48
69.3033 1 -22.782 5.14283 -219.924 -0.698837 0.625336 -0.270119 -0.218214 1 2.1 6 0.048 3 13 48
69.32 1 -22.782 5.14283 -219.924 -0.698837 0.625336 -0.270119 -0.218214 1 2.1 6 0.048 3 13 48
69.349 1 -22.782 5.14283 -219.924 -0.698837 0.625336 -0.270119 -0.218214 1 2.1 6 0.048 3 13 48
69.3722 1 -22.782 5.14283 -219.924 -0.698837 0.625336 -0.270119 -0.218214 1 2.1 6 0.048 3 13 48
69.3888 1 -22.782 5.14283 -219.924 -0.698837 0.625336 -0.270119 -0.218214 1 2.1 6 0.048 3 13 48
69.4182 1 -22.782 5.14283 -219.924 -0.698837 0.625336 -0.270119 -0.218214 1 2.1 6 0.048 3 13 48
69.4349 1 -22.782 5.14283 -219.924 -0.698837 0.625336 -0.270119 -0.218214 1 2.1 6 0.048 3 13 48
69.4638 1 -22.782 5.14283 -219.924 -0.698837 0.625336 -0.270119 -0.218214 1 2.1 6 0.048 3 13 48
69.4804 1 -22.782 5.14283 -219.924 -0.698837 0.625336 -0.270119 -0.218214 1 2.1 6 0.048 3 13 48
69.5095 1 -22.782 5.14283 -219.924 -0.698837 0.625336 -0.270119 -0.218214 1 2.1 6 0.048 3 13 48
69.5327 1 -22.782 5.14283 -219.924 -0.698837 0.625336 -0.270119 -0.218214 1 2.1 6 0.048 3 13 48
69.5494 1 -22.782 5.14283 -219.924 -0.698837 0.625336 -0.270119 -0.218214 1 2.1 6 0.048 3 13 48
69.5787 1 -22.782 5.14283 -219.924 -0.698837 0.625336 -0.270119 -0.218214 1 2.1 6 0.048 3 13 48
69.5954 1 -22.782 5.14283 -219.924 -0.698837 0.625336 -0.270119 -0.218214 1 2.1 6 0.048 3 13 48
69.6243 1 -22.782 5.14283 -219.924 -0.698837 0.625336 -0.270119 -0.218214 1 2.1 6 0.048 3 13 48
69.641 1 -22.782 5.14283 -219.924 -0.698837 0.625336 -0.270119 -0.218214 1 2.1 6 0.048 3 13 48
69.6701 1 -22.782 5.14283 -219.924 -0.698837 0.625336 -0.270119 -0.218214 1 2.1 6 0.048 3 13 48
69.6934 1 -22.782 5.14283 -219.924 -0.698837 0.625336 -0.270119 -0.218214 1 2.1 6 0.048 3 13 48
69.71 1 -22.782 5.14283 -219.924 -0.698837 0.625336 -0.270119 -0.218214 1 2.1 6 0.048 3 13 48
69.7395 1 -22.782 5.14283 -219.924 -0.698837 0.625336 -0.270119 -0.218214 1 2.1 6 0.048 3 13 48
69.7561 1 -22.782 5.14283 -219.924 -0.698837 0.625336 -0.270119 -0.218214 1 2.1 6 0.048 3 13 48
69.7851 1 -22.782 5.14283 -219.924 -0.698837 0.625336 -0.270119 -0.218214 1 2.1 6 0.048 3 13 48
69.8018 1 -22.782 5.14283 -219.924 -0.698837 0.625336 -0.270119 -0.218214 1 2.1 6 0.048 3 13 48
69.8309 1 -22.782 5.14283 -219.924 -0.698837 0.625336 -0.270119 -0.218214 1 2.1 6 0.048 3 13 48
69.8542 1 -22.782 5.14283 -219.924 -0.698837 0.625336 -0.270119 -0.218214 1 2.1 6 0.048 3 13 48
69.8709 1 -22.782 5.14283 -219.924 -0.698837 0.625336 -0.270119 -0.218214 1 2.1 6 0.048 3 13 48
69.9004 1 -22.782 5.14283 -219.924 -0.698837 0.625336 -0.270119 -0.218214 1 2.1 6 0.048 3 13 48
69.9171 1 -22.782 5.14283 -219.924 -0.698837 0.625336 -0.270119 -0.218214 1 2.1 6 0.048 3 13 48
69.9461 1 -22.782 5.14283 -219.924 -0.698837 0.625336 -0.270119 -0.218214 1 2.1 6 0.048 3 13 48
69.9628 1 -22.782 5.14283 -219.924 -0.698837 0.625336 -0.270119 -0.218214 1 2.1 6 0.048 3 13 48
69.9919 1 -22.782 5.14283 -219.924 -0.698837 0.625336 -0.270119 -0.218214 1 2.1 6 0.048 3 13 48
70.0153 1 -22.782 5.14283 -219.924 -0.698837 0.625336 -0.270119 -0.218214 1 2.1 6 0.048 3 13 48
70.0319 1 -22.782 5.14283 -219.924 -0.698837 0.625336 -0.270119 -0.218214 1 2.1 6 0.048 3 13 48
70.0615 1 -22.782 5.14283 -219.924 -0.698837 0.625336 -0.270119 -0.218214 1 2.1 6 0.048 3 13 48
70.0781 1 -22.782 5.14283 -219.924 -0.698837 0.625336 -0.270119 -0.218214 1 2.1 6 0.048 3 13 48
70.1073 1 -22.782 5.14283 -219.924 -0.698837 0.625336 -0.270119 -0.218214 1 2.1 6 0.048 3 13 48
70.1239 1 -22.782 5.14283 -219.924 -0.698837 0.625336 -0.270119 -0.218214 1 2.1 6 0.048 3 13 48
70.1531 1 -22.782 5.14283 -219.924 -0.698837 0.625336 -0.270119 -0.218214 1 2.1 6 0.048 3 13 48
70.1764 1 -22.782 5.14283 -219.924 -0.698837 0.625336 -0.270119 -0.218214 1 2.1 6 0.048 3 13 48
70.1931 1 -22.782 5.14283 -219.924 -0.698837 0.625336 -0.270119 -0.218214 1 2.1 6 0.048 3 13 48
70.2227 1 -22.782 5.14283 -219.924 -0.698837 0.625336 -0.270119 -0.218214 1 2.1 6 0.048 3 13 48
70.2393 1 -22.782 5.14283 -219.924 -0.698837 0.625336 -0.270119 -0.218214 1 2.1 6 0.048 3 13 48
70.2686 1 -22.782 5.14283 -219.924 -0.698837 0.625336 -0.270119 -0.218214 1 2.1 6 0.048 3 13 48
70.2852 1 -22.782 5.14283 -219.924 -0.698837 0.625336 -0.270119 -0.218214 1 2.1 6 0.048 3 13 48
70.3144 1 -22.782 5.14283 -219.924 -0.698837 0.625336 -0.270119 -0.218214 1 2.1 6 0.048 3 13 48
70.3378 1 -22.782 5.14283 -219.924 -0.698837 0.625336 -0.270119 -0.218214 1 2.1 6 0.048 3 13 48
70.3544 1 -22.782 5.14283 -219.924 -0.698837 0.625336 -0.270119 -0.218214 1 2.1 6 0.048 3 13 48
70.3841 1 -22.782 5.14283 -219.924 -0.698837 0.625336 -0.270119 -0.218214 1 2.1 6 0.048 3 13 48
70.4007 1 -22.782 5.14283 -219.924 -0.698837 0.625336 -0.270119 -0.218214 1 2.1 6 0.048 3 13 48
70.4299 1 -22.782 5.14283 -219.924 -0.698837 0.625336 -0.270119 -0.218214 1 2.1 6 0.048 3 13 48
70.4466 1 -22.782 5.14283 -219.924 -0.698837 0.625336 -0.270119 -0.218214 1 2.1 6 0.048 3 13 48
70.4758 1 -22.782 5.14283 -219.924 -0.698837 0.625336 -0.270119 -0.218214 1 2.1 6 0.048 3 13 48
70.4992 1 -22.782 5.14283 -219.924 -0.698837 0.625336 -0.270119 -0.218214 1 2.1 6 0.048 3 13 48
70.5158 1 -22.782 5.14283 -219.924 -0.698837 0.625336 -0.270119 -0.218214 1 2.1 6 0.048 3 13 48
70.6611 1 -22.782 5.14283 -219.924 -0.698837 0.625336 -0.270119 -0.218214 1 2.1 6 0.048 3 13 48
70.6777 1 -22.782 5.14283 -219.924 -0.698837 0.625336 -0.270119 -0.218214 1 2.1 6 0.048 3 13 48
70.6944 1 -22.782 5.14283 -219.924 -0.698837 0.625336 -0.270119 -0.218214 1 2.1 6 0.048 3 13 48
70.7111 1 -22.782 5.14283 -219.924 -0.698837 0.625336 -0.270119 -0.218214 1 2.1 6 0.048 3 13 48
70.7277 1 -22.782 5.14283 -219.924 -0.698837 0.625336 -0.270119 -0.218214 1 2.1 6 0.048 3 13 48
70.7444 1 -22.782 5.14283 -219.924 -0.698837 0.625336 -0.270119 -0.218214 1 2.1 6 0.048 3 13 48
70.7611 1 -22.782 5.14283 -219.924 -0.698837 0.625336 -0.270119 -0.218214 1 2.1 6 0.048 3 13 48
70.7777 1 -22.782 5.14283 -219.924 -0.698837 0.625336 -0.270119 -0.218214 1 2.1 6 0.048 3 13 48
70.7944 1 -22.782 5.14283 -219.924 -0.698837 0.625336 -0.270119 -0.218214 1 2.1 6 0.048 3 13 48
70.8111 1 -22.782 5.14283 -219.924 -0.698837 0.625336 -0.270119 -0.218214 1 2.1 6 0.048 3 13 48
70.8277 1 -22.782 5.14283 -219.924 -0.698837 0.625336 -0.270119 -0.218214 1 2.1 6 0.048 3 13 48
70.8444 1 -22.782 5.14283 -219.924 -0.698837 0.625336 -0.270119 -0.218214 1 2.1 6 0.048 3 13 48
70.8611 1 -22.782 5.14283 -219.924 -0.698837 0.625336 -0.270119 -0.218214 1 2.1 6 0.048 3 13 48
70.8777 1 -22.782 5.14283 -219.924 -0.698837 0.625336 -0.270119 -0.218214 1 2.1 6 0.048 3 13 48
70.8944 1 -22.782 5.14283 -219.924 -0.698837 0.625336 -0.270119 -0.218214 1 2.1 6 0.048 3 13 48
70.9111 1 -22.782 5.14283 -219.924 -0.698837 0.625336 -0.270119 -0.218214 1 2.1 6 0.048 3 13 48
70.9277 1 -22.782 5.14283 -219.924 -0.698837 0.625336 -0.270119 -0.218214 1 2.1 6 0.048 3 13 48
70.9444 1 -22.782 5.14283 -219.924 -0.698837 0.625336 -0.270119 -0.218214 1 2.1 6 0.048 3 13 48
70.9616 1 -22.782 5.14283 -219.924 -0.698837 0.625336 -0.270119 -0.218214 1 2.1 6 0.048 3 13 48
70.9782 1 -22.782 5.14283 -219.924 -0.698837 0.625336 -0.270119 -0.218214 1 2.1 6 0.048 3 13 48
71.0073 1 -22.782 5.14283 -219.924 -0.698837 0.625336 -0.270119 -0.218214 1 2.1 6 0.048 3 13 48
71.0306 1 -22.782 5.14283 -219.924 -0.698837 0.625336 -0.270119 -0.218214 1 2.1 6 0.048 3 13 48
71.0473 1 -22.782 5.14283 -219.924 -0.698837 0.625336 -0.270119 -0.218214 1 2.1 6 0.048 3 13 48
71.0764 1 -22.782 5.14283 -219.924 -0.698837 0.625336 -0.270119 -0.218214 1 2.1 6 0.048 3 13 48
71.093 1 -22.782 5.14283 -219.924 -0.698837 0.625336 -0.270119 -0.218214 1 2.1 6 0.048 3 13 48
71.1226 1 -22.782 5.14283 -219.924 -0.698837 0.625336 -0.270119 -0.218214 1 2.1 6 0.048 3 13 48
71.1393 1 -22.782 5.14283 -219.924 -0.698837 0.625336 -0.270119 -0.218214 1 2.1 6 0.048 3 13 48
71.1683 1 -22.782 5.14283 -219.924 -0.698837 0.625336 -0.270119 -0.218214 1 2.1 6 0.048 3 13 48
71.1918 1 -22.782 5.14283 -219.924 -0.698837 0.625336 -0.270119 -0.218214 1 2.1 6 0.048 3 13 48
71.2084 1 -22.782 5.14283 -219.924 -0.698837 0.625336 -0.270119 -0.218214 1 2.1 6 0.048 3 13 48
71.2374 1 -22.782 5.14283 -219.924 -0.698837 0.625336 -0.270119 -0.218214 1 2.1 6 0.048 3 13 48
71.2541 1 -22.782 5.14283 -219.924 -0.698837 0.625336 -0.270119 -0.218214 1 2.1 6 0.048 3 13 48
71.2818 1 -22.782 5.14283 -219.924 -0.698837 0.625336 -0.270119 -0.218214 1 2.1 6 0.048 3 13 48
71.2984 1 -22.782 5.14283 -219.924 -0.698837 0.625336 -0.270119 -0.218214 1 2.1 6 0.048 3 13 48
71.3253 1 -22.782 5.14283 -219.924 -0.698837 0.625336 -0.270119 -0.218214 1 2.1 6 0.048 3 13 48
71.3476 1 -22.782 5.14283 -219.924 -0.698837 0.625336 -0.270119 -0.218214 1 2.1 6 0.048 3 13 48
71.3642 1 -22.782 5.14283 -219.924 -0.698837 0.625336 -0.270119 -0.218214 1 2.1 6 0.048 3 13 48
71.3911 1 -22.782 5.14283 -219.924 -0.698837 0.625336 -0.270119 -0.218214 1 2.1 6 0.048 3 13 48
71.4078 1 -22.782 5.14283 -219.924 -0.698837 0.625336 -0.270119 -0.218214 1 2.1 6 0.048 3 13 48
71.4352 1 -22.782 5.14283 -219.924 -0.698837 0.625336 -0.270119 -0.218214 1 2.1 6 0.048 3 13 48
71.4518 1 -22.782 5.14283 -219.924 -0.698837 0.625336 -0.270119 -0.218214 1 2.1 6 0.048 3 13 48
71.4786 1 -22.782 5.14283 -219.924 -0.698837 0.625336 -0.270119 -0.218214 1 2.1 6 0.048 3 13 48
71.5009 1 -22.782 5.14283 -219.924 -0.698837 0.625336 -0.270119 -0.218214 1 2.1 6 0.048 3 13 48
71.5175 1 -22.782 5.14283 -219.924 -0.698837 0.625336 -0.270119 -0.218214 1 2.1 6 0.048 3 13 48
71.5445 1 -22.782 5.14283 -219.924 -0.698837 0.625336 -0.270119 -0.218214 1 2.1 6 0.048 3 13 48
71.5612 1 -22.782 5.14283 -219.924 -0.698837 0.625336 -0.270119 -0.218214 1 2.1 6 0.048 3 13 48
71.5884 1 -22.782 5.14283 -219.924 -0.698837 0.625336 -0.270119 -0.218214 1 2.1 6 0.048 3 13 48
71.6051 1 -22.782 5.14283 -219.924 -0.698837 0.625336 -0.270119 -0.218214 1 2.1 6 0.048 3 13 48
71.632 1 -22.782 5.14283 -219.924 -0.698837 0.625336 -0.270119 -0.218214 1 2.1 6 0.048 3 13 48
71.6542 1 -22.782 5.14283 -219.924 -0.698837 0.625336 -0.270119 -0.218214 1 2.1 6 0.048 3 13 48
71.6709 1 -22.782 5.14283 -219.924 -0.698837 0.625336 -0.270119 -0.218214 1 2.1 6 0.048 3 13 48
71.6978 1 -22.782 5.14283 -219.924 -0.698837 0.625336 -0.270119 -0.218214 1 2.1 6 0.048 3 13 48
71.7145 1 -22.782 5.14283 -219.924 -0.698837 0.625336 -0.270119 -0.218214 1 2.1 6 0.048 3 13 48
71.7419 1 -22.782 5.14283 -219.924 -0.698837 0.625336 -0.270119 -0.218214 1 2.1 6 0.048 3 13 48
71.7586 1 -22.782 5.14283 -219.924 -0.698837 0.625336 -0.270119 -0.218214 1 2.1 6 0.048 3 13 48
71.7855 1 -22.782 5.14283 -219.924 -0.698837 0.625336 -0.270119 -0.218214 1 2.1 6 0.048 3 13 48
71.8078 1 -22.782 5.14283 -219.924 -0.698837 0.625336 -0.270119 -0.218214 1 2.1 6 0.048 3 13 48
71.8245 1 -22.782 5.14283 -219.924 -0.698837 0.625336 -0.270119 -0.218214 1 2.1 6 0.048 3 13 48
71.8515 1 -22.782 5.14283 -219.924 -0.698837 0.625336 -0.270119 -0.218214 1 2.1 6 0.048 3 13 48
71.8682 1 -22.782 5.14283 -219.924 -0.698837 0.625336 -0.270119 -0.218214 1 2.1 6 0.048 3 13 48
71.8956 1 -22.782 5.14283 -219.924 -0.698837 0.625336 -0.270119 -0.218214 1 2.1 6 0.048 3 13 48
71.9123 1 -22.782 5.14283 -219.924 -0.698837 0.625336 -0.270119 -0.218214 1 2.1 6 0.048 3 13 48
71.9394 1 -22.782 5.14283 -219.924 -0.698837 0.625336 -0.270119 -0.218214 1 2.1 6 0.048 3 13 48
71.9618 1 -22.782 5.14283 -219.924 -0.698837 0.625336 -0.270119 -0.218214 1 2.1 6 0.048 3 13 48
71.9784 1 -22.782 5.14283 -219.924 -0.698837 0.625336 -0.270119 -0.218214 1 2.1 6 0.048 3 13 48
72.0055 1 -22.782 5.14283 -219.924 -0.698837 0.625336 -0.270119 -0.218214 1 2.1 6 0.048 3 13 48
72.0222 1 -22.782 5.14283 -219.924 -0.698837 0.625336 -0.270119 -0.218214 1 2.1 6 0.048 3 13 48
72.0496 1 -22.782 5.14283 -219.924 -0.698837 0.625336 -0.270119 -0.218214 1 2.1 6 0.048 3 13 48
72.0663 1 -22.782 5.14283 -219.924 -0.698837 0.625336 -0.270119 -0.218214 1 2.1 6 0.048 3 13 48
72.0933 1 -22.782 5.14283 -219.924 -0.698837 0.625336 -0.270119 -0.218214 1 2.1 6 0.048 3 13 48
72.1156 1 -22.782 5.14283 -219.924 -0.698837 0.625336 -0.270119 -0.218214 1 2.1 6 0.048 3 13 48
72.1323 1 -22.782 5.14283 -219.924 -0.698837 0.625336 -0.270119 -0.218214 1 2.1 6 0.048 3 13 48
72.1595 1 -22.782 5.14283 -219.924 -0.698837 0.625336 -0.270119 -0.218214 1 2.1 6 0.048 3 13 48
72.1761 1 -22.782 5.14283 -219.924 -0.698837 0.625336 -0.270119 -0.218214 1 2.1 6 0.048 3 13 48
72.2036 1 -22.782 5.14283 -219.924 -0.698837 0.625336 -0.270119 -0.218214 1 2.1 6 0.048 3 13 48
72.2203 1 -22.782 5.14283 -219.924 -0.698837 0.625336 -0.270119 -0.218214 1 2.1 6 0.048 3 13 48
72.2474 1 -22.782 5.14283 -219.924 -0.698837 0.625336 -0.270119 -0.218214 1 2.1 6 0.048 3 13 48
72.2697 1 -22.782 5.14283 -219.924 -0.698837 0.625336 -0.270119 -0.218214 1 2.1 6 0.048 3 13 48
72.2863 1 -22.782 5.14283 -219.924 -0.698837 0.625336 -0.270119 -0.218214 1 2.1 6 0.048 3 13 48
72.3135 1 -22.782 5.14283 -219.924 -0.698837 0.625336 -0.270119 -0.218214 1 2.1 6 0.048 3 13 48
72.3302 1 -22.782 5.14283 -219.924 -0.698837 0.625336 -0.270119 -0.218214 1 2.1 6 0.048 3 13 48
72.3576 1 -22.782 5.14283 -219.924 -0.698837 0.625336 -0.270119 -0.218214 1 2.1 6 0.048 3 13 48
72.3743 1 -22.782 5.14283 -219.924 -0.698837 0.625336 -0.270119 -0.218214 1 2.1 6 0.048 3 13 48
72.4014 1 -22.782 5.14283 -219.924 -0.698837 0.625336 -0.270119 -0.218214 1 2.1 6 0.048 3 13 48
72.4236 1 -22.782 5.14283 -219.924 -0.698837 0.625336 -0.270119 -0.218214 1 2.1 6 0.048 3 13 48
72.4403 1 -22.782 5.14283 -219.924 -0.698837 0.625336 -0.270119 -0.218214 1 2.1 6 0.048 3 13 48
72.4674 1 -22.782 5.14283 -219.924 -0.698837 0.625336 -0.270119 -0.218214 1 2.1 6 0.048 3 13 48
72.484 1 -22.782 5.14283 -219.924 -0.698837 0.625336 -0.270119 -0.218214 1 2.1 6 0.048 3 13 48
72.5114 1 -22.782 5.14283 -219.924 -0.698837 0.625336 -0.270119 -0.218214 1 2.1 6 0.048 3 13 48
72.5281 1 -22.782 5.14283 -219.924 -0.698837 0.625336 -0.270119 -0.218214 1 2.1 6 0.048 3 13 48
72.5551 1 -22.782 5.14283 -219.924 -0.698837 0.625336 -0.270119 -0.218214 1 2.1 6 0.048 3 13 48
72.5774 1 -22.782 5.14283 -219.924 -0.698837 0.625336 -0.270119 -0.218214 1 2.1 6 0.048 3 13 48
72.594 1 -22.782 5.14283 -219.924 -0.698837 0.625336 -0.270119 -0.218214 1 2.1 6 0.048 3 13 48
72.621 1 -22.782 5.14283 -219.924 -0.698837 0.625336 -0.270119 -0.218214 1 2.1 6 0.048 3 13 48
72.6376 1 -22.782 5.14283 -219.924 -0.698837 0.625336 -0.270119 -0.218214 1 2.1 6 0.048 3 13 48
72.665 1 -22.782 5.14283 -219.924 -0.698837 0.625336 -0.270119 -0.218214 1 2.1 6 0.048 3 13 48
72.6817 1 -22.782 5.14283 -219.924 -0.698837 0.625336 -0.270119 -0.218214 1 2.1 6 0.048 3 13 48
72.7086 1 -22.782 5.14283 -219.924 -0.698837 0.625336 -0.270119 -0.218214 1 2.1 6 0.048 3 13 48
72.7309 1 -22.782 5.14283 -219.924 -0.698837 0.625336 -0.270119 -0.218214 1 2.1 6 0.048 3 13 48
72.7476 1 -22.782 5.14283 -219.924 -0.698837 0.625336 -0.270119 -0.218214 1 2.1 6 0.048 3 13 48
72.7746 1 -22.782 5.14283 -219.924 -0.698837 0.625336 -0.270119 -0.218214 1 2.1 6 0.048 3 13 48
72.7913 1 -22.782 5.14283 -219.924 -0.698837 0.625336 -0.270119 -0.218214 1 2.1 6 0.048 3 13 48
72.8186 1 -22.782 5.14283 -219.924 -0.698837 0.625336 -0.270119 -0.218214 1 2.1 6 0.048 3 13 48
72.8352 1 -22.782 5.14283 -219.924 -0.698837 0.625336 -0.270119 -0.218214 1 2.1 6 0.048 3 13 48
72.8644 1 -22.782 5.14283 -219.924 -0.698837 0.625336 -0.270119 -0.218214 1 2.1 6 0.048 3 13 48
72.8878 1 -22.782 5.14283 -219.924 -0.698837 0.625336 -0.270119 -0.218214 1 2.1 6 0.048 3 13 48
72.9044 1 -22.782 5.14283 -219.924 -0.698837 0.625336 -0.270119 -0.218214 1 2.1 6 0.048 3 13 48
72.9337 1 -22.782 5.14283 -219.924 -0.698837 0.625336 -0.270119 -0.218214 1 2.1 6 0.048 3 13 48
72.9504 1 -22.782 5.14283 -219.924 -0.698837 0.625336 -0.270119 -0.218214 1 2.1 6 0.048 3 13 48
72.98 1 -22.782 5.14283 -219.924 -0.698837 0.625336 -0.270119 -0.218214 1 2.1 6 0.048 3 13 48
72.9967 1 -22.782 5.14283 -219.924 -0.698837 0.625336 -0.270119 -0.218214 1 2.1 6 0.048 3 13 48
73.0258 1 -22.782 5.14283 -219.924 -0.698837 0.625336 -0.270119 -0.218214 1 2.1 6 0.048 3 13 48
73.0492 1 -22.782 5.14283 -219.924 -0.698837 0.625336 -0.270119 -0.218214 1 2.1 6 0.048 3 13 48
73.0659 1 -22.782 5.14283 -219.924 -0.698837 0.625336 -0.270119 -0.218214 1 2.1 6 0.048 3 13 48
73.0951 1 -22.782 5.14283 -219.924 -0.698837 0.625336 -0.270119 -0.218214 1 2.1 6 0.048 3 13 48
73.1118 1 -22.782 5.14283 -219.924 -0.698837 0.625336 -0.270119 -0.218214 1 2.1 6 0.048 3 13 48
73.1413 1 -22.782 5.14283 -219.924 -0.698837 0.625336 -0.270119 -0.218214 1 2.1 6 0.048 3 13 48
73.158 1 -22.782 5.14283 -219.924 -0.698837 0.625336 -0.270119 -0.218214 1 2.1 6 0.048 3 13 48
73.1872 1 -22.782 5.14283 -219.924 -0.698837 0.625336 -0.270119 -0.218214 1 2.1 6 0.048 3 13 48
73.2106 1 -22.782 5.14283 -219.924 -0.698837 0.625336 -0.270119 -0.218214 1 2.1 6 0.048 3 13 48
73.2273 1 -22.782 5.14283 -219.924 -0.698837 0.625336 -0.270119 -0.218214 1 2.1 6 0.048 3 13 48
73.2565 1 -22.782 5.14283 -219.924 -0.698837 0.625336 -0.270119 -0.218214 1 2.1 6 0.048 3 13 48
73.2732 1 -22.782 5.14283 -219.924 -0.698837 0.625336 -0.270119 -0.218214 1 2.1 6 0.048 3 13 48
73.3028 1 -22.782 5.14283 -219.924 -0.698837 0.625336 -0.270119 -0.218214 1 2.1 6 0.048 3 13 48
73.3195 1 -22.782 5.14283 -219.924 -0.698837 0.625336 -0.270119 -0.218214 1 2.1 6 0.048 3 13 48
73.3487 1 -22.782 5.14283 -219.924 -0.698837 0.625336 -0.270119 -0.218214 1 2.1 6 0.048 3 13 48
73.3721 1 -22.782 5.14283 -219.924 -0.698837 0.625336 -0.270119 -0.218214 1 2.1 6 0.048 3 13 48
73.3887 1 -22.782 5.14283 -219.924 -0.698837 0.625336 -0.270119 -0.218214 1 2.1 6 0.048 3 13 48
73.418 1 -22.782 5.14283 -219.924 -0.698837 0.625336 -0.270119 -0.218214 1 2.1 6 0.048 3 13 48
73.4346 1 -22.782 5.14283 -219.924 -0.698837 0.625336 -0.270119 -0.218214 1 2.1 6 0.048 3 13 48
73.4643 1 -22.782 5.14283 -219.924 -0.698837 0.625336 -0.270119 -0.218214 1 2.1 6 0.048 3 13 48
73.4809 1 -22.782 5.14283 -219.924 -0.698837 0.625336 -0.270119 -0.218214 1 2.1 6 0.048 3 13 48
73.5101 1 -22.782 5.14283 -219.924 -0.698837 0.625336 -0.270119 -0.218214 1 2.1 6 0.048 3 13 48
73.5335 1 -22.782 5.14283 -219.924 -0.698837 0.625336 -0.270119 -0.218214 1 2.1 6 0.048 3 13 48
73.5502 1 -22.782 5.14283 -219.924 -0.698837 0.625336 -0.270119 -0.218214 1 2.1 6 0.048 3 13 48
73.5793 1 -22.782 5.14283 -219.924 -0.698837 0.625336 -0.270119 -0.218214 1 2.1 6 0.048 3 13 48
73.596 1 -22.782 5.14283 -219.924 -0.698837 0.625336 -0.270119 -0.218214 1 2.1 6 0.048 3 13 48
73.6255 1 -22.782 5.14283 -219.924 -0.698837 0.625336 -0.270119 -0.218214 1 2.1 6 0.048 3 13 48
73.6422 1 -22.782 5.14283 -219.924 -0.698837 0.625336 -0.270119 -0.218214 1 2.1 6 0.048 3 13 48
73.6714 1 -22.782 5.14283 -219.924 -0.698837 0.625336 -0.270119 -0.218214 1 2.1 6 0.048 3 13 48
73.6947 1 -22.782 5.14283 -219.924 -0.698837 0.625336 -0.270119 -0.218214 1 2.1 6 0.048 3 13 48
73.7114 1 -22.782 5.14283 -219.924 -0.698837 0.625336 -0.270119 -0.218214 1 2.1 6 0.048 3 13 48
73.7405 1 -22.782 5.14283 -219.924 -0.698837 0.625336 -0.270119 -0.218214 1 2.1 6 0.048 3 13 48
73.7572 1 -22.782 5.14283 -219.924 -0.698837 0.625336 -0.270119 -0.218214 1 2.1 6 0.048 3 13 48
73.7867 1 -22.782 5.14283 -219.924 -0.698837 0.625336 -0.270119 -0.218214 1 2.1 6 0.048 3 13 48
73.8033 1 -22.782 5.14283 -219.924 -0.698837 0.625336 -0.270119 -0.218214 1 2.1 6 0.048 3 13 48
73.8325 1 -22.782 5.14283 -219.924 -0.698837 0.625336 -0.270119 -0.218214 1 2.1 6 0.048 3 13 48
73.8558 1 -22.782 5.14283 -219.924 -0.698837 0.625336 -0.270119 -0.218214 1 2.1 6 0.048 3 13 48
73.8724 1 -22.782 5.14283 -219.924 -0.698837 0.625336 -0.270119 -0.218214 1 2.1 6 0.048 3 13 48
73.9014 1 -22.782 5.14283 -219.924 -0.698837 0.625336 -0.270119 -0.218214 1 2.1 6 0.048 3 13 48
73.9181 1 -22.782 5.14283 -219.924 -0.698837 0.625336 -0.270119 -0.218214 1 2.1 6 0.048 3 13 48
73.9475 1 -22.782 5.14283 -219.924 -0.698837 0.625336 -0.270119 -0.218214 1 2.1 6 0.048 3 13 48
73.9642 1 -22.782 5.14283 -219.924 -0.698837 0.625336 -0.270119 -0.218214 1 2.1 6 0.048 3 13 48
73.9932 1 -22.782 5.14283 -219.924 -0.698837 0.625336 -0.270119 -0.218214 1 2.1 6 0.048 3 13 48
74.0165 1 -22.782 5.14283 -219.924 -0.698837 0.625336 -0.270119 -0.218214 1 2.1 6 0.048 3 13 48
74.0332 1 -22.782 5.14283 -219.924 -0.698837 0.625336 -0.270119 -0.218214 1 2.1 6 0.048 3 13 48
74.0621 1 -22.782 5.14283 -219.924 -0.698837 0.625336 -0.270119 -0.218214 1 2.1 6 0.048 3 13 48
74.0788 1 -22.782 5.14283 -219.924 -0.698837 0.625336 -0.270119 -0.218214 1 2.1 6 0.048 3 13 48
74.1082 1 -22.782 5.14283 -219.924 -0.698837 0.625336 -0.270119 -0.218214 1 2.1 6 0.048 3 13 48
74.1249 1 -22.782 5.14283 -219.924 -0.698837 0.625336 -0.270119 -0.218214 1 2.1 6 0.048 3 13 48
74.1539 1 -22.782 5.14283 -219.924 -0.698837 0.625336 -0.270119 -0.218214 1 2.1 6 0.048 3 13 48
74.1772 1 -22.782 5.14283 -219.924 -0.698837 0.625336 -0.270119 -0.218214 1 2.1 6 0.048 3 13 48
74.1938 1 -22.782 5.14283 -219.924 -0.698837 0.625336 -0.270119 -0.218214 1 2.1 6 0.048 3 13 48
74.2228 1 -22.782 5.14283 -219.924 -0.698837 0.625336 -0.270119 -0.218214 1 2.1 6 0.048 3 13 48
74.2395 1 -22.782 5.14283 -219.924 -0.698837 0.625336 -0.270119 -0.218214 1 2.1 6 0.048 3 13 48
74.269 1 -22.782 5.14283 -219.924 -0.698837 0.625336 -0.270119 -0.218214 1 2.1 6 0.048 3 13 48
74.2856 1 -22.782 5.14283 -219.924 -0.698837 0.625336 -0.270119 -0.218214 1 2.1 6 0.048 3 13 48
74.3146 1 -22.782 5.14283 -219.924 -0.698837 0.625336 -0.270119 -0.218214 1 2.1 6 0.048 3 13 48
74.3379 1 -22.782 5.14283 -219.924 -0.698837 0.625336 -0.270119 -0.218214 1 2.1 6 0.048 3 13 48
74.3546 1 -22.782 5.14283 -219.924 -0.698837 0.625336 -0.270119 -0.218214 1 2.1 6 0.048 3 13 48
74.3835 1 -22.782 5.14283 -219.924 -0.698837 0.625336 -0.270119 -0.218214 1 2.1 6 0.048 3 13 48
74.4002 1 -22.782 5.14283 -219.924 -0.698837 0.625336 -0.270119 -0.218214 1 2.1 6 0.048 3 13 48
74.4295 1 -22.782 5.14283 -219.924 -0.698837 0.625336 -0.270119 -0.218214 1 2.1 6 0.048 3 13 48
74.4462 1 -22.782 5.14283 -219.924 -0.698837 0.625336 -0.270119 -0.218214 1 2.1 6 0.048 3 13 48
74.4752 1 -22.782 5.14283 -219.924 -0.698837 0.625336 -0.270119 -0.218214 1 2.1 6 0.048 3 13 48
74.4985 1 -22.782 5.14283 -219.924 -0.698837 0.625336 -0.270119 -0.218214 1 2.1 6 0.048 3 13 48
74.5152 1 -22.782 5.14283 -219.924 -0.698837 0.625336 -0.270119 -0.218214 1 2.1 6 0.048 3 13 48
74.5443 1 -22.782 5.14283 -219.924 -0.698837 0.625336 -0.270119 -0.218214 1 2.1 6 0.048 3 13 48
74.561 1 -22.782 5.14283 -219.924 -0.698837 0.625336 -0.270119 -0.218214 1 2.1 6 0.048 3 13 48
74.5904 1 -22.782 5.14283 -219.924 -0.698837 0.625336 -0.270119 -0.218214 1 2.1 6 0.048 3 13 48
74.6071 1 -22.782 5.14283 -219.924 -0.698837 0.625336 -0.270119 -0.218214 1 2.1 6 0.048 3 13 48
74.6361 1 -22.782 5.14283 -219.924 -0.698837 0.625336 -0.270119 -0.218214 1 2.1 6 0.048 3 13 48
74.6594 1 -22.782 5.14283 -219.924 -0.698837 0.625336 -0.270119 -0.218214 1 2.1 6 0.048 3 13 48
74.6761 1 -22.782 5.14283 -219.924 -0.698837 0.625336 -0.270119 -0.218214 1 2.1 6 0.048 3 13 48
74.7051 1 -22.782 5.14283 -219.924 -0.698837 0.625336 -0.270119 -0.218214 1 2.1 6 0.048 3 13 48
74.7217 1 -22.782 5.14283 -219.924 -0.698837 0.625336 -0.270119 -0.218214 1 2.1 6 0.048 3 13 48
74.7512 1 -22.782 5.14283 -219.924 -0.698837 0.625336 -0.270119 -0.218214 1 2.1 6 0.048 3 13 48
74.7678 1 -22.782 5.14283 -219.924 -0.698837 0.625336 -0.270119 -0.218214 1 2.1 6 0.048 3 13 48
74.7968 1 -22.782 5.14283 -219.924 -0.698837 0.625336 -0.270119 -0.218214 1 2.1 6 0.048 3 13 48
74.82 1 -22.782 5.14283 -219.924 -0.698837 0.625336 -0.270119 -0.218214 1 2.1 6 0.048 3 13 48
74.8367 1 -22.782 5.14283 -219.924 -0.698837 0.625336 -0.270119 -0.218214 1 2.1 6 0.048 3 13 48
74.8657 1 -22.782 5.14283 -219.924 -0.698837 0.625336 -0.270119 -0.218214 1 2.1 6 0.048 3 13 48
74.8824 1 -22.782 5.14283 -219.924 -0.698837 0.625336 -0.270119 -0.218214 1 2.1 6 0.048 3 13 48
74.9118 1 -22.782 5.14283 -219.924 -0.698837 0.625336 -0.270119 -0.218214 1 2.1 6 0.048 3 13 48
74.9285 1 -22.782 5.14283 -219.924 -0.698837 0.625336 -0.270119 -0.218214 1 2.1 6 0.048 3 13 48
74.9574 1 -22.782 5.14283 -219.924 -0.698837 0.625336 -0.270119 -0.218214 1 2.1 6 0.048 3 13 48
74.9807 1 -22.782 5.14283 -219.924 -0.698837 0.625336 -0.270119 -0.218214 1 2.1 6 0.048 3 13 48
74.9973 1 -22.782 5.14283 -219.924 -0.698837 0.625336 -0.270119 -0.218214 1 2.1 6 0.048 3 13 48
75.0253 1 -22.782 5.14283 -219.924 -0.698837 0.625336 -0.270119 -0.218214 1 2.1 6 0.048 3 13 48
75.0419 1 -22.782 5.14283 -219.924 -0.698837 0.625336 -0.270119 -0.218214 1 2.1 6 0.048 3 13 48
75.0689 1 -22.782 5.14283 -219.924 -0.698837 0.625336 -0.270119 -0.218214 1 2.1 6 0.048 3 13 48
75.0856 1 -22.782 5.14283 -219.924 -0.698837 0.625336 -0.270119 -0.218214 1 2.1 6 0.048 3 13 48
75.1123 1 -22.782 5.14283 -219.924 -0.698837 0.625336 -0.270119 -0.218214 1 2.1 6 0.048 3 13 48
75.1344 1 -22.782 5.14283 -219.924 -0.698837 0.625336 -0.270119 -0.218214 1 2.1 6 0.048 3 13 48
75.1511 1 -22.782 5.14283 -219.924 -0.698837 0.625336 -0.270119 -0.218214 1 2.1 6 0.048 3 13 48
75.1777 1 -22.782 5.14283 -219.924 -0.698837 0.625336 -0.270119 -0.218214 1 2.1 6 0.048 3 13 48
75.1944 1 -22.782 5.14283 -219.924 -0.698837 0.625336 -0.270119 -0.218214 1 2.1 6 0.048 3 13 48
75.2215 1 -22.782 5.14283 -219.924 -0.698837 0.625336 -0.270119 -0.218214 1 2.1 6 0.048 3 13 48
75.2382 1 -22.782 5.14283 -219.924 -0.698837 0.625336 -0.270119 -0.218214 1 2.1 6 0.048 3 13 48
75.265 1 -22.782 5.14283 -219.924 -0.698837 0.625336 -0.270119 -0.218214 1 2.1 6 0.048 3 13 48
75.2871 1 -22.782 5.14283 -219.924 -0.698837 0.625336 -0.270119 -0.218214 1 2.1 6 0.048 3 13 48
75.3038 1 -22.782 5.14283 -219.924 -0.698837 0.625336 -0.270119 -0.218214 1 2.1 6 0.048 3 13 48
75.3305 1 -22.782 5.14283 -219.924 -0.698837 0.625336 -0.270119 -0.218214 1 2.1 6 0.048 3 13 48
75.3472 1 -22.782 5.14283 -219.924 -0.698837 0.625336 -0.270119 -0.218214 1 2.1 6 0.048 3 13 48
75.3742 1 -22.782 5.14283 -219.924 -0.698837 0.625336 -0.270119 -0.218214 1 2.1 6 0.048 3 13 48
75.3909 1 -22.782 5.14283 -219.924 -0.698837 0.625336 -0.270119 -0.218214 1 2.1 6 0.048 3 13 48
75.4176 1 -22.782 5.14283 -219.924 -0.698837 0.625336 -0.270119 -0.218214 1 2.1 6 0.048 3 13 48
75.4398 1 -22.782 5.14283 -219.924 -0.698837 0.625336 -0.270119 -0.218214 1 2.1 6 0.048 3 13 48
75.4565 1 -22.782 5.14283 -219.924 -0.698837 0.625336 -0.270119 -0.218214 1 2.1 6 0.048 3 13 48
75.4832 1 -22.782 5.14283 -219.924 -0.698837 0.625336 -0.270119 -0.218214 1 2.1 6 0.048 3 13 48
75.4998 1 -22.782 5.14283 -219.924 -0.698837 0.625336 -0.270119 -0.218214 1 2.1 6 0.048 3 13 48
75.527 1 -22.782 5.14283 -219.924 -0.698837 0.625336 -0.270119 -0.218214 1 2.1 6 0.048 3 13 48
75.5437 1 -22.782 5.14283 -219.924 -0.698837 0.625336 -0.270119 -0.218214 1 2.1 6 0.048 3 13 48
75.5704 1 -22.782 5.14283 -219.924 -0.698837 0.625336 -0.270119 -0.218214 1 2.1 6 0.048 3 13 48
75.5926 1 -22.782 5.14283 -219.924 -0.698837 0.625336 -0.270119 -0.218214 1 2.1 6 0.048 3 13 48
75.6092 1 -22.782 5.14283 -219.924 -0.698837 0.625336 -0.270119 -0.218214 1 2.1 6 0.048 3 13 48
75.636 1 -22.782 5.14283 -219.924 -0.698837 0.625336 -0.270119 -0.218214 1 2.1 6 0.048 3 13 48
75.6526 1 -22.782 5.14283 -219.924 -0.698837 0.625336 -0.270119 -0.218214 1 2.1 6 0.048 3 13 48
75.6799 1 -22.782 5.14283 -219.924 -0.698837 0.625336 -0.270119 -0.218214 1 2.1 6 0.048 3 13 48
75.6966 1 -22.782 5.14283 -219.924 -0.698837 0.625336 -0.270119 -0.218214 1 2.1 6 0.048 3 13 48
75.7233 1 -22.782 5.14283 -219.924 -0.698837 0.625336 -0.270119 -0.218214 1 2.1 6 0.048 3 13 48
75.7455 1 -22.782 5.14283 -219.924 -0.698837 0.625336 -0.270119 -0.218214 1 2.1 6 0.048 3 13 48
75.7622 1 -22.782 5.14283 -219.924 -0.698837 0.625336 -0.270119 -0.218214 1 2.1 6 0.048 3 13 48
75.7889 1 -22.782 5.14283 -219.924 -0.698837 0.625336 -0.270119 -0.218214 1 2.1 6 0.048 3 13 48
75.8056 1 -22.782 5.14283 -219.924 -0.698837 0.625336 -0.270119 -0.218214 1 2.1 6 0.048 3 13 48
75.8328 1 -22.782 5.14283 -219.924 -0.698837 0.625336 -0.270119 -0.218214 1 2.1 6 0.048 3 13 48
75.8495 1 -22.782 5.14283 -219.924 -0.698837 0.625336 -0.270119 -0.218214 1 2.1 6 0.048 3 13 48
75.8763 1 -22.782 5.14283 -219.924 -0.698837 0.625336 -0.270119 -0.218214 1 2.1 6 0.048 3 13 48
75.8985 1 -22.782 5.14283 -219.924 -0.698837 0.625336 -0.270119 -0.218214 1 2.1 6 0.048 3 13 48
75.9151 1 -22.782 5.14283 -219.924 -0.698837 0.625336 -0.270119 -0.218214 1 2.1 6 0.048 3 13 48
75.942 1 -22.782 5.14283 -219.924 -0.698837 0.625336 -0.270119 -0.218214 1 2.1 6 0.048 3 13 48
75.9587 1 -22.782 5.14283 -219.924 -0.698837 0.625336 -0.270119 -0.218214 1 2.1 6 0.048 3 13 48
75.986 1 -22.782 5.14283 -219.924 -0.698837 0.625336 -0.270119 -0.218214 1 2.1 6 0.048 3 13 48
76.0026 1 -22.782 5.14283 -219.924 -0.698837 0.625336 -0.270119 -0.218214 1 2.1 6 0.048 3 13 48
76.0295 1 -22.782 5.14283 -219.924 -0.698837 0.625336 -0.270119 -0.218214 1 2.1 6 0.048 3 13 48
76.0517 1 -22.782 5.14283 -219.924 -0.698837 0.625336 -0.270119 -0.218214 1 2.1 6 0.048 3 13 48
76.0683 1 -22.782 5.14283 -219.924 -0.698837 0.625336 -0.270119 -0.218214 1 2.1 6 0.048 3 13 48
76.0953 1 -22.782 5.14283 -219.924 -0.698837 0.625336 -0.270119 -0.218214 1 2.1 6 0.048 3 13 48
76.1119 1 -22.782 5.14283 -219.924 -0.698837 0.625336 -0.270119 -0.218214 1 2.1 6 0.048 3 13 48
76.1393 1 -22.782 5.14283 -219.924 -0.698837 0.625336 -0.270119 -0.218214 1 2.1 6 0.048 3 13 48
76.1559 1 -22.782 5.14283 -219.924 -0.698837 0.625336 -0.270119 -0.218214 1 2.1 6 0.048 3 13 48
76.1829 1 -22.782 5.14283 -219.924 -0.698837 0.625336 -0.270119 -0.218214 1 2.1 6 0.048 3 13 48
76.2052 1 -22.782 5.14283 -219.924 -0.698837 0.625336 -0.270119 -0.218214 1 2.1 6 0.048 3 13 48
76.2219 1 -22.782 5.14283 -219.924 -0.698837 0.625336 -0.270119 -0.218214 1 2.1 6 0.048 3 13 48
76.2488 1 -22.782 5.14283 -219.924 -0.698837 0.625336 -0.270119 -0.218214 1 2.1 6 0.048 3 13 48
76.2654 1 -22.782 5.14283 -219.924 -0.698837 0.625336 -0.270119 -0.218214 1 2.1 6 0.048 3 13 48
76.2927 1 -22.782 5.14283 -219.924 -0.698837 0.625336 -0.270119 -0.218214 1 2.1 6 0.048 3 13 48
76.3094 1 -22.782 5.14283 -219.924 -0.698837 0.625336 -0.270119 -0.218214 1 2.1 6 0.048 3 13 48
76.4469 1 -22.782 5.14283 -219.924 -0.698837 0.625336 -0.270119 -0.218214 1 2.1 6 0.048 3 13 48
76.4636 1 -22.782 5.14283 -219.924 -0.698837 0.625336 -0.270119 -0.218214 1 2.1 6 0.048 3 13 48
76.4803 1 -22.782 5.14283 -219.924 -0.698837 0.625336 -0.270119 -0.218214 1 2.1 6 0.048 3 13 48
76.4969 1 -22.782 5.14283 -219.924 -0.698837 0.625336 -0.270119 -0.218214 1 2.1 6 0.048 3 13 48
76.5136 1 -22.782 5.14283 -219.924 -0.698837 0.625336 -0.270119 -0.218214 1 2.1 6 0.048 3 13 48
76.5303 1 -22.782 5.14283 -219.924 -0.698837 0.625336 -0.270119 -0.218214 1 2.1 6 0.048 3 13 48
76.5469 1 -22.782 5.14283 -219.924 -0.698837 0.625336 -0.270119 -0.218214 1 2.1 6 0.048 3 13 48
76.5636 1 -22.782 5.14283 -219.924 -0.698837 0.625336 -0.270119 -0.218214 1 2.1 6 0.048 3 13 48
76.5803 1 -22.782 5.14283 -219.924 -0.698837 0.625336 -0.270119 -0.218214 1 2.1 6 0.048 3 13 48
76.5969 1 -22.782 5.14283 -219.924 -0.698837 0.625336 -0.270119 -0.218214 1 2.1 6 0.048 3 13 48
76.6136 1 -22.782 5.14283 -219.924 -0.698837 0.625336 -0.270119 -0.218214 1 2.1 6 0.048 3 13 48
76.6303 1 -22.782 5.14283 -219.924 -0.698837 0.625336 -0.270119 -0.218214 1 2.1 6 0.048 3 13 48
76.6469 1 -22.782 5.14283 -219.924 -0.698837 0.625336 -0.270119 -0.218214 1 2.1 6 0.048 3 13 48
76.6636 1 -22.782 5.14283 -219.924 -0.698837 0.625336 -0.270119 -0.218214 1 2.1 6 0.048 3 13 48
76.6803 1 -22.782 5.14283 -219.924 -0.698837 0.625336 -0.270119 -0.218214 1 2.1 6 0.048 3 13 48
76.6969 1 -22.782 5.14283 -219.924 -0.698837 0.625336 -0.270119 -0.218214 1 2.1 6 0.048 3 13 48
76.7136 1 -22.782 5.14283 -219.924 -0.698837 0.625336 -0.270119 -0.218214 1 2.1 6 0.048 3 13 48
76.7303 1 -22.782 5.14283 -219.924 -0.698837 0.625336 -0.270119 -0.218214 1 2.1 6 0.048 3 13 48
76.7469 1 -22.782 5.14283 -219.924 -0.698837 0.625336 -0.270119 -0.218214 1 2.1 6 0.048 3 13 48
76.7636 1 -22.782 5.14283 -219.924 -0.698837 0.625336 -0.270119 -0.218214 1 2.1 6 0.048 3 13 48
76.7803 1 -22.782 5.14283 -219.924 -0.698837 0.625336 -0.270119 -0.218214 1 2.1 6 0.048 3 13 48
76.7974 1 -22.782 5.14283 -219.924 -0.698837 0.625336 -0.270119 -0.218214 1 2.1 6 0.048 3 13 48
76.8141 1 -22.782 5.14283 -219.924 -0.698837 0.625336 -0.270119 -0.218214 1 2.1 6 0.048 3 13 48
76.8408 1 -22.782 5.14283 -219.924 -0.698837 0.625336 -0.270119 -0.218214 1 2.1 6 0.048 3 13 48
76.8575 1 -22.782 5.14283 -219.924 -0.698837 0.625336 -0.270119 -0.218214 1 2.1 6 0.048 3 13 48
76.8847 1 -22.782 5.14283 -219.924 -0.698837 0.625336 -0.270119 -0.218214 1 2.1 6 0.048 3 13 48
76.9013 1 -22.782 5.14283 -219.924 -0.698837 0.625336 -0.270119 -0.218214 1 2.1 6 0.048 3 13 48
76.9285 1 -22.782 5.14283 -219.924 -0.698837 0.625336 -0.270119 -0.218214 1 2.1 6 0.048 3 13 48
76.9451 1 -22.782 5.14283 -219.924 -0.698837 0.625336 -0.270119 -0.218214 1 2.1 6 0.048 3 13 48
76.9719 1 -22.782 5.14283 -219.924 -0.698837 0.625336 -0.270119 -0.218214 1 2.1 6 0.048 3 13 48
76.9885 1 -22.782 5.14283 -219.924 -0.698837 0.625336 -0.270119 -0.218214 1 2.1 6 0.048 3 13 48
77.0154 1 -22.782 5.14283 -219.924 -0.698837 0.625336 -0.270119 -0.218214 1 2.1 6 0.048 3 13 48
77.0374 1 -22.782 5.14283 -219.924 -0.698837 0.625336 -0.270119 -0.218214 1 2.1 6 0.048 3 13 48
77.054 1 -22.782 5.14283 -219.924 -0.698837 0.625336 -0.270119 -0.218214 1 2.1 6 0.048 3 13 48
77.0813 1 -22.782 5.14283 -219.924 -0.698837 0.625336 -0.270119 -0.218214 1 2.1 6 0.048 3 13 48
77.098 1 -22.782 5.14283 -219.924 -0.698837 0.625336 -0.270119 -0.218214 1 2.1 6 0.048 3 13 48
77.1247 1 -22.782 5.14283 -219.924 -0.698837 0.625336 -0.270119 -0.218214 1 2.1 6 0.048 3 13 48
77.1414 1 -22.782 5.14283 -219.924 -0.698837 0.625336 -0.270119 -0.218214 1 2.1 6 0.048 3 13 48
77.1682 1 -22.782 5.14283 -219.924 -0.698837 0.625336 -0.270119 -0.218214 1 2.1 6 0.048 3 13 48
77.1902 1 -22.782 5.14283 -219.924 -0.698837 0.625336 -0.270119 -0.218214 1 2.1 6 0.048 3 13 48
77.2069 1 -22.782 5.14283 -219.924 -0.698837 0.625336 -0.270119 -0.218214 1 2.1 6 0.048 3 13 48
77.2341 1 -22.782 5.14283 -219.924 -0.698837 0.625336 -0.270119 -0.218214 1 2.1 6 0.048 3 13 48
77.2508 1 -22.782 5.14283 -219.924 -0.698837 0.625336 -0.270119 -0.218214 1 2.1 6 0.048 3 13 48
77.2775 1 -22.782 5.14283 -219.924 -0.698837 0.625336 -0.270119 -0.218214 1 2.1 6 0.048 3 13 48
77.2942 1 -22.782 5.14283 -219.924 -0.698837 0.625336 -0.270119 -0.218214 1 2.1 6 0.048 3 13 48
77.321 1 -22.782 5.14283 -219.924 -0.698837 0.625336 -0.270119 -0.218214 1 2.1 6 0.048 3 13 48
77.3431 1 -22.782 5.14283 -219.924 -0.698837 0.625336 -0.270119 -0.218214 1 2.1 6 0.048 3 13 48
77.3598 1 -22.782 5.14283 -219.924 -0.698837 0.625336 -0.270119 -0.218214 1 2.1 6 0.048 3 13 48
77.387 1 -22.782 5.14283 -219.924 -0.698837 0.625336 -0.270119 -0.218214 1 2.1 6 0.048 3 13 48
77.4036 1 -22.782 5.14283 -219.924 -0.698837 0.625336 -0.270119 -0.218214 1 2.1 6 0.048 3 13 48
77.4319 1 -22.782 5.14283 -219.924 -0.698837 0.625336 -0.270119 -0.218214 1 2.1 6 0.048 3 13 48
77.4485 1 -22.782 5.14283 -219.924 -0.698837 0.625336 -0.270119 -0.218214 1 2.1 6 0.048 3 13 48
77.4777 1 -22.782 5.14283 -219.924 -0.698837 0.625336 -0.270119 -0.218214 1 2.1 6 0.048 3 13 48
77.501 1 -22.782 5.14283 -219.924 -0.698837 0.625336 -0.270119 -0.218214 1 2.1 6 0.048 3 13 48
77.5176 1 -22.782 5.14283 -219.924 -0.698837 0.625336 -0.270119 -0.218214 1 2.1 6 0.048 3 13 48
77.547 1 -22.782 5.14283 -219.924 -0.698837 0.625336 -0.270119 -0.218214 1 2.1 6 0.048 3 13 48
77.5637 1 -22.782 5.14283 -219.924 -0.698837 0.625336 -0.270119 -0.218214 1 2.1 6 0.048 3 13 48
77.5928 1 -22.782 5.14283 -219.924 -0.698837 0.625336 -0.270119 -0.218214 1 2.1 6 0.048 3 13 48
77.6095 1 -22.782 5.14283 -219.924 -0.698837 0.625336 -0.270119 -0.218214 1 2.1 6 0.048 3 13 48
77.6385 1 -22.782 5.14283 -219.924 -0.698837 0.625336 -0.270119 -0.218214 1 2.1 6 0.048 3 13 48
77.6618 1 -22.782 5.14283 -219.924 -0.698837 0.625336 -0.270119 -0.218214 1 2.1 6 0.048 3 13 48
77.6785 1 -22.782 5.14283 -219.924 -0.698837 0.625336 -0.270119 -0.218214 1 2.1 6 0.048 3 13 48
77.7079 1 -22.782 5.14283 -219.924 -0.698837 0.625336 -0.270119 -0.218214 1 2.1 6 0.048 3 13 48
77.7246 1 -22.782 5.14283 -219.924 -0.698837 0.625336 -0.270119 -0.218214 1 2.1 6 0.048 3 13 48
77.7537 1 -22.782 5.14283 -219.924 -0.698837 0.625336 -0.270119 -0.218214 1 2.1 6 0.048 3 13 48
77.7704 1 -22.782 5.14283 -219.924 -0.698837 0.625336 -0.270119 -0.218214 1 2.1 6 0.048 3 13 48
77.7995 1 -22.782 5.14283 -219.924 -0.698837 0.625336 -0.270119 -0.218214 1 2.1 6 0.048 3 13 48
77.8228 1 -22.782 5.14283 -219.924 -0.698837 0.625336 -0.270119 -0.218214 1 2.1 6 0.048 3 13 48
77.8395 1 -22.782 5.14283 -219.924 -0.698837 0.625336 -0.270119 -0.218214 1 2.1 6 0.048 3 13 48
77.8691 1 -22.782 5.14283 -219.924 -0.698837 0.625336 -0.270119 -0.218214 1 2.1 6 0.048 3 13 48
77.8858 1 -22.782 5.14283 -219.924 -0.698837 0.625336 -0.270119 -0.218214 1 2.1 6 0.048 3 13 48
77.9148 1 -22.782 5.14283 -219.924 -0.698837 0.625336 -0.270119 -0.218214 1 2.1 6 0.048 3 13 48
77.9315 1 -22.782 5.14283 -219.924 -0.698837 0.625336 -0.270119 -0.218214 1 2.1 6 0.048 3 13 48
77.9607 1 -22.782 5.14283 -219.924 -0.698837 0.625336 -0.270119 -0.218214 1 2.1 6 0.048 3 13 48
77.9841 1 -22.782 5.14283 -219.924 -0.698837 0.625336 -0.270119 -0.218214 1 2.1 6 0.048 3 13 48
78.0007 1 -22.782 5.14283 -219.924 -0.698837 0.625336 -0.270119 -0.218214 1 2.1 6 0.048 3 13 48
78.0303 1 -22.782 5.14283 -219.924 -0.698837 0.625336 -0.270119 -0.218214 1 2.1 6 0.048 3 13 48
78.0469 1 -22.782 5.14283 -219.924 -0.698837 0.625336 -0.270119 -0.218214 1 2.1 6 0.048 3 13 48
78.0761 1 -22.782 5.14283 -219.924 -0.698837 0.625336 -0.270119 -0.218214 1 2.1 6 0.048 3 13 48
78.0928 1 -22.782 5.14283 -219.924 -0.698837 0.625336 -0.270119 -0.218214 1 2.1 6 0.048 3 13 48
78.122 1 -22.782 5.14283 -219.924 -0.698837 0.625336 -0.270119 -0.218214 1 2.1 6 0.048 3 13 48
78.1453 1 -22.782 5.14283 -219.924 -0.698837 0.625336 -0.270119 -0.218214 1 2.1 6 0.048 3 13 48
78.162 1 -22.782 5.14283 -219.924 -0.698837 0.625336 -0.270119 -0.218214 1 2.1 6 0.048 3 13 48
78.1916 1 -22.782 5.14283 -219.924 -0.698837 0.625336 -0.270119 -0.218214 1 2.1 6 0.048 3 13 48
78.2083 1 -22.782 5.14283 -219.924 -0.698837 0.625336 -0.270119 -0.218214 1 2.1 6 0.048 3 13 48
78.2375 1 -22.782 5.14283 -219.924 -0.698837 0.625336 -0.270119 -0.218214 1 2.1 6 0.048 3 13 48
78.2541 1 -22.782 5.14283 -219.924 -0.698837 0.625336 -0.270119 -0.218214 1 2.1 6 0.048 3 13 48
78.2833 1 -22.782 5.14283 -219.924 -0.698837 0.625336 -0.270119 -0.218214 1 2.1 6 0.048 3 13 48
78.3067 1 -22.782 5.14283 -219.924 -0.698837 0.625336 -0.270119 -0.218214 1 2.1 6 0.048 3 13 48
78.3234 1 -22.782 5.14283 -219.924 -0.698837 0.625336 -0.270119 -0.218214 1 2.1 6 0.048 3 13 48
78.353 1 -22.782 5.14283 -219.924 -0.698837 0.625336 -0.270119 -0.218214 1 2.1 6 0.048 3 13 48
78.3697 1 -22.782 5.14283 -219.924 -0.698837 0.625336 -0.270119 -0.218214 1 2.1 6 0.048 3 13 48
78.399 1 -22.782 5.14283 -219.924 -0.698837 0.625336 -0.270119 -0.218214 1 2.1 6 0.048 3 13 48
78.4156 1 -22.782 5.14283 -219.924 -0.698837 0.625336 -0.270119 -0.218214 1 2.1 6 0.048 3 13 48
78.4449 1 -22.782 5.14283 -219.924 -0.698837 0.625336 -0.270119 -0.218214 1 2.1 6 0.048 3 13 48
78.4683 1 -22.782 5.14283 -219.924 -0.698837 0.625336 -0.270119 -0.218214 1 2.1 6 0.048 3 13 48
78.485 1 -22.782 5.14283 -219.924 -0.698837 0.625336 -0.270119 -0.218214 1 2.1 6 0.048 3 13 48
78.5146 1 -22.782 5.14283 -219.924 -0.698837 0.625336 -0.270119 -0.218214 1 2.1 6 0.048 3 13 48
78.5313 1 -22.782 5.14283 -219.924 -0.698837 0.625336 -0.270119 -0.218214 1 2.1 6 0.048 3 13 48
78.5606 1 -22.782 5.14283 -219.924 -0.698837 0.625336 -0.270119 -0.218214 1 2.1 6 0.048 3 13 48
78.5773 1 -22.782 5.14283 -219.924 -0.698837 0.625336 -0.270119 -0.218214 1 2.1 6 0.048 3 13 48
78.6066 1 -22.782 5.14283 -219.924 -0.698837 0.625336 -0.270119 -0.218214 1 2.1 6 0.048 3 13 48
78.6301 1 -22.782 5.14283 -219.924 -0.698837 0.625336 -0.270119 -0.218214 1 2.1 6 0.048 3 13 48
78.6468 1 -22.782 5.14283 -219.924 -0.698837 0.625336 -0.270119 -0.218214 1 2.1 6 0.048 3 13 48
78.6766 1 -22.782 5.14283 -219.924 -0.698837 0.625336 -0.270119 -0.218214 1 2.1 6 0.048 3 13 48
78.6932 1 -22.782 5.14283 -219.924 -0.698837 0.625336 -0.270119 -0.218214 1 2.1 6 0.048 3 13 48
78.7225 1 -22.782 5.14283 -219.924 -0.698837 0.625336 -0.270119 -0.218214 1 2.1 6 0.048 3 13 48
78.7392 1 -22.782 5.14283 -219.924 -0.698837 0.625336 -0.270119 -0.218214 1 2.1 6 0.048 3 13 48
78.7686 1 -22.782 5.14283 -219.924 -0.698837 0.625336 -0.270119 -0.218214 1 2.1 6 0.048 3 13 48
78.7921 1 -22.782 5.14283 -219.924 -0.698837 0.625336 -0.270119 -0.218214 1 2.1 6 0.048 3 13 48
78.8088 1 -22.782 5.14283 -219.924 -0.698837 0.625336 -0.270119 -0.218214 1 2.1 6 0.048 3 13 48
78.8386 1 -22.782 5.14283 -219.924 -0.698837 0.625336 -0.270119 -0.218214 1 2.1 6 0.048 3 13 48
78.8552 1 -22.782 5.14283 -219.924 -0.698837 0.625336 -0.270119 -0.218214 1 2.1 6 0.048 3 13 48
78.8846 1 -22.782 5.14283 -219.924 -0.698837 0.625336 -0.270119 -0.218214 1 2.1 6 0.048 3 13 48
78.9013 1 -22.782 5.14283 -219.924 -0.698837 0.625336 -0.270119 -0.218214 1 2.1 6 0.048 3 13 48
78.9308 1 -22.782 5.14283 -219.924 -0.698837 0.625336 -0.270119 -0.218214 1 2.1 6 0.048 3 13 48
78.9543 1 -22.782 5.14283 -219.924 -0.698837 0.625336 -0.270119 -0.218214 1 2.1 6 0.048 3 13 48
78.9709 1 -22.782 5.14283 -219.924 -0.698837 0.625336 -0.270119 -0.218214 1 2.1 6 0.048 3 13 48
79.0008 1 -22.782 5.14283 -219.924 -0.698837 0.625336 -0.270119 -0.218214 1 2.1 6 0.048 3 13 48
79.0174 1 -22.782 5.14283 -219.924 -0.698837 0.625336 -0.270119 -0.218214 1 2.1 6 0.048 3 13 48
79.0468 1 -22.782 5.14283 -219.924 -0.698837 0.625336 -0.270119 -0.218214 1 2.1 6 0.048 3 13 48
79.0635 1 -22.782 5.14283 -219.924 -0.698837 0.625336 -0.270119 -0.218214 1 2.1 6 0.048 3 13 48
79.093 1 -22.782 5.14283 -219.924 -0.698837 0.625336 -0.270119 -0.218214 1 2.1 6 0.048 3 13 48
79.1165 1 -22.782 5.14283 -219.924 -0.698837 0.625336 -0.270119 -0.218214 1 2.1 6 0.048 3 13 48
79.1331 1 -22.782 5.14283 -219.924 -0.698837 0.625336 -0.270119 -0.218214 1 2.1 6 0.048 3 13 48
79.163 1 -22.782 5.14283 -219.924 -0.698837 0.625336 -0.270119 -0.218214 1 2.1 6 0.048 3 13 48
79.1797 1 -22.782 5.14283 -219.924 -0.698837 0.625336 -0.270119 -0.218214 1 2.1 6 0.048 3 13 48
79.2091 1 -22.782 5.14283 -219.924 -0.698837 0.625336 -0.270119 -0.218214 1 2.1 6 0.048 3 13 48
79.2258 1 -22.782 5.14283 -219.924 -0.698837 0.625336 -0.270119 -0.218214 1 2.1 6 0.048 3 13 48
79.2552 1 -22.782 5.14283 -219.924 -0.698837 0.625336 -0.270119 -0.218214 1 2.1 6 0.048 3 13 48
79.2787 1 -22.782 5.14283 -219.924 -0.698837 0.625336 -0.270119 -0.218214 1 2.1 6 0.048 3 13 48
79.2953 1 -22.782 5.14283 -219.924 -0.698837 0.625336 -0.270119 -0.218214 1 2.1 6 0.048 3 13 48
79.3252 1 -22.782 5.14283 -219.924 -0.698837 0.625336 -0.270119 -0.218214 1 2.1 6 0.048 3 13 48
79.3419 1 -22.782 5.14283 -219.924 -0.698837 0.625336 -0.270119 -0.218214 1 2.1 6 0.048 3 13 48
79.3713 1 -22.782 5.14283 -219.924 -0.698837 0.625336 -0.270119 -0.218214 1 2.1 6 0.048 3 13 48
79.388 1 -22.782 5.14283 -219.924 -0.698837 0.625336 -0.270119 -0.218214 1 2.1 6 0.048 3 13 48
79.4173 1 -22.782 5.14283 -219.924 -0.698837 0.625336 -0.270119 -0.218214 1 2.1 6 0.048 3 13 48
79.4408 1 -22.782 5.14283 -219.924 -0.698837 0.625336 -0.270119 -0.218214 1 2.1 6 0.048 3 13 48
79.4574 1 -22.782 5.14283 -219.924 -0.698837 0.625336 -0.270119 -0.218214 1 2.1 6 0.048 3 13 48
79.485 1 -22.782 5.14283 -219.924 -0.698837 0.625336 -0.270119 -0.218214 1 2.1 6 0.048 3 13 48
79.5023 1 -22.782 5.14283 -219.924 -0.698837 0.625336 -0.270119 -0.218214 1 2.1 6 0.048 3 13 48
79.5287 1 -22.782 5.14283 -219.924 -0.698837 0.625336 -0.270119 -0.218214 1 2.1 6 0.048 3 13 48
79.5454 1 -22.782 5.14283 -219.924 -0.698837 0.625336 -0.270119 -0.218214 1 2.1 6 0.048 3 13 48
79.5724 1 -22.782 5.14283 -219.924 -0.698837 0.625336 -0.270119 -0.218214 1 2.1 6 0.048 3 13 48
79.5945 1 -22.782 5.14283 -219.924 -0.698837 0.625336 -0.270119 -0.218214 1 2.1 6 0.048 3 13 48
79.6112 1 -22.782 5.14283 -219.924 -0.698837 0.625336 -0.270119 -0.218214 1 2.1 6 0.048 3 13 48
79.6386 1 -22.782 5.14283 -219.924 -0.698837 0.625336 -0.270119 -0.218214 1 2.1 6 0.048 3 13 48
79.6552 1 -22.782 5.14283 -219.924 -0.698837 0.625336 -0.270119 -0.218214 1 2.1 6 0.048 3 13 48
79.6821 1 -22.782 5.14283 -219.924 -0.698837 0.625336 -0.270119 -0.218214 1 2.1 6 0.048 3 13 48
79.6988 1 -22.782 5.14283 -219.924 -0.698837 0.625336 -0.270119 -0.218214 1 2.1 6 0.048 3 13 48
79.7257 1 -22.782 5.14283 -219.924 -0.698837 0.625336 -0.270119 -0.218214 1 2.1 6 0.048 3 13 48
79.7479 1 -22.782 5.14283 -219.924 -0.698837 0.625336 -0.270119 -0.218214 1 2.1 6 0.048 3 13 48
79.7645 1 -22.782 5.14283 -219.924 -0.698837 0.625336 -0.270119 -0.218214 1 2.1 6 0.048 3 13 48
79.7917 1 -22.782 5.14283 -219.924 -0.698837 0.625336 -0.270119 -0.218214 1 2.1 6 0.048 3 13 48
79.8084 1 -22.782 5.14283 -219.924 -0.698837 0.625336 -0.270119 -0.218214 1 2.1 6 0.048 3 13 48
79.8352 1 -22.782 5.14283 -219.924 -0.698837 0.625336 -0.270119 -0.218214 1 2.1 6 0.048 3 13 48
79.8519 1 -22.782 5.14283 -219.924 -0.698837 0.625336 -0.270119 -0.218214 1 2.1 6 0.048 3 13 48
79.8787 1 -22.782 5.14283 -219.924 -0.698837 0.625336 -0.270119 -0.218214 1 2.1 6 0.048 3 13 48
79.9009 1 -22.782 5.14283 -219.924 -0.698837 0.625336 -0.270119 -0.218214 1 2.1 6 0.048 3 13 48
79.9176 1 -22.782 5.14283 -219.924 -0.698837 0.625336 -0.270119 -0.218214 1 2.1 6 0.048 3 13 48
79.9447 1 -22.782 5.14283 -219.924 -0.698837 0.625336 -0.270119 -0.218214 1 2.1 6 0.048 3 13 48
79.9614 1 -22.782 5.14283 -219.924 -0.698837 0.625336 -0.270119 -0.218214 1 2.1 6 0.048 3 13 48
79.9881 1 -22.782 5.14283 -219.924 -0.698837 0.625336 -0.270119 -0.218214 1 2.1 6 0.048 3 13 48
80.0048 1 -22.782 5.14283 -219.924 -0.698837 0.625336 -0.270119 -0.218214 1 2.1 6 0.048 3 13 48
80.0316 1 -22.782 5.14283 -219.924 -0.698837 0.625336 -0.270119 -0.218214 1 2.1 6 0.048 3 13 48
80.0537 1 -22.782 5.14283 -219.924 -0.698837 0.625336 -0.270119 -0.218214 1 2.1 6 0.048 3 13 48
80.0704 1 -22.782 5.14283 -219.924 -0.698837 0.625336 -0.270119 -0.218214 1 2.1 6 0.048 3 13 48
80.0976 1 -22.782 5.14283 -219.924 -0.698837 0.625336 -0.270119 -0.218214 1 2.1 6 0.048 3 13 48
80.1142 1 -22.782 5.14283 -219.924 -0.698837 0.625336 -0.270119 -0.218214 1 2.1 6 0.048 3 13 48
80.1409 1 -22.782 5.14283 -219.924 -0.698837 0.625336 -0.270119 -0.218214 1 2.1 6 0.048 3 13 48
80.1576 1 -22.782 5.14283 -219.924 -0.698837 0.625336 -0.270119 -0.218214 1 2.1 6 0.048 3 13 48
80.1844 1 -22.782 5.14283 -219.924 -0.698837 0.625336 -0.270119 -0.218214 1 2.1 6 0.048 3 13 48
80.2065 1 -22.782 5.14283 -219.924 -0.698837 0.625336 -0.270119 -0.218214 1 2.1 6 0.048 3 13 48
80.2232 1 -22.782 5.14283 -219.924 -0.698837 0.625336 -0.270119 -0.218214 1 2.1 6 0.048 3 13 48
80.2503 1 -22.782 5.14283 -219.924 -0.698837 0.625336 -0.270119 -0.218214 1 2.1 6 0.048 3 13 48
80.2669 1 -22.782 5.14283 -219.924 -0.698837 0.625336 -0.270119 -0.218214 1 2.1 6 0.048 3 13 48
80.2936 1 -22.782 5.14283 -219.924 -0.698837 0.625336 -0.270119 -0.218214 1 2.1 6 0.048 3 13 48
80.3103 1 -22.782 5.14283 -219.924 -0.698837 0.625336 -0.270119 -0.218214 1 2.1 6 0.048 3 13 48
80.3369 1 -22.782 5.14283 -219.924 -0.698837 0.625336 -0.270119 -0.218214 1 2.1 6 0.048 3 13 48
80.359 1 -22.782 5.14283 -219.924 -0.698837 0.625336 -0.270119 -0.218214 1 2.1 6 0.048 3 13 48
80.3757 1 -22.782 5.14283 -219.924 -0.698837 0.625336 -0.270119 -0.218214 1 2.1 6 0.048 3 13 48
80.4027 1 -22.782 5.14283 -219.924 -0.698837 0.625336 -0.270119 -0.218214 1 2.1 6 0.048 3 13 48
80.4194 1 -22.782 5.14283 -219.924 -0.698837 0.625336 -0.270119 -0.218214 1 2.1 6 0.048 3 13 48
80.446 1 -22.782 5.14283 -219.924 -0.698837 0.625336 -0.270119 -0.218214 1 2.1 6 0.048 3 13 48
80.4627 1 -22.782 5.14283 -219.924 -0.698837 0.625336 -0.270119 -0.218214 1 2.1 6 0.048 3 13 48
80.4893 1 -22.782 5.14283 -219.924 -0.698837 0.625336 -0.270119 -0.218214 1 2.1 6 0.048 3 13 48
80.5113 1 -22.782 5.14283 -219.924 -0.698837 0.625336 -0.270119 -0.218214 1 2.1 6 0.048 3 13 48
80.528 1 -22.782 5.14283 -219.924 -0.698837 0.625336 -0.270119 -0.218214 1 2.1 6 0.048 3 13 48
80.555 1 -22.782 5.14283 -219.924 -0.698837 0.625336 -0.270119 -0.218214 1 2.1 6 0.048 3 13 48
80.5717 1 -22.782 5.14283 -219.924 -0.698837 0.625336 -0.270119 -0.218214 1 2.1 6 0.048 3 13 48
80.5983 1 -22.782 5.14283 -219.924 -0.698837 0.625336 -0.270119 -0.218214 1 2.1 6 0.048 3 13 48
80.615 1 -22.782 5.14283 -219.924 -0.698837 0.625336 -0.270119 -0.218214 1 2.1 6 0.048 3 13 48
80.6416 1 -22.782 5.14283 -219.924 -0.698837 0.625336 -0.270119 -0.218214 1 2.1 6 0.048 3 13 48
80.6636 1 -22.782 5.14283 -219.924 -0.698837 0.625336 -0.270119 -0.218214 1 2.1 6 0.048 3 13 48
80.6803 1 -22.782 5.14283 -219.924 -0.698837 0.625336 -0.270119 -0.218214 1 2.1 6 0.048 3 13 48
80.7074 1 -22.782 5.14283 -219.924 -0.698837 0.625336 -0.270119 -0.218214 1 2.1 6 0.048 3 13 48
80.724 1 -22.782 5.14283 -219.924 -0.698837 0.625336 -0.270119 -0.218214 1 2.1 6 0.048 3 13 48
80.7506 1 -22.782 5.14283 -219.924 -0.698837 0.625336 -0.270119 -0.218214 1 2.1 6 0.048 3 13 48
80.7673 1 -22.782 5.14283 -219.924 -0.698837 0.625336 -0.270119 -0.218214 1 2.1 6 0.048 3 13 48
80.7939 1 -22.782 5.14283 -219.924 -0.698837 0.625336 -0.270119 -0.218214 1 2.1 6 0.048 3 13 48
80.8161 1 -22.782 5.14283 -219.924 -0.698837 0.625336 -0.270119 -0.218214 1 2.1 6 0.048 3 13 48
80.8327 1 -22.782 5.14283 -219.924 -0.698837 0.625336 -0.270119 -0.218214 1 2.1 6 0.048 3 13 48
80.8598 1 -22.782 5.14283 -219.924 -0.698837 0.625336 -0.270119 -0.218214 1 2.1 6 0.048 3 13 48
80.8765 1 -22.782 5.14283 -219.924 -0.698837 0.625336 -0.270119 -0.218214 1 2.1 6 0.048 3 13 48
80.9032 1 -22.782 5.14283 -219.924 -0.698837 0.625336 -0.270119 -0.218214 1 2.1 6 0.048 3 13 48
80.9199 1 -22.782 5.14283 -219.924 -0.698837 0.625336 -0.270119 -0.218214 1 2.1 6 0.048 3 13 48
80.9465 1 -22.782 5.14283 -219.924 -0.698837 0.625336 -0.270119 -0.218214 1 2.1 6 0.048 3 13 48
80.9687 1 -22.782 5.14283 -219.924 -0.698837 0.625336 -0.270119 -0.218214 1 2.1 6 0.048 3 13 48
80.9853 1 -22.782 5.14283 -219.924 -0.698837 0.625336 -0.270119 -0.218214 1 2.1 6 0.048 3 13 48
81.0125 1 -22.782 5.14283 -219.924 -0.698837 0.625336 -0.270119 -0.218214 1 2.1 6 0.048 3 13 48
81.0292 1 -22.782 5.14283 -219.924 -0.698837 0.625336 -0.270119 -0.218214 1 2.1 6 0.048 3 13 48
81.0559 1 -22.782 5.14283 -219.924 -0.698837 0.625336 -0.270119 -0.218214 1 2.1 6 0.048 3 13 48
81.0726 1 -22.782 5.14283 -219.924 -0.698837 0.625336 -0.270119 -0.218214 1 2.1 6 0.048 3 13 48
81.0993 1 -22.782 5.14283 -219.924 -0.698837 0.625336 -0.270119 -0.218214 1 2.1 6 0.048 3 13 48
81.1214 1 -22.782 5.14283 -219.924 -0.698837 0.625336 -0.270119 -0.218214 1 2.1 6 0.048 3 13 48
81.1381 1 -22.782 5.14283 -219.924 -0.698837 0.625336 -0.270119 -0.218214 1 2.1 6 0.048 3 13 48
81.1652 1 -22.782 5.14283 -219.924 -0.698837 0.625336 -0.270119 -0.218214 1 2.1 6 0.048 3 13 48
81.1818 1 -22.782 5.14283 -219.924 -0.698837 0.625336 -0.270119 -0.218214 1 2.1 6 0.048 3 13 48
81.2087 1 -22.782 5.14283 -219.924 -0.698837 0.625336 -0.270119 -0.218214 1 2.1 6 0.048 3 13 48
81.2254 1 -22.782 5.14283 -219.924 -0.698837 0.625336 -0.270119 -0.218214 1 2.1 6 0.048 3 13 48
81.2522 1 -22.782 5.14283 -219.924 -0.698837 0.625336 -0.270119 -0.218214 1 2.1 6 0.048 3 13 48
81.2743 1 -22.782 5.14283 -219.924 -0.698837 0.625336 -0.270119 -0.218214 1 2.1 6 0.048 3 13 48
81.291 1 -22.782 5.14283 -219.924 -0.698837 0.625336 -0.270119 -0.218214 1 2.1 6 0.048 3 13 48
81.3182 1 -22.782 5.14283 -219.924 -0.698837 0.625336 -0.270119 -0.218214 1 2.1 6 0.048 3 13 48
81.3349 1 -22.782 5.14283 -219.924 -0.698837 0.625336 -0.270119 -0.218214 1 2.1 6 0.048 3 13 48
81.3617 1 -22.782 5.14283 -219.924 -0.698837 0.625336 -0.270119 -0.218214 1 2.1 6 0.048 3 13 48
81.3784 1 -22.782 5.14283 -219.924 -0.698837 0.625336 -0.270119 -0.218214 1 2.1 6 0.048 3 13 48
81.4052 1 -22.782 5.14283 -219.924 -0.698837 0.625336 -0.270119 -0.218214 1 2.1 6 0.048 3 13 48
81.4274 1 -22.782 5.14283 -219.924 -0.698837 0.625336 -0.270119 -0.218214 1 2.1 6 0.048 3 13 48
81.4441 1 -22.782 5.14283 -219.924 -0.698837 0.625336 -0.270119 -0.218214 1 2.1 6 0.048 3 13 48
81.4714 1 -22.782 5.14283 -219.924 -0.698837 0.625336 -0.270119 -0.218214 1 2.1 6 0.048 3 13 48
81.4881 1 -22.782 5.14283 -219.924 -0.698837 0.625336 -0.270119 -0.218214 1 2.1 6 0.048 3 13 48
81.5148 1 -22.782 5.14283 -219.924 -0.698837 0.625336 -0.270119 -0.218214 1 2.1 6 0.048 3 13 48
81.5315 1 -22.782 5.14283 -219.924 -0.698837 0.625336 -0.270119 -0.218214 1 2.1 6 0.048 3 13 48
81.5583 1 -22.782 5.14283 -219.924 -0.698837 0.625336 -0.270119 -0.218214 1 2.1 6 0.048 3 13 48
81.5805 1 -22.782 5.14283 -219.924 -0.698837 0.625336 -0.270119 -0.218214 1 2.1 6 0.048 3 13 48
81.5971 1 -22.782 5.14283 -219.924 -0.698837 0.625336 -0.270119 -0.218214 1 2.1 6 0.048 3 13 48
81.6244 1 -22.782 5.14283 -219.924 -0.698837 0.625336 -0.270119 -0.218214 1 2.1 6 0.048 3 13 48
81.6411 1 -22.782 5.14283 -219.924 -0.698837 0.625336 -0.270119 -0.218214 1 2.1 6 0.048 3 13 48
81.6679 1 -22.782 5.14283 -219.924 -0.698837 0.625336 -0.270119 -0.218214 1 2.1 6 0.048 3 13 48
81.6846 1 -22.782 5.14283 -219.924 -0.698837 0.625336 -0.270119 -0.218214 1 2.1 6 0.048 3 13 48
81.7115 1 -22.782 5.14283 -219.924 -0.698837 0.625336 -0.270119 -0.218214 1 2.1 6 0.048 3 13 48
81.7336 1 -22.782 5.14283 -219.924 -0.698837 0.625336 -0.270119 -0.218214 1 2.1 6 0.048 3 13 48
81.7503 1 -22.782 5.14283 -219.924 -0.698837 0.625336 -0.270119 -0.218214 1 2.1 6 0.048 3 13 48
81.7774 1 -22.782 5.14283 -219.924 -0.698837 0.625336 -0.270119 -0.218214 1 2.1 6 0.048 3 13 48
81.7941 1 -22.782 5.14283 -219.924 -0.698837 0.625336 -0.270119 -0.218214 1 2.1 6 0.048 3 13 48
81.821 1 -22.782 5.14283 -219.924 -0.698837 0.625336 -0.270119 -0.218214 1 2.1 6 0.048 3 13 48
81.8376 1 -22.782 5.14283 -219.924 -0.698837 0.625336 -0.270119 -0.218214 1 2.1 6 0.048 3 13 48
81.8645 1 -22.782 5.14283 -219.924 -0.698837 0.625336 -0.270119 -0.218214 1 2.1 6 0.048 3 13 48
81.8867 1 -22.782 5.14283 -219.924 -0.698837 0.625336 -0.270119 -0.218214 1 2.1 6 0.048 3 13 48
81.9033 1 -22.782 5.14283 -219.924 -0.698837 0.625336 -0.270119 -0.218214 1 2.1 6 0.048 3 13 48
81.9304 1 -22.782 5.14283 -219.924 -0.698837 0.625336 -0.270119 -0.218214 1 2.1 6 0.048 3 13 48
81.9471 1 -22.782 5.14283 -219.924 -0.698837 0.625336 -0.270119 -0.218214 1 2.1 6 0.048 3 13 48
81.974 1 -22.782 5.14283 -219.924 -0.698837 0.625336 -0.270119 -0.218214 1 2.1 6 0.048 3 13 48
82.1062 1 -22.782 5.14283 -219.924 -0.698837 0.625336 -0.270119 -0.218214 1 2.1 6 0.048 3 13 48
82.1229 1 -22.782 5.14283 -219.924 -0.698837 0.625336 -0.270119 -0.218214 1 2.1 6 0.048 3 13 48
82.1396 1 -22.782 5.14283 -219.924 -0.698837 0.625336 -0.270119 -0.218214 1 2.1 6 0.048 3 13 48
82.1562 1 -22.782 5.14283 -219.924 -0.698837 0.625336 -0.270119 -0.218214 1 2.1 6 0.048 3 13 48
82.1739 1 -22.782 5.14283 -219.924 -0.698837 0.625336 -0.270119 -0.218214 1 2.1 6 0.048 3 13 48
82.1906 1 -22.782 5.14283 -219.924 -0.698837 0.625336 -0.270119 -0.218214 1 2.1 6 0.048 3 13 48
82.2072 1 -22.782 5.14283 -219.924 -0.698837 0.625336 -0.270119 -0.218214 1 2.1 6 0.048 3 13 48
82.2239 1 -22.782 5.14283 -219.924 -0.698837 0.625336 -0.270119 -0.218214 1 2.1 6 0.048 3 13 48
82.2406 1 -22.782 5.14283 -219.924 -0.698837 0.625336 -0.270119 -0.218214 1 2.1 6 0.048 3 13 48
82.2572 1 -22.782 5.14283 -219.924 -0.698837 0.625336 -0.270119 -0.218214 1 2.1 6 0.048 3 13 48
82.2739 1 -22.782 5.14283 -219.924 -0.698837 0.625336 -0.270119 -0.218214 1 2.1 6 0.048 3 13 48
82.2906 1 -22.782 5.14283 -219.924 -0.698837 0.625336 -0.270119 -0.218214 1 2.1 6 0.048 3 13 48
82.3072 1 -22.782 5.14283 -219.924 -0.698837 0.625336 -0.270119 -0.218214 1 2.1 6 0.048 3 13 48
82.3239 1 -22.782 5.14283 -219.924 -0.698837 0.625336 -0.270119 -0.218214 1 2.1 6 0.048 3 13 48
82.3406 1 -22.782 5.14283 -219.924 -0.698837 0.625336 -0.270119 -0.218214 1 2.1 6 0.048 3 13 48
82.3572 1 -22.782 5.14283 -219.924 -0.698837 0.625336 -0.270119 -0.218214 1 2.1 6 0.048 3 13 48
82.3751 1 -22.782 5.14283 -219.924 -0.698837 0.625336 -0.270119 -0.218214 1 2.1 6 0.048 3 13 48
82.3917 1 -22.782 5.14283 -219.924 -0.698837 0.625336 -0.270119 -0.218214 1 2.1 6 0.048 3 13 48
82.4084 1 -22.782 5.14283 -219.924 -0.698837 0.625336 -0.270119 -0.218214 1 2.1 6 0.048 3 13 48
82.4251 1 -22.782 5.14283 -219.924 -0.698837 0.625336 -0.270119 -0.218214 1 2.1 6 0.048 3 13 48
82.4472 1 -22.782 5.14283 -219.924 -0.698837 0.625336 -0.270119 -0.218214 1 2.1 6 0.048 3 13 48
82.4705 1 -22.782 5.14283 -219.924 -0.698837 0.625336 -0.270119 -0.218214 1 2.1 6 0.048 3 13 48
82.4872 1 -22.782 5.14283 -219.924 -0.698837 0.625336 -0.270119 -0.218214 1 2.1 6 0.048 3 13 48
82.5163 1 -22.782 5.14283 -219.924 -0.698837 0.625336 -0.270119 -0.218214 1 2.1 6 0.048 3 13 48
82.533 1 -22.782 5.14283 -219.924 -0.698837 0.625336 -0.270119 -0.218214 1 2.1 6 0.048 3 13 48
82.5625 1 -22.782 5.14283 -219.924 -0.698837 0.625336 -0.270119 -0.218214 1 2.1 6 0.048 3 13 48
82.5792 1 -22.782 5.14283 -219.924 -0.698837 0.625336 -0.270119 -0.218214 1 2.1 6 0.048 3 13 48
82.6084 1 -22.782 5.14283 -219.924 -0.698837 0.625336 -0.270119 -0.218214 1 2.1 6 0.048 3 13 48
82.6317 1 -22.782 5.14283 -219.924 -0.698837 0.625336 -0.270119 -0.218214 1 2.1 6 0.048 3 13 48
82.6484 1 -22.782 5.14283 -219.924 -0.698837 0.625336 -0.270119 -0.218214 1 2.1 6 0.048 3 13 48
82.6776 1 -22.782 5.14283 -219.924 -0.698837 0.625336 -0.270119 -0.218214 1 2.1 6 0.048 3 13 48
82.6942 1 -22.782 5.14283 -219.924 -0.698837 0.625336 -0.270119 -0.218214 1 2.1 6 0.048 3 13 48
82.7238 1 -22.782 5.14283 -219.924 -0.698837 0.625336 -0.270119 -0.218214 1 2.1 6 0.048 3 13 48
82.7405 1 -22.782 5.14283 -219.924 -0.698837 0.625336 -0.270119 -0.218214 1 2.1 6 0.048 3 13 48
82.7698 1 -22.782 5.14283 -219.924 -0.698837 0.625336 -0.270119 -0.218214 1 2.1 6 0.048 3 13 48
82.7931 1 -22.782 5.14283 -219.924 -0.698837 0.625336 -0.270119 -0.218214 1 2.1 6 0.048 3 13 48
82.8098 1 -22.782 5.14283 -219.924 -0.698837 0.625336 -0.270119 -0.218214 1 2.1 6 0.048 3 13 48
82.839 1 -22.782 5.14283 -219.924 -0.698837 0.625336 -0.270119 -0.218214 1 2.1 6 0.048 3 13 48
82.8557 1 -22.782 5.14283 -219.924 -0.698837 0.625336 -0.270119 -0.218214 1 2.1 6 0.048 3 13 48
82.8853 1 -22.782 5.14283 -219.924 -0.698837 0.625336 -0.270119 -0.218214 1 2.1 6 0.048 3 13 48
82.902 1 -22.782 5.14283 -219.924 -0.698837 0.625336 -0.270119 -0.218214 1 2.1 6 0.048 3 13 48
82.9313 1 -22.782 5.14283 -219.924 -0.698837 0.625336 -0.270119 -0.218214 1 2.1 6 0.048 3 13 48
82.9546 1 -22.782 5.14283 -219.924 -0.698837 0.625336 -0.270119 -0.218214 1 2.1 6 0.048 3 13 48
82.9713 1 -22.782 5.14283 -219.924 -0.698837 0.625336 -0.270119 -0.218214 1 2.1 6 0.048 3 13 48
83.0006 1 -22.782 5.14283 -219.924 -0.698837 0.625336 -0.270119 -0.218214 1 2.1 6 0.048 3 13 48
83.0173 1 -22.782 5.14283 -219.924 -0.698837 0.625336 -0.270119 -0.218214 1 2.1 6 0.048 3 13 48
83.047 1 -22.782 5.14283 -219.924 -0.698837 0.625336 -0.270119 -0.218214 1 2.1 6 0.048 3 13 48
83.0637 1 -22.782 5.14283 -219.924 -0.698837 0.625336 -0.270119 -0.218214 1 2.1 6 0.048 3 13 48
83.093 1 -22.782 5.14283 -219.924 -0.698837 0.625336 -0.270119 -0.218214 1 2.1 6 0.048 3 13 48
83.1164 1 -22.782 5.14283 -219.924 -0.698837 0.625336 -0.270119 -0.218214 1 2.1 6 0.048 3 13 48
83.1331 1 -22.782 5.14283 -219.924 -0.698837 0.625336 -0.270119 -0.218214 1 2.1 6 0.048 3 13 48
83.1623 1 -22.782 5.14283 -219.924 -0.698837 0.625336 -0.270119 -0.218214 1 2.1 6 0.048 3 13 48
83.179 1 -22.782 5.14283 -219.924 -0.698837 0.625336 -0.270119 -0.218214 1 2.1 6 0.048 3 13 48
83.2088 1 -22.782 5.14283 -219.924 -0.698837 0.625336 -0.270119 -0.218214 1 2.1 6 0.048 3 13 48
83.2255 1 -22.782 5.14283 -219.924 -0.698837 0.625336 -0.270119 -0.218214 1 2.1 6 0.048 3 13 48
83.2548 1 -22.782 5.14283 -219.924 -0.698837 0.625336 -0.270119 -0.218214 1 2.1 6 0.048 3 13 48
83.2782 1 -22.782 5.14283 -219.924 -0.698837 0.625336 -0.270119 -0.218214 1 2.1 6 0.048 3 13 48
83.2948 1 -22.782 5.14283 -219.924 -0.698837 0.625336 -0.270119 -0.218214 1 2.1 6 0.048 3 13 48
83.3242 1 -22.782 5.14283 -219.924 -0.698837 0.625336 -0.270119 -0.218214 1 2.1 6 0.048 3 13 48
83.3409 1 -22.782 5.14283 -219.924 -0.698837 0.625336 -0.270119 -0.218214 1 2.1 6 0.048 3 13 48
83.3706 1 -22.782 5.14283 -219.924 -0.698837 0.625336 -0.270119 -0.218214 1 2.1 6 0.048 3 13 48
83.3873 1 -22.782 5.14283 -219.924 -0.698837 0.625336 -0.270119 -0.218214 1 2.1 6 0.048 3 13 48
83.4165 1 -22.782 5.14283 -219.924 -0.698837 0.625336 -0.270119 -0.218214 1 2.1 6 0.048 3 13 48
83.44 1 -22.782 5.14283 -219.924 -0.698837 0.625336 -0.270119 -0.218214 1 2.1 6 0.048 3 13 48
83.4567 1 -22.782 5.14283 -219.924 -0.698837 0.625336 -0.270119 -0.218214 1 2.1 6 0.048 3 13 48
83.486 1 -22.782 5.14283 -219.924 -0.698837 0.625336 -0.270119 -0.218214 1 2.1 6 0.048 3 13 48
83.5026 1 -22.782 5.14283 -219.924 -0.698837 0.625336 -0.270119 -0.218214 1 2.1 6 0.048 3 13 48
83.5323 1 -22.782 5.14283 -219.924 -0.698837 0.625336 -0.270119 -0.218214 1 2.1 6 0.048 3 13 48
83.549 1 -22.782 5.14283 -219.924 -0.698837 0.625336 -0.270119 -0.218214 1 2.1 6 0.048 3 13 48
83.5783 1 -22.782 5.14283 -219.924 -0.698837 0.625336 -0.270119 -0.218214 1 2.1 6 0.048 3 13 48
83.6017 1 -22.782 5.14283 -219.924 -0.698837 0.625336 -0.270119 -0.218214 1 2.1 6 0.048 3 13 48
83.6184 1 -22.782 5.14283 -219.924 -0.698837 0.625336 -0.270119 -0.218214 1 2.1 6 0.048 3 13 48
83.6477 1 -22.782 5.14283 -219.924 -0.698837 0.625336 -0.270119 -0.218214 1 2.1 6 0.048 3 13 48
83.6644 1 -22.782 5.14283 -219.924 -0.698837 0.625336 -0.270119 -0.218214 1 2.1 6 0.048 3 13 48
83.694 1 -22.782 5.14283 -219.924 -0.698837 0.625336 -0.270119 -0.218214 1 2.1 6 0.048 3 13 48
83.7107 1 -22.782 5.14283 -219.924 -0.698837 0.625336 -0.270119 -0.218214 1 2.1 6 0.048 3 13 48
83.74 1 -22.782 5.14283 -219.924 -0.698837 0.625336 -0.270119 -0.218214 1 2.1 6 0.048 3 13 48
83.7635 1 -22.782 5.14283 -219.924 -0.698837 0.625336 -0.270119 -0.218214 1 2.1 6 0.048 3 13 48
83.7801 1 -22.782 5.14283 -219.924 -0.698837 0.625336 -0.270119 -0.218214 1 2.1 6 0.048 3 13 48
83.8095 1 -22.782 5.14283 -219.924 -0.698837 0.625336 -0.270119 -0.218214 1 2.1 6 0.048 3 13 48
83.8261 1 -22.782 5.14283 -219.924 -0.698837 0.625336 -0.270119 -0.218214 1 2.1 6 0.048 3 13 48
83.8559 1 -22.782 5.14283 -219.924 -0.698837 0.625336 -0.270119 -0.218214 1 2.1 6 0.048 3 13 48
83.8725 1 -22.782 5.14283 -219.924 -0.698837 0.625336 -0.270119 -0.218214 1 2.1 6 0.048 3 13 48
83.9019 1 -22.782 5.14283 -219.924 -0.698837 0.625336 -0.270119 -0.218214 1 2.1 6 0.048 3 13 48
83.9254 1 -22.782 5.14283 -219.924 -0.698837 0.625336 -0.270119 -0.218214 1 2.1 6 0.048 3 13 48
83.942 1 -22.782 5.14283 -219.924 -0.698837 0.625336 -0.270119 -0.218214 1 2.1 6 0.048 3 13 48
83.9713 1 -22.782 5.14283 -219.924 -0.698837 0.625336 -0.270119 -0.218214 1 2.1 6 0.048 3 13 48
83.988 1 -22.782 5.14283 -219.924 -0.698837 0.625336 -0.270119 -0.218214 1 2.1 6 0.048 3 13 48
84.0178 1 -22.782 5.14283 -219.924 -0.698837 0.625336 -0.270119 -0.218214 1 2.1 6 0.048 3 13 48
84.0345 1 -22.782 5.14283 -219.924 -0.698837 0.625336 -0.270119 -0.218214 1 2.1 6 0.048 3 13 48
84.0639 1 -22.782 5.14283 -219.924 -0.698837 0.625336 -0.270119 -0.218214 1 2.1 6 0.048 3 13 48
84.0873 1 -22.782 5.14283 -219.924 -0.698837 0.625336 -0.270119 -0.218214 1 2.1 6 0.048 3 13 48
84.104 1 -22.782 5.14283 -219.924 -0.698837 0.625336 -0.270119 -0.218214 1 2.1 6 0.048 3 13 48
84.1335 1 -22.782 5.14283 -219.924 -0.698837 0.625336 -0.270119 -0.218214 1 2.1 6 0.048 3 13 48
84.1501 1 -22.782 5.14283 -219.924 -0.698837 0.625336 -0.270119 -0.218214 1 2.1 6 0.048 3 13 48
84.18 1 -22.782 5.14283 -219.924 -0.698837 0.625336 -0.270119 -0.218214 1 2.1 6 0.048 3 13 48
84.1967 1 -22.782 5.14283 -219.924 -0.698837 0.625336 -0.270119 -0.218214 1 2.1 6 0.048 3 13 48
84.2261 1 -22.782 5.14283 -219.924 -0.698837 0.625336 -0.270119 -0.218214 1 2.1 6 0.048 3 13 48
84.2497 1 -22.782 5.14283 -219.924 -0.698837 0.625336 -0.270119 -0.218214 1 2.1 6 0.048 3 13 48
84.2664 1 -22.782 5.14283 -219.924 -0.698837 0.625336 -0.270119 -0.218214 1 2.1 6 0.048 3 13 48
84.2959 1 -22.782 5.14283 -219.924 -0.698837 0.625336 -0.270119 -0.218214 1 2.1 6 0.048 3 13 48
84.3125 1 -22.782 5.14283 -219.924 -0.698837 0.625336 -0.270119 -0.218214 1 2.1 6 0.048 3 13 48
84.3425 1 -22.782 5.14283 -219.924 -0.698837 0.625336 -0.270119 -0.218214 1 2.1 6 0.048 3 13 48
84.3592 1 -22.782 5.14283 -219.924 -0.698837 0.625336 -0.270119 -0.218214 1 2.1 6 0.048 3 13 48
84.3886 1 -22.782 5.14283 -219.924 -0.698837 0.625336 -0.270119 -0.218214 1 2.1 6 0.048 3 13 48
84.4121 1 -22.782 5.14283 -219.924 -0.698837 0.625336 -0.270119 -0.218214 1 2.1 6 0.048 3 13 48
84.4288 1 -22.782 5.14283 -219.924 -0.698837 0.625336 -0.270119 -0.218214 1 2.1 6 0.048 3 13 48
84.4592 1 -22.782 5.14283 -219.924 -0.698837 0.625336 -0.270119 -0.218214 1 2.1 6 0.048 3 13 48
84.4762 1 -22.782 5.14283 -219.924 -0.698837 0.625336 -0.270119 -0.218214 1 2.1 6 0.048 3 13 48
84.5056 1 -22.782 5.14283 -219.924 -0.698837 0.625336 -0.270119 -0.218214 1 2.1 6 0.048 3 13 48
84.5223 1 -22.782 5.14283 -219.924 -0.698837 0.625336 -0.270119 -0.218214 1 2.1 6 0.048 3 13 48
84.5512 1 -22.782 5.14283 -219.924 -0.698837 0.625336 -0.270119 -0.218214 1 2.1 6 0.048 3 13 48
84.576 1 -22.782 5.14283 -219.924 -0.698837 0.625336 -0.270119 -0.218214 1 2.1 6 0.048 3 13 48
84.5926 1 -22.782 5.14283 -219.924 -0.698837 0.625336 -0.270119 -0.218214 1 2.1 6 0.048 3 13 48
84.621 1 -22.782 5.14283 -219.924 -0.698837 0.625336 -0.270119 -0.218214 1 2.1 6 0.048 3 13 48
84.6445 1 -22.782 5.14283 -219.924 -0.698837 0.625336 -0.270119 -0.218214 1 2.1 6 0.048 3 13 48
84.6612 1 -22.782 5.14283 -219.924 -0.698837 0.625336 -0.270119 -0.218214 1 2.1 6 0.048 3 13 48
84.6906 1 -22.782 5.14283 -219.924 -0.698837 0.625336 -0.270119 -0.218214 1 2.1 6 0.048 3 13 48
84.7073 1 -22.782 5.14283 -219.924 -0.698837 0.625336 -0.270119 -0.218214 1 2.1 6 0.048 3 13 48
84.7372 1 -22.782 5.14283 -219.924 -0.698837 0.625336 -0.270119 -0.218214 1 2.1 6 0.048 3 13 48
84.7538 1 -22.782 5.14283 -219.924 -0.698837 0.625336 -0.270119 -0.218214 1 2.1 6 0.048 3 13 48
84.7833 1 -22.782 5.14283 -219.924 -0.698837 0.625336 -0.270119 -0.218214 1 2.1 6 0.048 3 13 48
84.8068 1 -22.782 5.14283 -219.924 -0.698837 0.625336 -0.270119 -0.218214 1 2.1 6 0.048 3 13 48
84.8242 1 -22.782 5.14283 -219.924 -0.698837 0.625336 -0.270119 -0.218214 1 2.1 6 0.048 3 13 48
84.8529 1 -22.782 5.14283 -219.924 -0.698837 0.625336 -0.270119 -0.218214 1 2.1 6 0.048 3 13 48
84.8696 1 -22.782 5.14283 -219.924 -0.698837 0.625336 -0.270119 -0.218214 1 2.1 6 0.048 3 13 48
84.8994 1 -22.782 5.14283 -219.924 -0.698837 0.625336 -0.270119 -0.218214 1 2.1 6 0.048 3 13 48
84.9161 1 -22.782 5.14283 -219.924 -0.698837 0.625336 -0.270119 -0.218214 1 2.1 6 0.048 3 13 48
84.9453 1 -22.782 5.14283 -219.924 -0.698837 0.625336 -0.270119 -0.218214 1 2.1 6 0.048 3 13 48
84.9688 1 -22.782 5.14283 -219.924 -0.698837 0.625336 -0.270119 -0.218214 1 2.1 6 0.048 3 13 48
84.9854 1 -22.782 5.14283 -219.924 -0.698837 0.625336 -0.270119 -0.218214 1 2.1 6 0.048 3 13 48
85.0147 1 -22.782 5.14283 -219.924 -0.698837 0.625336 -0.270119 -0.218214 1 2.1 6 0.048 3 13 48
85.0382 1 -22.782 5.14283 -219.924 -0.698837 0.625336 -0.270119 -0.218214 1 2.1 6 0.048 3 13 48
85.0549 1 -22.782 5.14283 -219.924 -0.698837 0.625336 -0.270119 -0.218214 1 2.1 6 0.048 3 13 48
85.0842 1 -22.782 5.14283 -219.924 -0.698837 0.625336 -0.270119 -0.218214 1 2.1 6 0.048 3 13 48
85.1008 1 -22.782 5.14283 -219.924 -0.698837 0.625336 -0.270119 -0.218214 1 2.1 6 0.048 3 13 48
85.1305 1 -22.782 5.14283 -219.924 -0.698837 0.625336 -0.270119 -0.218214 1 2.1 6 0.048 3 13 48
85.1472 1 -22.782 5.14283 -219.924 -0.698837 0.625336 -0.270119 -0.218214 1 2.1 6 0.048 3 13 48
85.1765 1 -22.782 5.14283 -219.924 -0.698837 0.625336 -0.270119 -0.218214 1 2.1 6 0.048 3 13 48
85.1999 1 -22.7824 5.1429 -219.924 -0.698837 0.625336 -0.270119 -0.218214 1 2.1 6 0.048 3 13 48
85.2166 1 -22.7935 5.1449 -219.937 -0.698837 0.625336 -0.270119 -0.218214 1 2.1 6 0.048 3 13 48
85.2459 1 -22.808 5.14731 -219.954 -0.698837 0.625336 -0.270119 -0.218214 1 2.1 6 0.048 3 13 48
85.2626 1 -22.8175 5.14864 -219.965 -0.698837 0.625336 -0.270119 -0.218214 1 2.1 6 0.048 3 13 48
85.2922 1 -22.8284 5.15011 -219.978 -0.698837 0.625336 -0.270119 -0.218214 1 2.1 6 0.048 3 13 48
85.3089 1 -22.8372 5.15114 -219.988 -0.698837 0.625336 -0.270119 -0.218214 1 2.1 6 0.048 3 13 48
85.3381 1 -22.8464 5.15219 -219.999 -0.698837 0.625336 -0.270119 -0.218214 1 2.1 6 0.048 3 13 48
85.3616 1 -22.8548 5.15306 -220.009 -0.698837 0.625336 -0.270119 -0.218214 1 2.1 6 0.048 3 13 48
85.3783 1 -22.8521 5.15193 -220.006 -0.698837 0.625336 -0.270119 -0.218214 1 2.1 6 0.048 3 13 48
85.4055 1 -22.8466 5.15045 -220 -0.698837 0.625336 -0.270119 -0.218214 1 2.1 6 0.048 3 13 48
85.4221 1 -22.8454 5.14995 -219.998 -0.698837 0.625336 -0.270119 -0.218214 1 2.1 6 0.048 3 13 48
85.4495 1 -22.8429 5.14929 -219.995 -0.698837 0.625336 -0.270119 -0.218214 1 2.1 6 0.048 3 13 48
85.4662 1 -22.8424 5.14907 -219.995 -0.698837 0.625336 -0.270119 -0.218214 1 2.1 6 0.048 3 13 48
85.4932 1 -22.8413 5.14878 -219.993 -0.698837 0.625336 -0.270119 -0.218214 1 2.1 6 0.048 3 13 48
85.5154 1 -22.8408 5.14863 -219.993 -0.698837 0.625336 -0.270119 -0.218214 1 2.1 6 0.048 3 13 48
85.5321 1 -22.8407 5.14857 -219.993 -0.698837 0.625336 -0.270119 -0.218214 1 2.1 6 0.048 3 13 48
85.5591 1 -22.8404 5.14848 -219.992 -0.698837 0.625336 -0.270119 -0.218214 1 2.1 6 0.048 3 13 48
85.5758 1 -22.8403 5.14845 -219.992 -0.698837 0.625336 -0.270119 -0.218214 1 2.1 6 0.048 3 13 48
85.6034 1 -22.8401 5.14841 -219.992 -0.698837 0.625336 -0.270119 -0.218214 1 2.1 6 0.048 3 13 48
85.6201 1 -22.8403 5.14843 -219.992 -0.698837 0.625336 -0.270119 -0.218214 1 2.1 6 0.048 3 13 48
85.6474 1 -22.8564 5.15132 -220.011 -0.698837 0.625336 -0.270119 -0.218214 1 2.1 6 0.048 3 13 48
85.6692 1 -22.8679 5.15313 -220.025 -0.698837 0.625336 -0.270119 -0.218214 1 2.1 6 0.048 3 13 48
85.6859 1 -22.8773 5.15443 -220.036 -0.698837 0.625336 -0.270119 -0.218214 1 2.1 6 0.048 3 13 48
85.7128 1 -22.8878 5.1558 -220.048 -0.698837 0.625336 -0.270119 -0.218214 1 2.1 6 0.048 3 13 48
85.7318 1 -22.8968 5.15686 -220.059 -0.698837 0.625336 -0.270119 -0.218214 1 2.1 6 0.048 3 13 48
85.7568 1 -22.9058 5.15788 -220.069 -0.698837 0.625336 -0.270119 -0.218214 1 2.1 6 0.048 3 13 48
85.7735 1 -22.9141 5.15875 -220.079 -0.698837 0.625336 -0.270119 -0.218214 1 2.1 6 0.048 3 13 48
85.8006 1 -22.9066 5.15673 -220.07 -0.698837 0.625336 -0.270119 -0.218214 1 2.1 6 0.048 3 13 48
85.8227 1 -22.9034 5.15574 -220.066 -0.698837 0.625336 -0.270119 -0.218214 1 2.1 6 0.048 3 13 48
85.8394 1 -22.9023 5.15529 -220.065 -0.698837 0.625336 -0.270119 -0.218214 1 2.1 6 0.048 3 13 48
85.8663 1 -22.9001 5.15469 -220.062 -0.698837 0.625336 -0.270119 -0.218214 1 2.1 6 0.048 3 13 48
85.8886 1 -22.8991 5.15439 -220.061 -0.698837 0.625336 -0.270119 -0.218214 1 2.1 6 0.048 3 13 48
85.9053 1 -22.8988 5.15426 -220.061 -0.698837 0.625336 -0.270119 -0.218214 1 2.1 6 0.048 3 13 48
85.9324 1 -22.8981 5.15408 -220.06 -0.698837 0.625336 -0.270119 -0.218214 1 2.1 6 0.048 3 13 48
85.9491 1 -22.8979 5.15402 -220.06 -0.698837 0.625336 -0.270119 -0.218214 1 2.1 6 0.048 3 13 48
85.9764 1 -22.8976 5.15394 -220.06 -0.698837 0.625336 -0.270119 -0.218214 1 2.1 6 0.048 3 13 48
85.9931 1 -22.8976 5.15391 -220.06 -0.698837 0.625336 -0.270119 -0.218214 1 2.1 6 0.048 3 13 48
86.0199 1 -22.8975 5.15388 -220.059 -0.698837 0.625336 -0.270119 -0.218214 1 2.1 6 0.048 3 13 48
86.0423 1 -22.8974 5.15386 -220.059 -0.698837 0.625336 -0.270119 -0.218214 1 2.1 6 0.048 3 13 48
86.059 1 -22.8974 5.15385 -220.059 -0.698837 0.625336 -0.270119 -0.218214 1 2.1 6 0.048 3 13 48
86.0857 1 -22.8973 5.15384 -220.059 -0.698837 0.625336 -0.270119 -0.218214 1 2.1 6 0.048 3 13 48
86.1024 1 -22.8973 5.15384 -220.059 -0.698837 0.625336 -0.270119 -0.218214 1 2.1 6 0.048 3 13 48
86.1297 1 -22.8973 5.15383 -220.059 -0.698837 0.625336 -0.270119 -0.218214 1 2.1 6 0.048 3 13 48
86.1464 1 -22.8973 5.15383 -220.059 -0.698837 0.625336 -0.270119 -0.218214 1 2.1 6 0.048 3 13 48
86.1733 1 -22.8973 5.15383 -220.059 -0.698837 0.625336 -0.270119 -0.218214 1 2.1 6 0.048 3 13 48
86.1956 1 -22.8973 5.15383 -220.059 -0.698837 0.625336 -0.270119 -0.218214 1 2.1 6 0.048 3 13 48
86.2123 1 -22.8973 5.15383 -220.059 -0.698837 0.625336 -0.270119 -0.218214 1 2.1 6 0.048 3 13 48
86.2392 1 -22.8973 5.15383 -220.059 -0.698837 0.625336 -0.270119 -0.218214 1 2.1 6 0.048 3 13 48
86.2559 1 -22.8973 5.15383 -220.059 -0.698837 0.625336 -0.270119 -0.218214 1 2.1 6 0.048 3 13 48
86.2835 1 -22.8973 5.15383 -220.059 -0.698837 0.625336 -0.270119 -0.218214 1 2.1 6 0.048 3 13 48
86.3002 1 -22.8973 5.15383 -220.059 -0.698837 0.625336 -0.270119 -0.218214 1 2.1 6 0.048 3 13 48
86.3271 1 -22.8973 5.15382 -220.059 -0.698837 0.625336 -0.270119 -0.218214 1 2.1 6 0.048 3 13 48
86.3494 1 -22.8973 5.15382 -220.059 -0.698837 0.625336 -0.270119 -0.218214 1 2.1 6 0.048 3 13 48
86.366 1 -22.8973 5.15382 -220.059 -0.698837 0.625336 -0.270119 -0.218214 1 2.1 6 0.048 3 13 48
86.393 1 -22.8973 5.15382 -220.059 -0.698837 0.625336 -0.270119 -0.218214 1 2.1 6 0.048 3 13 48
86.4102 1 -22.8973 5.15382 -220.059 -0.698837 0.625336 -0.270119 -0.218214 1 2.1 6 0.048 3 13 48
86.4369 1 -22.8973 5.15382 -220.059 -0.698837 0.625336 -0.270119 -0.218214 1 2.1 6 0.048 3 13 48
86.4536 1 -22.8973 5.15382 -220.059 -0.698837 0.625336 -0.270119 -0.218214 1 2.1 6 0.048 3 13 48
86.4805 1 -22.8973 5.15382 -220.059 -0.698837 0.625336 -0.270119 -0.218214 1 2.1 6 0.048 3 13 48
86.5028 1 -22.8973 5.15382 -220.059 -0.698837 0.625336 -0.270119 -0.218214 1 2.1 6 0.048 3 13 48
86.5195 1 -22.8973 5.15382 -220.059 -0.698837 0.625336 -0.270119 -0.218214 1 2.1 6 0.048 3 13 48
86.5464 1 -22.8973 5.15382 -220.059 -0.698837 0.625336 -0.270119 -0.218214 1 2.1 6 0.048 3 13 48
86.5631 1 -22.8973 5.15382 -220.059 -0.698837 0.625336 -0.270119 -0.218214 1 2.1 6 0.048 3 13 48
86.5904 1 -22.8973 5.15382 -220.059 -0.698837 0.625336 -0.270119 -0.218214 1 2.1 6 0.048 3 13 48
86.6071 1 -22.8973 5.15382 -220.059 -0.698837 0.625336 -0.270119 -0.218214 1 2.1 6 0.048 3 13 48
86.634 1 -22.8973 5.15382 -220.059 -0.698837 0.625336 -0.270119 -0.218214 1 2.1 6 0.048 3 13 48
86.6563 1 -22.8973 5.15382 -220.059 -0.698837 0.625336 -0.270119 -0.218214 1 2.1 6 0.048 3 13 48
86.673 1 -22.8973 5.15382 -220.059 -0.698837 0.625336 -0.270119 -0.218214 1 2.1 6 0.048 3 13 48
86.7001 1 -22.8973 5.15382 -220.059 -0.698837 0.625336 -0.270119 -0.218214 1 2.1 6 0.048 3 13 48
86.7168 1 -22.8973 5.15382 -220.059 -0.698837 0.625336 -0.270119 -0.218214 1 2.1 6 0.048 3 13 48
86.744 1 -22.8973 5.15382 -220.059 -0.698837 0.625336 -0.270119 -0.218214 1 2.1 6 0.048 3 13 48
86.7607 1 -22.8973 5.15382 -220.059 -0.698837 0.625336 -0.270119 -0.218214 1 2.1 6 0.048 3 13 48
86.7877 1 -22.8973 5.15382 -220.059 -0.698837 0.625336 -0.270119 -0.218214 1 2.1 6 0.048 3 13 48
86.8099 1 -22.8973 5.15382 -220.059 -0.698837 0.625336 -0.270119 -0.218214 1 2.1 6 0.048 3 13 48
86.8269 1 -22.8973 5.15382 -220.059 -0.698837 0.625336 -0.270119 -0.218214 1 2.1 6 0.048 3 13 48
86.8537 1 -22.8973 5.15382 -220.059 -0.698837 0.625336 -0.270119 -0.218214 1 2.1 6 0.048 3 13 48
86.8704 1 -22.8973 5.15382 -220.059 -0.698837 0.625336 -0.270119 -0.218214 1 2.1 6 0.048 3 13 48
86.8978 1 -22.8973 5.15382 -220.059 -0.698837 0.625336 -0.270119 -0.218214 1 2.1 6 0.048 3 13 48
86.9144 1 -22.8973 5.15382 -220.059 -0.698837 0.625336 -0.270119 -0.218214 1 2.1 6 0.048 3 13 48
86.9436 1 -22.8973 5.15382 -220.059 -0.698837 0.625336 -0.270119 -0.218214 1 2.1 6 0.048 3 13 48
86.9671 1 -22.8973 5.15382 -220.059 -0.698837 0.625336 -0.270119 -0.218214 1 2.1 6 0.048 3 13 48
86.9838 1 -22.8973 5.15382 -220.059 -0.698837 0.625336 -0.270119 -0.218214 1 2.1 6 0.048 3 13 48
87.0128 1 -22.8973 5.15382 -220.059 -0.698837 0.625336 -0.270119 -0.218214 1 2.1 6 0.048 3 13 48
87.0364 1 -22.8973 5.15382 -220.059 -0.698837 0.625336 -0.270119 -0.218214 1 2.1 6 0.048 3 13 48
87.053 1 -22.8973 5.15382 -220.059 -0.698837 0.625336 -0.270119 -0.218214 1 2.1 6 0.048 3 13 48
87.0822 1 -22.8973 5.15382 -220.059 -0.698837 0.625336 -0.270119 -0.218214 1 2.1 6 0.048 3 13 48
87.0989 1 -22.8973 5.15382 -220.059 -0.698837 0.625336 -0.270119 -0.218214 1 2.1 6 0.048 3 13 48
87.1282 1 -22.8973 5.15382 -220.059 -0.698837 0.625336 -0.270119 -0.218214 1 2.1 6 0.048 3 13 48
87.1449 1 -22.8973 5.15382 -220.059 -0.698837 0.625336 -0.270119 -0.218214 1 2.1 6 0.048 3 13 48
87.174 1 -22.8973 5.15382 -220.059 -0.698837 0.625336 -0.270119 -0.218214 1 2.1 6 0.048 3 13 48
87.1974 1 -22.8973 5.15382 -220.059 -0.698837 0.625336 -0.270119 -0.218214 1 2.1 6 0.048 3 13 48
87.214 1 -22.8973 5.15382 -220.059 -0.698837 0.625336 -0.270119 -0.218214 1 2.1 6 0.048 3 13 48
87.2431 1 -22.8973 5.15382 -220.059 -0.698837 0.625336 -0.270119 -0.218214 1 2.1 6 0.048 3 13 48
87.2664 1 -22.8973 5.15382 -220.059 -0.698837 0.625336 -0.270119 -0.218214 1 2.1 6 0.048 3 13 48
87.2831 1 -22.8973 5.15382 -220.059 -0.698837 0.625336 -0.270119 -0.218214 1 2.1 6 0.048 3 13 48
87.3122 1 -22.8973 5.15382 -220.059 -0.698837 0.625336 -0.270119 -0.218214 1 2.1 6 0.048 3 13 48
87.3288 1 -22.8973 5.15382 -220.059 -0.698837 0.625336 -0.270119 -0.218214 1 2.1 6 0.048 3 13 48
87.3592 1 -22.8973 5.15382 -220.059 -0.698837 0.625336 -0.270119 -0.218214 1.056 2.1 6 0.048 3 13 48
87.3758 1 -22.8973 5.15382 -220.059 -0.698837 0.625336 -0.270119 -0.218214 1.056 2.1 6 0.048 3 13 48
87.4041 1 -22.8973 5.15382 -220.059 -0.698837 0.625336 -0.270119 -0.218214 1.056 2.1 6 0.048 3 13 48
87.4275 1 -22.8973 5.15382 -220.059 -0.698837 0.625336 -0.270119 -0.218214 1.056 2.1 6 0.048 3 13 48
87.4442 1 -22.8973 5.15382 -220.059 -0.698837 0.625336 -0.270119 -0.218214 1.056 2.1 6 0.048 3 13 48
87.4731 1 -22.8973 5.15382 -220.059 -0.698837 0.625336 -0.270119 -0.218214 1.056 2.1 6 0.048 3 13 48
87.4898 1 -22.8973 5.15382 -220.059 -0.698837 0.625336 -0.270119 -0.218214 1.056 2.1 6 0.048 3 13 48
87.5192 1 -22.8973 5.15382 -220.059 -0.698837 0.625336 -0.270119 -0.218214 1.056 2.1 6 0.048 3 13 48
87.5358 1 -22.8973 5.15382 -220.059 -0.698837 0.625336 -0.270119 -0.218214 1.056 2.1 6 0.048 3 13 48
87.5647 1 -22.8973 5.15382 -220.059 -0.698837 0.625336 -0.270119 -0.218214 1.056 2.1 6 0.048 3 13 48
87.588 1 -22.8973 5.15382 -220.059 -0.698837 0.625336 -0.270119 -0.218214 1.056 2.1 6 0.048 3 13 48
87.6047 1 -22.8973 5.15382 -220.059 -0.698837 0.625336 -0.270119 -0.218214 1.056 2.1 6 0.048 3 13 48
87.6336 1 -22.8973 5.15382 -220.059 -0.698837 0.625336 -0.270119 -0.218214 1.056 2.1 6 0.048 3 13 48
87.6502 1 -22.8973 5.15382 -220.059 -0.698837 0.625336 -0.270119 -0.218214 1.056 2.1 6 0.048 3 13 48
87.6796 1 -22.8973 5.15382 -220.059 -0.698837 0.625336 -0.270119 -0.218214 1.056 2.1 6 0.048 3 13 48
87.6962 1 -22.8973 5.15382 -220.059 -0.698837 0.625336 -0.270119 -0.218214 1.056 2.1 6 0.048 3 13 48
87.725 1 -22.8973 5.15382 -220.059 -0.698837 0.625336 -0.270119 -0.218214 1.056 2.1 6 0.048 3 13 48
87.7482 1 -22.8973 5.15382 -220.059 -0.698837 0.625336 -0.270119 -0.218214 1.056 2.1 6 0.048 3 13 48
87.7649 1 -22.8973 5.15382 -220.059 -0.698837 0.625336 -0.270119 -0.218214 1.056 2.1 6 0.048 3 13 48
87.7939 1 -22.8973 5.15382 -220.059 -0.698837 0.625336 -0.270119 -0.218214 1.056 2.1 6 0.048 3 13 48
87.8105 1 -22.8973 5.15382 -220.059 -0.698837 0.625336 -0.270119 -0.218214 1.056 2.1 6 0.048 3 13 48
87.9563 1 -22.8973 5.15382 -220.059 -0.698837 0.625336 -0.270119 -0.218214 1.116 2.1 6 0.048 3 13 48
87.9729 1 -22.8973 5.15382 -220.059 -0.698837 0.625336 -0.270119 -0.218214 1.135 2.1 6 0.048 3 13 48
87.9896 1 -22.8973 5.15382 -220.059 -0.698837 0.625336 -0.270119 -0.218214 1.135 2.1 6 0.048 3 13 48
88.0063 1 -22.8973 5.15382 -220.059 -0.698837 0.625336 -0.270119 -0.218214 1.135 2.1 6 0.048 3 13 48
88.0229 1 -22.8973 5.15382 -220.059 -0.698837 0.625336 -0.270119 -0.218214 1.155 2.1 6 0.048 3 13 48
88.0396 1 -22.8973 5.15382 -220.059 -0.698837 0.625336 -0.270119 -0.218214 1.155 2.1 6 0.048 3 13 48
88.0563 1 -22.8973 5.15382 -220.059 -0.698837 0.625336 -0.270119 -0.218214 1.155 2.1 6 0.048 3 13 48
88.0729 1 -22.8973 5.15382 -220.059 -0.698837 0.625336 -0.270119 -0.218214 1.175 2.1 6 0.048 3 13 48
88.0896 1 -22.8973 5.15382 -220.059 -0.698837 0.625336 -0.270119 -0.218214 1.175 2.1 6 0.048 3 13 48
88.1063 1 -22.8973 5.15382 -220.059 -0.698837 0.625336 -0.270119 -0.218214 1.175 2.1 6 0.048 3 13 48
88.1229 1 -22.8973 5.15382 -220.059 -0.698837 0.625336 -0.270119 -0.218214 1.175 2.1 6 0.048 3 13 48
88.1396 1 -22.8973 5.15382 -220.059 -0.698837 0.625336 -0.270119 -0.218214 1.195 2.1 6 0.048 3 13 48
88.1563 1 -22.8973 5.15382 -220.059 -0.698837 0.625336 -0.270119 -0.218214 1.195 2.1 6 0.048 3 13 48
88.1729 1 -22.8973 5.15382 -220.059 -0.698837 0.625336 -0.270119 -0.218214 1.215 2.1 6 0.048 3 13 48
88.1896 1 -22.8973 5.15382 -220.059 -0.698837 0.625336 -0.270119 -0.218214 1.235 2.1 6 0.048 3 13 48
88.2063 1 -22.8973 5.15382 -220.059 -0.698837 0.625336 -0.270119 -0.218214 1.235 2.1 6 0.048 3 13 48
88.2229 1 -22.8973 5.15382 -220.059 -0.698837 0.625336 -0.270119 -0.218214 1.235 2.1 6 0.048 3 13 48
88.2396 1 -22.8973 5.15382 -220.059 -0.698837 0.625336 -0.270119 -0.218214 1.255 2.1 6 0.048 3 13 48
88.2563 1 -22.8973 5.15382 -220.059 -0.698837 0.625336 -0.270119 -0.218214 1.255 2.1 6 0.048 3 13 48
88.2729 1 -22.8973 5.15382 -220.059 -0.698837 0.625336 -0.270119 -0.218214 1.255 2.1 6 0.048 3 13 48
88.2991 1 -22.8973 5.15382 -220.059 -0.698837 0.625336 -0.270119 -0.218214 1.255 2.1 6 0.048 3 13 48
88.3158 1 -22.8973 5.15382 -220.059 -0.698837 0.625336 -0.270119 -0.218214 1.255 2.1 6 0.048 3 13 48
88.3447 1 -22.8973 5.15382 -220.059 -0.698837 0.625336 -0.270119 -0.218214 1.255 2.1 6 0.048 3 13 48
88.368 1 -22.8973 5.15382 -220.059 -0.698837 0.625336 -0.270119 -0.218214 1.275 2.1 6 0.048 3 13 48
88.3846 1 -22.8973 5.15382 -220.059 -0.698837 0.625336 -0.270119 -0.218214 1.275 2.1 6 0.048 3 13 48
88.4136 1 -22.8973 5.15382 -220.059 -0.698837 0.625336 -0.270119 -0.218214 1.275 2.1 6 0.048 3 13 48
88.4303 1 -22.8973 5.15382 -220.059 -0.698837 0.625336 -0.270119 -0.218214 1.275 2.1 6 0.048 3 13 48
88.4597 1 -22.8973 5.15382 -220.059 -0.698837 0.625336 -0.270119 -0.218214 1.295 2.1 6 0.048 3 13 48
88.4763 1 -22.8973 5.15382 -220.059 -0.698837 0.625336 -0.270119 -0.218214 1.315 2.1 6 0.048 3 13 48
88.5052 1 -22.8973 5.15382 -220.059 -0.698837 0.625336 -0.270119 -0.218214 1.335 2.1 6 0.048 3 13 48
88.5284 1 -22.8973 5.15382 -220.059 -0.698837 0.625336 -0.270119 -0.218214 1.335 2.1 6 0.048 3 13 48
88.545 1 -22.8973 5.15382 -220.059 -0.698837 0.625336 -0.270119 -0.218214 1.355 2.1 6 0.048 3 13 48
88.574 1 -22.8973 5.15382 -220.059 -0.698837 0.625336 -0.270119 -0.218214 1.355 2.1 6 0.048 3 13 48
88.5907 1 -22.8973 5.15382 -220.059 -0.698837 0.625336 -0.270119 -0.218214 1.355 2.1 6 0.048 3 13 48
88.6201 1 -22.8973 5.15382 -220.059 -0.698837 0.625336 -0.270119 -0.218214 1.375 2.1 6 0.048 3 13 48
88.6367 1 -22.8973 5.15382 -220.059 -0.698837 0.625336 -0.270119 -0.218214 1.375 2.1 6 0.048 3 13 48
88.6658 1 -22.8973 5.15382 -220.059 -0.698837 0.625336 -0.270119 -0.218214 1.375 2.1 6 0.048 3 13 48
88.689 1 -22.8973 5.15382 -220.059 -0.698837 0.625336 -0.270119 -0.218214 1.375 2.1 6 0.048 3 13 48
88.7057 1 -22.8973 5.15382 -220.059 -0.698837 0.625336 -0.270119 -0.218214 1.394 2.1 6 0.048 3 13 48
88.7348 1 -22.8973 5.15382 -220.059 -0.698837 0.625336 -0.270119 -0.218214 1.394 2.1 6 0.048 3 13 48
88.758 1 -22.8973 5.15382 -220.059 -0.698837 0.625336 -0.270119 -0.218214 1.414 2.1 6 0.048 3 13 48
88.7746 1 -22.8973 5.15382 -220.059 -0.698837 0.625336 -0.270119 -0.218214 1.414 2.1 6 0.048 3 13 48
88.8037 1 -22.8973 5.15382 -220.059 -0.698837 0.625336 -0.270119 -0.218214 1.434 2.1 6 0.048 3 13 48
88.8203 1 -22.8973 5.15382 -220.059 -0.698837 0.625336 -0.270119 -0.218214 1.434 2.1 6 0.048 3 13 48
88.8501 1 -22.8973 5.15382 -220.059 -0.698837 0.625336 -0.270119 -0.218214 1.454 2.1 6 0.048 3 13 48
88.8667 1 -22.8973 5.15382 -220.059 -0.698837 0.625336 -0.270119 -0.218214 1.454 2.1 6 0.048 3 13 48
88.8955 1 -22.8973 5.15382 -220.059 -0.698837 0.625336 -0.270119 -0.218214 1.474 2.1 6 0.048 3 13 48
88.919 1 -22.8973 5.15382 -220.059 -0.698837 0.625336 -0.270119 -0.218214 1.474 2.1 6 0.048 3 13 48
88.9356 1 -22.8973 5.15382 -220.059 -0.698837 0.625336 -0.270119 -0.218214 1.494 2.1 6 0.048 3 13 48
88.9647 1 -22.8973 5.15382 -220.059 -0.698837 0.625336 -0.270119 -0.218214 1.514 2.1 6 0.048 3 13 48
88.988 1 -22.8973 5.15382 -220.059 -0.698837 0.625336 -0.270119 -0.218214 1.534 2.1 6 0.048 3 13 48
89.0047 1 -22.8973 5.15382 -220.059 -0.698837 0.625336 -0.270119 -0.218214 1.534 2.1 6 0.048 3 13 48
89.0339 1 -22.8973 5.15382 -220.059 -0.698837 0.625336 -0.270119 -0.218214 1.534 2.1 6 0.048 3 13 48
89.0506 1 -22.8973 5.15382 -220.059 -0.698837 0.625336 -0.270119 -0.218214 1.554 2.1 6 0.048 3 13 48
89.08 1 -22.8973 5.15382 -220.059 -0.698837 0.625336 -0.270119 -0.218214 1.574 2.1 6 0.048 3 13 48
89.0967 1 -22.8973 5.15382 -220.059 -0.698837 0.625336 -0.270119 -0.218214 1.574 2.1 6 0.048 3 13 48
89.126 1 -22.8973 5.15382 -220.059 -0.698837 0.625336 -0.270119 -0.218214 1.594 2.1 6 0.048 3 13 48
89.1492 1 -22.8973 5.15382 -220.059 -0.698837 0.625336 -0.270119 -0.218214 1.614 2.1 6 0.048 3 13 48
89.1662 1 -22.8973 5.15382 -220.059 -0.698837 0.625336 -0.270119 -0.218214 1.633 2.1 6 0.048 3 13 48
89.195 1 -22.8973 5.15382 -220.059 -0.698837 0.625336 -0.270119 -0.218214 1.653 2.1 6 0.048 3 13 48
89.2116 1 -22.8973 5.15382 -220.059 -0.698837 0.625336 -0.270119 -0.218214 1.673 2.1 6 0.048 3 13 48
89.2412 1 -22.8973 5.15382 -220.059 -0.698837 0.625336 -0.270119 -0.218214 1.693 2.1 6 0.048 3 13 48
89.2579 1 -22.8973 5.15382 -220.059 -0.698837 0.625336 -0.270119 -0.218214 1.693 2.1 6 0.048 3 13 48
89.2869 1 -22.8973 5.15382 -220.059 -0.698837 0.625336 -0.270119 -0.218214 1.713 2.1 6 0.048 3 13 48
89.3104 1 -22.8973 5.15382 -220.059 -0.698837 0.625336 -0.270119 -0.218214 1.773 2.1 6 0.048 3 13 48
89.327 1 -22.8973 5.15382 -220.059 -0.698837 0.625336 -0.270119 -0.218214 1.793 2.1 6 0.048 3 13 48
89.3561 1 -22.8973 5.15382 -220.059 -0.698837 0.625336 -0.270119 -0.218214 1.833 2.1 6 0.048 3 13 48
89.3794 1 -22.8973 5.15382 -220.059 -0.698837 0.625336 -0.270119 -0.218214 1.853 2.1 6 0.048 3 13 48
89.3961 1 -22.8973 5.15382 -220.059 -0.698837 0.625336 -0.270119 -0.218214 1.873 2.1 6 0.048 3 13 48
89.4255 1 -22.8973 5.15382 -220.059 -0.698837 0.625336 -0.270119 -0.218214 1.912 2.1 6 0.048 3 13 48
89.4422 1 -22.8973 5.15382 -220.059 -0.698837 0.625336 -0.270119 -0.218214 1.932 2.1 6 0.048 3 13 48
89.4715 1 -22.8973 5.15382 -220.059 -0.698837 0.625336 -0.270119 -0.218214 1.952 2.1 6 0.048 3 13 48
89.4882 1 -22.8973 5.15382 -220.059 -0.698837 0.625336 -0.270119 -0.218214 1.972 2.1 6 0.048 3 13 48
89.5173 1 -22.8973 5.15382 -220.059 -0.698837 0.625336 -0.270119 -0.218214 1.992 2.1 6 0.048 3 13 48
89.5407 1 -22.8973 5.15382 -220.059 -0.698837 0.625336 -0.270119 -0.218214 2.012 2.1 6 0.048 3 13 48
89.5574 1 -22.8973 5.15382 -220.059 -0.698837 0.625336 -0.270119 -0.218214 2.012 2.1 6 0.048 3 13 48
89.5866 1 -22.8973 5.15382 -220.059 -0.698837 0.625336 -0.270119 -0.218214 2.012 2.1 6 0.048 3 13 48
89.6099 1 -22.8973 5.15382 -220.059 -0.698837 0.625336 -0.270119 -0.218214 2.032 2.1 6 0.048 3 13 48
89.6266 1 -22.8973 5.15382 -220.059 -0.698837 0.625336 -0.270119 -0.218214 2.052 2.1 6 0.048 3 13 48
89.6558 1 -22.8973 5.15382 -220.059 -0.698837 0.625336 -0.270119 -0.218214 2.092 2.1 6 0.048 3 13 48
89.6725 1 -22.8973 5.15382 -220.059 -0.698837 0.625336 -0.270119 -0.218214 2.112 2.1 6 0.048 3 13 48
89.702 1 -22.8973 5.15382 -220.059 -0.698837 0.625336 -0.270119 -0.218214 2.151 2.1 6 0.048 3 13 48
89.7187 1 -22.8973 5.15382 -220.059 -0.698837 0.625336 -0.270119 -0.218214 2.171 2.1 6 0.048 3 13 48
89.7478 1 -22.8973 5.15382 -220.059 -0.698837 0.625336 -0.270119 -0.218214 2.211 2.1 6 0.048 3 13 48
89.7711 1 -22.8973 5.15382 -220.059 -0.698837 0.625336 -0.270119 -0.218214 2.231 2.1 6 0.048 3 13 48
89.7878 1 -22.8973 5.15382 -220.059 -0.698837 0.625336 -0.270119 -0.218214 2.251 2.1 6 0.048 3 13 48
89.817 1 -22.8973 5.15382 -220.059 -0.698837 0.625336 -0.270119 -0.218214 2.251 2.1 6 0.048 3 13 48
89.8404 1 -22.8973 5.15382 -220.059 -0.698837 0.625336 -0.270119 -0.218214 2.271 2.1 6 0.048 3 13 48
89.8571 1 -22.8973 5.15382 -220.059 -0.698837 0.625336 -0.270119 -0.218214 2.271 2.1 6 0.048 3 13 48
89.8861 1 -22.8973 5.15382 -220.059 -0.698837 0.625336 -0.270119 -0.218214 2.271 2.1 6 0.048 3 13 48
89.9028 1 -22.8973 5.15382 -220.059 -0.698837 0.625336 -0.270119 -0.218214 2.291 2.1 6 0.048 3 13 48
89.9324 1 -22.8973 5.15382 -220.059 -0.698837 0.625336 -0.270119 -0.218214 2.331 2.1 6 0.048 3 13 48
89.9495 1 -22.8973 5.15382 -220.059 -0.698837 0.625336 -0.270119 -0.218214 2.331 2.1 6 0.048 3 13 48
89.9776 1 -22.8973 5.15382 -220.059 -0.698837 0.625336 -0.270119 -0.218214 2.371 2.1 6 0.048 3 13 48
89.9998 1 -22.8973 5.15382 -220.059 -0.698837 0.625336 -0.270119 -0.218214 2.371 2.1 6 0.048 3 13 48
90.0165 1 -22.8973 5.15382 -220.059 -0.698837 0.625336 -0.270119 -0.218214 2.39 2.1 6 0.048 3 13 48
90.0433 1 -22.8973 5.15382 -220.059 -0.698837 0.625336 -0.270119 -0.218214 2.39 2.1 6 0.048 3 13 48
90.0655 1 -22.8973 5.15382 -220.059 -0.698837 0.625336 -0.270119 -0.218214 2.41 2.1 6 0.048 3 13 48
90.0828 1 -22.8973 5.15382 -220.059 -0.698837 0.625336 -0.270119 -0.218214 2.41 2.1 6 0.048 3 13 48
90.109 1 -22.8973 5.15382 -220.059 -0.698837 0.625336 -0.270119 -0.218214 2.43 2.1 6 0.048 3 13 48
90.1257 1 -22.8973 5.15382 -220.059 -0.698837 0.625336 -0.270119 -0.218214 2.43 2.1 6 0.048 3 13 48
90.1529 1 -22.8973 5.15382 -220.059 -0.698837 0.625336 -0.270119 -0.218214 2.45 2.1 6 0.048 3 13 48
90.1696 1 -22.8973 5.15382 -220.059 -0.698837 0.625336 -0.270119 -0.218214 2.45 2.1 6 0.048 3 13 48
90.1963 1 -22.8973 5.15382 -220.059 -0.698837 0.625336 -0.270119 -0.218214 2.49 2.1 6 0.048 3 13 48
90.2185 1 -22.8973 5.15382 -220.059 -0.698837 0.625336 -0.270119 -0.218214 2.49 2.1 6 0.048 3 13 48
90.2352 1 -22.8973 5.15382 -220.059 -0.698837 0.625336 -0.270119 -0.218214 2.51 2.1 6 0.048 3 13 48
90.262 1 -22.8973 5.15382 -220.059 -0.698837 0.625336 -0.270119 -0.218214 2.55 2.1 6 0.048 3 13 48
90.2787 1 -22.8973 5.15382 -220.059 -0.698837 0.625336 -0.270119 -0.218214 2.57 2.1 6 0.048 3 13 48
90.3059 1 -22.8973 5.15382 -220.059 -0.698837 0.625336 -0.270119 -0.218214 2.61 2.1 6 0.048 3 13 48
90.3226 1 -22.8973 5.15382 -220.059 -0.698837 0.625336 -0.270119 -0.218214 2.629 2.1 6 0.048 3 13 48
90.3492 1 -22.8973 5.15382 -220.059 -0.698837 0.625336 -0.270119 -0.218214 2.649 2.1 6 0.048 3 13 48
90.3714 1 -22.8973 5.15382 -220.059 -0.698837 0.625336 -0.270119 -0.218214 2.669 2.1 6 0.048 3 13 48
90.388 1 -22.8973 5.15382 -220.059 -0.698837 0.625336 -0.270119 -0.218214 2.669 2.1 6 0.048 3 13 48
90.4148 1 -22.8973 5.15382 -220.059 -0.698837 0.625336 -0.270119 -0.218214 2.669 2.1 6 0.048 3 13 48
90.437 1 -22.8973 5.15382 -220.059 -0.698837 0.625336 -0.270119 -0.218214 2.669 2.1 6 0.048 3 13 48
90.4536 1 -22.8973 5.15382 -220.059 -0.698837 0.625336 -0.270119 -0.218214 2.689 2.1 6 0.048 3 13 48
90.4804 1 -22.8973 5.15382 -220.059 -0.698837 0.625336 -0.270119 -0.218214 2.689 2.1 6 0.048 3 13 48
90.4971 1 -22.8973 5.15382 -220.059 -0.698837 0.625336 -0.270119 -0.218214 2.709 2.1 6 0.048 3 13 48
90.5244 1 -22.8973 5.15382 -220.059 -0.698837 0.625336 -0.270119 -0.218214 2.729 2.1 6 0.048 3 13 48
90.541 1 -22.8973 5.15382 -220.059 -0.698837 0.625336 -0.270119 -0.218214 2.729 2.1 6 0.048 3 13 48
90.5676 1 -22.8973 5.15382 -220.059 -0.698837 0.625336 -0.270119 -0.218214 2.729 2.1 6 0.048 3 13 48
90.5898 1 -22.8973 5.15382 -220.059 -0.698837 0.625336 -0.270119 -0.218214 2.749 2.1 6 0.048 3 13 48
90.6065 1 -22.8973 5.15382 -220.059 -0.698837 0.625336 -0.270119 -0.218214 2.749 2.1 6 0.048 3 13 48
90.6333 1 -22.8973 5.15382 -220.059 -0.698837 0.625336 -0.270119 -0.218214 2.749 2.1 6 0.048 3 13 48
90.6499 1 -22.8973 5.15382 -220.059 -0.698837 0.625336 -0.270119 -0.218214 2.749 2.1 6 0.048 3 13 48
90.6771 1 -22.8973 5.15382 -220.059 -0.698837 0.625336 -0.270119 -0.218214 2.769 2.1 6 0.048 3 13 48
90.6938 1 -22.8973 5.15382 -220.059 -0.698837 0.625336 -0.270119 -0.218214 2.769 2.1 6 0.048 3 13 48
90.7206 1 -22.8973 5.15382 -220.059 -0.698837 0.625336 -0.270119 -0.218214 2.789 2.1 6 0.048 3 13 48
90.7428 1 -22.8973 5.15382 -220.059 -0.698837 0.625336 -0.270119 -0.218214 2.809 2.1 6 0.048 3 13 48
90.7595 1 -22.8973 5.15382 -220.059 -0.698837 0.625336 -0.270119 -0.218214 2.809 2.1 6 0.048 3 13 48
90.7862 1 -22.8973 5.15382 -220.059 -0.698837 0.625336 -0.270119 -0.218214 2.829 2.1 6 0.048 3 13 48
90.8028 1 -22.8973 5.15382 -220.059 -0.698837 0.625336 -0.270119 -0.218214 2.829 2.1 6 0.048 3 13 48
90.83 1 -22.8973 5.15382 -220.059 -0.698837 0.625336 -0.270119 -0.218214 2.849 2.1 6 0.048 3 13 48
90.8467 1 -22.8973 5.15382 -220.059 -0.698837 0.625336 -0.270119 -0.218214 2.849 2.1 6 0.048 3 13 48
90.8734 1 -22.8973 5.15382 -220.059 -0.698837 0.625336 -0.270119 -0.218214 2.869 2.1 6 0.048 3 13 48
90.8956 1 -22.8973 5.15382 -220.059 -0.698837 0.625336 -0.270119 -0.218214 2.888 2.1 6 0.048 3 13 48
90.9122 1 -22.8973 5.15382 -220.059 -0.698837 0.625336 -0.270119 -0.218214 2.908 2.1 6 0.048 3 13 48
90.9389 1 -22.8973 5.15382 -220.059 -0.698837 0.625336 -0.270119 -0.218214 2.908 2.1 6 0.048 3 13 48
90.9611 1 -22.8973 5.15382 -220.059 -0.698837 0.625336 -0.270119 -0.218214 2.928 2.1 6 0.048 3 13 48
90.9778 1 -22.8973 5.15382 -220.059 -0.698837 0.625336 -0.270119 -0.218214 2.928 2.1 6 0.048 3 13 48
91.0046 1 -22.8973 5.15382 -220.059 -0.698837 0.625336 -0.270119 -0.218214 2.928 2.1 6 0.048 3 13 48
91.0213 1 -22.8973 5.15382 -220.059 -0.698837 0.625336 -0.270119 -0.218214 2.928 2.1 6 0.048 3 13 48
91.0485 1 -22.8973 5.15382 -220.059 -0.698837 0.625336 -0.270119 -0.218214 2.928 2.1 6 0.048 3 13 48
91.0652 1 -22.8973 5.15382 -220.059 -0.698837 0.625336 -0.270119 -0.218214 2.948 2.1 6 0.048 3 13 48
91.092 1 -22.8973 5.15382 -220.059 -0.698837 0.625336 -0.270119 -0.218214 2.948 2.1 6 0.048 3 13 48
91.1143 1 -22.8973 5.15382 -220.059 -0.698837 0.625336 -0.270119 -0.218214 2.968 2.1 6 0.048 3 13 48
91.1309 1 -22.8973 5.15382 -220.059 -0.698837 0.625336 -0.270119 -0.218214 2.968 2.1 6 0.048 3 13 48
91.1578 1 -22.8973 5.15382 -220.059 -0.698837 0.625336 -0.270119 -0.218214 2.968 2.1 6 0.048 3 13 48
91.1745 1 -22.8973 5.15382 -220.059 -0.698837 0.625336 -0.270119 -0.218214 2.988 2.1 6 0.048 3 13 48
91.2018 1 -22.8973 5.15382 -220.059 -0.698837 0.625336 -0.270119 -0.218214 2.988 2.1 6 0.048 3 13 48
91.2184 1 -22.8973 5.15382 -220.059 -0.698837 0.625336 -0.270119 -0.218214 3.008 2.1 6 0.048 3 13 48
91.2453 1 -22.8973 5.15382 -220.059 -0.698837 0.625336 -0.270119 -0.218214 3.008 2.1 6 0.048 3 13 48
91.2677 1 -22.8973 5.15382 -220.059 -0.698837 0.625336 -0.270119 -0.218214 3.028 2.1 6 0.048 3 13 48
91.2843 1 -22.8973 5.15382 -220.059 -0.698837 0.625336 -0.270119 -0.218214 3.028 2.1 6 0.048 3 13 48
91.3113 1 -22.8973 5.15382 -220.059 -0.698837 0.625336 -0.270119 -0.218214 3.048 2.1 6 0.048 3 13 48
91.328 1 -22.8973 5.15382 -220.059 -0.698837 0.625336 -0.270119 -0.218214 3.048 2.1 6 0.048 3 13 48
91.3554 1 -22.8973 5.15382 -220.059 -0.698837 0.625336 -0.270119 -0.218214 3.068 2.1 6 0.048 3 13 48
91.3721 1 -22.8973 5.15382 -220.059 -0.698837 0.625336 -0.270119 -0.218214 3.088 2.1 6 0.048 3 13 48
91.399 1 -22.8973 5.15382 -220.059 -0.698837 0.625336 -0.270119 -0.218214 3.088 2.1 6 0.048 3 13 48
91.4214 1 -22.8973 5.15382 -220.059 -0.698837 0.625336 -0.270119 -0.218214 3.088 2.1 6 0.048 3 13 48
91.438 1 -22.8973 5.15382 -220.059 -0.698837 0.625336 -0.270119 -0.218214 3.108 2.1 6 0.048 3 13 48
91.465 1 -22.8973 5.15382 -220.059 -0.698837 0.625336 -0.270119 -0.218214 3.127 2.1 6 0.048 3 13 48
91.4874 1 -22.8973 5.15382 -220.059 -0.698837 0.625336 -0.270119 -0.218214 3.127 2.1 6 0.048 3 13 48
91.504 1 -22.8973 5.15382 -220.059 -0.698837 0.625336 -0.270119 -0.218214 3.167 2.1 6 0.048 3 13 48
91.5311 1 -22.8973 5.15382 -220.059 -0.698837 0.625336 -0.270119 -0.218214 3.207 2.1 6 0.048 3 13 48
91.5478 1 -22.8973 5.15382 -220.059 -0.698837 0.625336 -0.270119 -0.218214 3.227 2.1 6 0.048 3 13 48
91.5752 1 -22.8973 5.15382 -220.059 -0.698837 0.625336 -0.270119 -0.218214 3.267 2.1 6 0.048 3 13 48
91.5919 1 -22.8973 5.15382 -220.059 -0.698837 0.625336 -0.270119 -0.218214 3.267 2.1 6 0.048 3 13 48
91.6189 1 -22.8973 5.15382 -220.059 -0.698837 0.625336 -0.270119 -0.218214 3.287 2.1 6 0.048 3 13 48
91.6413 1 -22.8973 5.15382 -220.059 -0.698837 0.625336 -0.270119 -0.218214 3.307 2.1 6 0.048 3 13 48
91.658 1 -22.8973 5.15382 -220.059 -0.698837 0.625336 -0.270119 -0.218214 3.327 2.1 6 0.048 3 13 48
91.6851 1 -22.8973 5.15382 -220.059 -0.698837 0.625336 -0.270119 -0.218214 3.327 2.1 6 0.048 3 13 48
91.7023 1 -22.8973 5.15382 -220.059 -0.698837 0.625336 -0.270119 -0.218214 3.347 2.1 6 0.048 3 13 48
91.7294 1 -22.8973 5.15382 -220.059 -0.698837 0.625336 -0.270119 -0.218214 3.347 2.1 6 0.048 3 13 48
91.746 1 -22.8973 5.15382 -220.059 -0.698837 0.625336 -0.270119 -0.218214 3.347 2.1 6 0.048 3 13 48
91.7731 1 -22.8973 5.15382 -220.059 -0.698837 0.625336 -0.270119 -0.218214 3.347 2.1 6 0.048 3 13 48
91.7958 1 -22.8973 5.15382 -220.059 -0.698837 0.625336 -0.270119 -0.218214 3.347 2.1 6 0.048 3 13 48
91.8125 1 -22.8973 5.15382 -220.059 -0.698837 0.625336 -0.270119 -0.218214 3.347 2.1 6 0.048 3 13 48
91.8392 1 -22.8973 5.15382 -220.059 -0.698837 0.625336 -0.270119 -0.218214 3.347 2.1 6 0.048 3 13 48
91.8615 1 -22.8973 5.15382 -220.059 -0.698837 0.625336 -0.270119 -0.218214 3.347 2.1 6 0.048 3 13 48
91.8782 1 -22.8973 5.15382 -220.059 -0.698837 0.625336 -0.270119 -0.218214 3.347 2.1 6 0.048 3 13 48
91.9054 1 -22.8973 5.15382 -220.059 -0.698837 0.625336 -0.270119 -0.218214 3.347 2.1 6 0.048 3 13 48
91.9221 1 -22.8973 5.15382 -220.059 -0.698837 0.625336 -0.270119 -0.218214 3.347 2.1 6 0.048 3 13 48
91.9496 1 -22.8973 5.15382 -220.059 -0.698837 0.625336 -0.270119 -0.218214 3.347 2.1 6 0.048 3 13 48
91.9663 1 -22.8973 5.15382 -220.059 -0.698837 0.625336 -0.270119 -0.218214 3.347 2.1 6 0.048 3 13 48
91.9935 1 -22.8973 5.15382 -220.059 -0.698837 0.625336 -0.270119 -0.218214 3.347 2.1 6 0.048 3 13 48
92.0159 1 -22.8973 5.15382 -220.059 -0.698837 0.625336 -0.270119 -0.218214 3.347 2.1 6 0.048 3 13 48
92.0326 1 -22.8973 5.15382 -220.059 -0.698837 0.625336 -0.270119 -0.218214 3.347 2.1 6 0.048 3 13 48
92.0619 1 -22.8973 5.15382 -220.059 -0.698837 0.625336 -0.270119 -0.218214 3.347 2.1 6 0.048 3 13 48
92.0789 1 -22.8973 5.15382 -220.059 -0.698837 0.625336 -0.270119 -0.218214 3.347 2.1 6 0.048 3 13 48
92.1085 1 -22.8973 5.15382 -220.059 -0.698837 0.625336 -0.270119 -0.218214 3.347 2.1 6 0.048 3 13 48
92.1251 1 -22.8973 5.15382 -220.059 -0.698837 0.625336 -0.270119 -0.218214 3.347 2.1 6 0.048 3 13 48
92.1547 1 -22.8973 5.15382 -220.059 -0.698837 0.625336 -0.270119 -0.218214 3.347 2.1 6 0.048 3 13 48
92.1781 1 -22.8973 5.15382 -220.059 -0.698837 0.625336 -0.270119 -0.218214 3.347 2.1 6 0.048 3 13 48
92.1948 1 -22.8973 5.15382 -220.059 -0.698837 0.625336 -0.270119 -0.218214 3.347 2.1 6 0.048 3 13 48
92.2244 1 -22.8973 5.15382 -220.059 -0.698837 0.625336 -0.270119 -0.218214 3.347 2.1 6 0.048 3 13 48
92.2411 1 -22.8973 5.15382 -220.059 -0.698837 0.625336 -0.270119 -0.218214 3.347 2.1 6 0.048 3 13 48
92.2709 1 -22.8973 5.15382 -220.059 -0.698837 0.625336 -0.270119 -0.218214 3.347 2.1 6 0.048 3 13 48
92.2876 1 -22.8973 5.15382 -220.059 -0.698837 0.625336 -0.270119 -0.218214 3.347 2.1 6 0.048 3 13 48
92.3171 1 -22.8973 5.15382 -220.059 -0.698837 0.625336 -0.270119 -0.218214 3.347 2.1 6 0.048 3 13 48
92.3406 1 -22.8973 5.15382 -220.059 -0.698837 0.625336 -0.270119 -0.218214 3.347 2.1 6 0.048 3 13 48
92.3572 1 -22.8973 5.15382 -220.059 -0.698837 0.625336 -0.270119 -0.218214 3.347 2.1 6 0.048 3 13 48
92.3866 1 -22.8973 5.15382 -220.059 -0.698837 0.625336 -0.270119 -0.218214 3.347 2.1 6 0.048 3 13 48
92.4033 1 -22.8973 5.15382 -220.059 -0.698837 0.625336 -0.270119 -0.218214 3.347 2.1 6 0.048 3 13 48
92.4331 1 -22.8973 5.15382 -220.059 -0.698837 0.625336 -0.270119 -0.218214 3.347 2.1 6 0.048 3 13 48
92.4497 1 -22.8973 5.15382 -220.059 -0.698837 0.625336 -0.270119 -0.218214 3.347 2.1 6 0.048 3 13 48
92.479 1 -22.8973 5.15382 -220.059 -0.698837 0.625336 -0.270119 -0.218214 3.347 2.1 6 0.048 3 13 48
92.5025 1 -22.8973 5.15382 -220.059 -0.698837 0.625336 -0.270119 -0.218214 3.347 2.1 6 0.048 3 13 48
92.5191 1 -22.8973 5.15382 -220.059 -0.698837 0.625336 -0.270119 -0.218214 3.347 2.1 6 0.048 3 13 48
92.5484 1 -22.8973 5.15382 -220.059 -0.698837 0.625336 -0.270119 -0.218214 3.347 2.1 6 0.048 3 13 48
92.565 1 -22.8973 5.15382 -220.059 -0.698837 0.625336 -0.270119 -0.218214 3.347 2.1 6 0.048 3 13 48
92.5948 1 -22.8973 5.15382 -220.059 -0.698837 0.625336 -0.270119 -0.218214 3.347 2.1 6 0.048 3 13 48
92.6114 1 -22.8973 5.15382 -220.059 -0.698837 0.625336 -0.270119 -0.218214 3.347 2.1 6 0.048 3 13 48
92.6407 1 -22.8973 5.15382 -220.059 -0.698837 0.625336 -0.270119 -0.218214 3.347 2.1 6 0.048 3 13 48
92.6641 1 -22.8973 5.15382 -220.059 -0.698837 0.625336 -0.270119 -0.218214 3.347 2.1 6 0.048 3 13 48
92.6807 1 -22.8973 5.15382 -220.059 -0.698837 0.625336 -0.270119 -0.218214 3.347 2.1 6 0.048 3 13 48
92.71 1 -22.8973 5.15382 -220.059 -0.698837 0.625336 -0.270119 -0.218214 3.347 2.1 6 0.048 3 13 48
92.7267 1 -22.8973 5.15382 -220.059 -0.698837 0.625336 -0.270119 -0.218214 3.347 2.1 6 0.048 3 13 48
92.7563 1 -22.8973 5.15382 -220.059 -0.698837 0.625336 -0.270119 -0.218214 3.347 2.1 6 0.048 3 13 48
92.773 1 -22.8973 5.15382 -220.059 -0.698837 0.625336 -0.270119 -0.218214 3.347 2.1 6 0.048 3 13 48
92.8021 1 -22.8973 5.15382 -220.059 -0.698837 0.625336 -0.270119 -0.218214 3.347 2.1 6 0.048 3 13 48
92.8256 1 -22.8973 5.15382 -220.059 -0.698837 0.625336 -0.270119 -0.218214 3.347 2.1 6 0.048 3 13 48
92.8422 1 -22.8973 5.15382 -220.059 -0.698837 0.625336 -0.270119 -0.218214 3.347 2.1 6 0.048 3 13 48
92.8714 1 -22.8973 5.15382 -220.059 -0.698837 0.625336 -0.270119 -0.218214 3.347 2.1 6 0.048 3 13 48
92.888 1 -22.8973 5.15382 -220.059 -0.698837 0.625336 -0.270119 -0.218214 3.347 2.1 6 0.048 3 13 48
92.9177 1 -22.8973 5.15382 -220.059 -0.698837 0.625336 -0.270119 -0.218214 3.347 2.1 6 0.048 3 13 48
92.9343 1 -22.8973 5.15382 -220.059 -0.698837 0.625336 -0.270119 -0.218214 3.347 2.1 6 0.048 3 13 48
92.9635 1 -22.8973 5.15382 -220.059 -0.698837 0.625336 -0.270119 -0.218214 3.347 2.1 6 0.048 3 13 48
92.9869 1 -22.8973 5.15382 -220.059 -0.698837 0.625336 -0.270119 -0.218214 3.347 2.1 6 0.048 3 13 48
93.0035 1 -22.8973 5.15382 -220.059 -0.698837 0.625336 -0.270119 -0.218214 3.347 2.1 6 0.048 3 13 48
93.0327 1 -22.8973 5.15382 -220.059 -0.698837 0.625336 -0.270119 -0.218214 3.347 2.1 6 0.048 3 13 48
93.0493 1 -22.8973 5.15382 -220.059 -0.698837 0.625336 -0.270119 -0.218214 3.347 2.1 6 0.048 3 13 48
93.0789 1 -22.8973 5.15382 -220.059 -0.698837 0.625336 -0.270119 -0.218214 3.347 2.1 6 0.048 3 13 48
93.0955 1 -22.8973 5.15382 -220.059 -0.698837 0.625336 -0.270119 -0.218214 3.347 2.1 6 0.048 3 13 48
93.1246 1 -22.8973 5.15382 -220.059 -0.698837 0.625336 -0.270119 -0.218214 3.347 2.1 6 0.048 3 13 48
93.148 1 -22.8973 5.15382 -220.059 -0.698837 0.625336 -0.270119 -0.218214 3.347 2.1 6 0.048 3 13 48
93.1646 1 -22.8973 5.15382 -220.059 -0.698837 0.625336 -0.270119 -0.218214 3.347 2.1 6 0.048 3 13 48
93.1938 1 -22.8973 5.15382 -220.059 -0.698837 0.625336 -0.270119 -0.218214 3.347 2.1 6 0.048 3 13 48
93.2105 1 -22.8973 5.15382 -220.059 -0.698837 0.625336 -0.270119 -0.218214 3.347 2.1 6 0.048 3 13 48
93.24 1 -22.8973 5.15382 -220.059 -0.698837 0.625336 -0.270119 -0.218214 3.347 2.1 6 0.048 3 13 48
93.2566 1 -22.8973 5.15382 -220.059 -0.698837 0.625336 -0.270119 -0.218214 3.347 2.1 6 0.048 3 13 48
93.2858 1 -22.8973 5.15382 -220.059 -0.698837 0.625336 -0.270119 -0.218214 3.347 2.1 6 0.048 3 13 48
93.3092 1 -22.8973 5.15382 -220.059 -0.698837 0.625336 -0.270119 -0.218214 3.347 2.1 6 0.048 3 13 48
93.3259 1 -22.8973 5.15382 -220.059 -0.698837 0.625336 -0.270119 -0.218214 3.347 2.1 6 0.048 3 13 48
93.3549 1 -22.8973 5.15382 -220.059 -0.698837 0.625336 -0.270119 -0.218214 3.347 2.1 6 0.048 3 13 48
93.3716 1 -22.8973 5.15382 -220.059 -0.698837 0.625336 -0.270119 -0.218214 3.347 2.1 6 0.048 3 13 48
93.4013 1 -22.8973 5.15382 -220.059 -0.698837 0.625336 -0.270119 -0.218214 3.347 2.1 6 0.048 3 13 48
93.418 2 0.966193 2.1846 -36 -0.613572 1.77121e-291 -2.27946e-291 0.789638 3.347 2.1 6 0.048 3 13 48
93.4476 2 0.966193 2.1846 -36 -0.613572 4.14444e-291 -5.33369e-291 0.789638 3.347 2.1 6 0.048 3 13 48
93.5054 2 0.966193 2.1846 -36 -0.613572 5.10057e-291 -6.56419e-291 0.789638 3.347 2.1 6 0.048 3 13 48
93.5221 2 0.966193 2.1846 -36 -0.613572 5.66428e-291 -7.28966e-291 0.789638 3.347 2.1 6 0.048 3 13 48
93.5387 2 0.966193 2.1846 -36 -0.613572 6.07897e-291 -7.82334e-291 0.789638 3.347 2.1 6 0.048 3 13 48
93.5855 2 0.966193 2.1846 -36 -0.613572 6.28432e-291 -8.08762e-291 0.789638 3.347 2.1 6 0.048 3 13 48
93.6022 2 0.966193 2.1846 -36 -0.613572 6.41322e-291 -8.25351e-291 0.789638 3.347 2.1 6 0.048 3 13 48
93.6188 2 0.966193 2.1846 -36 -0.613572 6.50805e-291 -8.37555e-291 0.789638 3.347 2.1 6 0.048 3 13 48
93.6355 2 0.966193 2.1846 -36 -0.613572 6.57781e-291 -8.46532e-291 0.789638 3.347 2.1 6 0.048 3 13 48
93.6522 2 0.966193 2.1846 -36 -0.613572 6.62912e-291 -8.53137e-291 0.789638 3.347 2.1 6 0.048 3 13 48
93.6688 2 0.966193 2.1846 -36 -0.613572 6.66687e-291 -8.57995e-291 0.789638 3.347 2.1 6 0.048 3 13 48
93.687 2 0.966193 2.1846 -36 -0.613572 6.6941e-291 -8.61498e-291 0.789638 3.347 2.1 6 0.048 3 13 48
93.7037 2 0.966193 2.1846 -36 -0.613572 6.71397e-291 -8.64056e-291 0.789638 3.347 2.1 6 0.048 3 13 48
93.7203 2 0.966193 2.1846 -36 -0.613572 6.72859e-291 -8.65937e-291 0.789638 3.347 2.1 6 0.048 3 13 48
93.737 2 0.966193 2.1846 -36 -0.613572 6.73934e-291 -8.67321e-291 0.789638 3.347 2.1 6 0.048 3 13 48
93.7537 2 0.966193 2.1846 -36 -0.613572 6.74725e-291 -8.68339e-291 0.789638 3.347 2.1 6 0.048 3 13 48
93.7703 2 0.966193 2.1846 -36 -0.613572 6.75307e-291 -8.69088e-291 0.789638 3.347 2.1 6 0.048 3 13 48
93.787 2 0.966193 2.1846 -36 -0.613572 6.75735e-291 -8.69639e-291 0.789638 3.347 2.1 6 0.048 3 13 48
93.8037 2 0.966193 2.1846 -36 -0.613572 6.7605e-291 -8.70044e-291 0.789638 3.347 2.1 6 0.048 3 13 48
93.8203 2 0.966193 2.1846 -36 -0.613572 6.76282e-291 -8.70342e-291 0.789638 3.347 2.1 6 0.048 3 13 48
93.837 2 0.966193 2.1846 -36 -0.613572 6.76452e-291 -8.70562e-291 0.789638 3.347 2.1 6 0.048 3 13 48
93.8537 2 0.966193 2.1846 -36 -0.613572 6.76578e-291 -8.70723e-291 0.789638 3.347 2.1 6 0.048 3 13 48
93.8703 2 0.966193 2.1846 -36 -0.613572 6.7667e-291 -8.70842e-291 0.789638 3.347 2.1 6 0.048 3 13 48
93.887 2 0.966193 2.1846 -36 -0.613572 6.76738e-291 -8.70929e-291 0.789638 3.347 2.1 6 0.048 3 13 48
93.9037 2 0.966193 2.1846 -36 -0.613572 6.76788e-291 -8.70993e-291 0.789638 3.347 2.1 6 0.048 3 13 48
93.9203 2 0.966193 2.1846 -36 -0.613572 6.76824e-291 -8.71041e-291 0.789638 3.347 2.1 6 0.048 3 13 48
93.937 2 0.966193 2.1846 -36 -0.613572 6.76851e-291 -8.71075e-291 0.789638 3.347 2.1 6 0.048 3 13 48
93.9537 2 0.966193 2.1846 -36 -0.613572 6.76871e-291 -8.71101e-291 0.789638 3.347 2.1 6 0.048 3 13 48
93.9703 2 0.966193 2.1846 -36 -0.613572 6.76886e-291 -8.7112e-291 0.789638 3.347 2.1 6 0.048 3 13 48
93.987 2 0.966193 2.1846 -36 -0.613572 6.76897e-291 -8.71134e-291 0.789638 3.347 2.1 6 0.048 3 13 48
94.0037 2 0.966193 2.1846 -36 -0.613572 6.76904e-291 -8.71144e-291 0.789638 3.347 2.1 6 0.048 3 13 48
94.0203 2 0.966193 2.1846 -36 -0.613572 6.7691e-291 -8.71151e-291 0.789638 3.347 2.1 6 0.048 3 13 48
94.037 2 0.966193 2.1846 -36 -0.613572 6.76915e-291 -8.71157e-291 0.789638 3.347 2.1 6 0.048 3 13 48
94.0537 2 0.966193 2.1846 -36 -0.613572 6.76918e-291 -8.71161e-291 0.789638 3.347 2.1 6 0.048 3 13 48
94.0703 2 0.966193 2.1846 -36 -0.613572 6.7692e-291 -8.71164e-291 0.789638 3.347 2.1 6 0.048 3 13 48
94.087 2 0.966193 2.1846 -36 -0.613572 6.76922e-291 -8.71166e-291 0.789638 3.347 2.1 6 0.048 3 13 48
94.1037 2 0.966193 2.1846 -36 -0.613572 6.76923e-291 -8.71168e-291 0.789638 3.347 2.1 6 0.048 3 13 48
94.1203 2 0.966193 2.1846 -36 -0.613572 6.76924e-291 -8.71169e-291 0.789638 3.347 2.1 6 0.048 3 13 48
94.137 2 0.966193 2.1846 -36 -0.613572 6.76925e-291 -8.7117e-291 0.789638 3.347 2.1 6 0.048 3 13 48
94.1537 2 0.966193 2.1846 -36 -0.613572 6.76925e-291 -8.7117e-291 0.789638 3.347 2.1 6 0.048 3 13 48
94.1703 2 0.966193 2.1846 -36 -0.613572 6.76925e-291 -8.71171e-291 0.789638 3.347 2.1 6 0.048 3 13 48
94.187 2 0.966193 2.1846 -36 -0.613572 6.76926e-291 -8.71171e-291 0.789638 3.347 2.1 6 0.048 3 13 48
94.2037 2 0.966193 2.1846 -36 -0.613572 6.76926e-291 -8.71171e-291 0.789638 3.347 2.1 6 0.048 3 13 48
94.2203 2 0.966193 2.1846 -36 -0.613572 6.76926e-291 -8.71172e-291 0.789638 3.347 2.1 6 0.048 3 13 48
94.237 2 0.966193 2.1846 -36 -0.613572 6.76926e-291 -8.71172e-291 0.789638 3.347 2.1 6 0.048 3 13 48
94.2537 2 0.966193 2.1846 -36 -0.613572 6.76926e-291 -8.71172e-291 0.789638 3.347 2.1 6 0.048 3 13 48
94.2703 2 0.966193 2.1846 -36 -0.613572 6.76926e-291 -8.71172e-291 0.789638 3.347 2.1 6 0.048 3 13 48
94.287 2 0.966193 2.1846 -36 -0.613572 6.76926e-291 -8.71172e-291 0.789638 3.347 2.1 6 0.048 3 13 48
94.3037 2 0.966193 2.1846 -36 -0.613572 6.76926e-291 -8.71172e-291 0.789638 3.347 2.1 6 0.048 3 13 48
94.3203 2 0.966193 2.1846 -36 -0.613572 6.76926e-291 -8.71172e-291 0.789638 3.347 2.1 6 0.048 3 13 48
94.337 2 0.966193 2.1846 -36 -0.613572 6.76926e-291 -8.71172e-291 0.789638 3.347 2.1 6 0.048 3 13 48
94.3537 2 0.966193 2.1846 -36 -0.613572 6.76926e-291 -8.71172e-291 0.789638 3.347 2.1 6 0.048 3 13 48
94.3703 2 0.966193 2.1846 -36 -0.613572 6.76926e-291 -8.71172e-291 0.789638 3.347 2.1 6 0.048 3 13 48
94.387 2 0.966193 2.1846 -36 -0.613572 6.76926e-291 -8.71172e-291 0.789638 3.347 2.1 6 0.048 3 13 48
94.4037 2 0.966193 2.1846 -36 -0.613572 6.76926e-291 -8.71172e-291 0.789638 3.347 2.1 6 0.048 3 13 48
94.4203 2 0.966193 2.1846 -36 -0.613572 6.76926e-291 -8.71172e-291 0.789638 3.347 2.1 6 0.048 3 13 48
94.437 2 0.966193 2.1846 -36 -0.613572 6.76926e-291 -8.71172e-291 0.789638 3.347 2.1 6 0.048 3 13 48
94.4537 2 0.966193 2.1846 -36 -0.613572 6.76926e-291 -8.71172e-291 0.789638 3.347 2.1 6 0.048 3 13 48
94.4703 2 0.966193 2.1846 -36 -0.613572 6.76926e-291 -8.71172e-291 0.789638 3.347 2.1 6 0.048 3 13 48
94.487 2 0.966193 2.1846 -36 -0.613572 6.76926e-291 -8.71172e-291 0.789638 3.347 2.1 6 0.048 3 13 48
94.5037 2 0.966193 2.1846 -36 -0.613572 6.76926e-291 -8.71172e-291 0.789638 3.347 2.1 6 0.048 3 13 48
94.5203 2 0.966193 2.1846 -36 -0.613572 6.76926e-291 -8.71172e-291 0.789638 3.347 2.1 6 0.048 3 13 48
94.537 2 0.966193 2.1846 -36 -0.613572 6.76926e-291 -8.71172e-291 0.789638 3.347 2.1 6 0.048 3 13 48
94.5537 2 0.966193 2.1846 -36 -0.613572 6.76926e-291 -8.71172e-291 0.789638 3.347 2.1 6 0.048 3 13 48
94.5703 2 0.966193 2.1846 -36 -0.613572 6.76926e-291 -8.71172e-291 0.789638 3.347 2.1 6 0.048 3 13 48
94.587 2 0.966193 2.1846 -36 -0.613572 6.76926e-291 -8.71172e-291 0.789638 3.347 2.1 6 0.048 3 13 48
94.6037 2 0.966193 2.1846 -36 -0.613572 6.76926e-291 -8.71172e-291 0.789638 3.347 2.1 6 0.048 3 13 48
94.6203 2 0.966193 2.1846 -36 -0.613572 6.76926e-291 -8.71172e-291 0.789638 3.347 2.1 6 0.048 3 13 48
94.637 2 0.966193 2.1846 -36 -0.613572 6.76926e-291 -8.71172e-291 0.789638 3.347 2.1 6 0.048 3 13 48
94.6537 2 0.966193 2.1846 -36 -0.613572 6.76926e-291 -8.71172e-291 0.789638 3.347 2.1 6 0.048 3 13 48
94.6703 2 0.966193 2.1846 -36 -0.613572 6.76926e-291 -8.71172e-291 0.789638 3.347 2.1 6 0.048 3 13 48
94.687 2 0.966193 2.1846 -36 -0.613572 6.76926e-291 -8.71172e-291 0.789638 3.347 2.1 6 0.048 3 13 48
94.7037 2 0.966193 2.1846 -36 -0.613572 6.76926e-291 -8.71172e-291 0.789638 3.347 2.1 6 0.048 3 13 48
94.7203 2 0.966193 2.1846 -36 -0.613572 6.76926e-291 -8.71172e-291 0.789638 3.347 2.1 6 0.048 3 13 48
94.737 2 0.966193 2.1846 -36 -0.613572 6.76926e-291 -8.71172e-291 0.789638 3.347 2.1 6 0.048 3 13 48
94.7537 2 0.966193 2.1846 -36 -0.613572 6.76926e-291 -8.71172e-291 0.789638 3.347 2.1 6 0.048 3 13 48
94.7703 2 0.966193 2.1846 -36 -0.613572 6.76926e-291 -8.71172e-291 0.789638 3.347 2.1 6 0.048 3 13 48
94.787 2 0.966193 2.1846 -36 -0.613572 6.76926e-291 -8.71172e-291 0.789638 3.347 2.1 6 0.048 3 13 48
94.8037 2 0.966193 2.1846 -36 -0.613572 6.76926e-291 -8.71172e-291 0.789638 3.347 2.1 6 0.048 3 13 48
94.8203 2 0.966193 2.1846 -36 -0.613572 6.76926e-291 -8.71172e-291 0.789638 3.347 2.1 6 0.048 3 13 48
94.837 2 0.966193 2.1846 -36 -0.613572 6.76926e-291 -8.71172e-291 0.789638 3.347 2.1 6 0.048 3 13 48
94.8537 2 0.966193 2.1846 -36 -0.613572 6.76926e-291 -8.71172e-291 0.789638 3.347 2.1 6 0.048 3 13 48
94.8703 2 0.966193 2.1846 -36 -0.613572 6.76926e-291 -8.71172e-291 0.789638 3.347 2.1 6 0.048 3 13 48
94.887 2 0.966193 2.1846 -36 -0.613572 6.76926e-291 -8.71172e-291 0.789638 3.347 2.1 6 0.048 3 13 48
94.9037 2 0.966193 2.1846 -36 -0.613572 6.76926e-291 -8.71172e-291 0.789638 3.347 2.1 6 0.048 3 13 48
94.9203 2 0.966193 2.1846 -36 -0.613572 6.76926e-291 -8.71172e-291 0.789638 3.347 2.1 6 0.048 3 13 48
94.937 2 0.966193 2.1846 -36 -0.613572 6.76926e-291 -8.71172e-291 0.789638 3.347 2.1 6 0.048 3 13 48
94.9537 2 0.966193 2.1846 -36 -0.613572 6.76926e-291 -8.71172e-291 0.789638 3.347 2.1 6 0.048 3 13 48
94.9703 2 0.966193 2.1846 -36 -0.613572 6.76926e-291 -8.71172e-291 0.789638 3.347 2.1 6 0.048 3 13 48
94.987 2 0.966193 2.1846 -36 -0.613572 6.76926e-291 -8.71172e-291 0.789638 3.347 2.1 6 0.048 3 13 48
95.0037 2 0.966193 2.1846 -36 -0.613572 6.76926e-291 -8.71172e-291 0.789638 3.347 2.1 6 0.048 3 13 48
95.0203 2 0.966193 2.1846 -36 -0.613572 6.76926e-291 -8.71172e-291 0.789638 3.347 2.1 6 0.048 3 13 48
95.037 2 0.966193 2.1846 -36 -0.613572 6.76926e-291 -8.71172e-291 0.789638 3.347 2.1 6 0.048 3 13 48
95.0537 2 0.966193 2.1846 -36 -0.613572 6.76926e-291 -8.71172e-291 0.789638 3.347 2.1 6 0.048 3 13 48
95.0703 2 0.966193 2.1846 -36 -0.613572 6.76926e-291 -8.71172e-291 0.789638 3.347 2.1 6 0.048 3 13 48
95.087 2 0.966193 2.1846 -36 -0.613572 6.76926e-291 -8.71172e-291 0.789638 3.347 2.1 6 0.048 3 13 48
95.1037 2 0.966193 2.1846 -36 -0.613572 6.76926e-291 -8.71172e-291 0.789638 3.347 2.1 6 0.048 3 13 48
95.1203 2 0.966193 2.1846 -36 -0.613572 6.76926e-291 -8.71172e-291 0.789638 3.347 2.1 6 0.048 3 13 48
95.137 2 0.966193 2.1846 -36 -0.613572 6.76926e-291 -8.71172e-291 0.789638 3.347 2.1 6 0.048 3 13 48
95.1537 2 0.966193 2.1846 -36 -0.613572 6.76926e-291 -8.71172e-291 0.789638 3.347 2.1 6 0.048 3 13 48
95.1703 2 0.966193 2.1846 -36 -0.613572 6.76926e-291 -8.71172e-291 0.789638 3.347 2.1 6 0.048 3 13 48
95.187 2 0.966193 2.1846 -36 -0.613572 6.76926e-291 -8.71172e-291 0.789638 3.347 2.1 6 0.048 3 13 48
95.2037 2 0.966193 2.1846 -36 -0.613572 6.76926e-291 -8.71172e-291 0.789638 3.347 2.1 6 0.048 3 13 48
95.2203 2 0.966193 2.1846 -36 -0.613572 6.76926e-291 -8.71172e-291 0.789638 3.347 2.1 6 0.048 3 13 48
95.237 2 0.966193 2.1846 -36 -0.613572 6.76926e-291 -8.71172e-291 0.789638 3.347 2.1 6 0.048 3 13 48
95.2537 2 0.966193 2.1846 -36 -0.613572 6.76926e-291 -8.71172e-291 0.789638 3.347 2.1 6 0.048 3 13 48
95.2703 2 0.966193 2.1846 -36 -0.613572 6.76926e-291 -8.71172e-291 0.789638 3.347 2.1 6 0.048 3 13 48
95.287 2 0.966193 2.1846 -36 -0.613572 6.76926e-291 -8.71172e-291 0.789638 3.347 2.1 6 0.048 3 13 48
95.3037 2 0.966193 2.1846 -36 -0.613572 6.76926e-291 -8.71172e-291 0.789638 3.347 2.1 6 0.048 3 13 48
95.3203 2 0.966193 2.1846 -36 -0.613572 6.76926e-291 -8.71172e-291 0.789638 3.347 2.1 6 0.048 3 13 48
95.337 2 0.966193 2.1846 -36 -0.613572 6.76926e-291 -8.71172e-291 0.789638 3.347 2.1 6 0.048 3 13 48
95.3537 2 0.966193 2.1846 -36 -0.613572 6.76926e-291 -8.71172e-291 0.789638 3.347 2.1 6 0.048 3 13 48
95.3703 2 0.966193 2.1846 -36 -0.613572 6.76926e-291 -8.71172e-291 0.789638 3.347 2.1 6 0.048 3 13 48
95.387 2 0.966193 2.1846 -36 -0.613572 6.76926e-291 -8.71172e-291 0.789638 3.347 2.1 6 0.048 3 13 48
95.4037 2 0.966193 2.1846 -36 -0.613572 6.76926e-291 -8.71172e-291 0.789638 3.347 2.1 6 0.048 3 13 48
95.4203 2 0.966193 2.1846 -36 -0.613572 6.76926e-291 -8.71172e-291 0.789638 3.347 2.1 6 0.048 3 13 48
95.437 2 0.966193 2.1846 -36 -0.613572 6.76926e-291 -8.71172e-291 0.789638 3.347 2.1 6 0.048 3 13 48
95.4537 2 0.966193 2.1846 -36 -0.613572 6.76926e-291 -8.71172e-291 0.789638 3.347 2.1 6 0.048 3 13 48
95.4703 2 0.966193 2.1846 -36 -0.613572 6.76926e-291 -8.71172e-291 0.789638 3.347 2.1 6 0.048 3 13 48
95.487 2 0.966193 2.1846 -36 -0.613572 6.76926e-291 -8.71172e-291 0.789638 3.347 2.1 6 0.048 3 13 48
95.5037 2 0.966193 2.1846 -36 -0.613572 6.76926e-291 -8.71172e-291 0.789638 3.347 2.1 6 0.048 3 13 48
95.5203 2 0.966193 2.1846 -36 -0.613572 6.76926e-291 -8.71172e-291 0.789638 3.347 2.1 6 0.048 3 13 48
95.537 2 0.966193 2.1846 -36 -0.613572 6.76926e-291 -8.71172e-291 0.789638 3.347 2.1 6 0.048 3 13 48
95.5537 2 0.966193 2.1846 -36 -0.613572 6.76926e-291 -8.71172e-291 0.789638 3.347 2.1 6 0.048 3 13 48
95.5703 2 0.966193 2.1846 -36 -0.613572 6.76926e-291 -8.71172e-291 0.789638 3.347 2.1 6 0.048 3 13 48
95.587 2 0.966193 2.1846 -36 -0.613572 6.76926e-291 -8.71172e-291 0.789638 3.347 2.1 6 0.048 3 13 48
95.6037 2 0.966193 2.1846 -36 -0.613572 6.76926e-291 -8.71172e-291 0.789638 3.347 2.1 6 0.048 3 13 48
95.6203 2 0.966193 2.1846 -36 -0.613572 6.76926e-291 -8.71172e-291 0.789638 3.347 2.1 6 0.048 3 13 48
95.637 2 0.966193 2.1846 -36 -0.613572 6.76926e-291 -8.71172e-291 0.789638 3.347 2.1 6 0.048 3 13 48
95.6537 2 0.966193 2.1846 -36 -0.613572 6.76926e-291 -8.71172e-291 0.789638 3.347 2.1 6 0.048 3 13 48
95.6703 2 0.966193 2.1846 -36 -0.613572 6.76926e-291 -8.71172e-291 0.789638 3.347 2.1 6 0.048 3 13 48
95.687 2 0.966193 2.1846 -36 -0.613572 6.76926e-291 -8.71172e-291 0.789638 3.347 2.1 6 0.048 3 13 48
95.7037 2 0.966193 2.1846 -36 -0.613572 6.76926e-291 -8.71172e-291 0.789638 3.347 2.1 6 0.048 3 13 48
95.7203 2 0.966193 2.1846 -36 -0.613572 6.76926e-291 -8.71172e-291 0.789638 3.347 2.1 6 0.048 3 13 48
95.737 2 0.966193 2.1846 -36 -0.613572 6.76926e-291 -8.71172e-291 0.789638 3.347 2.1 6 0.048 3 13 48
95.7537 2 0.966193 2.1846 -36 -0.613572 6.76926e-291 -8.71172e-291 0.789638 3.347 2.1 6 0.048 3 13 48
95.7703 2 0.966193 2.1846 -36 -0.613572 6.76926e-291 -8.71172e-291 0.789638 3.347 2.1 6 0.048 3 13 48
95.787 2 0.966193 2.1846 -36 -0.613572 6.76926e-291 -8.71172e-291 0.789638 3.347 2.1 6 0.048 3 13 48
95.8037 2 0.966193 2.1846 -36 -0.613572 6.76926e-291 -8.71172e-291 0.789638 3.347 2.1 6 0.048 3 13 48
95.8203 2 0.966193 2.1846 -36 -0.613572 6.76926e-291 -8.71172e-291 0.789638 3.347 2.1 6 0.048 3 13 48
95.837 2 0.966193 2.1846 -36 -0.613572 6.76926e-291 -8.71172e-291 0.789638 3.347 2.1 6 0.048 3 13 48
95.8537 2 0.966193 2.1846 -36 -0.613572 6.76926e-291 -8.71172e-291 0.789638 3.347 2.1 6 0.048 3 13 48
95.8703 2 0.966193 2.1846 -36 -0.613572 6.76926e-291 -8.71172e-291 0.789638 3.347 2.1 6 0.048 3 13 48
95.887 2 0.966193 2.1846 -36 -0.613572 6.76926e-291 -8.71172e-291 0.789638 3.347 2.1 6 0.048 3 13 48
95.9037 2 0.966193 2.1846 -36 -0.613572 6.76926e-291 -8.71172e-291 0.789638 3.347 2.1 6 0.048 3 13 48
95.9203 2 0.966193 2.1846 -36 -0.613572 6.76926e-291 -8.71172e-291 0.789638 3.347 2.1 6 0.048 3 13 48
95.937 2 0.966193 2.1846 -36 -0.613572 6.76926e-291 -8.71172e-291 0.789638 3.347 2.1 6 0.048 3 13 48
95.9537 2 0.966193 2.1846 -36 -0.613572 6.76926e-291 -8.71172e-291 0.789638 3.347 2.1 6 0.048 3 13 48
95.9703 2 0.966193 2.1846 -36 -0.613572 6.76926e-291 -8.71172e-291 0.789638 3.347 2.1 6 0.048 3 13 48
95.987 2 0.966193 2.1846 -36 -0.613572 6.76926e-291 -8.71172e-291 0.789638 3.347 2.1 6 0.048 3 13 48
96.0037 2 0.966193 2.1846 -36 -0.613572 6.76926e-291 -8.71172e-291 0.789638 3.347 2.1 6 0.048 3 13 48
96.0203 2 0.966193 2.1846 -36 -0.613572 6.76926e-291 -8.71172e-291 0.789638 3.347 2.1 6 0.048 3 13 48
96.037 2 0.966193 2.1846 -36 -0.613572 6.76926e-291 -8.71172e-291 0.789638 3.347 2.1 6 0.048 3 13 48
96.0537 2 0.966193 2.1846 -36 -0.613572 6.76926e-291 -8.71172e-291 0.789638 3.347 2.1 6 0.048 3 13 48
96.0703 2 0.966193 2.1846 -36 -0.613572 6.76926e-291 -8.71172e-291 0.789638 3.347 2.1 6 0.048 3 13 48
96.087 2 0.966193 2.1846 -36 -0.613572 6.76926e-291 -8.71172e-291 0.789638 3.347 2.1 6 0.048 3 13 48
96.1037 2 0.966193 2.1846 -36 -0.613572 6.76926e-291 -8.71172e-291 0.789638 3.347 2.1 6 0.048 3 13 48
96.1203 2 0.966193 2.1846 -36 -0.613572 6.76926e-291 -8.71172e-291 0.789638 3.347 2.1 6 0.048 3 13 48
96.137 2 0.966193 2.1846 -36 -0.613572 6.76926e-291 -8.71172e-291 0.789638 3.347 2.1 6 0.048 3 13 48
96.1537 2 0.966193 2.1846 -36 -0.613572 6.76926e-291 -8.71172e-291 0.789638 3.347 2.1 6 0.048 3 13 48
96.1703 2 0.966193 2.1846 -36 -0.613572 6.76926e-291 -8.71172e-291 0.789638 3.347 2.1 6 0.048 3 13 48
96.187 2 0.966193 2.1846 -36 -0.613572 6.76926e-291 -8.71172e-291 0.789638 3.347 2.1 6 0.048 3 13 48
96.2037 2 0.966193 2.1846 -36 -0.613572 6.76926e-291 -8.71172e-291 0.789638 3.347 2.1 6 0.048 3 13 48
96.2203 2 0.966193 2.1846 -36 -0.613572 6.76926e-291 -8.71172e-291 0.789638 3.347 2.1 6 0.048 3 13 48
96.237 2 0.966193 2.1846 -36 -0.613572 6.76926e-291 -8.71172e-291 0.789638 3.347 2.1 6 0.048 3 13 48
96.2537 2 0.966193 2.1846 -36 -0.613572 6.76926e-291 -8.71172e-291 0.789638 3.347 2.1 6 0.048 3 13 48
96.2703 2 0.966193 2.1846 -36 -0.613572 6.76926e-291 -8.71172e-291 0.789638 3.347 2.1 6 0.048 3 13 48
96.287 2 0.966193 2.1846 -36 -0.613572 6.76926e-291 -8.71172e-291 0.789638 3.347 2.1 6 0.048 3 13 48
96.3037 2 0.966193 2.1846 -36 -0.613572 6.76926e-291 -8.71172e-291 0.789638 3.347 2.1 6 0.048 3 13 48
96.3203 2 0.966193 2.1846 -36 -0.613572 6.76926e-291 -8.71172e-291 0.789638 3.347 2.1 6 0.048 3 13 48
96.337 2 0.966193 2.1846 -36 -0.613572 6.76926e-291 -8.71172e-291 0.789638 3.347 2.1 6 0.048 3 13 48
96.3537 2 0.966193 2.1846 -36 -0.613572 6.76926e-291 -8.71172e-291 0.789638 3.347 2.1 6 0.048 3 13 48
96.3703 2 0.966193 2.1846 -36 -0.613572 6.76926e-291 -8.71172e-291 0.789638 3.347 2.1 6 0.048 3 13 48
96.387 2 0.966193 2.1846 -36 -0.613572 6.76926e-291 -8.71172e-291 0.789638 3.347 2.1 6 0.048 3 13 48
96.4037 2 0.966193 2.1846 -36 -0.613572 6.76926e-291 -8.71172e-291 0.789638 3.347 2.1 6 0.048 3 13 48
96.4203 2 0.966193 2.1846 -36 -0.613572 6.76926e-291 -8.71172e-291 0.789638 3.347 2.1 6 0.048 3 13 48
96.437 2 0.966193 2.1846 -36 -0.613572 6.76926e-291 -8.71172e-291 0.789638 3.347 2.1 6 0.048 3 13 48
96.4537 2 0.966193 2.1846 -36 -0.613572 6.76926e-291 -8.71172e-291 0.789638 3.347 2.1 6 0.048 3 13 48
96.4703 2 0.966193 2.1846 -36 -0.613572 6.76926e-291 -8.71172e-291 0.789638 3.347 2.1 6 0.048 3 13 48
96.487 2 0.966193 2.1846 -36 -0.613572 6.76926e-291 -8.71172e-291 0.789638 3.347 2.1 6 0.048 3 13 48
96.5037 2 0.966193 2.1846 -36 -0.613572 6.76926e-291 -8.71172e-291 0.789638 3.347 2.1 6 0.048 3 13 48
96.5203 2 0.966193 2.1846 -36 -0.613572 6.76926e-291 -8.71172e-291 0.789638 3.347 2.1 6 0.048 3 13 48
96.537 2 0.966193 2.1846 -36 -0.613572 6.76926e-291 -8.71172e-291 0.789638 3.347 2.1 6 0.048 3 13 48
96.5537 2 0.966193 2.1846 -36 -0.613572 6.76926e-291 -8.71172e-291 0.789638 3.347 2.1 6 0.048 3 13 48
96.5703 2 0.966193 2.1846 -36 -0.613572 6.76926e-291 -8.71172e-291 0.789638 3.347 2.1 6 0.048 3 13 48
96.587 2 0.966193 2.1846 -36 -0.613572 6.76926e-291 -8.71172e-291 0.789638 3.347 2.1 6 0.048 3 13 48
96.6037 2 0.966193 2.1846 -36 -0.613572 6.76926e-291 -8.71172e-291 0.789638 3.347 2.1 6 0.048 3 13 48
96.6203 2 0.966193 2.1846 -36 -0.613572 6.76926e-291 -8.71172e-291 0.789638 3.347 2.1 6 0.048 3 13 48
96.637 2 0.966193 2.1846 -36 -0.613572 6.76926e-291 -8.71172e-291 0.789638 3.347 2.1 6 0.048 3 13 48
96.6537 2 0.966193 2.1846 -36 -0.613572 6.76926e-291 -8.71172e-291 0.789638 3.347 2.1 6 0.048 3 13 48
96.6703 2 0.966193 2.1846 -36 -0.613572 6.76926e-291 -8.71172e-291 0.789638 3.347 2.1 6 0.048 3 13 48
96.687 2 0.966193 2.1846 -36 -0.613572 6.76926e-291 -8.71172e-291 0.789638 3.347 2.1 6 0.048 3 13 48
96.7037 2 0.966193 2.1846 -36 -0.613572 6.76926e-291 -8.71172e-291 0.789638 3.347 2.1 6 0.048 3 13 48
96.7203 2 0.966193 2.1846 -36 -0.613572 6.76926e-291 -8.71172e-291 0.789638 3.347 2.1 6 0.048 3 13 48
96.737 2 0.966193 2.1846 -36.0003 -0.613572 6.76926e-291 -8.71172e-291 0.789638 3.347 2.1 6 0.048 3 13 48
96.7537 2 0.966193 2.1846 -36.0176 -0.613572 6.76926e-291 -8.71172e-291 0.789638 3.347 2.1 6 0.048 3 13 48
96.7703 2 0.966193 2.1846 -36.0337 -0.613572 6.76926e-291 -8.71172e-291 0.789638 3.347 2.1 6 0.048 3 13 48
96.787 2 0.966193 2.1846 -36.0489 -0.613572 6.76926e-291 -8.71172e-291 0.789638 3.347 2.1 6 0.048 3 13 48
96.8037 2 0.966193 2.1846 -36.0634 -0.613572 6.76926e-291 -8.71172e-291 0.789638 3.347 2.1 6 0.048 3 13 48
96.8203 2 0.966193 2.1846 -36.0775 -0.613572 6.76926e-291 -8.71172e-291 0.789638 3.347 2.1 6 0.048 3 13 48
96.837 2 0.966193 2.1846 -36.0912 -0.613572 6.76926e-291 -8.71172e-291 0.789638 3.347 2.1 6 0.048 3 13 48
96.8537 2 0.966193 2.1846 -36.1046 -0.613572 6.76926e-291 -8.71172e-291 0.789638 3.347 2.1 6 0.048 3 13 48
96.8703 2 0.966193 2.1846 -36.1179 -0.613572 6.76926e-291 -8.71172e-291 0.789638 3.347 2.1 6 0.048 3 13 48
96.887 2 0.966193 2.1846 -36.131 -0.613572 6.76926e-291 -8.71172e-291 0.789638 3.347 2.1 6 0.048 3 13 48
96.9037 2 0.966193 2.1846 -36.144 -0.613572 6.76926e-291 -8.71172e-291 0.789638 3.347 2.1 6 0.048 3 13 48
96.9203 2 0.966193 2.1846 -36.1569 -0.613572 6.76926e-291 -8.71172e-291 0.789638 3.347 2.1 6 0.048 3 13 48
96.937 2 0.966193 2.1846 -36.1698 -0.613572 6.76926e-291 -8.71172e-291 0.789638 3.347 2.1 6 0.048 3 13 48
96.9537 2 0.966193 2.1846 -36.1826 -0.613572 6.76926e-291 -8.71172e-291 0.789638 3.347 2.1 6 0.048 3 13 48
96.9703 2 0.966193 2.1846 -36.1954 -0.613572 6.76926e-291 -8.71172e-291 0.789638 3.347 2.1 6 0.048 3 13 48
96.987 2 0.966193 2.1846 -36.2081 -0.613572 6.76926e-291 -8.71172e-291 0.789638 3.347 2.1 6 0.048 3 13 48
97.0037 2 0.966193 2.1846 -36.2209 -0.613572 6.76926e-291 -8.71172e-291 0.789638 3.347 2.1 6 0.048 3 13 48
97.0203 2 0.966193 2.1846 -36.2336 -0.613572 6.76926e-291 -8.71172e-291 0.789638 3.347 2.1 6 0.048 3 13 48
97.037 2 0.966193 2.1846 -36.2464 -0.613572 6.76926e-291 -8.71172e-291 0.789638 3.347 2.1 6 0.048 3 13 48
97.0537 2 0.966193 2.1846 -36.2591 -0.613572 6.76926e-291 -8.71172e-291 0.789638 3.347 2.1 6 0.048 3 13 48
97.0703 2 0.966193 2.1846 -36.2718 -0.613572 6.76926e-291 -8.71172e-291 0.789638 3.347 2.1 6 0.048 3 13 48
97.087 2 0.966193 2.1846 -36.2845 -0.613572 6.76926e-291 -8.71172e-291 0.789638 3.347 2.1 6 0.048 3 13 48
97.1037 2 0.966193 2.1846 -36.2973 -0.613572 6.76926e-291 -8.71172e-291 0.789638 3.347 2.1 6 0.048 3 13 48
97.1203 2 0.966193 2.1846 -36.31 -0.613572 6.76926e-291 -8.71172e-291 0.789638 3.347 2.1 6 0.048 3 13 48
97.137 2 0.966193 2.1846 -36.3227 -0.613572 6.76926e-291 -8.71172e-291 0.789638 3.347 2.1 6 0.048 3 13 48
97.1537 2 0.966193 2.1846 -36.3354 -0.613572 6.76926e-291 -8.71172e-291 0.789638 3.347 2.1 6 0.048 3 13 48
97.1703 2 0.966193 2.1846 -36.3481 -0.613572 6.76926e-291 -8.71172e-291 0.789638 3.347 2.1 6 0.048 3 13 48
97.187 2 0.966193 2.1846 -36.3608 -0.613572 6.76926e-291 -8.71172e-291 0.789638 3.347 2.1 6 0.048 3 13 48
97.2037 2 0.966193 2.1846 -36.3735 -0.613572 6.76926e-291 -8.71172e-291 0.789638 3.347 2.1 6 0.048 3 13 48
97.2203 2 0.966193 2.1846 -36.3862 -0.613572 6.76926e-291 -8.71172e-291 0.789638 3.347 2.1 6 0.048 3 13 48
97.237 2 0.966193 2.1846 -36.3989 -0.613572 6.76926e-291 -8.71172e-291 0.789638 3.347 2.1 6 0.048 3 13 48
97.2537 2 0.966193 2.1846 -36.4117 -0.613572 6.76926e-291 -8.71172e-291 0.789638 3.347 2.1 6 0.048 3 13 48
97.2703 2 0.966193 2.1846 -36.4244 -0.613572 6.76926e-291 -8.71172e-291 0.789638 3.347 2.1 6 0.048 3 13 48
97.287 2 0.966193 2.1846 -36.4371 -0.613572 6.76926e-291 -8.71172e-291 0.789638 3.347 2.1 6 0.048 3 13 48
97.3037 2 0.966193 2.1846 -36.4498 -0.613572 6.76926e-291 -8.71172e-291 0.789638 3.347 2.1 6 0.048 3 13 48
97.3203 2 0.966193 2.1846 -36.4625 -0.613572 6.76926e-291 -8.71172e-291 0.789638 3.347 2.1 6 0.048 3 13 48
97.337 2 0.966193 2.1846 -36.4752 -0.613572 6.76926e-291 -8.71172e-291 0.789638 3.347 2.1 6 0.048 3 13 48
97.3537 2 0.966193 2.1846 -36.4879 -0.613572 6.76926e-291 -8.71172e-291 0.789638 3.347 2.1 6 0.048 3 13 48
97.3703 2 0.966193 2.1846 -36.5006 -0.613572 6.76926e-291 -8.71172e-291 0.789638 3.347 2.1 6 0.048 3 13 48
97.387 2 0.966193 2.1846 -36.5133 -0.613572 6.76926e-291 -8.71172e-291 0.789638 3.347 2.1 6 0.048 3 13 48
97.4037 2 0.966193 2.1846 -36.526 -0.613572 6.76926e-291 -8.71172e-291 0.789638 3.347 2.1 6 0.048 3 13 48
97.4203 2 0.966193 2.1846 -36.5387 -0.613572 6.76926e-291 -8.71172e-291 0.789638 3.347 2.1 6 0.048 3 13 48
97.437 2 0.966193 2.1846 -36.5514 -0.613572 6.76926e-291 -8.71172e-291 0.789638 3.347 2.1 6 0.048 3 13 48
97.4537 2 0.966193 2.1846 -36.5642 -0.613572 6.76926e-291 -8.71172e-291 0.789638 3.347 2.1 6 0.048 3 13 48
97.4703 2 0.966193 2.1846 -36.5769 -0.613572 6.76926e-291 -8.71172e-291 0.789638 3.347 2.1 6 0.048 3 13 48
97.487 2 0.966193 2.1846 -36.5896 -0.613572 6.76926e-291 -8.71172e-291 0.789638 3.347 2.1 6 0.048 3 13 48
97.5037 2 0.966193 2.1846 -36.6023 -0.613572 6.76926e-291 -8.71172e-291 0.789638 3.347 2.1 6 0.048 3 13 48
97.5203 2 0.966193 2.1846 -36.615 -0.613572 6.76926e-291 -8.71172e-291 0.789638 3.347 2.1 6 0.048 3 13 48
97.537 2 0.966193 2.1846 -36.6277 -0.613572 6.76926e-291 -8.71172e-291 0.789638 3.347 2.1 6 0.048 3 13 48
97.5537 2 0.966193 2.1846 -36.6404 -0.613572 6.76926e-291 -8.71172e-291 0.789638 3.347 2.1 6 0.048 3 13 48
97.5703 2 0.966193 2.1846 -36.6531 -0.613572 6.76926e-291 -8.71172e-291 0.789638 3.347 2.1 6 0.048 3 13 48
97.587 2 0.966193 2.1846 -36.6658 -0.613572 6.76926e-291 -8.71172e-291 0.789638 3.347 2.1 6 0.048 3 13 48
97.6037 2 0.966193 2.1846 -36.6785 -0.613572 6.76926e-291 -8.71172e-291 0.789638 3.347 2.1 6 0.048 3 13 48
97.6203 2 0.966193 2.1846 -36.6912 -0.613572 6.76926e-291 -8.71172e-291 0.789638 3.347 2.1 6 0.048 3 13 48
97.637 2 0.966193 2.1846 -36.7039 -0.613572 6.76926e-291 -8.71172e-291 0.789638 3.347 2.1 6 0.048 3 13 48
97.6537 2 0.966193 2.1846 -36.7167 -0.613572 6.76926e-291 -8.71172e-291 0.789638 3.347 2.1 6 0.048 3 13 48
97.6703 2 0.966193 2.1846 -36.7294 -0.613572 6.76926e-291 -8.71172e-291 0.789638 3.347 2.1 6 0.048 3 13 48
97.687 2 0.966193 2.1846 -36.7421 -0.613572 6.76926e-291 -8.71172e-291 0.789638 3.347 2.1 6 0.048 3 13 48
97.7037 2 0.966193 2.1846 -36.7548 -0.613572 6.76926e-291 -8.71172e-291 0.789638 3.347 2.1 6 0.048 3 13 48
97.7203 2 0.966193 2.1846 -36.7675 -0.613572 6.76926e-291 -8.71172e-291 0.789638 3.347 2.1 6 0.048 3 13 48
97.737 2 0.966193 2.1846 -36.7802 -0.613572 6.76926e-291 -8.71172e-291 0.789638 3.347 2.1 6 0.048 3 13 48
97.7537 2 0.966193 2.1846 -36.7929 -0.613572 6.76926e-291 -8.71172e-291 0.789638 3.347 2.1 6 0.048 3 13 48
97.7703 2 0.966193 2.1846 -36.8056 -0.613572 6.76926e-291 -8.71172e-291 0.789638 3.347 2.1 6 0.048 3 13 48
97.787 2 0.966193 2.1846 -36.8183 -0.613572 6.76926e-291 -8.71172e-291 0.789638 3.347 2.1 6 0.048 3 13 48
97.8037 2 0.966193 2.1846 -36.831 -0.613572 6.76926e-291 -8.71172e-291 0.789638 3.347 2.1 6 0.048 3 13 48
97.8203 2 0.966193 2.1846 -36.8437 -0.613572 6.76926e-291 -8.71172e-291 0.789638 3.347 2.1 6 0.048 3 13 48
97.837 2 0.966193 2.1846 -36.8564 -0.613572 6.76926e-291 -8.71172e-291 0.789638 3.347 2.1 6 0.048 3 13 48
97.8537 2 0.966193 2.1846 -36.8692 -0.613572 6.76926e-291 -8.71172e-291 0.789638 3.347 2.1 6 0.048 3 13 48
97.8703 2 0.966193 2.1846 -36.8819 -0.613572 6.76926e-291 -8.71172e-291 0.789638 3.347 2.1 6 0.048 3 13 48
97.887 2 0.966193 2.1846 -36.8946 -0.613572 6.76926e-291 -8.71172e-291 0.789638 3.347 2.1 6 0.048 3 13 48
97.9037 2 0.966193 2.1846 -36.9073 -0.613572 6.76926e-291 -8.71172e-291 0.789638 3.347 2.1 6 0.048 3 13 48
97.9203 2 0.966193 2.1846 -36.92 -0.613572 6.76926e-291 -8.71172e-291 0.789638 3.347 2.1 6 0.048 3 13 48
97.937 2 0.966193 2.1846 -36.9327 -0.613572 6.76926e-291 -8.71172e-291 0.789638 3.347 2.1 6 0.048 3 13 48
97.9537 2 0.966193 2.1846 -36.9454 -0.613572 6.76926e-291 -8.71172e-291 0.789638 3.347 2.1 6 0.048 3 13 48
97.9703 2 0.966193 2.1846 -36.9581 -0.613572 6.76926e-291 -8.71172e-291 0.789638 3.347 2.1 6 0.048 3 13 48
97.987 2 0.966193 2.1846 -36.9708 -0.613572 6.76926e-291 -8.71172e-291 0.789638 3.347 2.1 6 0.048 3 13 48
98.0037 2 0.966193 2.1846 -36.9835 -0.613572 6.76926e-291 -8.71172e-291 0.789638 3.347 2.1 6 0.048 3 13 48
98.0203 2 0.966193 2.1846 -36.9962 -0.613572 6.76926e-291 -8.71172e-291 0.789638 3.347 2.1 6 0.048 3 13 48
98.037 2 0.966193 2.1846 -37.0089 -0.613572 6.76926e-291 -8.71172e-291 0.789638 3.347 2.1 6 0.048 3 13 48
98.0537 2 0.966193 2.1846 -37.0217 -0.613572 6.76926e-291 -8.71172e-291 0.789638 3.347 2.1 6 0.048 3 13 48
98.0703 2 0.966193 2.1846 -37.0344 -0.613572 6.76926e-291 -8.71172e-291 0.789638 3.347 2.1 6 0.048 3 13 48
98.087 2 0.966193 2.1846 -37.0471 -0.613572 6.76926e-291 -8.71172e-291 0.789638 3.347 2.1 6 0.048 3 13 48
98.1037 2 0.966193 2.1846 -37.0598 -0.613572 6.76926e-291 -8.71172e-291 0.789638 3.347 2.1 6 0.048 3 13 48
98.1203 2 0.966193 2.1846 -37.0725 -0.613572 6.76926e-291 -8.71172e-291 0.789638 3.347 2.1 6 0.048 3 13 48
98.137 2 0.966193 2.1846 -37.0852 -0.613572 6.76926e-291 -8.71172e-291 0.789638 3.347 2.1 6 0.048 3 13 48
98.1537 2 0.966193 2.1846 -37.0979 -0.613572 6.76926e-291 -8.71172e-291 0.789638 3.347 2.1 6 0.048 3 13 48
98.1703 2 0.966193 2.1846 -37.1106 -0.613572 6.76926e-291 -8.71172e-291 0.789638 3.347 2.1 6 0.048 3 13 48
98.187 2 0.966193 2.1846 -37.1233 -0.613572 6.76926e-291 -8.71172e-291 0.789638 3.347 2.1 6 0.048 3 13 48
98.2037 2 0.966193 2.1846 -37.136 -0.613572 6.76926e-291 -8.71172e-291 0.789638 3.347 2.1 6 0.048 3 13 48
98.2203 2 0.966193 2.1846 -37.1487 -0.613572 6.76926e-291 -8.71172e-291 0.789638 3.347 2.1 6 0.048 3 13 48
98.237 2 0.966193 2.1846 -37.1614 -0.613572 6.76926e-291 -8.71172e-291 0.789638 3.347 2.1 6 0.048 3 13 48
98.2537 2 0.966193 2.1846 -37.1742 -0.613572 6.76926e-291 -8.71172e-291 0.789638 3.347 2.1 6 0.048 3 13 48
98.2703 2 0.966193 2.1846 -37.1869 -0.613572 6.76926e-291 -8.71172e-291 0.789638 3.347 2.1 6 0.048 3 13 48
98.287 2 0.966193 2.1846 -37.1996 -0.613572 6.76926e-291 -8.71172e-291 0.789638 3.347 2.1 6 0.048 3 13 48
98.3037 2 0.966193 2.1846 -37.2123 -0.613572 6.76926e-291 -8.71172e-291 0.789638 3.347 2.1 6 0.048 3 13 48
98.3203 2 0.966193 2.1846 -37.225 -0.613572 6.76926e-291 -8.71172e-291 0.789638 3.347 2.1 6 0.048 3 13 48
98.337 2 0.966193 2.1846 -37.2377 -0.613572 6.76926e-291 -8.71172e-291 0.789638 3.347 2.1 6 0.048 3 13 48
98.3537 2 0.966193 2.1846 -37.2504 -0.613572 6.76926e-291 -8.71172e-291 0.789638 3.347 2.1 6 0.048 3 13 48
98.3703 2 0.966193 2.1846 -37.2631 -0.613572 6.76926e-291 -8.71172e-291 0.789638 3.347 2.1 6 0.048 3 13 48
98.387 2 0.966193 2.1846 -37.2758 -0.613572 6.76926e-291 -8.71172e-291 0.789638 3.347 2.1 6 0.048 3 13 48
98.4037 2 0.966193 2.1846 -37.2885 -0.613572 6.76926e-291 -8.71172e-291 0.789638 3.347 2.1 6 0.048 3 13 48
98.4203 2 0.966193 2.1846 -37.3012 -0.613572 6.76926e-291 -8.71172e-291 0.789638 3.347 2.1 6 0.048 3 13 48
98.437 2 0.966193 2.1846 -37.3139 -0.613572 6.76926e-291 -8.71172e-291 0.789638 3.347 2.1 6 0.048 3 13 48
98.4537 2 0.966193 2.1846 -37.3267 -0.613572 6.76926e-291 -8.71172e-291 0.789638 3.347 2.1 6 0.048 3 13 48
98.4703 2 0.966193 2.1846 -37.3394 -0.613572 6.76926e-291 -8.71172e-291 0.789638 3.347 2.1 6 0.048 3 13 48
98.487 2 0.966193 2.1846 -37.3521 -0.613572 6.76926e-291 -8.71172e-291 0.789638 3.347 2.1 6 0.048 3 13 48
98.5037 2 0.966193 2.1846 -37.3648 -0.613572 6.76926e-291 -8.71172e-291 0.789638 3.347 2.1 6 0.048 3 13 48
98.5203 2 0.966193 2.1846 -37.3775 -0.613572 6.76926e-291 -8.71172e-291 0.789638 3.347 2.1 6 0.048 3 13 48
98.537 2 0.966193 2.1846 -37.3902 -0.613572 6.76926e-291 -8.71172e-291 0.789638 3.347 2.1 6 0.048 3 13 48
98.5537 2 0.966193 2.1846 -37.4029 -0.613572 6.76926e-291 -8.71172e-291 0.789638 3.347 2.1 6 0.048 3 13 48
98.5703 2 0.966193 2.1846 -37.4156 -0.613572 6.76926e-291 -8.71172e-291 0.789638 3.347 2.1 6 0.048 3 13 48
98.587 2 0.966193 2.1846 -37.4283 -0.613572 6.76926e-291 -8.71172e-291 0.789638 3.347 2.1 6 0.048 3 13 48
98.6037 2 0.966193 2.1846 -37.441 -0.613572 6.76926e-291 -8.71172e-291 0.789638 3.347 2.1 6 0.048 3 13 48
98.6203 2 0.966193 2.1846 -37.4537 -0.613572 6.76926e-291 -8.71172e-291 0.789638 3.347 2.1 6 0.048 3 13 48
98.637 2 0.966193 2.1846 -37.4664 -0.613572 6.76926e-291 -8.71172e-291 0.789638 3.347 2.1 6 0.048 3 13 48
98.6537 2 0.966193 2.1846 -37.4792 -0.613572 6.76926e-291 -8.71172e-291 0.789638 3.347 2.1 6 0.048 3 13 48
98.6703 2 0.966193 2.1846 -37.4919 -0.613572 6.76926e-291 -8.71172e-291 0.789638 3.347 2.1 6 0.048 3 13 48
98.687 2 0.966193 2.1846 -37.5046 -0.613572 6.76926e-291 -8.71172e-291 0.789638 3.347 2.1 6 0.048 3 13 48
98.7037 2 0.966193 2.1846 -37.5173 -0.613572 6.76926e-291 -8.71172e-291 0.789638 3.347 2.1 6 0.048 3 13 48
98.7203 2 0.966193 2.1846 -37.53 -0.613572 6.76926e-291 -8.71172e-291 0.789638 3.347 2.1 6 0.048 3 13 48
98.737 2 0.966193 2.1846 -37.5427 -0.613572 6.76926e-291 -8.71172e-291 0.789638 3.347 2.1 6 0.048 3 13 48
98.7537 2 0.966193 2.1846 -37.5554 -0.613572 6.76926e-291 -8.71172e-291 0.789638 3.347 2.1 6 0.048 3 13 48
98.7703 2 0.966193 2.1846 -37.5681 -0.613572 6.76926e-291 -8.71172e-291 0.789638 3.347 2.1 6 0.048 3 13 48
98.787 2 0.966193 2.1846 -37.5808 -0.613572 6.76926e-291 -8.71172e-291 0.789638 3.347 2.1 6 0.048 3 13 48
98.8037 2 0.966193 2.1846 -37.5935 -0.613572 6.76926e-291 -8.71172e-291 0.789638 3.347 2.1 6 0.048 3 13 48
98.8203 2 0.966193 2.1846 -37.6062 -0.613572 6.76926e-291 -8.71172e-291 0.789638 3.347 2.1 6 0.048 3 13 48
98.837 2 0.966193 2.1846 -37.6189 -0.613572 6.76926e-291 -8.71172e-291 0.789638 3.347 2.1 6 0.048 3 13 48
98.8537 2 0.966193 2.1846 -37.6317 -0.613572 6.76926e-291 -8.71172e-291 0.789638 3.347 2.1 6 0.048 3 13 48
98.8703 2 0.966193 2.1846 -37.6444 -0.613572 6.76926e-291 -8.71172e-291 0.789638 3.347 2.1 6 0.048 3 13 48
98.887 2 0.966193 2.1846 -37.6571 -0.613572 6.76926e-291 -8.71172e-291 0.789638 3.347 2.1 6 0.048 3 13 48
98.9037 2 0.966193 2.1846 -37.6698 -0.613572 6.76926e-291 -8.71172e-291 0.789638 3.347 2.1 6 0.048 3 13 48
98.9203 2 0.966193 2.1846 -37.6825 -0.613572 6.76926e-291 -8.71172e-291 0.789638 3.347 2.1 6 0.048 3 13 48
98.937 2 0.966193 2.1846 -37.6952 -0.613572 6.76926e-291 -8.71172e-291 0.789638 3.347 2.1 6 0.048 3 13 48
98.9537 2 0.966193 2.1846 -37.7079 -0.613572 6.76926e-291 -8.71172e-291 0.789638 3.347 2.1 6 0.048 3 13 48
98.9703 2 0.966193 2.1846 -37.7206 -0.613572 6.76926e-291 -8.71172e-291 0.789638 3.347 2.1 6 0.048 3 13 48
98.987 2 0.966193 2.1846 -37.7333 -0.613572 6.76926e-291 -8.71172e-291 0.789638 3.347 2.1 6 0.048 3 13 48
99.0037 2 0.966193 2.1846 -37.746 -0.613572 6.76926e-291 -8.71172e-291 0.789638 3.347 2.1 6 0.048 3 13 48
99.0203 2 0.966193 2.1846 -37.7587 -0.613572 6.76926e-291 -8.71172e-291 0.789638 3.347 2.1 6 0.048 3 13 48
99.037 2 0.966193 2.1846 -37.7714 -0.613572 6.76926e-291 -8.71172e-291 0.789638 3.347 2.1 6 0.048 3 13 48
99.0537 2 0.966193 2.1846 -37.7842 -0.613572 6.76926e-291 -8.71172e-291 0.789638 3.347 2.1 6 0.048 3 13 48
99.0703 2 0.966193 2.1846 -37.7969 -0.613572 6.76926e-291 -8.71172e-291 0.789638 3.347 2.1 6 0.048 3 13 48
99.087 2 0.966193 2.1846 -37.8096 -0.613572 6.76926e-291 -8.71172e-291 0.789638 3.347 2.1 6 0.048 3 13 48
99.1037 2 0.966193 2.1846 -37.8223 -0.613572 6.76926e-291 -8.71172e-291 0.789638 3.347 2.1 6 0.048 3 13 48
99.1203 2 0.966193 2.1846 -37.835 -0.613572 6.76926e-291 -8.71172e-291 0.789638 3.347 2.1 6 0.048 3 13 48
99.137 2 0.966193 2.1846 -37.8477 -0.613572 6.76926e-291 -8.71172e-291 0.789638 3.347 2.1 6 0.048 3 13 48
99.1537 2 0.966193 2.1846 -37.8604 -0.613572 6.76926e-291 -8.71172e-291 0.789638 3.347 2.1 6 0.048 3 13 48
99.1703 2 0.966193 2.1846 -37.8731 -0.613572 6.76926e-291 -8.71172e-291 0.789638 3.347 2.1 6 0.048 3 13 48
99.187 2 0.966193 2.1846 -37.8858 -0.613572 6.76926e-291 -8.71172e-291 0.789638 3.347 2.1 6 0.048 3 13 48
99.2037 2 0.966193 2.1846 -37.8985 -0.613572 6.76926e-291 -8.71172e-291 0.789638 3.347 2.1 6 0.048 3 13 48
99.2203 2 0.966193 2.1846 -37.9112 -0.613572 6.76926e-291 -8.71172e-291 0.789638 3.347 2.1 6 0.048 3 13 48
99.237 2 0.966193 2.1846 -37.9239 -0.613572 6.76926e-291 -8.71172e-291 0.789638 3.347 2.1 6 0.048 3 13 48
99.2537 2 0.966193 2.1846 -37.9367 -0.613572 6.76926e-291 -8.71172e-291 0.789638 3.347 2.1 6 0.048 3 13 48
99.2703 2 0.966193 2.1846 -37.9494 -0.613572 6.76926e-291 -8.71172e-291 0.789638 3.347 2.1 6 0.048 3 13 48
99.287 2 0.966193 2.1846 -37.9621 -0.613572 6.76926e-291 -8.71172e-291 0.789638 3.347 2.1 6 0.048 3 13 48
99.3037 2 0.966193 2.1846 -37.9748 -0.613572 6.76926e-291 -8.71172e-291 0.789638 3.347 2.1 6 0.048 3 13 48
99.3203 2 0.966193 2.1846 -37.9875 -0.613572 6.76926e-291 -8.71172e-291 0.789638 3.347 2.1 6 0.048 3 13 48
99.337 2 0.966193 2.1846 -38.0002 -0.613572 6.76926e-291 -8.71172e-291 0.789638 3.347 2.1 6 0.048 3 13 48
99.3537 2 0.966193 2.1846 -38.0129 -0.613572 6.76926e-291 -8.71172e-291 0.789638 3.347 2.1 6 0.048 3 13 48
99.3703 2 0.966193 2.1846 -38.0256 -0.613572 6.76926e-291 -8.71172e-291 0.789638 3.347 2.1 6 0.048 3 13 48
99.387 2 0.966193 2.1846 -38.0383 -0.613572 6.76926e-291 -8.71172e-291 0.789638 3.347 2.1 6 0.048 3 13 48
99.4037 2 0.966193 2.1846 -38.051 -0.613572 6.76926e-291 -8.71172e-291 0.789638 3.347 2.1 6 0.048 3 13 48
99.4203 2 0.966193 2.1846 -38.0637 -0.613572 6.76926e-291 -8.71172e-291 0.789638 3.347 2.1 6 0.048 3 13 48
99.437 2 0.966193 2.1846 -38.0764 -0.613572 6.76926e-291 -8.71172e-291 0.789638 3.347 2.1 6 0.048 3 13 48
99.4537 2 0.966193 2.1846 -38.0892 -0.613572 6.76926e-291 -8.71172e-291 0.789638 3.347 2.1 6 0.048 3 13 48
99.4703 2 0.966193 2.1846 -38.1019 -0.613572 6.76926e-291 -8.71172e-291 0.789638 3.347 2.1 6 0.048 3 13 48
99.487 2 0.966193 2.1846 -38.1146 -0.613572 6.76926e-291 -8.71172e-291 0.789638 3.347 2.1 6 0.048 3 13 48
99.5037 2 0.966193 2.1846 -38.1273 -0.613572 6.76926e-291 -8.71172e-291 0.789638 3.347 2.1 6 0.048 3 13 48
99.5203 2 0.966193 2.1846 -38.14 -0.613572 6.76926e-291 -8.71172e-291 0.789638 3.347 2.1 6 0.048 3 13 48
99.537 2 0.966193 2.1846 -38.1527 -0.613572 6.76926e-291 -8.71172e-291 0.789638 3.347 2.1 6 0.048 3 13 48
99.5537 2 0.966193 2.1846 -38.1654 -0.613572 6.76926e-291 -8.71172e-291 0.789638 3.347 2.1 6 0.048 3 13 48
99.5703 2 0.966193 2.1846 -38.1781 -0.613572 6.76926e-291 -8.71172e-291 0.789638 3.347 2.1 6 0.048 3 13 48
99.587 2 0.966193 2.1846 -38.1908 -0.613572 6.76926e-291 -8.71172e-291 0.789638 3.347 2.1 6 0.048 3 13 48
99.6037 2 0.966193 2.1846 -38.2035 -0.613572 6.76926e-291 -8.71172e-291 0.789638 3.347 2.1 6 0.048 3 13 48
99.6203 2 0.966193 2.1846 -38.2162 -0.613572 6.76926e-291 -8.71172e-291 0.789638 3.347 2.1 6 0.048 3 13 48
99.637 2 0.966193 2.1846 -38.2289 -0.613572 6.76926e-291 -8.71172e-291 0.789638 3.347 2.1 6 0.048 3 13 48
99.6537 2 0.966193 2.1846 -38.2417 -0.613572 6.76926e-291 -8.71172e-291 0.789638 3.347 2.1 6 0.048 3 13 48
99.6703 2 0.966193 2.1846 -38.2544 -0.613572 6.76926e-291 -8.71172e-291 0.789638 3.347 2.1 6 0.048 3 13 48
99.687 2 0.966193 2.1846 -38.2671 -0.613572 6.76926e-291 -8.71172e-291 0.789638 3.347 2.1 6 0.048 3 13 48
99.7037 2 0.966193 2.1846 -38.2798 -0.613572 6.76926e-291 -8.71172e-291 0.789638 3.347 2.1 6 0.048 3 13 48
99.7203 2 0.966193 2.1846 -38.2925 -0.613572 6.76926e-291 -8.71172e-291 0.789638 3.347 2.1 6 0.048 3 13 48
99.737 2 0.966193 2.1846 -38.3052 -0.613572 6.76926e-291 -8.71172e-291 0.789638 3.347 2.1 6 0.048 3 13 48
99.7537 2 0.966193 2.1846 -38.3179 -0.613572 6.76926e-291 -8.71172e-291 0.789638 3.347 2.1 6 0.048 3 13 48
99.7703 2 0.966193 2.1846 -38.3306 -0.613572 6.76926e-291 -8.71172e-291 0.789638 3.347 2.1 6 0.048 3 13 48
99.787 2 0.966193 2.1846 -38.3433 -0.613572 6.76926e-291 -8.71172e-291 0.789638 3.347 2.1 6 0.048 3 13 48
99.8037 2 0.966193 2.1846 -38.356 -0.613572 6.76926e-291 -8.71172e-291 0.789638 3.347 2.1 6 0.048 3 13 48
99.8203 2 0.966193 2.1846 -38.3687 -0.613572 6.76926e-291 -8.71172e-291 0.789638 3.347 2.1 6 0.048 3 13 48
99.837 2 0.966193 2.1846 -38.3814 -0.613572 6.76926e-291 -8.71172e-291 0.789638 3.347 2.1 6 0.048 3 13 48
99.8537 2 0.966193 2.1846 -38.3942 -0.613572 6.76926e-291 -8.71172e-291 0.789638 3.347 2.1 6 0.048 3 13 48
99.8703 2 0.966193 2.1846 -38.4069 -0.613572 6.76926e-291 -8.71172e-291 0.789638 3.347 2.1 6 0.048 3 13 48
99.887 2 0.966193 2.1846 -38.4196 -0.613572 6.76926e-291 -8.71172e-291 0.789638 3.347 2.1 6 0.048 3 13 48
99.9037 2 0.966193 2.1846 -38.4323 -0.613572 6.76926e-291 -8.71172e-291 0.789638 3.347 2.1 6 0.048 3 13 48
99.9203 2 0.966193 2.1846 -38.445 -0.613572 6.76926e-291 -8.71172e-291 0.789638 3.347 2.1 6 0.048 3 13 48
99.937 2 0.966193 2.1846 -38.4577 -0.613572 6.76926e-291 -8.71172e-291 0.789638 3.347 2.1 6 0.048 3 13 48
99.9537 2 0.966193 2.1846 -38.4704 -0.613572 6.76926e-291 -8.71172e-291 0.789638 3.347 2.1 6 0.048 3 13 48
99.9703 2 0.966193 2.1846 -38.4831 -0.613572 6.76926e-291 -8.71172e-291 0.789638 3.347 2.1 6 0.048 3 13 48
99.987 2 0.966193 2.1846 -38.4958 -0.613572 6.76926e-291 -8.71172e-291 0.789638 3.347 2.1 6 0.048 3 13 48
100.004 2 0.966193 2.1846 -38.5085 -0.613572 6.76926e-291 -8.71172e-291 0.789638 3.347 2.1 6 0.048 3 13 48
100.02 2 0.966193 2.1846 -38.5212 -0.613572 6.76926e-291 -8.71172e-291 0.789638 3.347 2.1 6 0.048 3 13 48
100.037 2 0.966193 2.1846 -38.5339 -0.613572 6.76926e-291 -8.71172e-291 0.789638 3.347 2.1 6 0.048 3 13 48
100.054 2 0.966193 2.1846 -38.5467 -0.613572 6.76926e-291 -8.71172e-291 0.789638 3.347 2.1 6 0.048 3 13 48
100.07 2 0.966193 2.1846 -38.5594 -0.613572 6.76926e-291 -8.71172e-291 0.789638 3.347 2.1 6 0.048 3 13 48
100.087 2 0.966193 2.1846 -38.5721 -0.613572 6.76926e-291 -8.71172e-291 0.789638 3.347 2.1 6 0.048 3 13 48
100.104 2 0.966193 2.1846 -38.5848 -0.613572 6.76926e-291 -8.71172e-291 0.789638 3.347 2.1 6 0.048 3 13 48
100.12 2 0.966193 2.1846 -38.5975 -0.613572 6.76926e-291 -8.71172e-291 0.789638 3.347 2.1 6 0.048 3 13 48
100.137 2 0.966193 2.1846 -38.6102 -0.613572 6.76926e-291 -8.71172e-291 0.789638 3.347 2.1 6 0.048 3 13 48
100.154 2 0.966193 2.1846 -38.6229 -0.613572 6.76926e-291 -8.71172e-291 0.789638 3.347 2.1 6 0.048 3 13 48
100.17 2 0.966193 2.1846 -38.6356 -0.613572 6.76926e-291 -8.71172e-291 0.789638 3.347 2.1 6 0.048 3 13 48
100.187 2 0.966193 2.1846 -38.6483 -0.613572 6.76926e-291 -8.71172e-291 0.789638 3.347 2.1 6 0.048 3 13 48
100.204 2 0.966193 2.1846 -38.661 -0.613572 6.76926e-291 -8.71172e-291 0.789638 3.347 2.1 6 0.048 3 13 48
100.22 2 0.966193 2.1846 -38.6737 -0.613572 6.76926e-291 -8.71172e-291 0.789638 3.347 2.1 6 0.048 3 13 48
100.237 2 0.966193 2.1846 -38.6864 -0.613572 6.76926e-291 -8.71172e-291 0.789638 3.347 2.1 6 0.048 3 13 48
100.254 2 0.966193 2.1846 -38.6992 -0.613572 6.76926e-291 -8.71172e-291 0.789638 3.347 2.1 6 0.048 3 13 48
100.27 2 0.966193 2.1846 -38.7119 -0.613572 6.76926e-291 -8.71172e-291 0.789638 3.347 2.1 6 0.048 3 13 48
100.287 2 0.966193 2.1846 -38.7246 -0.613572 6.76926e-291 -8.71172e-291 0.789638 3.347 2.1 6 0.048 3 13 48
100.304 2 0.966193 2.1846 -38.7373 -0.613572 6.76926e-291 -8.71172e-291 0.789638 3.347 2.1 6 0.048 3 13 48
100.32 2 0.966193 2.1846 -38.75 -0.613572 6.76926e-291 -8.71172e-291 0.789638 3.347 2.1 6 0.048 3 13 48
100.337 2 0.966193 2.1846 -38.7627 -0.613572 6.76926e-291 -8.71172e-291 0.789638 3.347 2.1 6 0.048 3 13 48
100.354 2 0.966193 2.1846 -38.7754 -0.613572 6.76926e-291 -8.71172e-291 0.789638 3.347 2.1 6 0.048 3 13 48
100.37 2 0.966193 2.1846 -38.7881 -0.613572 6.76926e-291 -8.71172e-291 0.789638 3.347 2.1 6 0.048 3 13 48
100.387 2 0.966193 2.1846 -38.8008 -0.613572 6.76926e-291 -8.71172e-291 0.789638 3.347 2.1 6 0.048 3 13 48
100.404 2 0.966193 2.1846 -38.8135 -0.613572 6.76926e-291 -8.71172e-291 0.789638 3.347 2.1 6 0.048 3 13 48
100.42 2 0.966193 2.1846 -38.8262 -0.613572 6.76926e-291 -8.71172e-291 0.789638 3.347 2.1 6 0.048 3 13 48
100.437 2 0.966193 2.1846 -38.8389 -0.613572 6.76926e-291 -8.71172e-291 0.789638 3.347 2.1 6 0.048 3 13 48
100.454 2 0.966193 2.1846 -38.8517 -0.613572 6.76926e-291 -8.71172e-291 0.789638 3.347 2.1 6 0.048 3 13 48
100.47 2 0.966193 2.1846 -38.8644 -0.613572 6.76926e-291 -8.71172e-291 0.789638 3.347 2.1 6 0.048 3 13 48
100.487 2 0.966193 2.1846 -38.8771 -0.613572 6.76926e-291 -8.71172e-291 0.789638 3.347 2.1 6 0.048 3 13 48
100.504 2 0.966193 2.1846 -38.8898 -0.613572 6.76926e-291 -8.71172e-291 0.789638 3.347 2.1 6 0.048 3 13 48
100.52 2 0.966193 2.1846 -38.9025 -0.613572 6.76926e-291 -8.71172e-291 0.789638 3.347 2.1 6 0.048 3 13 48
100.537 2 0.966193 2.1846 -38.9152 -0.613572 6.76926e-291 -8.71172e-291 0.789638 3.347 2.1 6 0.048 3 13 48
100.554 2 0.966193 2.1846 -38.9279 -0.613572 6.76926e-291 -8.71172e-291 0.789638 3.347 2.1 6 0.048 3 13 48
100.57 2 0.966193 2.1846 -38.9406 -0.613572 6.76926e-291 -8.71172e-291 0.789638 3.347 2.1 6 0.048 3 13 48
100.587 2 0.966193 2.1846 -38.9533 -0.613572 6.76926e-291 -8.71172e-291 0.789638 3.347 2.1 6 0.048 3 13 48
100.604 2 0.966193 2.1846 -38.966 -0.613572 6.76926e-291 -8.71172e-291 0.789638 3.347 2.1 6 0.048 3 13 48
100.62 2 0.966193 2.1846 -38.9787 -0.613572 6.76926e-291 -8.71172e-291 0.789638 3.347 2.1 6 0.048 3 13 48
100.637 2 0.966193 2.1846 -38.9914 -0.613572 6.76926e-291 -8.71172e-291 0.789638 3.347 2.1 6 0.048 3 13 48
100.654 2 0.966193 2.1846 -39.0042 -0.613572 6.76926e-291 -8.71172e-291 0.789638 3.347 2.1 6 0.048 3 13 48
100.67 2 0.966193 2.1846 -39.0169 -0.613572 6.76926e-291 -8.71172e-291 0.789638 3.347 2.1 6 0.048 3 13 48
100.687 2 0.966193 2.1846 -39.0296 -0.613572 6.76926e-291 -8.71172e-291 0.789638 3.347 2.1 6 0.048 3 13 48
100.704 2 0.966193 2.1846 -39.0423 -0.613572 6.76926e-291 -8.71172e-291 0.789638 3.347 2.1 6 0.048 3 13 48
100.72 2 0.966193 2.1846 -39.055 -0.613572 6.76926e-291 -8.71172e-291 0.789638 3.347 2.1 6 0.048 3 13 48
100.737 2 0.966193 2.1846 -39.0677 -0.613572 6.76926e-291 -8.71172e-291 0.789638 3.347 2.1 6 0.048 3 13 48
100.754 2 0.966193 2.1846 -39.0804 -0.613572 6.76926e-291 -8.71172e-291 0.789638 3.347 2.1 6 0.048 3 13 48
100.77 2 0.966193 2.1846 -39.0931 -0.613572 6.76926e-291 -8.71172e-291 0.789638 3.347 2.1 6 0.048 3 13 48
100.787 2 0.966193 2.1846 -39.1058 -0.613572 6.76926e-291 -8.71172e-291 0.789638 3.347 2.1 6 0.048 3 13 48
100.804 2 0.966193 2.1846 -39.1185 -0.613572 6.76926e-291 -8.71172e-291 0.789638 3.347 2.1 6 0.048 3 13 48
100.82 2 0.966193 2.1846 -39.1312 -0.613572 6.76926e-291 -8.71172e-291 0.789638 3.347 2.1 6 0.048 3 13 48
100.837 2 0.966193 2.1846 -39.1439 -0.613572 6.76926e-291 -8.71172e-291 0.789638 3.347 2.1 6 0.048 3 13 48
100.854 2 0.966193 2.1846 -39.1567 -0.613572 6.76926e-291 -8.71172e-291 0.789638 3.347 2.1 6 0.048 3 13 48
100.87 2 0.966193 2.1846 -39.1694 -0.613572 6.76926e-291 -8.71172e-291 0.789638 3.347 2.1 6 0.048 3 13 48
100.887 2 0.966193 2.1846 -39.1821 -0.613572 6.76926e-291 -8.71172e-291 0.789638 3.347 2.1 6 0.048 3 13 48
100.904 2 0.966193 2.1846 -39.1948 -0.613572 6.76926e-291 -8.71172e-291 0.789638 3.347 2.1 6 0.048 3 13 48
100.92 2 0.966193 2.1846 -39.2075 -0.613572 6.76926e-291 -8.71172e-291 0.789638 3.347 2.1 6 0.048 3 13 48
100.937 2 0.966193 2.1846 -39.2202 -0.613572 6.76926e-291 -8.71172e-291 0.789638 3.347 2.1 6 0.048 3 13 48
100.954 2 0.966193 2.1846 -39.2329 -0.613572 6.76926e-291 -8.71172e-291 0.789638 3.347 2.1 6 0.048 3 13 48
100.97 2 0.966193 2.1846 -39.2456 -0.613572 6.76926e-291 -8.71172e-291 0.789638 3.347 2.1 6 0.048 3 13 48
100.987 2 0.966193 2.1846 -39.2583 -0.613572 6.76926e-291 -8.71172e-291 0.789638 3.347 2.1 6 0.048 3 13 48
101.004 2 0.966193 2.1846 -39.271 -0.613572 6.76926e-291 -8.71172e-291 0.789638 3.347 2.1 6 0.048 3 13 48
101.02 2 0.966193 2.1846 -39.2837 -0.613572 6.76926e-291 -8.71172e-291 0.789638 3.347 2.1 6 0.048 3 13 48
101.037 2 0.966193 2.1846 -39.2964 -0.613572 6.76926e-291 -8.71172e-291 0.789638 3.347 2.1 6 0.048 3 13 48
101.054 2 0.966193 2.1846 -39.3092 -0.613572 6.76926e-291 -8.71172e-291 0.789638 3.347 2.1 6 0.048 3 13 48
101.07 2 0.966193 2.1846 -39.3219 -0.613572 6.76926e-291 -8.71172e-291 0.789638 3.347 2.1 6 0.048 3 13 48
101.087 2 0.966193 2.1846 -39.3346 -0.613572 6.76926e-291 -8.71172e-291 0.789638 3.347 2.1 6 0.048 3 13 48
101.104 2 0.966193 2.1846 -39.3473 -0.613572 6.76926e-291 -8.71172e-291 0.789638 3.347 2.1 6 0.048 3 13 48
101.12 2 0.966193 2.1846 -39.36 -0.613572 6.76926e-291 -8.71172e-291 0.789638 3.347 2.1 6 0.048 3 13 48
101.137 2 0.966193 2.1846 -39.3727 -0.613572 6.76926e-291 -8.71172e-291 0.789638 3.347 2.1 6 0.048 3 13 48
101.154 2 0.966193 2.1846 -39.3854 -0.613572 6.76926e-291 -8.71172e-291 0.789638 3.347 2.1 6 0.048 3 13 48
101.17 2 0.966193 2.1846 -39.3981 -0.613572 6.76926e-291 -8.71172e-291 0.789638 3.347 2.1 6 0.048 3 13 48
101.187 2 0.966193 2.1846 -39.4108 -0.613572 6.76926e-291 -8.71172e-291 0.789638 3.347 2.1 6 0.048 3 13 48
101.204 2 0.966193 2.1846 -39.4235 -0.613572 6.76926e-291 -8.71172e-291 0.789638 3.347 2.1 6 0.048 3 13 48
101.22 2 0.966193 2.1846 -39.4362 -0.613572 6.76926e-291 -8.71172e-291 0.789638 3.347 2.1 6 0.048 3 13 48
101.237 2 0.966193 2.1846 -39.4489 -0.613572 6.76926e-291 -8.71172e-291 0.789638 3.347 2.1 6 0.048 3 13 48
101.254 2 0.966193 2.1846 -39.4617 -0.613572 6.76926e-291 -8.71172e-291 0.789638 3.347 2.1 6 0.048 3 13 48
101.27 2 0.966193 2.1846 -39.4744 -0.613572 6.76926e-291 -8.71172e-291 0.789638 3.347 2.1 6 0.048 3 13 48
101.287 2 0.966193 2.1846 -39.4871 -0.613572 6.76926e-291 -8.71172e-291 0.789638 3.347 2.1 6 0.048 3 13 48
101.304 2 0.966193 2.1846 -39.4998 -0.613572 6.76926e-291 -8.71172e-291 0.789638 3.347 2.1 6 0.048 3 13 48
101.32 2 0.966193 2.1846 -39.5125 -0.613572 6.76926e-291 -8.71172e-291 0.789638 3.347 2.1 6 0.048 3 13 48
101.337 2 0.966193 2.1846 -39.5252 -0.613572 6.76926e-291 -8.71172e-291 0.789638 3.347 2.1 6 0.048 3 13 48
101.354 2 0.966193 2.1846 -39.5379 -0.613572 6.76926e-291 -8.71172e-291 0.789638 3.347 2.1 6 0.048 3 13 48
101.37 2 0.966193 2.1846 -39.5506 -0.613572 6.76926e-291 -8.71172e-291 0.789638 3.347 2.1 6 0.048 3 13 48
101.387 2 0.966193 2.1846 -39.5633 -0.613572 6.76926e-291 -8.71172e-291 0.789638 3.347 2.1 6 0.048 3 13 48
101.404 2 0.966193 2.1846 -39.576 -0.613572 6.76926e-291 -8.71172e-291 0.789638 3.347 2.1 6 0.048 3 13 48
101.42 2 0.966193 2.1846 -39.5887 -0.613572 6.76926e-291 -8.71172e-291 0.789638 3.347 2.1 6 0.048 3 13 48
101.437 2 0.966193 2.1846 -39.6014 -0.613572 6.76926e-291 -8.71172e-291 0.789638 3.347 2.1 6 0.048 3 13 48
101.454 2 0.966193 2.1846 -39.6142 -0.613572 6.76926e-291 -8.71172e-291 0.789638 3.347 2.1 6 0.048 3 13 48
101.47 2 0.966193 2.1846 -39.6269 -0.613572 6.76926e-291 -8.71172e-291 0.789638 3.347 2.1 6 0.048 3 13 48
101.487 2 0.966193 2.1846 -39.6396 -0.613572 6.76926e-291 -8.71172e-291 0.789638 3.347 2.1 6 0.048 3 13 48
101.504 2 0.966193 2.1846 -39.6523 -0.613572 6.76926e-291 -8.71172e-291 0.789638 3.347 2.1 6 0.048 3 13 48
101.52 2 0.966193 2.1846 -39.665 -0.613572 6.76926e-291 -8.71172e-291 0.789638 3.347 2.1 6 0.048 3 13 48
101.537 2 0.966193 2.1846 -39.6777 -0.613572 6.76926e-291 -8.71172e-291 0.789638 3.347 2.1 6 0.048 3 13 48
101.554 2 0.96648 2.18453 -39.6904 -0.613572 6.76926e-291 -8.71172e-291 0.789638 3.347 2.1 6 0.048 3 13 48
101.57 2 0.983252 2.18048 -39.7031 -0.613572 6.76926e-291 -8.71172e-291 0.789638 3.347 2.1 6 0.048 3 13 48
101.587 2 0.998846 2.17708 -39.7158 -0.613572 6.76926e-291 -8.71172e-291 0.789638 3.347 2.1 6 0.048 3 13 48
101.604 2 1.01357 2.17417 -39.7285 -0.613572 6.76926e-291 -8.71172e-291 0.789638 3.347 2.1 6 0.048 3 13 48
101.62 2 1.02766 2.17161 -39.7412 -0.613572 6.76926e-291 -8.71172e-291 0.789638 3.347 2.1 6 0.048 3 13 48
101.637 2 1.04128 2.16932 -39.7539 -0.613572 6.76926e-291 -8.71172e-291 0.789638 3.347 2.1 6 0.048 3 13 48
101.654 2 1.05456 2.16721 -39.7667 -0.613572 6.76926e-291 -8.71172e-291 0.789638 3.347 2.1 6 0.048 3 13 48
101.67 2 1.06758 2.16525 -39.7794 -0.613572 6.76926e-291 -8.71172e-291 0.789638 3.347 2.1 6 0.048 3 13 48
101.687 2 1.08041 2.16339 -39.7921 -0.613572 6.76926e-291 -8.71172e-291 0.789638 3.347 2.1 6 0.048 3 13 48
101.704 2 1.09311 2.16161 -39.8048 -0.613572 6.76926e-291 -8.71172e-291 0.789638 3.347 2.1 6 0.048 3 13 48
101.72 2 1.1057 2.15988 -39.8175 -0.613572 6.76926e-291 -8.71172e-291 0.789638 3.347 2.1 6 0.048 3 13 48
101.737 2 1.11823 2.1582 -39.8302 -0.613572 6.76926e-291 -8.71172e-291 0.789638 3.347 2.1 6 0.048 3 13 48
101.754 2 1.13069 2.15654 -39.8429 -0.613572 6.76926e-291 -8.71172e-291 0.789638 3.347 2.1 6 0.048 3 13 48
101.77 2 1.14312 2.15491 -39.8556 -0.613572 6.76926e-291 -8.71172e-291 0.789638 3.347 2.1 6 0.048 3 13 48
101.787 2 1.15551 2.1533 -39.8683 -0.613572 6.76926e-291 -8.71172e-291 0.789638 3.347 2.1 6 0.048 3 13 48
101.804 2 1.16789 2.15169 -39.881 -0.613572 6.76926e-291 -8.71172e-291 0.789638 3.347 2.1 6 0.048 3 13 48
101.82 2 1.18025 2.1501 -39.8937 -0.613572 6.76926e-291 -8.71172e-291 0.789638 3.347 2.1 6 0.048 3 13 48
101.837 2 1.1926 2.14851 -39.9064 -0.613572 6.76926e-291 -8.71172e-291 0.789638 3.347 2.1 6 0.048 3 13 48
101.854 2 1.20493 2.14693 -39.9192 -0.613572 6.76926e-291 -8.71172e-291 0.789638 3.347 2.1 6 0.048 3 13 48
101.87 2 1.21727 2.14535 -39.9319 -0.613572 6.76926e-291 -8.71172e-291 0.789638 3.347 2.1 6 0.048 3 13 48
101.887 2 1.22959 2.14377 -39.9446 -0.613572 6.76926e-291 -8.71172e-291 0.789638 3.347 2.1 6 0.048 3 13 48
101.904 2 1.24192 2.14219 -39.9573 -0.613572 6.76926e-291 -8.71172e-291 0.789638 3.347 2.1 6 0.048 3 13 48
101.92 2 1.25424 2.14062 -39.97 -0.613572 6.76926e-291 -8.71172e-291 0.789638 3.347 2.1 6 0.048 3 13 48
101.937 2 1.26656 2.13905 -39.9827 -0.613572 6.76926e-291 -8.71172e-291 0.789638 3.347 2.1 6 0.048 3 13 48
101.954 2 1.27888 2.13748 -39.9954 -0.613572 6.76926e-291 -8.71172e-291 0.789638 3.347 2.1 6 0.048 3 13 48
101.97 2 1.29119 2.1359 -40.0081 -0.613572 6.76926e-291 -8.71172e-291 0.789638 3.347 2.1 6 0.048 3 13 48
101.987 2 1.30351 2.13433 -40.0208 -0.613572 6.76926e-291 -8.71172e-291 0.789638 3.347 2.1 6 0.048 3 13 48
102.004 2 1.31583 2.13276 -40.0335 -0.613572 6.76926e-291 -8.71172e-291 0.789638 3.347 2.1 6 0.048 3 13 48
102.02 2 1.32814 2.13119 -40.0462 -0.613572 6.76926e-291 -8.71172e-291 0.789638 3.347 2.1 6 0.048 3 13 48
102.037 2 1.34046 2.12962 -40.0589 -0.613572 6.76926e-291 -8.71172e-291 0.789638 3.347 2.1 6 0.048 3 13 48
102.054 2 1.35277 2.12805 -40.0717 -0.613572 6.76926e-291 -8.71172e-291 0.789638 3.347 2.1 6 0.048 3 13 48
102.07 2 1.36509 2.12648 -40.0844 -0.613572 6.76926e-291 -8.71172e-291 0.789638 3.347 2.1 6 0.048 3 13 48
102.087 2 1.3774 2.12491 -40.0971 -0.613572 6.76926e-291 -8.71172e-291 0.789638 3.347 2.1 6 0.048 3 13 48
102.104 2 1.38972 2.12334 -40.1098 -0.613572 6.76926e-291 -8.71172e-291 0.789638 3.347 2.1 6 0.048 3 13 48
102.12 2 1.40203 2.12177 -40.1225 -0.613572 6.76926e-291 -8.71172e-291 0.789638 3.347 2.1 6 0.048 3 13 48
102.137 2 1.41435 2.1202 -40.1352 -0.613572 6.76926e-291 -8.71172e-291 0.789638 3.347 2.1 6 0.048 3 13 48
102.154 2 1.42666 2.11863 -40.1479 -0.613572 6.76926e-291 -8.71172e-291 0.789638 3.347 2.1 6 0.048 3 13 48
102.17 2 1.43897 2.11706 -40.1606 -0.613572 6.76926e-291 -8.71172e-291 0.789638 3.347 2.1 6 0.048 3 13 48
102.187 2 1.45129 2.11549 -40.1733 -0.613572 6.76926e-291 -8.71172e-291 0.789638 3.347 2.1 6 0.048 3 13 48
102.204 2 1.4636 2.11392 -40.186 -0.613572 6.76926e-291 -8.71172e-291 0.789638 3.347 2.1 6 0.048 3 13 48
102.22 2 1.47592 2.11235 -40.1987 -0.613572 6.76926e-291 -8.71172e-291 0.789638 3.347 2.1 6 0.048 3 13 48
102.237 2 1.48823 2.11078 -40.2114 -0.613572 6.76926e-291 -8.71172e-291 0.789638 3.347 2.1 6 0.048 3 13 48
102.254 2 1.50055 2.10921 -40.2242 -0.613572 6.76926e-291 -8.71172e-291 0.789638 3.347 2.1 6 0.048 3 13 48
102.27 2 1.51286 2.10764 -40.2369 -0.613572 6.76926e-291 -8.71172e-291 0.789638 3.347 2.1 6 0.048 3 13 48
102.287 2 1.52518 2.10607 -40.2496 -0.613572 6.76926e-291 -8.71172e-291 0.789638 3.347 2.1 6 0.048 3 13 48
102.304 2 1.53749 2.1045 -40.2623 -0.613572 6.76926e-291 -8.71172e-291 0.789638 3.347 2.1 6 0.048 3 13 48
102.32 2 1.5498 2.10293 -40.275 -0.613572 6.76926e-291 -8.71172e-291 0.789638 3.347 2.1 6 0.048 3 13 48
102.337 2 1.56212 2.10136 -40.2877 -0.613572 6.76926e-291 -8.71172e-291 0.789638 3.347 2.1 6 0.048 3 13 48
102.354 2 1.57443 2.09979 -40.3004 -0.613572 6.76926e-291 -8.71172e-291 0.789638 3.347 2.1 6 0.048 3 13 48
102.37 2 1.58675 2.09822 -40.3131 -0.613572 6.76926e-291 -8.71172e-291 0.789638 3.347 2.1 6 0.048 3 13 48
102.387 2 1.59906 2.09665 -40.3258 -0.613572 6.76926e-291 -8.71172e-291 0.789638 3.347 2.1 6 0.048 3 13 48
102.404 2 1.61138 2.09508 -40.3385 -0.613572 6.76926e-291 -8.71172e-291 0.789638 3.347 2.1 6 0.048 3 13 48
102.42 2 1.62369 2.09351 -40.3512 -0.613572 6.76926e-291 -8.71172e-291 0.789638 3.347 2.1 6 0.048 3 13 48
102.437 2 1.63601 2.09194 -40.3637 -0.613572 6.76926e-291 -8.71172e-291 0.789638 3.347 2.1 6 0.048 3 13 48
102.454 2 1.64832 2.09037 -40.3591 -0.613572 6.76926e-291 -8.71172e-291 0.789638 3.347 2.1 6 0.048 3 13 48
102.47 2 1.66063 2.0888 -40.3557 -0.613572 6.76926e-291 -8.71172e-291 0.789638 3.347 2.1 6 0.048 3 13 48
102.487 2 1.67295 2.08723 -40.3532 -0.613572 6.76926e-291 -8.71172e-291 0.789638 3.347 2.1 6 0.048 3 13 48
102.504 2 1.68526 2.08566 -40.3513 -0.613572 6.76926e-291 -8.71172e-291 0.789638 3.347 2.1 6 0.048 3 13 48
102.52 2 1.69758 2.08409 -40.35 -0.613572 6.76926e-291 -8.71172e-291 0.789638 3.347 2.1 6 0.048 3 13 48
102.537 2 1.70989 2.08253 -40.349 -0.613572 6.76926e-291 -8.71172e-291 0.789638 3.347 2.1 6 0.048 3 13 48
102.554 2 1.72221 2.08096 -40.3483 -0.613572 6.76926e-291 -8.71172e-291 0.789638 3.347 2.1 6 0.048 3 13 48
102.57 2 1.73452 2.07939 -40.3477 -0.613572 6.76926e-291 -8.71172e-291 0.789638 3.347 2.1 6 0.048 3 13 48
102.587 2 1.74683 2.07782 -40.3473 -0.613572 6.76926e-291 -8.71172e-291 0.789638 3.347 2.1 6 0.048 3 13 48
102.604 2 1.75915 2.07625 -40.3471 -0.613572 6.76926e-291 -8.71172e-291 0.789638 3.347 2.1 6 0.048 3 13 48
102.62 2 1.77146 2.07468 -40.3468 -0.613572 6.76926e-291 -8.71172e-291 0.789638 3.347 2.1 6 0.048 3 13 48
102.637 2 1.78378 2.07311 -40.3467 -0.613572 6.76926e-291 -8.71172e-291 0.789638 3.347 2.1 6 0.048 3 13 48
102.654 2 1.79609 2.07154 -40.3466 -0.613572 6.76926e-291 -8.71172e-291 0.789638 3.347 2.1 6 0.048 3 13 48
102.67 2 1.80841 2.06997 -40.3465 -0.613572 6.76926e-291 -8.71172e-291 0.789638 3.347 2.1 6 0.048 3 13 48
102.687 2 1.82072 2.0684 -40.3464 -0.613572 6.76926e-291 -8.71172e-291 0.789638 3.347 2.1 6 0.048 3 13 48
102.704 2 1.83304 2.06683 -40.3464 -0.613572 6.76926e-291 -8.71172e-291 0.789638 3.347 2.1 6 0.048 3 13 48
102.72 2 1.84535 2.06526 -40.3463 -0.613572 6.76926e-291 -8.71172e-291 0.789638 3.347 2.1 6 0.048 3 13 48
102.737 2 1.85766 2.06369 -40.3463 -0.613572 6.76926e-291 -8.71172e-291 0.789638 3.347 2.1 6 0.048 3 13 48
102.754 2 1.86998 2.06212 -40.3463 -0.613572 6.76926e-291 -8.71172e-291 0.789638 3.347 2.1 6 0.048 3 13 48
102.77 2 1.88229 2.06055 -40.3463 -0.613572 6.76926e-291 -8.71172e-291 0.789638 3.347 2.1 6 0.048 3 13 48
102.787 2 1.89461 2.05898 -40.3463 -0.613572 6.76926e-291 -8.71172e-291 0.789638 3.347 2.1 6 0.048 3 13 48
102.804 2 1.90692 2.05741 -40.3463 -0.613572 6.76926e-291 -8.71172e-291 0.789638 3.347 2.1 6 0.048 3 13 48
102.82 2 1.91924 2.05584 -40.3463 -0.613572 6.76926e-291 -8.71172e-291 0.789638 3.347 2.1 6 0.048 3 13 48
102.837 2 1.93155 2.05427 -40.3463 -0.613572 6.76926e-291 -8.71172e-291 0.789638 3.347 2.1 6 0.048 3 13 48
102.854 2 1.94386 2.0527 -40.3463 -0.613572 6.76926e-291 -8.71172e-291 0.789638 3.347 2.1 6 0.048 3 13 48
102.87 2 1.95618 2.05113 -40.3463 -0.613572 6.76926e-291 -8.71172e-291 0.789638 3.347 2.1 6 0.048 3 13 48
102.887 2 1.96849 2.04956 -40.3463 -0.613572 6.76926e-291 -8.71172e-291 0.789638 3.347 2.1 6 0.048 3 13 48
102.904 2 1.98081 2.04799 -40.3463 -0.613572 6.76926e-291 -8.71172e-291 0.789638 3.347 2.1 6 0.048 3 13 48
102.92 2 1.99312 2.04642 -40.3463 -0.613572 6.76926e-291 -8.71172e-291 0.789638 3.347 2.1 6 0.048 3 13 48
102.937 2 2.00544 2.04485 -40.3463 -0.613572 6.76926e-291 -8.71172e-291 0.789638 3.347 2.1 6 0.048 3 13 48
102.954 2 2.01775 2.04328 -40.3463 -0.613572 6.76926e-291 -8.71172e-291 0.789638 3.347 2.1 6 0.048 3 13 48
102.97 2 2.03007 2.04171 -40.3463 -0.613572 6.76926e-291 -8.71172e-291 0.789638 3.347 2.1 6 0.048 3 13 48
102.987 2 2.04238 2.04014 -40.3463 -0.613572 6.76926e-291 -8.71172e-291 0.789638 3.347 2.1 6 0.048 3 13 48
103.004 2 2.05469 2.03857 -40.3463 -0.613572 6.76926e-291 -8.71172e-291 0.789638 3.347 2.1 6 0.048 3 13 48
103.02 2 2.06701 2.037 -40.3463 -0.613572 6.76926e-291 -8.71172e-291 0.789638 3.347 2.1 6 0.048 3 13 48
103.037 2 2.07932 2.03543 -40.3463 -0.613572 6.76926e-291 -8.71172e-291 0.789638 3.347 2.1 6 0.048 3 13 48
103.054 2 2.09164 2.03386 -40.3463 -0.613572 6.76926e-291 -8.71172e-291 0.789638 3.347 2.1 6 0.048 3 13 48
103.07 2 2.10395 2.03229 -40.3463 -0.613572 6.76926e-291 -8.71172e-291 0.789638 3.347 2.1 6 0.048 3 13 48
103.087 2 2.11627 2.03072 -40.3463 -0.613572 6.76926e-291 -8.71172e-291 0.789638 3.347 2.1 6 0.048 3 13 48
103.104 2 2.12858 2.02915 -40.3463 -0.613572 6.76926e-291 -8.71172e-291 0.789638 3.347 2.1 6 0.048 3 13 48
103.12 2 2.14089 2.02758 -40.3463 -0.613572 6.76926e-291 -8.71172e-291 0.789638 3.347 2.1 6 0.048 3 13 48
103.137 2 2.15321 2.02601 -40.3463 -0.613572 6.76926e-291 -8.71172e-291 0.789638 3.347 2.1 6 0.048 3 13 48
103.154 2 2.16552 2.02444 -40.3463 -0.613572 6.76926e-291 -8.71172e-291 0.789638 3.347 2.1 6 0.048 3 13 48
103.17 2 2.17784 2.02287 -40.3463 -0.613572 6.76926e-291 -8.71172e-291 0.789638 3.347 2.1 6 0.048 3 13 48
103.187 2 2.19015 2.0213 -40.3463 -0.613572 6.76926e-291 -8.71172e-291 0.789638 3.347 2.1 6 0.048 3 13 48
103.204 2 2.20247 2.01973 -40.3463 -0.613572 6.76926e-291 -8.71172e-291 0.789638 3.347 2.1 6 0.048 3 13 48
103.22 2 2.21478 2.01816 -40.3463 -0.613572 6.76926e-291 -8.71172e-291 0.789638 3.347 2.1 6 0.048 3 13 48
103.237 2 2.2271 2.01659 -40.3463 -0.613572 6.76926e-291 -8.71172e-291 0.789638 3.347 2.1 6 0.048 3 13 48
103.254 2 2.23941 2.01502 -40.3463 -0.613572 6.76926e-291 -8.71172e-291 0.789638 3.347 2.1 6 0.048 3 13 48
103.27 2 2.25172 2.01345 -40.3463 -0.613572 6.76926e-291 -8.71172e-291 0.789638 3.347 2.1 6 0.048 3 13 48
103.287 2 2.26404 2.01188 -40.3462 -0.613572 6.76926e-291 -8.71172e-291 0.789638 3.347 2.1 6 0.048 3 13 48
103.304 2 2.27635 2.01031 -40.3462 -0.613572 6.76926e-291 -8.71172e-291 0.789638 3.347 2.1 6 0.048 3 13 48
103.32 2 2.28867 2.00874 -40.3462 -0.613572 6.76926e-291 -8.71172e-291 0.789638 3.347 2.1 6 0.048 3 13 48
103.337 2 2.30098 2.00717 -40.3462 -0.613572 6.76926e-291 -8.71172e-291 0.789638 3.347 2.1 6 0.048 3 13 48
103.354 2 2.3133 2.0056 -40.3462 -0.613572 6.76926e-291 -8.71172e-291 0.789638 3.347 2.1 6 0.048 3 13 48
103.37 2 2.32561 2.00403 -40.3462 -0.613572 6.76926e-291 -8.71172e-291 0.789638 3.347 2.1 6 0.048 3 13 48
103.387 2 2.33793 2.00246 -40.3462 -0.613572 6.76926e-291 -8.71172e-291 0.789638 3.347 2.1 6 0.048 3 13 48
103.404 2 2.35024 2.00089 -40.3462 -0.613572 6.76926e-291 -8.71172e-291 0.789638 3.347 2.1 6 0.048 3 13 48
103.42 2 2.36255 1.99932 -40.3462 -0.613572 6.76926e-291 -8.71172e-291 0.789638 3.347 2.1 6 0.048 3 13 48
103.437 2 2.37487 1.99775 -40.3462 -0.613572 6.76926e-291 -8.71172e-291 0.789638 3.347 2.1 6 0.048 3 13 48
103.454 2 2.38718 1.99618 -40.3462 -0.613572 6.76926e-291 -8.71172e-291 0.789638 3.347 2.1 6 0.048 3 13 48
103.47 2 2.3995 1.99461 -40.3462 -0.613572 6.76926e-291 -8.71172e-291 0.789638 3.347 2.1 6 0.048 3 13 48
103.487 2 2.41181 1.99304 -40.3462 -0.613572 6.76926e-291 -8.71172e-291 0.789638 3.347 2.1 6 0.048 3 13 48
103.504 2 2.42413 1.99147 -40.3462 -0.613572 6.76926e-291 -8.71172e-291 0.789638 3.347 2.1 6 0.048 3 13 48
103.52 2 2.43644 1.9899 -40.3462 -0.613572 6.76926e-291 -8.71172e-291 0.789638 3.347 2.1 6 0.048 3 13 48
103.537 2 2.44875 1.98833 -40.3462 -0.613572 6.76926e-291 -8.71172e-291 0.789638 3.347 2.1 6 0.048 3 13 48
103.554 2 2.46107 1.98676 -40.3462 -0.613572 6.76926e-291 -8.71172e-291 0.789638 3.347 2.1 6 0.048 3 13 48
103.57 2 2.47338 1.98519 -40.3462 -0.613572 6.76926e-291 -8.71172e-291 0.789638 3.347 2.1 6 0.048 3 13 48
103.587 2 2.4857 1.98362 -40.3462 -0.613572 6.76926e-291 -8.71172e-291 0.789638 3.347 2.1 6 0.048 3 13 48
103.604 2 2.49801 1.98205 -40.3462 -0.613572 6.76926e-291 -8.71172e-291 0.789638 3.347 2.1 6 0.048 3 13 48
103.62 2 2.51033 1.98049 -40.3462 -0.613572 6.76926e-291 -8.71172e-291 0.789638 3.347 2.1 6 0.048 3 13 48
103.637 2 2.52264 1.97892 -40.3462 -0.613572 6.76926e-291 -8.71172e-291 0.789638 3.347 2.1 6 0.048 3 13 48
103.654 2 2.53496 1.97735 -40.3462 -0.613572 6.76926e-291 -8.71172e-291 0.789638 3.347 2.1 6 0.048 3 13 48
103.67 2 2.54727 1.97578 -40.3462 -0.613572 6.76926e-291 -8.71172e-291 0.789638 3.347 2.1 6 0.048 3 13 48
103.687 2 2.55958 1.97421 -40.3462 -0.613572 6.76926e-291 -8.71172e-291 0.789638 3.347 2.1 6 0.048 3 13 48
103.704 2 2.5719 1.97264 -40.3462 -0.613572 6.76926e-291 -8.71172e-291 0.789638 3.347 2.1 6 0.048 3 13 48
103.72 2 2.58421 1.97107 -40.3462 -0.613572 6.76926e-291 -8.71172e-291 0.789638 3.347 2.1 6 0.048 3 13 48
103.737 2 2.59653 1.9695 -40.3462 -0.613572 6.76926e-291 -8.71172e-291 0.789638 3.347 2.1 6 0.048 3 13 48
103.754 2 2.60884 1.96793 -40.3462 -0.613572 6.76926e-291 -8.71172e-291 0.789638 3.347 2.1 6 0.048 3 13 48
103.77 2 2.62116 1.96636 -40.3462 -0.613572 6.76926e-291 -8.71172e-291 0.789638 3.347 2.1 6 0.048 3 13 48
103.787 2 2.63347 1.96479 -40.3462 -0.613572 6.76926e-291 -8.71172e-291 0.789638 3.347 2.1 6 0.048 3 13 48
103.804 2 2.64578 1.96322 -40.3462 -0.613572 6.76926e-291 -8.71172e-291 0.789638 3.347 2.1 6 0.048 3 13 48
103.82 2 2.6581 1.96165 -40.3462 -0.613572 6.76926e-291 -8.71172e-291 0.789638 3.347 2.1 6 0.048 3 13 48
103.837 2 2.67041 1.96008 -40.3462 -0.613572 6.76926e-291 -8.71172e-291 0.789638 3.347 2.1 6 0.048 3 13 48
103.854 2 2.68273 1.95851 -40.3462 -0.613572 6.76926e-291 -8.71172e-291 0.789638 3.347 2.1 6 0.048 3 13 48
103.87 2 2.69504 1.95694 -40.3462 -0.613572 6.76926e-291 -8.71172e-291 0.789638 3.347 2.1 6 0.048 3 13 48
103.887 2 2.70736 1.95537 -40.3462 -0.613572 6.76926e-291 -8.71172e-291 0.789638 3.347 2.1 6 0.048 3 13 48
103.904 2 2.71967 1.9538 -40.3462 -0.613572 6.76926e-291 -8.71172e-291 0.789638 3.347 2.1 6 0.048 3 13 48
103.92 2 2.73199 1.95223 -40.3462 -0.613572 6.76926e-291 -8.71172e-291 0.789638 3.347 2.1 6 0.048 3 13 48
103.937 2 2.7443 1.95066 -40.3462 -0.613572 6.76926e-291 -8.71172e-291 0.789638 3.347 2.1 6 0.048 3 13 48
103.954 2 2.75661 1.94909 -40.3462 -0.613572 6.76926e-291 -8.71172e-291 0.789638 3.347 2.1 6 0.048 3 13 48
103.97 2 2.76893 1.94752 -40.3462 -0.613572 6.76926e-291 -8.71172e-291 0.789638 3.347 2.1 6 0.048 3 13 48
103.987 2 2.78124 1.94595 -40.3462 -0.613572 6.76926e-291 -8.71172e-291 0.789638 3.347 2.1 6 0.048 3 13 48
104.004 2 2.79356 1.94438 -40.3462 -0.613572 6.76926e-291 -8.71172e-291 0.789638 3.347 2.1 6 0.048 3 13 48
104.02 2 2.80587 1.94281 -40.3462 -0.613572 6.76926e-291 -8.71172e-291 0.789638 3.347 2.1 6 0.048 3 13 48
104.037 2 2.81819 1.94124 -40.3462 -0.613572 6.76926e-291 -8.71172e-291 0.789638 3.347 2.1 6 0.048 3 13 48
104.054 2 2.8305 1.93967 -40.3462 -0.613572 6.76926e-291 -8.71172e-291 0.789638 3.347 2.1 6 0.048 3 13 48
104.07 2 2.84281 1.9381 -40.3465 -0.613572 6.76926e-291 -8.71172e-291 0.789638 3.347 2.1 6 0.048 3 13 48
104.087 2 2.85513 1.93653 -40.3639 -0.613572 6.76926e-291 -8.71172e-291 0.789638 3.347 2.1 6 0.048 3 13 48
104.104 2 2.86744 1.93496 -40.3799 -0.613572 6.76926e-291 -8.71172e-291 0.789638 3.347 2.1 6 0.048 3 13 48
104.12 2 2.87976 1.93339 -40.3951 -0.613572 6.76926e-291 -8.71172e-291 0.789638 3.347 2.1 6 0.048 3 13 48
104.137 2 2.89207 1.93182 -40.4097 -0.613572 6.76926e-291 -8.71172e-291 0.789638 3.347 2.1 6 0.048 3 13 48
104.154 2 2.90439 1.93025 -40.4237 -0.613572 6.76926e-291 -8.71172e-291 0.789638 3.347 2.1 6 0.048 3 13 48
104.17 2 2.9167 1.92868 -40.4374 -0.613572 6.76926e-291 -8.71172e-291 0.789638 3.347 2.1 6 0.048 3 13 48
104.187 2 2.92902 1.92711 -40.4509 -0.613572 6.76926e-291 -8.71172e-291 0.789638 3.347 2.1 6 0.048 3 13 48
104.204 2 2.94133 1.92554 -40.4641 -0.613572 6.76926e-291 -8.71172e-291 0.789638 3.347 2.1 6 0.048 3 13 48
104.22 2 2.95364 1.92397 -40.4772 -0.613572 6.76926e-291 -8.71172e-291 0.789638 3.347 2.1 6 0.048 3 13 48
104.237 2 2.96596 1.9224 -40.4902 -0.613572 6.76926e-291 -8.71172e-291 0.789638 3.347 2.1 6 0.048 3 13 48
104.254 2 2.97827 1.92083 -40.5031 -0.613572 6.76926e-291 -8.71172e-291 0.789638 3.347 2.1 6 0.048 3 13 48
104.27 2 2.99059 1.91926 -40.516 -0.613572 6.76926e-291 -8.71172e-291 0.789638 3.347 2.1 6 0.048 3 13 48
104.287 2 3.0029 1.91769 -40.5288 -0.613572 6.76926e-291 -8.71172e-291 0.789638 3.347 2.1 6 0.048 3 13 48
104.304 2 3.01522 1.91612 -40.5416 -0.613572 6.76926e-291 -8.71172e-291 0.789638 3.347 2.1 6 0.048 3 13 48
104.32 2 3.02753 1.91455 -40.5544 -0.613572 6.76926e-291 -8.71172e-291 0.789638 3.347 2.1 6 0.048 3 13 48
104.337 2 3.03984 1.91298 -40.5672 -0.613572 6.76926e-291 -8.71172e-291 0.789638 3.347 2.1 6 0.048 3 13 48
104.354 2 3.05216 1.91141 -40.5799 -0.613572 6.76926e-291 -8.71172e-291 0.789638 3.347 2.1 6 0.048 3 13 48
104.37 2 3.06447 1.90984 -40.5926 -0.613572 6.76926e-291 -8.71172e-291 0.789638 3.347 2.1 6 0.048 3 13 48
104.387 2 3.07679 1.90827 -40.6054 -0.613572 6.76926e-291 -8.71172e-291 0.789638 3.347 2.1 6 0.048 3 13 48
104.404 2 3.0891 1.9067 -40.6181 -0.613572 6.76926e-291 -8.71172e-291 0.789638 3.347 2.1 6 0.048 3 13 48
104.42 2 3.10142 1.90513 -40.6308 -0.613572 6.76926e-291 -8.71172e-291 0.789638 3.347 2.1 6 0.048 3 13 48
104.437 2 3.11373 1.90356 -40.6435 -0.613572 6.76926e-291 -8.71172e-291 0.789638 3.347 2.1 6 0.048 3 13 48
104.454 2 3.12605 1.90199 -40.6562 -0.613572 6.76926e-291 -8.71172e-291 0.789638 3.347 2.1 6 0.048 3 13 48
104.47 2 3.13836 1.90042 -40.6689 -0.613572 6.76926e-291 -8.71172e-291 0.789638 3.347 2.1 6 0.048 3 13 48
104.487 2 3.15067 1.89885 -40.6816 -0.613572 6.76926e-291 -8.71172e-291 0.789638 3.347 2.1 6 0.048 3 13 48
104.504 2 3.16299 1.89728 -40.6944 -0.613572 6.76926e-291 -8.71172e-291 0.789638 3.347 2.1 6 0.048 3 13 48
104.52 2 3.1753 1.89571 -40.7071 -0.613572 6.76926e-291 -8.71172e-291 0.789638 3.347 2.1 6 0.048 3 13 48
104.537 2 3.18762 1.89414 -40.7198 -0.613572 6.76926e-291 -8.71172e-291 0.789638 3.347 2.1 6 0.048 3 13 48
104.554 2 3.19993 1.89257 -40.7325 -0.613572 6.76926e-291 -8.71172e-291 0.789638 3.347 2.1 6 0.048 3 13 48
104.57 2 3.21225 1.891 -40.7452 -0.613572 6.76926e-291 -8.71172e-291 0.789638 3.347 2.1 6 0.048 3 13 48
104.587 2 3.22456 1.88943 -40.7579 -0.613572 6.76926e-291 -8.71172e-291 0.789638 3.347 2.1 6 0.048 3 13 48
104.604 2 3.23688 1.88786 -40.7706 -0.613572 6.76926e-291 -8.71172e-291 0.789638 3.347 2.1 6 0.048 3 13 48
104.62 2 3.24919 1.88629 -40.7833 -0.613572 6.76926e-291 -8.71172e-291 0.789638 3.347 2.1 6 0.048 3 13 48
104.637 2 3.2615 1.88472 -40.796 -0.613572 6.76926e-291 -8.71172e-291 0.789638 3.347 2.1 6 0.048 3 13 48
104.654 2 3.27382 1.88315 -40.8087 -0.613572 6.76926e-291 -8.71172e-291 0.789638 3.347 2.1 6 0.048 3 13 48
104.67 2 3.28613 1.88158 -40.8214 -0.613572 6.76926e-291 -8.71172e-291 0.789638 3.347 2.1 6 0.048 3 13 48
104.687 2 3.29845 1.88001 -40.8342 -0.613572 6.76926e-291 -8.71172e-291 0.789638 3.347 2.1 6 0.048 3 13 48
104.704 2 3.31076 1.87844 -40.8469 -0.613572 6.76926e-291 -8.71172e-291 0.789638 3.347 2.1 6 0.048 3 13 48
104.72 2 3.32308 1.87688 -40.8596 -0.613572 6.76926e-291 -8.71172e-291 0.789638 3.347 2.1 6 0.048 3 13 48
104.737 2 3.33539 1.87531 -40.8723 -0.613572 6.76926e-291 -8.71172e-291 0.789638 3.347 2.1 6 0.048 3 13 48
104.754 2 3.3477 1.87374 -40.885 -0.613572 6.76926e-291 -8.71172e-291 0.789638 3.347 2.1 6 0.048 3 13 48
104.77 2 3.36002 1.87217 -40.8977 -0.613572 6.76926e-291 -8.71172e-291 0.789638 3.347 2.1 6 0.048 3 13 48
104.787 2 3.37233 1.8706 -40.9104 -0.613572 6.76926e-291 -8.71172e-291 0.789638 3.347 2.1 6 0.048 3 13 48
104.804 2 3.38465 1.86903 -40.9231 -0.613572 6.76926e-291 -8.71172e-291 0.789638 3.347 2.1 6 0.048 3 13 48
104.82 2 3.39696 1.86746 -40.9358 -0.613572 6.76926e-291 -8.71172e-291 0.789638 3.347 2.1 6 0.048 3 13 48
104.837 2 3.40928 1.86589 -40.9485 -0.613572 6.76926e-291 -8.71172e-291 0.789638 3.347 2.1 6 0.048 3 13 48
104.854 2 3.42159 1.86432 -40.9612 -0.613572 6.76926e-291 -8.71172e-291 0.789638 3.347 2.1 6 0.048 3 13 48
104.87 2 3.43391 1.86275 -40.9739 -0.613572 6.76926e-291 -8.71172e-291 0.789638 3.347 2.1 6 0.048 3 13 48
104.887 2 3.44622 1.86118 -40.9867 -0.613572 6.76926e-291 -8.71172e-291 0.789638 3.347 2.1 6 0.048 3 13 48
104.904 2 3.45853 1.85961 -40.9994 -0.613572 6.76926e-291 -8.71172e-291 0.789638 3.347 2.1 6 0.048 3 13 48
104.92 2 3.47085 1.85804 -41.0121 -0.613572 6.76926e-291 -8.71172e-291 0.789638 3.347 2.1 6 0.048 3 13 48
104.937 2 3.48316 1.85647 -41.0248 -0.613572 6.76926e-291 -8.71172e-291 0.789638 3.347 2.1 6 0.048 3 13 48
104.954 2 3.49548 1.8549 -41.0375 -0.613572 6.76926e-291 -8.71172e-291 0.789638 3.347 2.1 6 0.048 3 13 48
104.97 2 3.50779 1.85333 -41.0502 -0.613572 6.76926e-291 -8.71172e-291 0.789638 3.347 2.1 6 0.048 3 13 48
104.987 2 3.52011 1.85176 -41.0629 -0.613572 6.76926e-291 -8.71172e-291 0.789638 3.347 2.1 6 0.048 3 13 48
105.004 2 3.53242 1.85019 -41.0756 -0.613572 6.76926e-291 -8.71172e-291 0.789638 3.347 2.1 6 0.048 3 13 48
105.02 2 3.54473 1.84862 -41.0883 -0.613572 6.76926e-291 -8.71172e-291 0.789638 3.347 2.1 6 0.048 3 13 48
105.037 2 3.55705 1.84705 -41.101 -0.613572 6.76926e-291 -8.71172e-291 0.789638 3.347 2.1 6 0.048 3 13 48
105.054 2 3.56936 1.84548 -41.1137 -0.613572 6.76926e-291 -8.71172e-291 0.789638 3.347 2.1 6 0.048 3 13 48
105.07 2 3.58168 1.84391 -41.1264 -0.613572 6.76926e-291 -8.71172e-291 0.789638 3.347 2.1 6 0.048 3 13 48
105.087 2 3.59399 1.84234 -41.1392 -0.613572 6.76926e-291 -8.71172e-291 0.789638 3.347 2.1 6 0.048 3 13 48
105.104 2 3.60631 1.84077 -41.1519 -0.613572 6.76926e-291 -8.71172e-291 0.789638 3.347 2.1 6 0.048 3 13 48
105.12 2 3.61862 1.8392 -41.1646 -0.613572 6.76926e-291 -8.71172e-291 0.789638 3.347 2.1 6 0.048 3 13 48
105.137 2 3.63094 1.83763 -41.1773 -0.613572 6.76926e-291 -8.71172e-291 0.789638 3.347 2.1 6 0.048 3 13 48
105.154 2 3.64325 1.83606 -41.19 -0.613572 6.76926e-291 -8.71172e-291 0.789638 3.347 2.1 6 0.048 3 13 48
105.17 2 3.65556 1.83449 -41.2027 -0.613572 6.76926e-291 -8.71172e-291 0.789638 3.347 2.1 6 0.048 3 13 48
105.187 2 3.66788 1.83292 -41.2154 -0.613572 6.76926e-291 -8.71172e-291 0.789638 3.347 2.1 6 0.048 3 13 48
105.204 2 3.68019 1.83135 -41.2281 -0.613572 6.76926e-291 -8.71172e-291 0.789638 3.347 2.1 6 0.048 3 13 48
105.22 2 3.69251 1.82978 -41.2408 -0.613572 6.76926e-291 -8.71172e-291 0.789638 3.347 2.1 6 0.048 3 13 48
105.237 2 3.70482 1.82821 -41.2535 -0.613572 6.76926e-291 -8.71172e-291 0.789638 3.347 2.1 6 0.048 3 13 48
105.254 2 3.71714 1.82664 -41.2662 -0.613572 6.76926e-291 -8.71172e-291 0.789638 3.347 2.1 6 0.048 3 13 48
105.27 2 3.72945 1.82507 -41.2789 -0.613572 6.76926e-291 -8.71172e-291 0.789638 3.347 2.1 6 0.048 3 13 48
105.287 2 3.74176 1.8235 -41.2917 -0.613572 6.76926e-291 -8.71172e-291 0.789638 3.347 2.1 6 0.048 3 13 48
105.304 2 3.75408 1.82193 -41.3044 -0.613572 6.76926e-291 -8.71172e-291 0.789638 3.347 2.1 6 0.048 3 13 48
105.32 2 3.76639 1.82036 -41.3171 -0.613572 6.76926e-291 -8.71172e-291 0.789638 3.347 2.1 6 0.048 3 13 48
105.337 2 3.77871 1.81879 -41.3298 -0.613572 6.76926e-291 -8.71172e-291 0.789638 3.347 2.1 6 0.048 3 13 48
105.354 2 3.79102 1.81722 -41.3425 -0.613572 6.76926e-291 -8.71172e-291 0.789638 3.347 2.1 6 0.048 3 13 48
105.37 2 3.80334 1.81565 -41.3552 -0.613572 6.76926e-291 -8.71172e-291 0.789638 3.347 2.1 6 0.048 3 13 48
105.387 2 3.81565 1.81408 -41.3679 -0.613572 6.76926e-291 -8.71172e-291 0.789638 3.347 2.1 6 0.048 3 13 48
105.404 2 3.82797 1.81251 -41.3806 -0.613572 6.76926e-291 -8.71172e-291 0.789638 3.347 2.1 6 0.048 3 13 48
105.42 2 3.84028 1.81094 -41.3933 -0.613572 6.76926e-291 -8.71172e-291 0.789638 3.347 2.1 6 0.048 3 13 48
105.437 2 3.85259 1.80937 -41.406 -0.613572 6.76926e-291 -8.71172e-291 0.789638 3.347 2.1 6 0.048 3 13 48
105.454 2 3.86491 1.8078 -41.4187 -0.613572 6.76926e-291 -8.71172e-291 0.789638 3.347 2.1 6 0.048 3 13 48
105.47 2 3.87722 1.80623 -41.4314 -0.613572 6.76926e-291 -8.71172e-291 0.789638 3.347 2.1 6 0.048 3 13 48
105.487 2 3.88954 1.80466 -41.4442 -0.613572 6.76926e-291 -8.71172e-291 0.789638 3.347 2.1 6 0.048 3 13 48
105.504 2 3.90185 1.80309 -41.4569 -0.613572 6.76926e-291 -8.71172e-291 0.789638 3.347 2.1 6 0.048 3 13 48
105.52 2 3.91417 1.80152 -41.4696 -0.613572 6.76926e-291 -8.71172e-291 0.789638 3.347 2.1 6 0.048 3 13 48
105.537 2 3.92648 1.79995 -41.4823 -0.613572 6.76926e-291 -8.71172e-291 0.789638 3.347 2.1 6 0.048 3 13 48
105.554 2 3.93879 1.79838 -41.495 -0.613572 6.76926e-291 -8.71172e-291 0.789638 3.347 2.1 6 0.048 3 13 48
105.57 2 3.95111 1.79681 -41.5077 -0.613572 6.76926e-291 -8.71172e-291 0.789638 3.347 2.1 6 0.048 3 13 48
105.587 2 3.96342 1.79524 -41.5204 -0.613572 6.76926e-291 -8.71172e-291 0.789638 3.347 2.1 6 0.048 3 13 48
105.604 2 3.97574 1.79367 -41.5331 -0.613572 6.76926e-291 -8.71172e-291 0.789638 3.347 2.1 6 0.048 3 13 48
105.62 2 3.98805 1.7921 -41.5458 -0.613572 6.76926e-291 -8.71172e-291 0.789638 3.347 2.1 6 0.048 3 13 48
105.637 2 4.00037 1.79053 -41.5585 -0.613572 6.76926e-291 -8.71172e-291 0.789638 3.347 2.1 6 0.048 3 13 48
105.654 2 4.01268 1.78896 -41.5712 -0.613572 6.76926e-291 -8.71172e-291 0.789638 3.347 2.1 6 0.048 3 13 48
105.67 2 4.025 1.78739 -41.5839 -0.613572 6.76926e-291 -8.71172e-291 0.789638 3.347 2.1 6 0.048 3 13 48
105.687 2 4.03731 1.78582 -41.5967 -0.613572 6.76926e-291 -8.71172e-291 0.789638 3.347 2.1 6 0.048 3 13 48
105.704 2 4.04962 1.78425 -41.6094 -0.613572 6.76926e-291 -8.71172e-291 0.789638 3.347 2.1 6 0.048 3 13 48
105.72 2 4.06194 1.78268 -41.6221 -0.613572 6.76926e-291 -8.71172e-291 0.789638 3.347 2.1 6 0.048 3 13 48
105.737 2 4.07425 1.78111 -41.6348 -0.613572 6.76926e-291 -8.71172e-291 0.789638 3.347 2.1 6 0.048 3 13 48
105.754 2 4.08657 1.77954 -41.6475 -0.613572 6.76926e-291 -8.71172e-291 0.789638 3.347 2.1 6 0.048 3 13 48
105.77 2 4.09888 1.77797 -41.6602 -0.613572 6.76926e-291 -8.71172e-291 0.789638 3.347 2.1 6 0.048 3 13 48
105.787 2 4.1112 1.7764 -41.6729 -0.613572 6.76926e-291 -8.71172e-291 0.789638 3.347 2.1 6 0.048 3 13 48
105.804 2 4.12351 1.77484 -41.6856 -0.613572 6.76926e-291 -8.71172e-291 0.789638 3.347 2.1 6 0.048 3 13 48
105.82 2 4.13583 1.77327 -41.6983 -0.613572 6.76926e-291 -8.71172e-291 0.789638 3.347 2.1 6 0.048 3 13 48
105.837 2 4.14814 1.7717 -41.711 -0.613572 6.76926e-291 -8.71172e-291 0.789638 3.347 2.1 6 0.048 3 13 48
105.854 2 4.16045 1.77013 -41.7237 -0.613572 6.76926e-291 -8.71172e-291 0.789638 3.347 2.1 6 0.048 3 13 48
105.87 2 4.17277 1.76856 -41.7364 -0.613572 6.76926e-291 -8.71172e-291 0.789638 3.347 2.1 6 0.048 3 13 48
105.887 2 4.18508 1.76699 -41.7492 -0.613572 6.76926e-291 -8.71172e-291 0.789638 3.347 2.1 6 0.048 3 13 48
105.904 2 4.1974 1.76542 -41.7619 -0.613572 6.76926e-291 -8.71172e-291 0.789638 3.347 2.1 6 0.048 3 13 48
105.92 2 4.20971 1.76385 -41.7746 -0.613572 6.76926e-291 -8.71172e-291 0.789638 3.347 2.1 6 0.048 3 13 48
105.937 2 4.22203 1.76228 -41.7873 -0.613572 6.76926e-291 -8.71172e-291 0.789638 3.347 2.1 6 0.048 3 13 48
105.954 2 4.23434 1.76071 -41.8 -0.613572 6.76926e-291 -8.71172e-291 0.789638 3.347 2.1 6 0.048 3 13 48
105.97 2 4.24665 1.75914 -41.8127 -0.613572 6.76926e-291 -8.71172e-291 0.789638 3.347 2.1 6 0.048 3 13 48
105.987 2 4.25897 1.75757 -41.8254 -0.613572 6.76926e-291 -8.71172e-291 0.789638 3.347 2.1 6 0.048 3 13 48
106.004 2 4.27128 1.756 -41.8381 -0.613572 6.76926e-291 -8.71172e-291 0.789638 3.347 2.1 6 0.048 3 13 48
106.02 2 4.2836 1.75443 -41.8508 -0.613572 6.76926e-291 -8.71172e-291 0.789638 3.347 2.1 6 0.048 3 13 48
106.037 2 4.29591 1.75286 -41.8635 -0.613572 6.76926e-291 -8.71172e-291 0.789638 3.347 2.1 6 0.048 3 13 48
106.054 2 4.30823 1.75129 -41.8762 -0.613572 6.76926e-291 -8.71172e-291 0.789638 3.347 2.1 6 0.048 3 13 48
106.07 2 4.32054 1.74972 -41.8889 -0.613572 6.76926e-291 -8.71172e-291 0.789638 3.347 2.1 6 0.048 3 13 48
106.087 2 4.33286 1.74815 -41.9017 -0.613572 6.76926e-291 -8.71172e-291 0.789638 3.347 2.1 6 0.048 3 13 48
106.104 2 4.34517 1.74658 -41.9144 -0.613572 6.76926e-291 -8.71172e-291 0.789638 3.347 2.1 6 0.048 3 13 48
106.12 2 4.35748 1.74501 -41.9271 -0.613572 6.76926e-291 -8.71172e-291 0.789638 3.347 2.1 6 0.048 3 13 48
106.137 2 4.3698 1.74344 -41.9398 -0.613572 6.76926e-291 -8.71172e-291 0.789638 3.347 2.1 6 0.048 3 13 48
106.154 2 4.38211 1.74187 -41.9525 -0.613572 6.76926e-291 -8.71172e-291 0.789638 3.347 2.1 6 0.048 3 13 48
106.17 2 4.39443 1.7403 -41.9652 -0.613572 6.76926e-291 -8.71172e-291 0.789638 3.347 2.1 6 0.048 3 13 48
106.187 2 4.40674 1.73873 -41.9779 -0.613572 6.76926e-291 -8.71172e-291 0.789638 3.347 2.1 6 0.048 3 13 48
106.204 2 4.41906 1.73716 -41.9906 -0.613572 6.76926e-291 -8.71172e-291 0.789638 3.347 2.1 6 0.048 3 13 48
106.22 2 4.43137 1.73559 -42.0033 -0.613572 6.76926e-291 -8.71172e-291 0.789638 3.347 2.1 6 0.048 3 13 48
106.237 2 4.44368 1.73402 -42.016 -0.613572 6.76926e-291 -8.71172e-291 0.789638 3.347 2.1 6 0.048 3 13 48
106.254 2 4.456 1.73245 -42.0287 -0.613572 6.76926e-291 -8.71172e-291 0.789638 3.347 2.1 6 0.048 3 13 48
106.27 2 4.46831 1.73088 -42.0414 -0.613572 6.76926e-291 -8.71172e-291 0.789638 3.347 2.1 6 0.048 3 13 48
106.287 2 4.48063 1.72931 -42.0542 -0.613572 6.76926e-291 -8.71172e-291 0.789638 3.347 2.1 6 0.048 3 13 48
106.304 2 4.49294 1.72774 -42.0669 -0.613572 6.76926e-291 -8.71172e-291 0.789638 3.347 2.1 6 0.048 3 13 48
106.32 2 4.50526 1.72617 -42.0796 -0.613572 6.76926e-291 -8.71172e-291 0.789638 3.347 2.1 6 0.048 3 13 48
106.337 2 4.51757 1.7246 -42.0923 -0.613572 6.76926e-291 -8.71172e-291 0.789638 3.347 2.1 6 0.048 3 13 48
106.354 2 4.52989 1.72303 -42.105 -0.613572 6.76926e-291 -8.71172e-291 0.789638 3.347 2.1 6 0.048 3 13 48
106.37 2 4.5422 1.72146 -42.1177 -0.613572 6.76926e-291 -8.71172e-291 0.789638 3.347 2.1 6 0.048 3 13 48
106.387 2 4.55451 1.71989 -42.1304 -0.613572 6.76926e-291 -8.71172e-291 0.789638 3.347 2.1 6 0.048 3 13 48
106.404 2 4.56683 1.71832 -42.1431 -0.613572 6.76926e-291 -8.71172e-291 0.789638 3.347 2.1 6 0.048 3 13 48
106.42 2 4.57914 1.71675 -42.1558 -0.613572 6.76926e-291 -8.71172e-291 0.789638 3.347 2.1 6 0.048 3 13 48
106.437 2 4.59146 1.71518 -42.1685 -0.613572 6.76926e-291 -8.71172e-291 0.789638 3.347 2.1 6 0.048 3 13 48
106.454 2 4.60377 1.71361 -42.1806 -0.613572 6.76926e-291 -8.71172e-291 0.789638 3.347 2.1 6 0.048 3 13 48
106.47 2 4.61609 1.71204 -42.1587 -0.613572 6.76926e-291 -8.71172e-291 0.789638 3.347 2.1 6 0.048 3 13 48
106.487 2 4.6284 1.71047 -42.1393 -0.613572 6.76926e-291 -8.71172e-291 0.789638 3.347 2.1 6 0.048 3 13 48
106.504 2 4.64071 1.7089 -42.1216 -0.613572 6.76926e-291 -8.71172e-291 0.789638 3.347 2.1 6 0.048 3 13 48
106.52 2 4.65303 1.70733 -42.1052 -0.613572 6.76926e-291 -8.71172e-291 0.789638 3.347 2.1 6 0.048 3 13 48
106.537 2 4.66534 1.70576 -42.0898 -0.613572 6.76926e-291 -8.71172e-291 0.789638 3.347 2.1 6 0.048 3 13 48
106.554 2 4.67766 1.70419 -42.0751 -0.613572 6.76926e-291 -8.71172e-291 0.789638 3.347 2.1 6 0.048 3 13 48
106.57 2 4.68997 1.70262 -42.0609 -0.613572 6.76926e-291 -8.71172e-291 0.789638 3.347 2.1 6 0.048 3 13 48
106.587 2 4.70229 1.70105 -42.0472 -0.613572 6.76926e-291 -8.71172e-291 0.789638 3.347 2.1 6 0.048 3 13 48
106.604 2 4.7146 1.69948 -42.0337 -0.613572 6.76926e-291 -8.71172e-291 0.789638 3.347 2.1 6 0.048 3 13 48
106.62 2 4.72692 1.69791 -42.0204 -0.613572 6.76926e-291 -8.71172e-291 0.789638 3.347 2.1 6 0.048 3 13 48
106.637 2 4.73923 1.69634 -42.0072 -0.613572 6.76926e-291 -8.71172e-291 0.789638 3.347 2.1 6 0.048 3 13 48
106.654 2 4.75154 1.69477 -41.9942 -0.613572 6.76926e-291 -8.71172e-291 0.789638 3.347 2.1 6 0.048 3 13 48
106.67 2 4.76386 1.6932 -41.9813 -0.613572 6.76926e-291 -8.71172e-291 0.789638 3.347 2.1 6 0.048 3 13 48
106.687 2 4.77617 1.69163 -41.9684 -0.613572 6.76926e-291 -8.71172e-291 0.789638 3.347 2.1 6 0.048 3 13 48
106.704 2 4.78849 1.69006 -41.9556 -0.613572 6.76926e-291 -8.71172e-291 0.789638 3.347 2.1 6 0.048 3 13 48
106.72 2 4.8008 1.68849 -41.9428 -0.613572 6.76926e-291 -8.71172e-291 0.789638 3.347 2.1 6 0.048 3 13 48
106.737 2 4.81312 1.68692 -41.93 -0.613572 6.76926e-291 -8.71172e-291 0.789638 3.347 2.1 6 0.048 3 13 48
106.754 2 4.82543 1.68535 -41.9172 -0.613572 6.76926e-291 -8.71172e-291 0.789638 3.347 2.1 6 0.048 3 13 48
106.77 2 4.83775 1.68378 -41.9045 -0.613572 6.76926e-291 -8.71172e-291 0.789638 3.347 2.1 6 0.048 3 13 48
106.787 2 4.85006 1.68221 -41.8918 -0.613572 6.76926e-291 -8.71172e-291 0.789638 3.347 2.1 6 0.048 3 13 48
106.804 2 4.86237 1.68064 -41.879 -0.613572 6.76926e-291 -8.71172e-291 0.789638 3.347 2.1 6 0.048 3 13 48
106.82 2 4.87469 1.67907 -41.8663 -0.613572 6.76926e-291 -8.71172e-291 0.789638 3.347 2.1 6 0.048 3 13 48
106.837 2 4.887 1.6775 -41.8536 -0.613572 6.76926e-291 -8.71172e-291 0.789638 3.347 2.1 6 0.048 3 13 48
106.854 2 4.89932 1.67593 -41.8409 -0.613572 6.76926e-291 -8.71172e-291 0.789638 3.347 2.1 6 0.048 3 13 48
106.87 2 4.91163 1.67436 -41.8282 -0.613572 6.76926e-291 -8.71172e-291 0.789638 3.347 2.1 6 0.048 3 13 48
106.887 2 4.92395 1.6728 -41.8154 -0.613572 6.76926e-291 -8.71172e-291 0.789638 3.347 2.1 6 0.048 3 13 48
106.904 2 4.93626 1.67123 -41.8027 -0.613572 6.76926e-291 -8.71172e-291 0.789638 3.347 2.1 6 0.048 3 13 48
106.92 2 4.94857 1.66966 -41.79 -0.613572 6.76926e-291 -8.71172e-291 0.789638 3.347 2.1 6 0.048 3 13 48
106.937 2 4.96089 1.66809 -41.7773 -0.613572 6.76926e-291 -8.71172e-291 0.789638 3.347 2.1 6 0.048 3 13 48
106.954 2 4.9732 1.66652 -41.7646 -0.613572 6.76926e-291 -8.71172e-291 0.789638 3.347 2.1 6 0.048 3 13 48
106.97 2 4.98552 1.66495 -41.7519 -0.613572 6.76926e-291 -8.71172e-291 0.789638 3.347 2.1 6 0.048 3 13 48
106.987 2 4.99783 1.66338 -41.7392 -0.613572 6.76926e-291 -8.71172e-291 0.789638 3.347 2.1 6 0.048 3 13 48
107.004 2 5.01015 1.66181 -41.7265 -0.613572 6.76926e-291 -8.71172e-291 0.789638 3.347 2.1 6 0.048 3 13 48
107.02 2 5.02246 1.66024 -41.7138 -0.613572 6.76926e-291 -8.71172e-291 0.789638 3.347 2.1 6 0.048 3 13 48
107.037 2 5.03478 1.65867 -41.7011 -0.613572 6.76926e-291 -8.71172e-291 0.789638 3.347 2.1 6 0.048 3 13 48
107.054 2 5.04709 1.6571 -41.6883 -0.613572 6.76926e-291 -8.71172e-291 0.789638 3.347 2.1 6 0.048 3 13 48
107.07 2 5.0594 1.65553 -41.6756 -0.613572 6.76926e-291 -8.71172e-291 0.789638 3.347 2.1 6 0.048 3 13 48
107.087 2 5.07172 1.65396 -41.6629 -0.613572 6.76926e-291 -8.71172e-291 0.789638 3.347 2.1 6 0.048 3 13 48
107.104 2 5.08403 1.65239 -41.6502 -0.613572 6.76926e-291 -8.71172e-291 0.789638 3.347 2.1 6 0.048 3 13 48
107.12 2 5.09635 1.65082 -41.6375 -0.613572 6.76926e-291 -8.71172e-291 0.789638 3.347 2.1 6 0.048 3 13 48
107.137 2 5.10866 1.64925 -41.6248 -0.613572 6.76926e-291 -8.71172e-291 0.789638 3.347 2.1 6 0.048 3 13 48
107.154 2 5.12098 1.64768 -41.6121 -0.613572 6.76926e-291 -8.71172e-291 0.789638 3.347 2.1 6 0.048 3 13 48
107.17 2 5.13329 1.64611 -41.5994 -0.613572 6.76926e-291 -8.71172e-291 0.789638 3.347 2.1 6 0.048 3 13 48
107.187 2 5.1456 1.64454 -41.5867 -0.613572 6.76926e-291 -8.71172e-291 0.789638 3.347 2.1 6 0.048 3 13 48
107.204 2 5.15792 1.64297 -41.574 -0.613572 6.76926e-291 -8.71172e-291 0.789638 3.347 2.1 6 0.048 3 13 48
107.22 2 5.17023 1.6414 -41.5613 -0.613572 6.76926e-291 -8.71172e-291 0.789638 3.347 2.1 6 0.048 3 13 48
107.237 2 5.18255 1.63983 -41.5486 -0.613572 6.76926e-291 -8.71172e-291 0.789638 3.347 2.1 6 0.048 3 13 48
107.254 2 5.19486 1.63826 -41.5358 -0.613564 6.76935e-291 -8.71165e-291 0.789645 3.347 2.1 6 0.048 3 13 48
107.27 2 5.20714 1.63655 -41.5231 -0.612638 6.77956e-291 -8.70371e-291 0.790364 3.347 2.1 6 0.048 3 13 48
107.287 2 5.21941 1.63483 -41.5104 -0.611726 6.7896e-291 -8.69588e-291 0.79107 3.347 2.1 6 0.048 3 13 48
107.304 2 5.23168 1.63312 -41.4977 -0.610996 6.79761e-291 -8.68962e-291 0.791634 3.347 2.1 6 0.048 3 13 48
107.32 2 5.24395 1.63143 -41.485 -0.610445 6.80366e-291 -8.68488e-291 0.792059 3.347 2.1 6 0.048 3 13 48
107.337 2 5.25623 1.62975 -41.4723 -0.610036 6.80815e-291 -8.68137e-291 0.792374 3.347 2.1 6 0.048 3 13 48
107.354 2 5.2685 1.62808 -41.4596 -0.609734 6.81146e-291 -8.67877e-291 0.792606 3.347 2.1 6 0.048 3 13 48
107.37 2 5.28077 1.62642 -41.4469 -0.609511 6.81389e-291 -8.67686e-291 0.792778 3.347 2.1 6 0.048 3 13 48
107.387 2 5.29305 1.62476 -41.4342 -0.609347 6.81569e-291 -8.67545e-291 0.792904 3.347 2.1 6 0.048 3 13 48
107.404 2 5.30532 1.62311 -41.4215 -0.609227 6.817e-291 -8.67442e-291 0.792996 3.347 2.1 6 0.048 3 13 48
107.42 2 5.3176 1.62146 -41.4088 -0.609138 6.81797e-291 -8.67365e-291 0.793064 3.347 2.1 6 0.048 3 13 48
107.437 2 5.32987 1.61981 -41.3961 -0.609073 6.81869e-291 -8.67309e-291 0.793114 3.347 2.1 6 0.048 3 13 48
107.454 2 5.34215 1.61816 -41.3833 -0.609025 6.81921e-291 -8.67268e-291 0.793151 3.347 2.1 6 0.048 3 13 48
107.47 2 5.35443 1.61652 -41.3706 -0.608989 6.8196e-291 -8.67238e-291 0.793178 3.347 2.1 6 0.048 3 13 48
107.487 2 5.3667 1.61487 -41.3579 -0.608963 6.81988e-291 -8.67215e-291 0.793198 3.347 2.1 6 0.048 3 13 48
107.504 2 5.37898 1.61323 -41.3452 -0.608944 6.82009e-291 -8.67199e-291 0.793213 3.347 2.1 6 0.048 3 13 48
107.52 2 5.39126 1.61158 -41.3325 -0.60893 6.82025e-291 -8.67187e-291 0.793224 3.347 2.1 6 0.048 3 13 48
107.537 2 5.40353 1.60994 -41.3198 -0.60892 6.82036e-291 -8.67178e-291 0.793232 3.347 2.1 6 0.048 3 13 48
107.554 2 5.41581 1.6083 -41.3071 -0.608912 6.82044e-291 -8.67171e-291 0.793238 3.347 2.1 6 0.048 3 13 48
107.57 2 5.42808 1.60666 -41.2944 -0.608907 6.8205e-291 -8.67166e-291 0.793242 3.347 2.1 6 0.048 3 13 48
107.587 2 5.44036 1.60501 -41.2817 -0.608903 6.82055e-291 -8.67163e-291 0.793245 3.347 2.1 6 0.048 3 13 48
107.604 2 5.45264 1.60337 -41.269 -0.6089 6.82058e-291 -8.6716e-291 0.793247 3.347 2.1 6 0.048 3 13 48
107.62 2 5.46491 1.60173 -41.2563 -0.608897 6.82061e-291 -8.67158e-291 0.793249 3.347 2.1 6 0.048 3 13 48
107.637 2 5.47719 1.60008 -41.2436 -0.608896 6.82062e-291 -8.67157e-291 0.79325 3.347 2.1 6 0.048 3 13 48
107.654 2 5.48947 1.59844 -41.2308 -0.608895 6.82064e-291 -8.67156e-291 0.793251 3.347 2.1 6 0.048 3 13 48
107.67 2 5.50174 1.5968 -41.2181 -0.608894 6.82065e-291 -8.67155e-291 0.793252 3.347 2.1 6 0.048 3 13 48
107.687 2 5.51402 1.59516 -41.2054 -0.608893 6.82065e-291 -8.67155e-291 0.793252 3.347 2.1 6 0.048 3 13 48
107.704 2 5.5263 1.59351 -41.1927 -0.608893 6.82066e-291 -8.67154e-291 0.793253 3.347 2.1 6 0.048 3 13 48
107.72 2 5.53857 1.59187 -41.18 -0.608892 6.82066e-291 -8.67154e-291 0.793253 3.347 2.1 6 0.048 3 13 48
107.737 2 5.55085 1.59023 -41.1673 -0.608892 6.82067e-291 -8.67154e-291 0.793253 3.347 2.1 6 0.048 3 13 48
107.754 2 5.56312 1.58859 -41.1546 -0.608892 6.82067e-291 -8.67154e-291 0.793253 3.347 2.1 6 0.048 3 13 48
107.77 2 5.5754 1.58694 -41.1419 -0.608892 6.82067e-291 -8.67153e-291 0.793253 3.347 2.1 6 0.048 3 13 48
107.787 2 5.58768 1.5853 -41.1292 -0.608891 6.82067e-291 -8.67153e-291 0.793254 3.347 2.1 6 0.048 3 13 48
107.804 2 5.59995 1.58366 -41.1165 -0.608891 6.82067e-291 -8.67153e-291 0.793254 3.347 2.1 6 0.048 3 13 48
107.82 2 5.61223 1.58202 -41.1038 -0.608891 6.82067e-291 -8.67153e-291 0.793254 3.347 2.1 6 0.048 3 13 48
107.837 2 5.62451 1.58037 -41.0911 -0.608891 6.82067e-291 -8.67153e-291 0.793254 3.347 2.1 6 0.048 3 13 48
107.854 2 5.63678 1.57873 -41.0783 -0.608891 6.82067e-291 -8.67153e-291 0.793254 3.347 2.1 6 0.048 3 13 48
107.87 2 5.64906 1.57709 -41.0656 -0.608891 6.82067e-291 -8.67153e-291 0.793254 3.347 2.1 6 0.048 3 13 48
107.887 2 5.66134 1.57544 -41.0529 -0.608891 6.82067e-291 -8.67153e-291 0.793254 3.347 2.1 6 0.048 3 13 48
107.904 2 5.67361 1.5738 -41.0402 -0.608891 6.82067e-291 -8.67153e-291 0.793254 3.347 2.1 6 0.048 3 13 48
107.92 2 5.68589 1.57216 -41.0275 -0.608891 6.82067e-291 -8.67153e-291 0.793254 3.347 2.1 6 0.048 3 13 48
107.937 2 5.69816 1.57052 -41.0148 -0.608891 6.82067e-291 -8.67153e-291 0.793254 3.347 2.1 6 0.048 3 13 48
107.954 2 5.71015 1.56895 -41.0021 -0.608891 6.82067e-291 -8.67153e-291 0.793254 3.347 2.1 6 0.048 3 13 48
107.97 2 5.70571 1.57155 -40.9894 -0.608891 6.82067e-291 -8.67153e-291 0.793254 3.347 2.1 6 0.048 3 13 48
107.987 2 5.70244 1.57345 -40.9767 -0.608891 6.82067e-291 -8.67153e-291 0.793254 3.347 2.1 6 0.048 3 13 48
108.004 2 5.70004 1.57486 -40.964 -0.608891 6.82067e-291 -8.67153e-291 0.793254 3.347 2.1 6 0.048 3 13 48
108.02 2 5.69827 1.57589 -40.9513 -0.608891 6.82067e-291 -8.67153e-291 0.793254 3.347 2.1 6 0.048 3 13 48
108.037 2 5.69697 1.57665 -40.9386 -0.608891 6.82067e-291 -8.67153e-291 0.793254 3.347 2.1 6 0.048 3 13 48
108.054 2 5.69601 1.57721 -40.9258 -0.608891 6.82067e-291 -8.67153e-291 0.793254 3.347 2.1 6 0.048 3 13 48
108.07 2 5.6953 1.57762 -40.9131 -0.608891 6.82067e-291 -8.67153e-291 0.793254 3.347 2.1 6 0.048 3 13 48
108.087 2 5.69479 1.57792 -40.9004 -0.608891 6.82067e-291 -8.67153e-291 0.793254 3.347 2.1 6 0.048 3 13 48
108.104 2 5.6944 1.57815 -40.8877 -0.608891 6.82067e-291 -8.67153e-291 0.793254 3.347 2.1 6 0.048 3 13 48
108.12 2 5.69412 1.57831 -40.875 -0.608891 6.82067e-291 -8.67153e-291 0.793254 3.347 2.1 6 0.048 3 13 48
108.137 2 5.69392 1.57843 -40.8623 -0.608891 6.82067e-291 -8.67153e-291 0.793254 3.347 2.1 6 0.048 3 13 48
108.154 2 5.69377 1.57852 -40.8496 -0.608891 6.82067e-291 -8.67153e-291 0.793254 3.347 2.1 6 0.048 3 13 48
108.17 2 5.69365 1.57859 -40.8369 -0.608891 6.82067e-291 -8.67153e-291 0.793254 3.347 2.1 6 0.048 3 13 48
108.187 2 5.69357 1.57863 -40.8242 -0.608891 6.82067e-291 -8.67153e-291 0.793254 3.347 2.1 6 0.048 3 13 48
108.204 2 5.69351 1.57867 -40.8115 -0.608891 6.82067e-291 -8.67153e-291 0.793254 3.347 2.1 6 0.048 3 13 48
108.22 2 5.69347 1.57869 -40.7988 -0.608891 6.82067e-291 -8.67153e-291 0.793254 3.347 2.1 6 0.048 3 13 48
108.237 2 5.69344 1.57871 -40.7861 -0.608891 6.82067e-291 -8.67153e-291 0.793254 3.347 2.1 6 0.048 3 13 48
108.254 2 5.69341 1.57873 -40.7733 -0.608891 6.82067e-291 -8.67153e-291 0.793254 3.347 2.1 6 0.048 3 13 48
108.27 2 5.69339 1.57874 -40.7606 -0.608891 6.82067e-291 -8.67153e-291 0.793254 3.347 2.1 6 0.048 3 13 48
108.287 2 5.69338 1.57875 -40.7479 -0.608891 6.82067e-291 -8.67153e-291 0.793254 3.347 2.1 6 0.048 3 13 48
108.304 2 5.69337 1.57875 -40.7352 -0.608891 6.82067e-291 -8.67153e-291 0.793254 3.347 2.1 6 0.048 3 13 48
108.32 2 5.69336 1.57876 -40.7225 -0.608891 6.82067e-291 -8.67153e-291 0.793254 3.347 2.1 6 0.048 3 13 48
108.337 2 5.69336 1.57876 -40.7098 -0.608891 6.82067e-291 -8.67153e-291 0.793254 3.347 2.1 6 0.048 3 13 48
108.354 2 5.69335 1.57876 -40.6971 -0.608891 6.82067e-291 -8.67153e-291 0.793254 3.347 2.1 6 0.048 3 13 48
108.37 2 5.69335 1.57876 -40.6844 -0.608891 6.82067e-291 -8.67153e-291 0.793254 3.347 2.1 6 0.048 3 13 48
108.387 2 5.69335 1.57876 -40.6717 -0.608891 6.82067e-291 -8.67153e-291 0.793254 3.347 2.1 6 0.048 3 13 48
108.404 2 5.69335 1.57876 -40.659 -0.608891 6.82067e-291 -8.67153e-291 0.793254 3.347 2.1 6 0.048 3 13 48
108.42 2 5.69335 1.57876 -40.6463 -0.608891 6.82067e-291 -8.67153e-291 0.793254 3.347 2.1 6 0.048 3 13 48
108.437 2 5.69335 1.57877 -40.6336 -0.608891 6.82067e-291 -8.67153e-291 0.793254 3.347 2.1 6 0.048 3 13 48
108.454 2 5.69335 1.57877 -40.6208 -0.608891 6.82067e-291 -8.67153e-291 0.793254 3.347 2.1 6 0.048 3 13 48
108.47 2 5.69335 1.57877 -40.6081 -0.608891 6.82067e-291 -8.67153e-291 0.793254 3.347 2.1 6 0.048 3 13 48
108.487 2 5.69334 1.57877 -40.5954 -0.608891 6.82067e-291 -8.67153e-291 0.793254 3.347 2.1 6 0.048 3 13 48
108.504 2 5.69334 1.57877 -40.5827 -0.608891 6.82067e-291 -8.67153e-291 0.793254 3.347 2.1 6 0.048 3 13 48
108.52 2 5.69334 1.57877 -40.57 -0.608891 6.82067e-291 -8.67153e-291 0.793254 3.347 2.1 6 0.048 3 13 48
108.537 2 5.69334 1.57877 -40.5573 -0.608891 6.82067e-291 -8.67153e-291 0.793254 3.347 2.1 6 0.048 3 13 48
108.554 2 5.69334 1.57877 -40.5446 -0.608891 6.82067e-291 -8.67153e-291 0.793254 3.347 2.1 6 0.048 3 13 48
108.57 2 5.69334 1.57877 -40.5319 -0.608891 6.82067e-291 -8.67153e-291 0.793254 3.347 2.1 6 0.048 3 13 48
108.587 2 5.69334 1.57877 -40.5192 -0.608891 6.82067e-291 -8.67153e-291 0.793254 3.347 2.1 6 0.048 3 13 48
108.604 2 5.69334 1.57877 -40.5065 -0.608891 6.82067e-291 -8.67153e-291 0.793254 3.347 2.1 6 0.048 3 13 48
108.62 2 5.69334 1.57877 -40.4938 -0.608891 6.82067e-291 -8.67153e-291 0.793254 3.347 2.1 6 0.048 3 13 48
108.637 2 5.69334 1.57877 -40.4811 -0.608891 6.82067e-291 -8.67153e-291 0.793254 3.347 2.1 6 0.048 3 13 48
108.654 2 5.69334 1.57877 -40.4683 -0.608891 6.82067e-291 -8.67153e-291 0.793254 3.347 2.1 6 0.048 3 13 48
108.67 2 5.69334 1.57877 -40.4556 -0.608891 6.82067e-291 -8.67153e-291 0.793254 3.347 2.1 6 0.048 3 13 48
108.687 2 5.69334 1.57877 -40.4429 -0.608891 6.82067e-291 -8.67153e-291 0.793254 3.347 2.1 6 0.048 3 13 48
108.704 2 5.69334 1.57877 -40.4302 -0.608891 6.82067e-291 -8.67153e-291 0.793254 3.347 2.1 6 0.048 3 13 48
108.72 2 5.69334 1.57877 -40.4175 -0.608891 6.82067e-291 -8.67153e-291 0.793254 3.347 2.1 6 0.048 3 13 48
108.737 2 5.69334 1.57877 -40.4048 -0.608891 6.82067e-291 -8.67153e-291 0.793254 3.347 2.1 6 0.048 3 13 48
108.754 2 5.69334 1.57877 -40.3921 -0.608891 6.82067e-291 -8.67153e-291 0.793254 3.347 2.1 6 0.048 3 13 48
108.77 2 5.69334 1.57877 -40.3794 -0.608891 6.82067e-291 -8.67153e-291 0.793254 3.347 2.1 6 0.048 3 13 48
108.787 2 5.69334 1.57877 -40.3667 -0.608891 6.82067e-291 -8.67153e-291 0.793254 3.347 2.1 6 0.048 3 13 48
108.804 2 5.69334 1.57877 -40.354 -0.608891 6.82067e-291 -8.67153e-291 0.793254 3.347 2.1 6 0.048 3 13 48
108.82 2 5.69334 1.57877 -40.3413 -0.608891 6.82067e-291 -8.67153e-291 0.793254 3.347 2.1 6 0.048 3 13 48
108.837 2 5.69334 1.57877 -40.3286 -0.608891 6.82067e-291 -8.67153e-291 0.793254 3.347 2.1 6 0.048 3 13 48
108.854 2 5.69334 1.57877 -40.3158 -0.608891 6.82067e-291 -8.67153e-291 0.793254 3.347 2.1 6 0.048 3 13 48
108.87 2 5.69334 1.57877 -40.3031 -0.608891 6.82067e-291 -8.67153e-291 0.793254 3.347 2.1 6 0.048 3 13 48
108.887 2 5.69334 1.57877 -40.2904 -0.608891 6.82067e-291 -8.67153e-291 0.793254 3.347 2.1 6 0.048 3 13 48
108.904 2 5.69334 1.57877 -40.2777 -0.608891 6.82067e-291 -8.67153e-291 0.793254 3.347 2.1 6 0.048 3 13 48
108.92 2 5.69334 1.57877 -40.265 -0.608891 6.82067e-291 -8.67153e-291 0.793254 3.347 2.1 6 0.048 3 13 48
108.937 2 5.69334 1.57877 -40.2523 -0.608891 6.82067e-291 -8.67153e-291 0.793254 3.347 2.1 6 0.048 3 13 48
108.954 2 5.69334 1.57877 -40.2396 -0.608891 6.82067e-291 -8.67153e-291 0.793254 3.347 2.1 6 0.048 3 13 48
108.97 2 5.69334 1.57877 -40.2269 -0.608891 6.82067e-291 -8.67153e-291 0.793254 3.347 2.1 6 0.048 3 13 48
108.987 2 5.69334 1.57877 -40.2142 -0.608891 6.82067e-291 -8.67153e-291 0.793254 3.347 2.1 6 0.048 3 13 48
109.004 2 5.69334 1.57877 -40.2015 -0.608891 6.82067e-291 -8.67153e-291 0.793254 3.347 2.1 6 0.048 3 13 48
109.02 2 5.69334 1.57877 -40.1888 -0.608891 6.82067e-291 -8.67153e-291 0.793254 3.347 2.1 6 0.048 3 13 48
109.037 2 5.69334 1.57877 -40.1761 -0.608891 6.82067e-291 -8.67153e-291 0.793254 3.347 2.1 6 0.048 3 13 48
109.054 2 5.69334 1.57877 -40.1633 -0.608891 6.82067e-291 -8.67153e-291 0.793254 3.347 2.1 6 0.048 3 13 48
109.07 2 5.69334 1.57877 -40.1506 -0.608891 6.82067e-291 -8.67153e-291 0.793254 3.347 2.1 6 0.048 3 13 48
109.087 2 5.69334 1.57877 -40.1379 -0.608891 6.82067e-291 -8.67153e-291 0.793254 3.347 2.1 6 0.048 3 13 48
109.104 2 5.69334 1.57877 -40.1252 -0.608891 6.82067e-291 -8.67153e-291 0.793254 3.347 2.1 6 0.048 3 13 48
109.12 2 5.69334 1.57877 -40.1125 -0.608891 6.82067e-291 -8.67153e-291 0.793254 3.347 2.1 6 0.048 3 13 48
109.137 2 5.69334 1.57877 -40.0998 -0.608891 6.82067e-291 -8.67153e-291 0.793254 3.347 2.1 6 0.048 3 13 48
109.154 2 5.69334 1.57877 -40.0871 -0.608891 6.82067e-291 -8.67153e-291 0.793254 3.347 2.1 6 0.048 3 13 48
109.17 2 5.69334 1.57877 -40.0744 -0.608891 6.82067e-291 -8.67153e-291 0.793254 3.347 2.1 6 0.048 3 13 48
109.187 2 5.69334 1.57877 -40.0617 -0.608891 6.82067e-291 -8.67153e-291 0.793254 3.347 2.1 6 0.048 3 13 48
109.204 2 5.69334 1.57877 -40.049 -0.608891 6.82067e-291 -8.67153e-291 0.793254 3.347 2.1 6 0.048 3 13 48
109.22 2 5.69334 1.57877 -40.0363 -0.608891 6.82067e-291 -8.67153e-291 0.793254 3.347 2.1 6 0.048 3 13 48
109.237 2 5.69334 1.57877 -40.0236 -0.608891 6.82067e-291 -8.67153e-291 0.793254 3.347 2.1 6 0.048 3 13 48
109.254 2 5.69334 1.57877 -40.0108 -0.608891 6.82067e-291 -8.67153e-291 0.793254 3.347 2.1 6 0.048 3 13 48
109.27 2 5.69334 1.57877 -39.9981 -0.608891 6.82067e-291 -8.67153e-291 0.793254 3.347 2.1 6 0.048 3 13 48
109.287 2 5.69334 1.57877 -39.9854 -0.608891 6.82067e-291 -8.67153e-291 0.793254 3.347 2.1 6 0.048 3 13 48
109.304 2 5.69334 1.57877 -39.9727 -0.608891 6.82067e-291 -8.67153e-291 0.793254 3.347 2.1 6 0.048 3 13 48
109.32 2 5.69334 1.57877 -39.96 -0.608891 6.82067e-291 -8.67153e-291 0.793254 3.347 2.1 6 0.048 3 13 48
109.337 2 5.69334 1.57877 -39.9473 -0.608891 6.82067e-291 -8.67153e-291 0.793254 3.347 2.1 6 0.048 3 13 48
109.354 2 5.69334 1.57877 -39.9346 -0.608891 6.82067e-291 -8.67153e-291 0.793254 3.347 2.1 6 0.048 3 13 48
109.37 2 5.69334 1.57877 -39.9219 -0.608891 6.82067e-291 -8.67153e-291 0.793254 3.347 2.1 6 0.048 3 13 48
109.387 2 5.69334 1.57877 -39.9092 -0.608891 6.82067e-291 -8.67153e-291 0.793254 3.347 2.1 6 0.048 3 13 48
109.404 2 5.69334 1.57877 -39.8965 -0.608891 6.82067e-291 -8.67153e-291 0.793254 3.347 2.1 6 0.048 3 13 48
109.42 2 5.69334 1.57877 -39.8838 -0.608891 6.82067e-291 -8.67153e-291 0.793254 3.347 2.1 6 0.048 3 13 48
109.437 2 5.69334 1.57877 -39.8711 -0.608891 6.82067e-291 -8.67153e-291 0.793254 3.347 2.1 6 0.048 3 13 48
109.454 2 5.69334 1.57877 -39.8583 -0.608891 6.82067e-291 -8.67153e-291 0.793254 3.347 2.1 6 0.048 3 13 48
109.47 2 5.69334 1.57877 -39.8456 -0.608891 6.82067e-291 -8.67153e-291 0.793254 3.347 2.1 6 0.048 3 13 48
109.487 2 5.69334 1.57877 -39.8329 -0.608891 6.82067e-291 -8.67153e-291 0.793254 3.347 2.1 6 0.048 3 13 48
109.504 2 5.69334 1.57877 -39.8202 -0.608891 6.82067e-291 -8.67153e-291 0.793254 3.347 2.1 6 0.048 3 13 48
109.52 2 5.69334 1.57877 -39.8075 -0.608891 6.82067e-291 -8.67153e-291 0.793254 3.347 2.1 6 0.048 3 13 48
109.537 2 5.69334 1.57877 -39.7948 -0.608891 6.82067e-291 -8.67153e-291 0.793254 3.347 2.1 6 0.048 3 13 48
109.554 2 5.69334 1.57877 -39.7821 -0.608891 6.82067e-291 -8.67153e-291 0.793254 3.347 2.1 6 0.048 3 13 48
109.57 2 5.69334 1.57877 -39.7694 -0.608891 6.82067e-291 -8.67153e-291 0.793254 3.347 2.1 6 0.048 3 13 48
109.587 2 5.69334 1.57877 -39.7567 -0.608891 6.82067e-291 -8.67153e-291 0.793254 3.347 2.1 6 0.048 3 13 48
109.604 2 5.69334 1.57877 -39.744 -0.608891 6.82067e-291 -8.67153e-291 0.793254 3.347 2.1 6 0.048 3 13 48
109.62 2 5.69334 1.57877 -39.7313 -0.608891 6.82067e-291 -8.67153e-291 0.793254 3.347 2.1 6 0.048 3 13 48
109.637 2 5.69334 1.57877 -39.7186 -0.608891 6.82067e-291 -8.67153e-291 0.793254 3.347 2.1 6 0.048 3 13 48
109.654 2 5.69334 1.57877 -39.7058 -0.608891 6.82067e-291 -8.67153e-291 0.793254 3.347 2.1 6 0.048 3 13 48
109.67 2 5.69334 1.57877 -39.6931 -0.608891 6.82067e-291 -8.67153e-291 0.793254 3.347 2.1 6 0.048 3 13 48
109.687 2 5.69334 1.57877 -39.6804 -0.608891 6.82067e-291 -8.67153e-291 0.793254 3.347 2.1 6 0.048 3 13 48
109.704 2 5.69334 1.57877 -39.6677 -0.608891 6.82067e-291 -8.67153e-291 0.793254 3.347 2.1 6 0.048 3 13 48
109.72 2 5.69334 1.57877 -39.655 -0.608891 6.82067e-291 -8.67153e-291 0.793254 3.347 2.1 6 0.048 3 13 48
109.737 2 5.69334 1.57877 -39.6423 -0.608891 6.82067e-291 -8.67153e-291 0.793254 3.347 2.1 6 0.048 3 13 48
109.754 2 5.69334 1.57877 -39.6296 -0.608891 6.82067e-291 -8.67153e-291 0.793254 3.347 2.1 6 0.048 3 13 48
109.77 2 5.69334 1.57877 -39.6169 -0.608891 6.82067e-291 -8.67153e-291 0.793254 3.347 2.1 6 0.048 3 13 48
109.787 2 5.69334 1.57877 -39.6042 -0.608891 6.82067e-291 -8.67153e-291 0.793254 3.347 2.1 6 0.048 3 13 48
109.804 2 5.69334 1.57877 -39.5915 -0.608891 6.82067e-291 -8.67153e-291 0.793254 3.347 2.1 6 0.048 3 13 48
109.82 2 5.69334 1.57877 -39.5788 -0.608891 6.82067e-291 -8.67153e-291 0.793254 3.347 2.1 6 0.048 3 13 48
109.837 2 5.69334 1.57877 -39.5661 -0.608891 6.82067e-291 -8.67153e-291 0.793254 3.347 2.1 6 0.048 3 13 48
109.854 2 5.69334 1.57877 -39.5533 -0.608891 6.82067e-291 -8.67153e-291 0.793254 3.347 2.1 6 0.048 3 13 48
109.87 2 5.69334 1.57877 -39.5406 -0.608891 6.82067e-291 -8.67153e-291 0.793254 3.347 2.1 6 0.048 3 13 48
109.887 2 5.69334 1.57877 -39.5279 -0.608891 6.82067e-291 -8.67153e-291 0.793254 3.347 2.1 6 0.048 3 13 48
109.904 2 5.69334 1.57877 -39.5152 -0.608891 6.82067e-291 -8.67153e-291 0.793254 3.347 2.1 6 0.048 3 13 48
109.92 2 5.69334 1.57877 -39.5025 -0.608891 6.82067e-291 -8.67153e-291 0.793254 3.347 2.1 6 0.048 3 13 48
109.937 2 5.69334 1.57877 -39.4898 -0.608891 6.82067e-291 -8.67153e-291 0.793254 3.347 2.1 6 0.048 3 13 48
109.954 2 5.69334 1.57877 -39.4771 -0.608891 6.82067e-291 -8.67153e-291 0.793254 3.347 2.1 6 0.048 3 13 48
109.97 2 5.69334 1.57877 -39.4644 -0.608891 6.82067e-291 -8.67153e-291 0.793254 3.347 2.1 6 0.048 3 13 48
109.987 2 5.69334 1.57877 -39.4517 -0.608891 6.82067e-291 -8.67153e-291 0.793254 3.347 2.1 6 0.048 3 13 48
110.004 2 5.69334 1.57877 -39.439 -0.608891 6.82067e-291 -8.67153e-291 0.793254 3.347 2.1 6 0.048 3 13 48
110.02 2 5.69334 1.57877 -39.4263 -0.608891 6.82067e-291 -8.67153e-291 0.793254 3.347 2.1 6 0.048 3 13 48
110.037 2 5.69334 1.57877 -39.4136 -0.608891 6.82067e-291 -8.67153e-291 0.793254 3.347 2.1 6 0.048 3 13 48
110.054 2 5.69334 1.57877 -39.4008 -0.608891 6.82067e-291 -8.67153e-291 0.793254 3.347 2.1 6 0.048 3 13 48
110.07 2 5.69334 1.57877 -39.3881 -0.608891 6.82067e-291 -8.67153e-291 0.793254 3.347 2.1 6 0.048 3 13 48
110.087 2 5.69334 1.57877 -39.3754 -0.608891 6.82067e-291 -8.67153e-291 0.793254 3.347 2.1 6 0.048 3 13 48
110.104 2 5.69334 1.57877 -39.3627 -0.608891 6.82067e-291 -8.67153e-291 0.793254 3.347 2.1 6 0.048 3 13 48
110.12 2 5.69334 1.57877 -39.35 -0.608891 6.82067e-291 -8.67153e-291 0.793254 3.347 2.1 6 0.048 3 13 48
110.137 2 5.69334 1.57877 -39.3373 -0.608891 6.82067e-291 -8.67153e-291 0.793254 3.347 2.1 6 0.048 3 13 48
110.154 2 5.69334 1.57877 -39.3246 -0.608891 6.82067e-291 -8.67153e-291 0.793254 3.347 2.1 6 0.048 3 13 48
110.17 2 5.69334 1.57877 -39.3119 -0.608891 6.82067e-291 -8.67153e-291 0.793254 3.347 2.1 6 0.048 3 13 48
110.187 2 5.69334 1.57877 -39.2992 -0.608891 6.82067e-291 -8.67153e-291 0.793254 3.347 2.1 6 0.048 3 13 48
110.204 2 5.69334 1.57877 -39.2865 -0.608891 6.82067e-291 -8.67153e-291 0.793254 3.347 2.1 6 0.048 3 13 48
110.22 2 5.69334 1.57877 -39.2738 -0.608891 6.82067e-291 -8.67153e-291 0.793254 3.347 2.1 6 0.048 3 13 48
110.237 2 5.69334 1.57877 -39.2611 -0.608891 6.82067e-291 -8.67153e-291 0.793254 3.347 2.1 6 0.048 3 13 48
110.254 2 5.69334 1.57877 -39.2483 -0.608891 6.82067e-291 -8.67153e-291 0.793254 3.347 2.1 6 0.048 3 13 48
110.27 2 5.69334 1.57877 -39.2356 -0.608891 6.82067e-291 -8.67153e-291 0.793254 3.347 2.1 6 0.048 3 13 48
110.287 2 5.69334 1.57877 -39.2229 -0.608891 6.82067e-291 -8.67153e-291 0.793254 3.347 2.1 6 0.048 3 13 48
110.304 2 5.69334 1.57877 -39.2102 -0.608891 6.82067e-291 -8.67153e-291 0.793254 3.347 2.1 6 0.048 3 13 48
110.32 2 5.69334 1.57877 -39.1975 -0.608891 6.82067e-291 -8.67153e-291 0.793254 3.347 2.1 6 0.048 3 13 48
110.337 2 5.69334 1.57877 -39.1848 -0.608891 6.82067e-291 -8.67153e-291 0.793254 3.347 2.1 6 0.048 3 13 48
110.354 2 5.69334 1.57877 -39.1721 -0.608891 6.82067e-291 -8.67153e-291 0.793254 3.347 2.1 6 0.048 3 13 48
110.37 2 5.69334 1.57877 -39.1594 -0.608891 6.82067e-291 -8.67153e-291 0.793254 3.347 2.1 6 0.048 3 13 48
110.387 2 5.69334 1.57877 -39.1467 -0.608891 6.82067e-291 -8.67153e-291 0.793254 3.347 2.1 6 0.048 3 13 48
110.404 2 5.69334 1.57877 -39.134 -0.608891 6.82067e-291 -8.67153e-291 0.793254 3.347 2.1 6 0.048 3 13 48
110.42 2 5.69334 1.57877 -39.1213 -0.608891 6.82067e-291 -8.67153e-291 0.793254 3.347 2.1 6 0.048 3 13 48
110.437 2 5.69334 1.57877 -39.1086 -0.608891 6.82067e-291 -8.67153e-291 0.793254 3.347 2.1 6 0.048 3 13 48
110.454 2 5.69334 1.57877 -39.0958 -0.608891 6.82067e-291 -8.67153e-291 0.793254 3.347 2.1 6 0.048 3 13 48
110.47 2 5.69334 1.57877 -39.0831 -0.608891 6.82067e-291 -8.67153e-291 0.793254 3.347 2.1 6 0.048 3 13 48
110.487 2 5.69334 1.57877 -39.0704 -0.608891 6.82067e-291 -8.67153e-291 0.793254 3.347 2.1 6 0.048 3 13 48
110.504 2 5.69334 1.57877 -39.0577 -0.608891 6.82067e-291 -8.67153e-291 0.793254 3.347 2.1 6 0.048 3 13 48
110.52 2 5.69334 1.57877 -39.045 -0.608891 6.82067e-291 -8.67153e-291 0.793254 3.347 2.1 6 0.048 3 13 48
110.537 2 5.69334 1.57877 -39.0323 -0.608891 6.82067e-291 -8.67153e-291 0.793254 3.347 2.1 6 0.048 3 13 48
110.554 2 5.69334 1.57877 -39.0196 -0.608891 6.82067e-291 -8.67153e-291 0.793254 3.347 2.1 6 0.048 3 13 48
110.57 2 5.69334 1.57877 -39.0069 -0.608891 6.82067e-291 -8.67153e-291 0.793254 3.347 2.1 6 0.048 3 13 48
110.587 2 5.69334 1.57877 -38.9942 -0.608891 6.82067e-291 -8.67153e-291 0.793254 3.347 2.1 6 0.048 3 13 48
110.604 2 5.69334 1.57877 -38.9815 -0.608891 6.82067e-291 -8.67153e-291 0.793254 3.347 2.1 6 0.048 3 13 48
110.62 2 5.69334 1.57877 -38.9688 -0.608891 6.82067e-291 -8.67153e-291 0.793254 3.347 2.1 6 0.048 3 13 48
110.637 2 5.69334 1.57877 -38.9561 -0.608891 6.82067e-291 -8.67153e-291 0.793254 3.347 2.1 6 0.048 3 13 48
110.654 2 5.69334 1.57877 -38.9433 -0.608891 6.82067e-291 -8.67153e-291 0.793254 3.347 2.1 6 0.048 3 13 48
110.67 2 5.69334 1.57877 -38.9306 -0.608891 6.82067e-291 -8.67153e-291 0.793254 3.347 2.1 6 0.048 3 13 48
110.687 2 5.69334 1.57877 -38.9179 -0.608891 6.82067e-291 -8.67153e-291 0.793254 3.347 2.1 6 0.048 3 13 48
110.704 2 5.69334 1.57877 -38.9052 -0.608891 6.82067e-291 -8.67153e-291 0.793254 3.347 2.1 6 0.048 3 13 48
110.72 2 5.69334 1.57877 -38.8925 -0.608891 6.82067e-291 -8.67153e-291 0.793254 3.347 2.1 6 0.048 3 13 48
110.737 2 5.69334 1.57877 -38.8798 -0.608891 6.82067e-291 -8.67153e-291 0.793254 3.347 2.1 6 0.048 3 13 48
110.754 2 5.69334 1.57877 -38.8671 -0.608891 6.82067e-291 -8.67153e-291 0.793254 3.347 2.1 6 0.048 3 13 48
110.77 2 5.69334 1.57877 -38.8544 -0.608891 6.82067e-291 -8.67153e-291 0.793254 3.347 2.1 6 0.048 3 13 48
110.787 2 5.69334 1.57877 -38.8417 -0.608891 6.82067e-291 -8.67153e-291 0.793254 3.347 2.1 6 0.048 3 13 48
110.804 2 5.69334 1.57877 -38.829 -0.608891 6.82067e-291 -8.67153e-291 0.793254 3.347 2.1 6 0.048 3 13 48
110.82 2 5.69334 1.57877 -38.8163 -0.608891 6.82067e-291 -8.67153e-291 0.793254 3.347 2.1 6 0.048 3 13 48
110.837 2 5.69334 1.57877 -38.8036 -0.608891 6.82067e-291 -8.67153e-291 0.793254 3.347 2.1 6 0.048 3 13 48
110.854 2 5.69334 1.57877 -38.7908 -0.608891 6.82067e-291 -8.67153e-291 0.793254 3.347 2.1 6 0.048 3 13 48
110.87 2 5.69334 1.57877 -38.7781 -0.608891 6.82067e-291 -8.67153e-291 0.793254 3.347 2.1 6 0.048 3 13 48
110.887 2 5.69334 1.57877 -38.7654 -0.608891 6.82067e-291 -8.67153e-291 0.793254 3.347 2.1 6 0.048 3 13 48
110.904 2 5.69334 1.57877 -38.7527 -0.608891 6.82067e-291 -8.67153e-291 0.793254 3.347 2.1 6 0.048 3 13 48
110.92 2 5.69334 1.57877 -38.74 -0.608891 6.82067e-291 -8.67153e-291 0.793254 3.347 2.1 6 0.048 3 13 48
110.937 2 5.69334 1.57877 -38.7273 -0.608891 6.82067e-291 -8.67153e-291 0.793254 3.347 2.1 6 0.048 3 13 48
110.954 2 5.69334 1.57877 -38.7146 -0.608891 6.82067e-291 -8.67153e-291 0.793254 3.347 2.1 6 0.048 3 13 48
110.97 2 5.69334 1.57877 -38.7019 -0.608891 6.82067e-291 -8.67153e-291 0.793254 3.347 2.1 6 0.048 3 13 48
110.987 2 5.69334 1.57877 -38.6892 -0.608891 6.82067e-291 -8.67153e-291 0.793254 3.347 2.1 6 0.048 3 13 48
111.004 2 5.69334 1.57877 -38.6765 -0.608891 6.82067e-291 -8.67153e-291 0.793254 3.347 2.1 6 0.048 3 13 48
111.02 2 5.69334 1.57877 -38.6638 -0.608891 6.82067e-291 -8.67153e-291 0.793254 3.347 2.1 6 0.048 3 13 48
111.037 2 5.69334 1.57877 -38.6511 -0.608891 6.82067e-291 -8.67153e-291 0.793254 3.347 2.1 6 0.048 3 13 48
111.054 2 5.69334 1.57877 -38.6383 -0.608891 6.82067e-291 -8.67153e-291 0.793254 3.347 2.1 6 0.048 3 13 48
111.07 2 5.69334 1.57877 -38.6256 -0.608891 6.82067e-291 -8.67153e-291 0.793254 3.347 2.1 6 0.048 3 13 48
111.087 2 5.69334 1.57877 -38.6129 -0.608891 6.82067e-291 -8.67153e-291 0.793254 3.347 2.1 6 0.048 3 13 48
111.104 2 5.69334 1.57877 -38.6002 -0.608891 6.82067e-291 -8.67153e-291 0.793254 3.347 2.1 6 0.048 3 13 48
111.12 2 5.69334 1.57877 -38.5875 -0.608891 6.82067e-291 -8.67153e-291 0.793254 3.347 2.1 6 0.048 3 13 48
111.137 2 5.69334 1.57877 -38.5748 -0.608891 6.82067e-291 -8.67153e-291 0.793254 3.347 2.1 6 0.048 3 13 48
111.154 2 5.69334 1.57877 -38.5621 -0.608891 6.82067e-291 -8.67153e-291 0.793254 3.347 2.1 6 0.048 3 13 48
111.17 2 5.69334 1.57877 -38.5494 -0.608891 6.82067e-291 -8.67153e-291 0.793254 3.347 2.1 6 0.048 3 13 48
111.187 2 5.69334 1.57877 -38.5367 -0.608891 6.82067e-291 -8.67153e-291 0.793254 3.347 2.1 6 0.048 3 13 48
111.204 2 5.69334 1.57877 -38.524 -0.608891 6.82067e-291 -8.67153e-291 0.793254 3.347 2.1 6 0.048 3 13 48
111.22 2 5.69334 1.57877 -38.5113 -0.608891 6.82067e-291 -8.67153e-291 0.793254 3.347 2.1 6 0.048 3 13 48
111.237 2 5.69334 1.57877 -38.4986 -0.608891 6.82067e-291 -8.67153e-291 0.793254 3.347 2.1 6 0.048 3 13 48
111.254 2 5.69334 1.57877 -38.4858 -0.608891 6.82067e-291 -8.67153e-291 0.793254 3.347 2.1 6 0.048 3 13 48
111.27 2 5.69334 1.57877 -38.4731 -0.608891 6.82067e-291 -8.67153e-291 0.793254 3.347 2.1 6 0.048 3 13 48
111.287 2 5.69334 1.57877 -38.4604 -0.608891 6.82067e-291 -8.67153e-291 0.793254 3.347 2.1 6 0.048 3 13 48
111.304 2 5.69334 1.57877 -38.4477 -0.608891 6.82067e-291 -8.67153e-291 0.793254 3.347 2.1 6 0.048 3 13 48
111.32 2 5.69334 1.57877 -38.435 -0.608891 6.82067e-291 -8.67153e-291 0.793254 3.347 2.1 6 0.048 3 13 48
111.337 2 5.69334 1.57877 -38.4223 -0.608891 6.82067e-291 -8.67153e-291 0.793254 3.347 2.1 6 0.048 3 13 48
111.354 2 5.69334 1.57877 -38.4096 -0.608891 6.82067e-291 -8.67153e-291 0.793254 3.347 2.1 6 0.048 3 13 48
111.37 2 5.69334 1.57877 -38.3969 -0.608891 6.82067e-291 -8.67153e-291 0.793254 3.347 2.1 6 0.048 3 13 48
111.387 2 5.69334 1.57877 -38.3842 -0.608891 6.82067e-291 -8.67153e-291 0.793254 3.347 2.1 6 0.048 3 13 48
111.404 2 5.69334 1.57877 -38.3715 -0.608883 6.82076e-291 -8.67146e-291 0.79326 3.347 2.1 6 0.048 3 13 48
111.42 2 5.69334 1.57877 -38.3588 -0.607952 6.83093e-291 -8.66346e-291 0.793973 3.347 2.1 6 0.048 3 13 48
111.437 2 5.69334 1.57877 -38.3461 -0.607036 6.84092e-291 -8.65557e-291 0.794674 3.347 2.1 6 0.048 3 13 48
111.454 2 5.69334 1.57877 -38.3333 -0.606303 6.84889e-291 -8.64926e-291 0.795234 3.347 2.1 6 0.048 3 13 48
111.47 2 5.69334 1.57877 -38.3206 -0.60575 6.85491e-291 -8.64449e-291 0.795655 3.347 2.1 6 0.048 3 13 48
111.487 2 5.69334 1.57877 -38.3079 -0.605338 6.85938e-291 -8.64095e-291 0.795968 3.347 2.1 6 0.048 3 13 48
111.504 2 5.69334 1.57877 -38.2952 -0.605035 6.86267e-291 -8.63833e-291 0.796199 3.347 2.1 6 0.048 3 13 48
111.52 2 5.69334 1.57877 -38.2825 -0.604811 6.8651e-291 -8.63641e-291 0.796369 3.347 2.1 6 0.048 3 13 48
111.537 2 5.69334 1.57877 -38.2698 -0.604647 6.86688e-291 -8.63499e-291 0.796494 3.347 2.1 6 0.048 3 13 48
111.554 2 5.69334 1.57877 -38.2574 -0.604526 6.86819e-291 -8.63394e-291 0.796586 3.347 2.1 6 0.048 3 13 48
111.57 2 5.69334 1.57877 -38.262 -0.604437 6.86916e-291 -8.63318e-291 0.796653 3.347 2.1 6 0.048 3 13 48
111.587 2 5.69334 1.57877 -38.2654 -0.604371 6.86987e-291 -8.63261e-291 0.796703 3.347 2.1 6 0.048 3 13 48
111.604 2 5.69334 1.57877 -38.2679 -0.604323 6.87039e-291 -8.63219e-291 0.79674 3.347 2.1 6 0.048 3 13 48
111.62 2 5.69334 1.57877 -38.2697 -0.604287 6.87077e-291 -8.63189e-291 0.796766 3.347 2.1 6 0.048 3 13 48
111.637 2 5.69334 1.57877 -38.271 -0.604261 6.87106e-291 -8.63166e-291 0.796786 3.347 2.1 6 0.048 3 13 48
111.654 2 5.69334 1.57877 -38.272 -0.604242 6.87126e-291 -8.6315e-291 0.796801 3.347 2.1 6 0.048 3 13 48
111.67 2 5.69334 1.57877 -38.2728 -0.604228 6.87142e-291 -8.63138e-291 0.796811 3.347 2.1 6 0.048 3 13 48
111.687 2 5.69334 1.57877 -38.2733 -0.604218 6.87153e-291 -8.63129e-291 0.796819 3.347 2.1 6 0.048 3 13 48
111.704 2 5.69334 1.57877 -38.2737 -0.60421 6.87161e-291 -8.63122e-291 0.796825 3.347 2.1 6 0.048 3 13 48
111.72 2 5.69334 1.57877 -38.274 -0.604204 6.87167e-291 -8.63117e-291 0.796829 3.347 2.1 6 0.048 3 13 48
111.737 2 5.69334 1.57877 -38.2742 -0.6042 6.87172e-291 -8.63114e-291 0.796833 3.347 2.1 6 0.048 3 13 48
111.754 2 5.69334 1.57877 -38.2744 -0.604197 6.87175e-291 -8.63111e-291 0.796835 3.347 2.1 6 0.048 3 13 48
111.77 2 5.69334 1.57877 -38.2745 -0.604195 6.87178e-291 -8.63109e-291 0.796837 3.347 2.1 6 0.048 3 13 48
111.787 2 5.69334 1.57877 -38.2746 -0.604193 6.87179e-291 -8.63108e-291 0.796838 3.347 2.1 6 0.048 3 13 48
111.804 2 5.69334 1.57877 -38.2746 -0.604192 6.87181e-291 -8.63107e-291 0.796839 3.347 2.1 6 0.048 3 13 48
111.82 2 5.69334 1.57877 -38.2747 -0.604191 6.87182e-291 -8.63106e-291 0.796839 3.347 2.1 6 0.048 3 13 48
111.837 2 5.69334 1.57877 -38.2747 -0.60419 6.87182e-291 -8.63105e-291 0.79684 3.347 2.1 6 0.048 3 13 48
111.854 2 5.69334 1.57877 -38.2747 -0.60419 6.87183e-291 -8.63105e-291 0.79684 3.347 2.1 6 0.048 3 13 48
111.87 2 5.69334 1.57877 -38.2747 -0.60419 6.87183e-291 -8.63105e-291 0.796841 3.347 2.1 6 0.048 3 13 48
111.887 2 5.69334 1.57877 -38.2748 -0.604189 6.87184e-291 -8.63104e-291 0.796841 3.347 2.1 6 0.048 3 13 48
111.904 2 5.69334 1.57877 -38.2748 -0.604189 6.87184e-291 -8.63104e-291 0.796841 3.347 2.1 6 0.048 3 13 48
111.92 2 5.69334 1.57877 -38.2748 -0.604189 6.87184e-291 -8.63104e-291 0.796841 3.347 2.1 6 0.048 3 13 48
111.937 2 5.69334 1.57877 -38.2748 -0.604189 6.87184e-291 -8.63104e-291 0.796841 3.347 2.1 6 0.048 3 13 48
111.954 2 5.69334 1.57877 -38.2748 -0.604189 6.87184e-291 -8.63104e-291 0.796841 3.347 2.1 6 0.048 3 13 48
111.97 2 5.69334 1.57877 -38.2748 -0.604189 6.87184e-291 -8.63104e-291 0.796841 3.347 2.1 6 0.048 3 13 48
111.987 2 5.69334 1.57877 -38.2748 -0.604189 6.87184e-291 -8.63104e-291 0.796841 3.347 2.1 6 0.048 3 13 48
112.004 2 5.69334 1.57877 -38.2748 -0.604189 6.87184e-291 -8.63104e-291 0.796841 3.347 2.1 6 0.048 3 13 48
112.02 2 5.69334 1.57877 -38.2748 -0.604189 6.87184e-291 -8.63104e-291 0.796841 3.347 2.1 6 0.048 3 13 48
112.037 2 5.69334 1.57877 -38.2748 -0.604189 6.87184e-291 -8.63104e-291 0.796841 3.347 2.1 6 0.048 3 13 48
112.054 2 5.69334 1.57877 -38.2748 -0.604189 6.87184e-291 -8.63104e-291 0.796841 3.347 2.1 6 0.048 3 13 48
112.07 2 5.69334 1.57877 -38.2748 -0.604189 6.87184e-291 -8.63104e-291 0.796841 3.347 2.1 6 0.048 3 13 48
112.087 2 5.69334 1.57877 -38.2748 -0.604189 6.87184e-291 -8.63104e-291 0.796841 3.347 2.1 6 0.048 3 13 48
112.104 2 5.69334 1.57877 -38.2748 -0.604189 6.87184e-291 -8.63104e-291 0.796841 3.347 2.1 6 0.048 3 13 48
112.12 2 5.69334 1.57877 -38.2748 -0.604189 6.87184e-291 -8.63104e-291 0.796841 3.347 2.1 6 0.048 3 13 48
112.137 2 5.69334 1.57877 -38.2748 -0.604189 6.87184e-291 -8.63104e-291 0.796841 3.347 2.1 6 0.048 3 13 48
112.154 2 5.69334 1.57877 -38.2748 -0.604189 6.87184e-291 -8.63104e-291 0.796841 3.347 2.1 6 0.048 3 13 48
112.17 2 5.69334 1.57877 -38.2748 -0.604189 6.87184e-291 -8.63104e-291 0.796841 3.347 2.1 6 0.048 3 13 48
112.187 2 5.69334 1.57877 -38.2748 -0.604189 6.87184e-291 -8.63104e-291 0.796841 3.347 2.1 6 0.048 3 13 48
112.204 2 5.69334 1.57877 -38.2748 -0.604189 6.87184e-291 -8.63104e-291 0.796841 3.347 2.1 6 0.048 3 13 48
112.22 2 5.69334 1.57877 -38.2748 -0.604189 6.87184e-291 -8.63104e-291 0.796841 3.347 2.1 6 0.048 3 13 48
112.237 2 5.69334 1.57877 -38.2748 -0.604189 6.87184e-291 -8.63104e-291 0.796841 3.347 2.1 6 0.048 3 13 48
112.254 2 5.69334 1.57877 -38.2748 -0.604189 6.87184e-291 -8.63104e-291 0.796841 3.347 2.1 6 0.048 3 13 48
112.27 2 5.69334 1.57877 -38.2748 -0.604189 6.87184e-291 -8.63104e-291 0.796841 3.347 2.1 6 0.048 3 13 48
112.287 2 5.69334 1.57877 -38.2748 -0.604189 6.87184e-291 -8.63104e-291 0.796841 3.347 2.1 6 0.048 3 13 48
112.304 2 5.69334 1.57877 -38.2748 -0.604189 6.87184e-291 -8.63104e-291 0.796841 3.347 2.1 6 0.048 3 13 48
112.32 2 5.69334 1.57877 -38.2748 -0.604189 6.87184e-291 -8.63104e-291 0.796841 3.347 2.1 6 0.048 3 13 48
112.337 2 5.69334 1.57877 -38.2748 -0.604189 6.87184e-291 -8.63104e-291 0.796841 3.347 2.1 6 0.048 3 13 48
112.354 2 5.69334 1.57877 -38.2748 -0.604189 6.87184e-291 -8.63104e-291 0.796841 3.347 2.1 6 0.048 3 13 48
112.37 2 5.69334 1.57877 -38.2748 -0.604189 6.87184e-291 -8.63104e-291 0.796841 3.347 2.1 6 0.048 3 13 48
112.387 2 5.69334 1.57877 -38.2748 -0.604189 6.87184e-291 -8.63104e-291 0.796841 3.347 2.1 6 0.048 3 13 48
112.404 2 5.69334 1.57877 -38.2748 -0.604189 6.87184e-291 -8.63104e-291 0.796841 3.347 2.1 6 0.048 3 13 48
112.42 2 5.69334 1.57877 -38.2748 -0.604189 6.87184e-291 -8.63104e-291 0.796841 3.347 2.1 6 0.048 3 13 48
112.437 2 5.69334 1.57877 -38.2748 -0.604189 6.87184e-291 -8.63104e-291 0.796841 3.347 2.1 6 0.048 3 13 48
112.454 2 5.69334 1.57877 -38.2748 -0.604189 6.87184e-291 -8.63104e-291 0.796841 3.347 2.1 6 0.048 3 13 48
112.47 2 5.69334 1.57877 -38.2748 -0.604189 6.87184e-291 -8.63104e-291 0.796841 3.347 2.1 6 0.048 3 13 48
112.487 2 5.69334 1.57877 -38.2748 -0.604189 6.87184e-291 -8.63104e-291 0.796841 3.347 2.1 6 0.048 3 13 48
112.504 2 5.69334 1.57877 -38.2748 -0.604189 6.87184e-291 -8.63104e-291 0.796841 3.347 2.1 6 0.048 3 13 48
112.52 2 5.69334 1.57877 -38.2748 -0.604189 6.87184e-291 -8.63104e-291 0.796841 3.347 2.1 6 0.048 3 13 48
112.537 2 5.69334 1.57877 -38.2748 -0.604189 6.87184e-291 -8.63104e-291 0.796841 3.347 2.1 6 0.048 3 13 48
112.554 2 5.69334 1.57877 -38.2748 -0.604189 6.87184e-291 -8.63104e-291 0.796841 3.347 2.1 6 0.048 3 13 48
112.57 2 5.69334 1.57877 -38.2748 -0.604189 6.87184e-291 -8.63104e-291 0.796841 3.347 2.1 6 0.048 3 13 48
112.587 2 5.69334 1.57877 -38.2748 -0.604189 6.87184e-291 -8.63104e-291 0.796841 3.347 2.1 6 0.048 3 13 48
112.604 2 5.69334 1.57877 -38.2748 -0.604189 6.87184e-291 -8.63104e-291 0.796841 3.347 2.1 6 0.048 3 13 48
112.62 2 5.69334 1.57877 -38.2748 -0.604189 6.87184e-291 -8.63104e-291 0.796841 3.347 2.1 6 0.048 3 13 48
112.637 2 5.69334 1.57877 -38.2748 -0.604189 6.87184e-291 -8.63104e-291 0.796841 3.347 2.1 6 0.048 3 13 48
112.654 2 5.69334 1.57877 -38.2748 -0.604189 6.87184e-291 -8.63104e-291 0.796841 3.347 2.1 6 0.048 3 13 48
112.67 2 5.69334 1.57877 -38.2748 -0.604189 6.87184e-291 -8.63104e-291 0.796841 3.347 2.1 6 0.048 3 13 48
112.687 2 5.69334 1.57877 -38.2748 -0.604189 6.87184e-291 -8.63104e-291 0.796841 3.347 2.1 6 0.048 3 13 48
112.704 2 5.69334 1.57877 -38.2748 -0.604189 6.87184e-291 -8.63104e-291 0.796841 3.347 2.1 6 0.048 3 13 48
112.72 2 5.69334 1.57877 -38.2748 -0.604189 6.87184e-291 -8.63104e-291 0.796841 3.347 2.1 6 0.048 3 13 48
112.737 2 5.69334 1.57877 -38.2748 -0.604189 6.87184e-291 -8.63104e-291 0.796841 3.347 2.1 6 0.048 3 13 48
112.754 2 5.69334 1.57877 -38.2748 -0.604189 6.87184e-291 -8.63104e-291 0.796841 3.347 2.1 6 0.048 3 13 48
112.77 2 5.69334 1.57877 -38.2748 -0.604189 6.87184e-291 -8.63104e-291 0.796841 3.347 2.1 6 0.048 3 13 48
112.787 2 5.69334 1.57877 -38.2748 -0.604189 6.87184e-291 -8.63104e-291 0.796841 3.347 2.1 6 0.048 3 13 48
112.804 2 5.69334 1.57877 -38.2748 -0.604189 6.87184e-291 -8.63104e-291 0.796841 3.347 2.1 6 0.048 3 13 48
112.82 2 5.69334 1.57877 -38.2748 -0.604189 6.87184e-291 -8.63104e-291 0.796841 3.347 2.1 6 0.048 3 13 48
112.837 2 5.69334 1.57877 -38.2748 -0.604189 6.87184e-291 -8.63104e-291 0.796841 3.347 2.1 6 0.048 3 13 48
112.854 2 5.69334 1.57877 -38.2748 -0.604189 6.87184e-291 -8.63104e-291 0.796841 3.347 2.1 6 0.048 3 13 48
112.87 2 5.69334 1.57877 -38.2748 -0.604189 6.87184e-291 -8.63104e-291 0.796841 3.347 2.1 6 0.048 3 13 48
112.887 2 5.69334 1.57877 -38.2748 -0.604189 6.87184e-291 -8.63104e-291 0.796841 3.347 2.1 6 0.048 3 13 48
112.904 2 5.69334 1.57877 -38.2748 -0.604189 6.87184e-291 -8.63104e-291 0.796841 3.347 2.1 6 0.048 3 13 48
112.92 2 5.69334 1.57877 -38.2748 -0.604189 6.87184e-291 -8.63104e-291 0.796841 3.347 2.1 6 0.048 3 13 48
112.937 2 5.69334 1.57877 -38.2748 -0.604189 6.87184e-291 -8.63104e-291 0.796841 3.347 2.1 6 0.048 3 13 48
112.954 2 5.69334 1.57877 -38.2748 -0.604189 6.87184e-291 -8.63104e-291 0.796841 3.347 2.1 6 0.048 3 13 48
112.97 2 5.69334 1.57877 -38.2748 -0.604189 6.87184e-291 -8.63104e-291 0.796841 3.347 2.1 6 0.048 3 13 48
112.987 2 5.69334 1.57877 -38.2748 -0.604189 6.87184e-291 -8.63104e-291 0.796841 3.347 2.1 6 0.048 3 13 48
113.004 2 5.69334 1.57877 -38.2748 -0.604189 6.87184e-291 -8.63104e-291 0.796841 3.347 2.1 6 0.048 3 13 48
113.02 2 5.69334 1.57877 -38.2748 -0.604189 6.87184e-291 -8.63104e-291 0.796841 3.347 2.1 6 0.048 3 13 48
113.037 2 5.69334 1.57877 -38.2748 -0.604189 6.87184e-291 -8.63104e-291 0.796841 3.347 2.1 6 0.048 3 13 48
113.054 2 5.69334 1.57877 -38.2748 -0.604189 6.87184e-291 -8.63104e-291 0.796841 3.347 2.1 6 0.048 3 13 48
113.07 2 5.69334 1.57877 -38.2748 -0.604189 6.87184e-291 -8.63104e-291 0.796841 3.347 2.1 6 0.048 3 13 48
113.087 2 5.69334 1.57877 -38.2748 -0.604189 6.87184e-291 -8.63104e-291 0.796841 3.347 2.1 6 0.048 3 13 48
113.104 2 5.69334 1.57877 -38.2748 -0.604189 6.87184e-291 -8.63104e-291 0.796841 3.347 2.1 6 0.048 3 13 48
113.12 2 5.69334 1.57877 -38.2748 -0.604189 6.87184e-291 -8.63104e-291 0.796841 3.347 2.1 6 0.048 3 13 48
113.137 2 5.69334 1.57877 -38.2748 -0.604189 6.87184e-291 -8.63104e-291 0.796841 3.347 2.1 6 0.048 3 13 48
113.154 2 5.69334 1.57877 -38.2748 -0.604189 6.87184e-291 -8.63104e-291 0.796841 3.347 2.1 6 0.048 3 13 48
113.17 2 5.69334 1.57877 -38.2748 -0.604189 6.87184e-291 -8.63104e-291 0.796841 3.347 2.1 6 0.048 3 13 48
113.187 2 5.69334 1.57877 -38.2748 -0.604189 6.87184e-291 -8.63104e-291 0.796841 3.347 2.1 6 0.048 3 13 48
113.204 2 5.69334 1.57877 -38.2748 -0.604189 6.87184e-291 -8.63104e-291 0.796841 3.347 2.1 6 0.048 3 13 48
113.22 2 5.69334 1.57877 -38.2748 -0.604189 6.87184e-291 -8.63104e-291 0.796841 3.347 2.1 6 0.048 3 13 48
113.237 2 5.69334 1.57877 -38.2748 -0.604189 6.87184e-291 -8.63104e-291 0.796841 3.347 2.1 6 0.048 3 13 48
113.254 2 5.69334 1.57877 -38.2748 -0.604189 6.87184e-291 -8.63104e-291 0.796841 3.347 2.1 6 0.048 3 13 48
113.27 2 5.69334 1.57877 -38.2748 -0.604189 6.87184e-291 -8.63104e-291 0.796841 3.347 2.1 6 0.048 3 13 48
113.287 2 5.69334 1.57877 -38.2748 -0.604189 6.87184e-291 -8.63104e-291 0.796841 3.347 2.1 6 0.048 3 13 48
113.304 2 5.69334 1.57877 -38.2748 -0.604189 6.87184e-291 -8.63104e-291 0.796841 3.347 2.1 6 0.048 3 13 48
113.32 2 5.69334 1.57877 -38.2748 -0.604189 6.87184e-291 -8.63104e-291 0.796841 3.347 2.1 6 0.048 3 13 48
113.337 2 5.69334 1.57877 -38.2748 -0.604189 6.87184e-291 -8.63104e-291 0.796841 3.347 2.1 6 0.048 3 13 48
113.354 2 5.69334 1.57877 -38.2748 -0.604189 6.87184e-291 -8.63104e-291 0.796841 3.347 2.1 6 0.048 3 13 48
113.37 2 5.69334 1.57877 -38.2748 -0.604189 6.87184e-291 -8.63104e-291 0.796841 3.347 2.1 6 0.048 3 13 48
113.387 2 5.69334 1.57877 -38.2748 -0.604189 6.87184e-291 -8.63104e-291 0.796841 3.347 2.1 6 0.048 3 13 48
113.404 2 5.69334 1.57877 -38.2748 -0.604189 6.87184e-291 -8.63104e-291 0.796841 3.347 2.1 6 0.048 3 13 48
113.42 2 5.69334 1.57877 -38.2748 -0.604189 6.87184e-291 -8.63104e-291 0.796841 3.347 2.1 6 0.048 3 13 48
113.437 2 5.69334 1.57877 -38.2748 -0.604189 6.87184e-291 -8.63104e-291 0.796841 3.347 2.1 6 0.048 3 13 48
113.454 2 5.69334 1.57877 -38.2748 -0.604189 6.87184e-291 -8.63104e-291 0.796841 3.347 2.1 6 0.048 3 13 48
113.47 2 5.69334 1.57877 -38.2748 -0.604189 6.87184e-291 -8.63104e-291 0.796841 3.347 2.1 6 0.048 3 13 48
113.487 2 5.69334 1.57877 -38.2748 -0.604189 6.87184e-291 -8.63104e-291 0.796841 3.347 2.1 6 0.048 3 13 48
113.504 2 5.69334 1.57877 -38.2748 -0.604189 6.87184e-291 -8.63104e-291 0.796841 3.347 2.1 6 0.048 3 13 48
113.52 2 5.69334 1.57877 -38.2748 -0.604189 6.87184e-291 -8.63104e-291 0.796841 3.347 2.1 6 0.048 3 13 48
113.537 2 5.69334 1.57877 -38.2748 -0.604189 6.87184e-291 -8.63104e-291 0.796841 3.347 2.1 6 0.048 3 13 48
113.554 2 5.69334 1.57877 -38.2748 -0.604189 6.87184e-291 -8.63104e-291 0.796841 3.347 2.1 6 0.048 3 13 48
113.57 2 5.69334 1.57877 -38.2748 -0.604189 6.87184e-291 -8.63104e-291 0.796841 3.347 2.1 6 0.048 3 13 48
113.587 2 5.69334 1.57877 -38.2748 -0.604189 6.87184e-291 -8.63104e-291 0.796841 3.347 2.1 6 0.048 3 13 48
113.604 2 5.69334 1.57877 -38.2748 -0.604189 6.87184e-291 -8.63104e-291 0.796841 3.347 2.1 6 0.048 3 13 48
113.62 2 5.69334 1.57877 -38.2748 -0.604189 6.87184e-291 -8.63104e-291 0.796841 3.347 2.1 6 0.048 3 13 48
113.637 2 5.69334 1.57877 -38.2748 -0.604189 6.87184e-291 -8.63104e-291 0.796841 3.347 2.1 6 0.048 3 13 48
113.654 2 5.69334 1.57877 -38.2748 -0.604189 6.87184e-291 -8.63104e-291 0.796841 3.347 2.1 6 0.048 3 13 48
113.67 2 5.69334 1.57877 -38.2748 -0.604189 6.87184e-291 -8.63104e-291 0.796841 3.347 2.1 6 0.048 3 13 48
113.687 2 5.69334 1.57877 -38.2748 -0.604189 6.87184e-291 -8.63104e-291 0.796841 3.347 2.1 6 0.048 3 13 48
113.704 2 5.69334 1.57877 -38.2748 -0.604189 6.87184e-291 -8.63104e-291 0.796841 3.347 2.1 6 0.048 3 13 48
113.72 2 5.69334 1.57877 -38.2748 -0.604189 6.87184e-291 -8.63104e-291 0.796841 3.347 2.1 6 0.048 3 13 48
113.737 2 5.69334 1.57877 -38.2748 -0.604189 6.87184e-291 -8.63104e-291 0.796841 3.347 2.1 6 0.048 3 13 48
113.754 2 5.69334 1.57877 -38.2748 -0.604189 6.87184e-291 -8.63104e-291 0.796841 3.347 2.1 6 0.048 3 13 48
113.77 2 5.69334 1.57877 -38.2748 -0.604189 6.87184e-291 -8.63104e-291 0.796841 3.347 2.1 6 0.048 3 13 48
113.787 2 5.69334 1.57877 -38.2748 -0.604189 6.87184e-291 -8.63104e-291 0.796841 3.347 2.1 6 0.048 3 13 48
113.804 2 5.69334 1.57877 -38.2748 -0.604189 6.87184e-291 -8.63104e-291 0.796841 3.347 2.1 6 0.048 3 13 48
113.82 2 5.69334 1.57877 -38.2748 -0.604189 6.87184e-291 -8.63104e-291 0.796841 3.347 2.1 6 0.048 3 13 48
113.837 2 5.69334 1.57877 -38.2748 -0.604189 6.87184e-291 -8.63104e-291 0.796841 3.347 2.1 6 0.048 3 13 48
113.854 2 5.69334 1.57877 -38.2748 -0.604189 6.87184e-291 -8.63104e-291 0.796841 3.347 2.1 6 0.048 3 13 48
113.87 2 5.69334 1.57877 -38.2748 -0.604189 6.87184e-291 -8.63104e-291 0.796841 3.347 2.1 6 0.048 3 13 48
113.887 2 5.69334 1.57877 -38.2748 -0.604189 6.87184e-291 -8.63104e-291 0.796841 3.347 2.1 6 0.048 3 13 48
113.904 2 5.69334 1.57877 -38.2748 -0.604189 6.87184e-291 -8.63104e-291 0.796841 3.347 2.1 6 0.048 3 13 48
113.92 2 5.69334 1.57877 -38.2748 -0.604189 6.87184e-291 -8.63104e-291 0.796841 3.347 2.1 6 0.048 3 13 48
113.937 2 5.69334 1.57877 -38.2748 -0.604189 6.87184e-291 -8.63104e-291 0.796841 3.347 2.1 6 0.048 3 13 48
113.954 2 5.69334 1.57877 -38.2748 -0.604189 6.87184e-291 -8.63104e-291 0.796841 3.347 2.1 6 0.048 3 13 48
113.97 2 5.69334 1.57877 -38.2748 -0.604189 6.87184e-291 -8.63104e-291 0.796841 3.347 2.1 6 0.048 3 13 48
113.987 2 5.69334 1.57877 -38.2748 -0.604189 6.87184e-291 -8.63104e-291 0.796841 3.347 2.1 6 0.048 3 13 48
114.004 2 5.69334 1.57877 -38.2748 -0.604189 6.87184e-291 -8.63104e-291 0.796841 3.347 2.1 6 0.048 3 13 48
114.02 2 5.69334 1.57877 -38.2748 -0.604189 6.87184e-291 -8.63104e-291 0.796841 3.347 2.1 6 0.048 3 13 48
114.037 2 5.69334 1.57877 -38.2748 -0.604189 6.87184e-291 -8.63104e-291 0.796841 3.347 2.1 6 0.048 3 13 48
114.054 2 5.69334 1.57877 -38.2748 -0.604189 6.87184e-291 -8.63104e-291 0.796841 3.347 2.1 6 0.048 3 13 48
114.07 2 5.69334 1.57877 -38.2748 -0.604189 6.87184e-291 -8.63104e-291 0.796841 3.347 2.1 6 0.048 3 13 48
114.087 2 5.69334 1.57877 -38.2748 -0.604189 6.87184e-291 -8.63104e-291 0.796841 3.347 2.1 6 0.048 3 13 48
114.104 2 5.69334 1.57877 -38.2748 -0.604189 6.87184e-291 -8.63104e-291 0.796841 3.347 2.1 6 0.048 3 13 48
114.12 2 5.69334 1.57877 -38.2748 -0.604189 6.87184e-291 -8.63104e-291 0.796841 3.347 2.1 6 0.048 3 13 48
114.137 2 5.69334 1.57877 -38.2748 -0.604189 6.87184e-291 -8.63104e-291 0.796841 3.347 2.1 6 0.048 3 13 48
114.154 2 5.69334 1.57877 -38.2748 -0.604189 6.87184e-291 -8.63104e-291 0.796841 3.347 2.1 6 0.048 3 13 48
114.17 2 5.69334 1.57877 -38.2748 -0.604189 6.87184e-291 -8.63104e-291 0.796841 3.347 2.1 6 0.048 3 13 48
114.187 2 5.69334 1.57877 -38.2748 -0.604189 6.87184e-291 -8.63104e-291 0.796841 3.347 2.1 6 0.048 3 13 48
114.204 2 5.69334 1.57877 -38.2748 -0.604189 6.87184e-291 -8.63104e-291 0.796841 3.347 2.1 6 0.048 3 13 48
114.22 2 5.69334 1.57877 -38.2748 -0.604189 6.87184e-291 -8.63104e-291 0.796841 3.347 2.1 6 0.048 3 13 48
114.237 2 5.69334 1.57877 -38.2748 -0.604189 6.87184e-291 -8.63104e-291 0.796841 3.347 2.1 6 0.048 3 13 48
114.254 2 5.69334 1.57877 -38.2748 -0.604189 6.87184e-291 -8.63104e-291 0.796841 3.347 2.1 6 0.048 3 13 48
114.27 2 5.69334 1.57877 -38.2748 -0.604189 6.87184e-291 -8.63104e-291 0.796841 3.347 2.1 6 0.048 3 13 48
114.287 2 5.69334 1.57877 -38.2748 -0.604189 6.87184e-291 -8.63104e-291 0.796841 3.347 2.1 6 0.048 3 13 48
114.304 2 5.69334 1.57877 -38.2748 -0.604189 6.87184e-291 -8.63104e-291 0.796841 3.347 2.1 6 0.048 3 13 48
114.32 2 5.69334 1.57877 -38.2748 -0.604189 6.87184e-291 -8.63104e-291 0.796841 3.347 2.1 6 0.048 3 13 48
114.337 2 5.69334 1.57877 -38.2748 -0.604189 6.87184e-291 -8.63104e-291 0.796841 3.347 2.1 6 0.048 3 13 48
114.354 2 5.69334 1.57877 -38.2748 -0.604189 6.87184e-291 -8.63104e-291 0.796841 3.347 2.1 6 0.048 3 13 48
114.37 2 5.69334 1.57877 -38.2748 -0.604189 6.87184e-291 -8.63104e-291 0.796841 3.347 2.1 6 0.048 3 13 48
114.387 2 5.69334 1.57877 -38.2748 -0.604189 6.87184e-291 -8.63104e-291 0.796841 3.347 2.1 6 0.048 3 13 48
114.404 2 5.69334 1.57877 -38.2748 -0.604189 6.87184e-291 -8.63104e-291 0.796841 3.347 2.1 6 0.048 3 13 48
114.42 2 5.69334 1.57877 -38.2748 -0.604189 6.87184e-291 -8.63104e-291 0.796841 3.347 2.1 6 0.048 3 13 48
114.437 2 5.69334 1.57877 -38.2748 -0.604189 6.87184e-291 -8.63104e-291 0.796841 3.347 2.1 6 0.048 3 13 48
114.454 2 5.69334 1.57877 -38.2748 -0.604189 6.87184e-291 -8.63104e-291 0.796841 3.347 2.1 6 0.048 3 13 48
114.47 2 5.69334 1.57877 -38.2748 -0.604189 6.87184e-291 -8.63104e-291 0.796841 3.347 2.1 6 0.048 3 13 48
114.487 2 5.69334 1.57877 -38.2748 -0.604189 6.87184e-291 -8.63104e-291 0.796841 3.347 2.1 6 0.048 3 13 48
114.504 2 5.69334 1.57877 -38.2748 -0.604189 6.87184e-291 -8.63104e-291 0.796841 3.347 2.1 6 0.048 3 13 48
114.52 2 5.69334 1.57877 -38.2748 -0.604189 6.87184e-291 -8.63104e-291 0.796841 3.347 2.1 6 0.048 3 13 48
114.537 2 5.69334 1.57877 -38.2748 -0.604189 6.87184e-291 -8.63104e-291 0.796841 3.347 2.1 6 0.048 3 13 48
114.554 2 5.69334 1.57877 -38.2748 -0.604189 6.87184e-291 -8.63104e-291 0.796841 3.347 2.1 6 0.048 3 13 48
114.57 2 5.69334 1.57877 -38.2748 -0.604189 6.87184e-291 -8.63104e-291 0.796841 3.347 2.1 6 0.048 3 13 48
114.587 2 5.69334 1.57877 -38.2748 -0.604189 6.87184e-291 -8.63104e-291 0.796841 3.347 2.1 6 0.048 3 13 48
114.604 2 5.69334 1.57877 -38.2748 -0.604189 6.87184e-291 -8.63104e-291 0.796841 3.347 2.1 6 0.048 3 13 48
114.62 2 5.69334 1.57877 -38.2748 -0.604189 6.87184e-291 -8.63104e-291 0.796841 3.347 2.1 6 0.048 3 13 48
114.637 2 5.69334 1.57877 -38.2748 -0.604189 6.87184e-291 -8.63104e-291 0.796841 3.347 2.1 6 0.048 3 13 48
114.654 2 5.69334 1.57877 -38.2748 -0.604189 6.87184e-291 -8.63104e-291 0.796841 3.347 2.1 6 0.048 3 13 48
114.67 2 5.69334 1.57877 -38.2748 -0.604189 6.87184e-291 -8.63104e-291 0.796841 3.347 2.1 6 0.048 3 13 48
114.687 2 5.69334 1.57877 -38.2748 -0.604189 6.87184e-291 -8.63104e-291 0.796841 3.347 2.1 6 0.048 3 13 48
114.704 2 5.69334 1.57877 -38.2748 -0.604189 6.87184e-291 -8.63104e-291 0.796841 3.347 2.1 6 0.048 3 13 48
114.72 2 5.69334 1.57877 -38.2748 -0.604189 6.87184e-291 -8.63104e-291 0.796841 3.347 2.1 6 0.048 3 13 48
114.737 2 5.69334 1.57877 -38.2748 -0.604189 6.87184e-291 -8.63104e-291 0.796841 3.347 2.1 6 0.048 3 13 48
114.754 2 5.69334 1.57877 -38.2748 -0.604189 6.87184e-291 -8.63104e-291 0.796841 3.347 2.1 6 0.048 3 13 48
114.77 2 5.69334 1.57877 -38.2748 -0.604189 6.87184e-291 -8.63104e-291 0.796841 3.347 2.1 6 0.048 3 13 48
114.787 2 5.69334 1.57877 -38.2748 -0.604189 6.87184e-291 -8.63104e-291 0.796841 3.347 2.1 6 0.048 3 13 48
114.804 2 5.69334 1.57877 -38.2748 -0.604189 6.87184e-291 -8.63104e-291 0.796841 3.347 2.1 6 0.048 3 13 48
114.82 2 5.69334 1.57877 -38.2748 -0.604189 6.87184e-291 -8.63104e-291 0.796841 3.347 2.1 6 0.048 3 13 48
114.837 2 5.69334 1.57877 -38.2748 -0.604189 6.87184e-291 -8.63104e-291 0.796841 3.347 2.1 6 0.048 3 13 48
114.854 2 5.69334 1.57877 -38.2748 -0.604189 6.87184e-291 -8.63104e-291 0.796841 3.347 2.1 6 0.048 3 13 48
114.87 2 5.69334 1.57877 -38.2748 -0.604189 6.87184e-291 -8.63104e-291 0.796841 3.347 2.1 6 0.048 3 13 48
114.887 2 5.69334 1.57877 -38.2748 -0.604189 6.87184e-291 -8.63104e-291 0.796841 3.347 2.1 6 0.048 3 13 48
114.904 2 5.69334 1.57877 -38.2748 -0.604189 6.87184e-291 -8.63104e-291 0.796841 3.347 2.1 6 0.048 3 13 48
114.92 2 5.69334 1.57877 -38.2748 -0.604189 6.87184e-291 -8.63104e-291 0.796841 3.347 2.1 6 0.048 3 13 48
114.937 2 5.69334 1.57877 -38.2748 -0.604189 6.87184e-291 -8.63104e-291 0.796841 3.347 2.1 6 0.048 3 13 48
114.954 2 5.69334 1.57877 -38.2748 -0.604189 6.87184e-291 -8.63104e-291 0.796841 3.347 2.1 6 0.048 3 13 48
114.97 2 5.69334 1.57877 -38.2748 -0.604189 6.87184e-291 -8.63104e-291 0.796841 3.347 2.1 6 0.048 3 13 48
114.987 2 5.69334 1.57877 -38.2748 -0.604189 6.87184e-291 -8.63104e-291 0.796841 3.347 2.1 6 0.048 3 13 48
115.004 2 5.69334 1.57877 -38.2748 -0.604189 6.87184e-291 -8.63104e-291 0.796841 3.347 2.1 6 0.048 3 13 48
115.02 2 5.69334 1.57877 -38.2748 -0.604189 6.87184e-291 -8.63104e-291 0.796841 3.347 2.1 6 0.048 3 13 48
115.037 2 5.69334 1.57877 -38.2748 -0.604189 6.87184e-291 -8.63104e-291 0.796841 3.347 2.1 6 0.048 3 13 48
115.054 2 5.69334 1.57877 -38.2748 -0.604189 6.87184e-291 -8.63104e-291 0.796841 3.347 2.1 6 0.048 3 13 48
115.07 2 5.69334 1.57877 -38.2748 -0.604189 6.87184e-291 -8.63104e-291 0.796841 3.347 2.1 6 0.048 3 13 48
115.087 2 5.69334 1.57877 -38.2748 -0.604189 6.87184e-291 -8.63104e-291 0.796841 3.347 2.1 6 0.048 3 13 48
115.104 2 5.69334 1.57877 -38.2748 -0.604189 6.87184e-291 -8.63104e-291 0.796841 3.347 2.1 6 0.048 3 13 48
115.12 2 5.69334 1.57877 -38.2748 -0.604189 6.87184e-291 -8.63104e-291 0.796841 3.347 2.1 6 0.048 3 13 48
115.137 2 5.69334 1.57877 -38.2748 -0.604189 6.87184e-291 -8.63104e-291 0.796841 3.347 2.1 6 0.048 3 13 48
115.154 2 5.69334 1.57877 -38.2748 -0.604189 6.87184e-291 -8.63104e-291 0.796841 3.347 2.1 6 0.048 3 13 48
115.17 2 5.69334 1.57877 -38.2748 -0.604189 6.87184e-291 -8.63104e-291 0.796841 3.347 2.1 6 0.048 3 13 48
115.187 2 5.69334 1.57877 -38.2748 -0.604189 6.87184e-291 -8.63104e-291 0.796841 3.347 2.1 6 0.048 3 13 48
115.204 2 5.69334 1.57877 -38.2748 -0.604189 6.87184e-291 -8.63104e-291 0.796841 3.347 2.1 6 0.048 3 13 48
115.22 2 5.69334 1.57877 -38.2748 -0.604189 6.87184e-291 -8.63104e-291 0.796841 3.347 2.1 6 0.048 3 13 48
115.237 2 5.69334 1.57877 -38.2748 -0.604189 6.87184e-291 -8.63104e-291 0.796841 3.347 2.1 6 0.048 3 13 48
115.254 2 5.69334 1.57877 -38.2748 -0.604189 6.87184e-291 -8.63104e-291 0.796841 3.347 2.1 6 0.048 3 13 48
115.27 2 5.69334 1.57877 -38.2748 -0.604189 6.87184e-291 -8.63104e-291 0.796841 3.347 2.1 6 0.048 3 13 48
115.287 2 5.69334 1.57877 -38.2748 -0.604189 6.87184e-291 -8.63104e-291 0.796841 3.347 2.1 6 0.048 3 13 48
115.304 2 5.69334 1.57877 -38.2748 -0.604189 6.87184e-291 -8.63104e-291 0.796841 3.347 2.1 6 0.048 3 13 48
115.32 2 5.69334 1.57877 -38.2748 -0.604189 6.87184e-291 -8.63104e-291 0.796841 3.347 2.1 6 0.048 3 13 48
115.337 2 5.69334 1.57877 -38.2748 -0.604189 6.87184e-291 -8.63104e-291 0.796841 3.347 2.1 6 0.048 3 13 48
115.354 2 5.69334 1.57877 -38.2748 -0.604189 6.87184e-291 -8.63104e-291 0.796841 3.347 2.1 6 0.048 3 13 48
115.37 2 5.69334 1.57877 -38.2748 -0.604189 6.87184e-291 -8.63104e-291 0.796841 3.347 2.1 6 0.048 3 13 48
115.387 2 5.69334 1.57877 -38.2748 -0.604189 6.87184e-291 -8.63104e-291 0.796841 3.347 2.1 6 0.048 3 13 48
115.404 2 5.69334 1.57877 -38.2748 -0.604189 6.87184e-291 -8.63104e-291 0.796841 3.347 2.1 6 0.048 3 13 48
115.42 2 5.69334 1.57877 -38.2748 -0.604189 6.87184e-291 -8.63104e-291 0.796841 3.347 2.1 6 0.048 3 13 48
115.437 2 5.69334 1.57877 -38.2748 -0.604189 6.87184e-291 -8.63104e-291 0.796841 3.347 2.1 6 0.048 3 13 48
115.454 2 5.69334 1.57877 -38.2748 -0.604189 6.87184e-291 -8.63104e-291 0.796841 3.347 2.1 6 0.048 3 13 48
115.47 2 5.69334 1.57877 -38.2748 -0.604189 6.87184e-291 -8.63104e-291 0.796841 3.347 2.1 6 0.048 3 13 48
115.487 2 5.69334 1.57877 -38.2748 -0.604189 6.87184e-291 -8.63104e-291 0.796841 3.347 2.1 6 0.048 3 13 48
115.504 2 5.69334 1.57877 -38.2748 -0.604189 6.87184e-291 -8.63104e-291 0.796841 3.347 2.1 6 0.048 3 13 48
115.52 2 5.69334 1.57877 -38.2748 -0.604189 6.87184e-291 -8.63104e-291 0.796841 3.347 2.1 6 0.048 3 13 48
115.537 2 5.69334 1.57877 -38.2748 -0.604189 6.87184e-291 -8.63104e-291 0.796841 3.347 2.1 6 0.048 3 13 48
115.554 2 5.69334 1.57877 -38.2748 -0.604189 6.87184e-291 -8.63104e-291 0.796841 3.347 2.1 6 0.048 3 13 48
115.57 2 5.69334 1.57877 -38.2748 -0.604189 6.87184e-291 -8.63104e-291 0.796841 3.347 2.1 6 0.048 3 13 48
115.587 2 5.69334 1.57877 -38.2748 -0.604189 6.87184e-291 -8.63104e-291 0.796841 3.347 2.1 6 0.048 3 13 48
115.604 2 5.69334 1.57877 -38.2748 -0.604189 6.87184e-291 -8.63104e-291 0.796841 3.347 2.1 6 0.048 3 13 48
115.62 2 5.69334 1.57877 -38.2748 -0.604189 6.87184e-291 -8.63104e-291 0.796841 3.347 2.1 6 0.048 3 13 48
115.637 2 5.69334 1.57877 -38.2748 -0.604189 6.87184e-291 -8.63104e-291 0.796841 3.347 2.1 6 0.048 3 13 48
115.654 2 5.69334 1.57877 -38.2748 -0.604189 6.87184e-291 -8.63104e-291 0.796841 3.347 2.1 6 0.048 3 13 48
115.67 2 5.69334 1.57877 -38.2748 -0.604189 6.87184e-291 -8.63104e-291 0.796841 3.347 2.1 6 0.048 3 13 48
115.687 2 5.69334 1.57877 -38.2748 -0.604189 6.87184e-291 -8.63104e-291 0.796841 3.347 2.1 6 0.048 3 13 48
115.704 2 5.69334 1.57877 -38.2748 -0.604189 6.87184e-291 -8.63104e-291 0.796841 3.347 2.1 6 0.048 3 13 48
115.72 2 5.69334 1.57877 -38.2748 -0.604189 6.87184e-291 -8.63104e-291 0.796841 3.347 2.1 6 0.048 3 13 48
115.737 2 5.69334 1.57877 -38.2748 -0.604189 6.87184e-291 -8.63104e-291 0.796841 3.347 2.1 6 0.048 3 13 48
115.754 2 5.69334 1.57877 -38.2748 -0.604189 6.87184e-291 -8.63104e-291 0.796841 3.347 2.1 6 0.048 3 13 48
115.77 2 5.69334 1.57877 -38.2748 -0.604189 6.87184e-291 -8.63104e-291 0.796841 3.347 2.1 6 0.048 3 13 48
115.787 2 5.69334 1.57877 -38.2748 -0.604189 6.87184e-291 -8.63104e-291 0.796841 3.347 2.1 6 0.048 3 13 48
115.804 2 5.69334 1.57877 -38.2748 -0.604189 6.87184e-291 -8.63104e-291 0.796841 3.347 2.1 6 0.048 3 13 48
115.82 2 5.69334 1.57877 -38.2748 -0.604189 6.87184e-291 -8.63104e-291 0.796841 3.347 2.1 6 0.048 3 13 48
115.837 2 5.69334 1.57877 -38.2748 -0.604189 6.87184e-291 -8.63104e-291 0.796841 3.347 2.1 6 0.048 3 13 48
115.854 2 5.69334 1.57877 -38.2748 -0.604189 6.87184e-291 -8.63104e-291 0.796841 3.347 2.1 6 0.048 3 13 48
115.87 2 5.69334 1.57877 -38.2748 -0.604189 6.87184e-291 -8.63104e-291 0.796841 3.347 2.1 6 0.048 3 13 48
115.887 2 5.69334 1.57877 -38.2748 -0.604189 6.87184e-291 -8.63104e-291 0.796841 3.347 2.1 6 0.048 3 13 48
115.904 2 5.69334 1.57877 -38.2748 -0.604189 6.87184e-291 -8.63104e-291 0.796841 3.347 2.1 6 0.048 3 13 48
115.92 2 5.69334 1.57877 -38.2748 -0.604189 6.87184e-291 -8.63104e-291 0.796841 3.347 2.1 6 0.048 3 13 48
115.937 2 5.69334 1.57877 -38.2748 -0.604189 6.87184e-291 -8.63104e-291 0.796841 3.347 2.1 6 0.048 3 13 48
115.954 2 5.69334 1.57877 -38.2748 -0.604189 6.87184e-291 -8.63104e-291 0.796841 3.347 2.1 6 0.048 3 13 48
115.97 2 5.69334 1.57877 -38.2748 -0.604189 6.87184e-291 -8.63104e-291 0.796841 3.347 2.1 6 0.048 3 13 48
115.987 2 5.69334 1.57877 -38.2748 -0.604189 6.87184e-291 -8.63104e-291 0.796841 3.347 2.1 6 0.048 3 13 48
116.004 2 5.69334 1.57877 -38.2748 -0.604189 6.87184e-291 -8.63104e-291 0.796841 3.347 2.1 6 0.048 3 13 48
116.02 2 5.69334 1.57877 -38.2748 -0.604189 6.87184e-291 -8.63104e-291 0.796841 3.347 2.1 6 0.048 3 13 48
116.037 2 5.69334 1.57877 -38.2748 -0.604189 6.87184e-291 -8.63104e-291 0.796841 3.347 2.1 6 0.048 3 13 48
116.054 2 5.69334 1.57877 -38.2748 -0.604189 6.87184e-291 -8.63104e-291 0.796841 3.347 2.1 6 0.048 3 13 48
116.07 2 5.69334 1.57877 -38.2748 -0.604189 6.87184e-291 -8.63104e-291 0.796841 3.347 2.1 6 0.048 3 13 48
116.087 2 5.69334 1.57877 -38.2748 -0.604189 6.87184e-291 -8.63104e-291 0.796841 3.347 2.1 6 0.048 3 13 48
116.104 2 5.69334 1.57877 -38.2748 -0.604189 6.87184e-291 -8.63104e-291 0.796841 3.347 2.1 6 0.048 3 13 48
116.12 2 5.69334 1.57877 -38.2748 -0.604189 6.87184e-291 -8.63104e-291 0.796841 3.347 2.1 6 0.048 3 13 48
116.137 2 5.69334 1.57877 -38.2748 -0.604189 6.87184e-291 -8.63104e-291 0.796841 3.347 2.1 6 0.048 3 13 48
116.154 2 5.69334 1.57877 -38.2748 -0.604189 6.87184e-291 -8.63104e-291 0.796841 3.347 2.1 6 0.048 3 13 48
116.17 2 5.69334 1.57877 -38.2748 -0.604189 6.87184e-291 -8.63104e-291 0.796841 3.347 2.1 6 0.048 3 13 48
116.187 2 5.69334 1.57877 -38.2748 -0.604189 6.87184e-291 -8.63104e-291 0.796841 3.347 2.1 6 0.048 3 13 48
116.204 2 5.69334 1.57877 -38.2748 -0.604189 6.87184e-291 -8.63104e-291 0.796841 3.347 2.1 6 0.048 3 13 48
116.22 2 5.69334 1.57877 -38.2748 -0.604189 6.87184e-291 -8.63104e-291 0.796841 3.347 2.1 6 0.048 3 13 48
116.237 2 5.69334 1.57877 -38.2748 -0.604189 6.87184e-291 -8.63104e-291 0.796841 3.347 2.1 6 0.048 3 13 48
116.254 2 5.69334 1.57877 -38.2748 -0.604189 6.87184e-291 -8.63104e-291 0.796841 3.347 2.1 6 0.048 3 13 48
116.27 2 5.69334 1.57877 -38.2748 -0.604189 6.87184e-291 -8.63104e-291 0.796841 3.347 2.1 6 0.048 3 13 48
116.287 2 5.69334 1.57877 -38.2748 -0.604189 6.87184e-291 -8.63104e-291 0.796841 3.347 2.1 6 0.048 3 13 48
116.304 2 5.69334 1.57877 -38.2748 -0.604189 6.87184e-291 -8.63104e-291 0.796841 3.347 2.1 6 0.048 3 13 48
116.32 2 5.69334 1.57877 -38.2748 -0.604189 6.87184e-291 -8.63104e-291 0.796841 3.347 2.1 6 0.048 3 13 48
116.337 2 5.69334 1.57877 -38.2748 -0.604189 6.87184e-291 -8.63104e-291 0.796841 3.347 2.1 6 0.048 3 13 48
116.354 2 5.69334 1.57877 -38.2748 -0.604189 6.87184e-291 -8.63104e-291 0.796841 3.347 2.1 6 0.048 3 13 48
116.37 2 5.69334 1.57877 -38.2748 -0.604189 6.87184e-291 -8.63104e-291 0.796841 3.347 2.1 6 0.048 3 13 48
116.387 2 5.69334 1.57877 -38.2748 -0.604189 6.87184e-291 -8.63104e-291 0.796841 3.347 2.1 6 0.048 3 13 48
116.404 2 5.69334 1.57877 -38.2748 -0.604189 6.87184e-291 -8.63104e-291 0.796841 3.347 2.1 6 0.048 3 13 48
116.42 2 5.69334 1.57877 -38.2748 -0.604189 6.87184e-291 -8.63104e-291 0.796841 3.347 2.1 6 0.048 3 13 48
116.437 2 5.69334 1.57877 -38.2748 -0.604189 6.87184e-291 -8.63104e-291 0.796841 3.347 2.1 6 0.048 3 13 48
116.454 2 5.69334 1.57877 -38.2748 -0.604189 6.87184e-291 -8.63104e-291 0.796841 3.347 2.1 6 0.048 3 13 48
116.47 2 5.69334 1.57877 -38.2748 -0.604189 6.87184e-291 -8.63104e-291 0.796841 3.347 2.1 6 0.048 3 13 48
116.487 2 5.69334 1.57877 -38.2748 -0.604189 6.87184e-291 -8.63104e-291 0.796841 3.347 2.1 6 0.048 3 13 48
116.504 2 5.69334 1.57877 -38.2748 -0.604189 6.87184e-291 -8.63104e-291 0.796841 3.347 2.1 6 0.048 3 13 48
116.52 2 5.69334 1.57877 -38.2748 -0.604189 6.87184e-291 -8.63104e-291 0.796841 3.347 2.1 6 0.048 3 13 48
116.537 2 5.69334 1.57877 -38.2748 -0.604189 6.87184e-291 -8.63104e-291 0.796841 3.347 2.1 6 0.048 3 13 48
116.554 2 5.69334 1.57877 -38.2748 -0.604189 6.87184e-291 -8.63104e-291 0.796841 3.347 2.1 6 0.048 3 13 48
116.57 2 5.69334 1.57877 -38.2748 -0.604189 6.87184e-291 -8.63104e-291 0.796841 3.347 2.1 6 0.048 3 13 48
116.587 2 5.69334 1.57877 -38.2748 -0.604189 6.87184e-291 -8.63104e-291 0.796841 3.347 2.1 6 0.048 3 13 48
116.604 2 5.69334 1.57877 -38.2748 -0.604189 6.87184e-291 -8.63104e-291 0.796841 3.347 2.1 6 0.048 3 13 48
116.62 2 5.69334 1.57877 -38.2748 -0.604189 6.87184e-291 -8.63104e-291 0.796841 3.347 2.1 6 0.048 3 13 48
116.637 2 5.69334 1.57877 -38.2748 -0.604189 6.87184e-291 -8.63104e-291 0.796841 3.347 2.1 6 0.048 3 13 48
116.654 2 5.69334 1.57877 -38.2748 -0.604189 6.87184e-291 -8.63104e-291 0.796841 3.347 2.1 6 0.048 3 13 48
116.67 2 5.69334 1.57877 -38.2748 -0.604189 6.87184e-291 -8.63104e-291 0.796841 3.347 2.1 6 0.048 3 13 48
116.687 2 5.69334 1.57877 -38.2748 -0.604189 6.87184e-291 -8.63104e-291 0.796841 3.347 2.1 6 0.048 3 13 48
116.704 2 5.69334 1.57877 -38.2748 -0.604189 6.87184e-291 -8.63104e-291 0.796841 3.347 2.1 6 0.048 3 13 48
116.72 2 5.69334 1.57877 -38.2748 -0.604189 6.87184e-291 -8.63104e-291 0.796841 3.347 2.1 6 0.048 3 13 48
116.737 2 5.69334 1.57877 -38.2748 -0.604189 6.87184e-291 -8.63104e-291 0.796841 3.347 2.1 6 0.048 3 13 48
116.754 2 5.69334 1.57877 -38.2748 -0.604189 6.87184e-291 -8.63104e-291 0.796841 3.347 2.1 6 0.048 3 13 48
116.77 2 5.69334 1.57877 -38.2748 -0.604189 6.87184e-291 -8.63104e-291 0.796841 3.347 2.1 6 0.048 3 13 48
116.787 2 5.69334 1.57877 -38.2748 -0.604189 6.87184e-291 -8.63104e-291 0.796841 3.347 2.1 6 0.048 3 13 48
116.804 2 5.69334 1.57877 -38.2748 -0.604189 6.87184e-291 -8.63104e-291 0.796841 3.347 2.1 6 0.048 3 13 48
116.82 2 5.69334 1.57877 -38.2748 -0.604189 6.87184e-291 -8.63104e-291 0.796841 3.347 2.1 6 0.048 3 13 48
116.837 2 5.69334 1.57877 -38.2748 -0.604189 6.87184e-291 -8.63104e-291 0.796841 3.347 2.1 6 0.048 3 13 48
116.854 2 5.69334 1.57877 -38.2748 -0.604189 6.87184e-291 -8.63104e-291 0.796841 3.347 2.1 6 0.048 3 13 48
116.87 2 5.69334 1.57877 -38.2748 -0.604189 6.87184e-291 -8.63104e-291 0.796841 3.347 2.1 6 0.048 3 13 48
116.887 2 5.69334 1.57877 -38.2748 -0.604189 6.87184e-291 -8.63104e-291 0.796841 3.347 2.1 6 0.048 3 13 48
116.904 2 5.69334 1.57877 -38.2748 -0.604189 6.87184e-291 -8.63104e-291 0.796841 3.347 2.1 6 0.048 3 13 48
116.92 2 5.69334 1.57877 -38.2748 -0.604189 6.87184e-291 -8.63104e-291 0.796841 3.347 2.1 6 0.048 3 13 48
116.937 2 5.69334 1.57877 -38.2748 -0.604189 6.87184e-291 -8.63104e-291 0.796841 3.347 2.1 6 0.048 3 13 48
116.954 2 5.69334 1.57877 -38.2748 -0.604189 6.87184e-291 -8.63104e-291 0.796841 3.347 2.1 6 0.048 3 13 48
116.97 2 5.69334 1.57877 -38.2748 -0.604189 6.87184e-291 -8.63104e-291 0.796841 3.347 2.1 6 0.048 3 13 48
116.987 2 5.69334 1.57877 -38.2748 -0.604189 6.87184e-291 -8.63104e-291 0.796841 3.347 2.1 6 0.048 3 13 48
117.004 2 5.69334 1.57877 -38.2748 -0.604189 6.87184e-291 -8.63104e-291 0.796841 3.347 2.1 6 0.048 3 13 48
117.02 2 5.69334 1.57877 -38.2748 -0.604189 6.87184e-291 -8.63104e-291 0.796841 3.347 2.1 6 0.048 3 13 48
117.037 2 5.69334 1.57877 -38.2748 -0.604189 6.87184e-291 -8.63104e-291 0.796841 3.347 2.1 6 0.048 3 13 48
117.054 2 5.69334 1.57877 -38.2748 -0.604189 6.87184e-291 -8.63104e-291 0.796841 3.347 2.1 6 0.048 3 13 48
117.07 2 5.69334 1.57877 -38.2748 -0.604189 6.87184e-291 -8.63104e-291 0.796841 3.347 2.1 6 0.048 3 13 48
117.087 2 5.69334 1.57877 -38.2748 -0.604189 6.87184e-291 -8.63104e-291 0.796841 3.347 2.1 6 0.048 3 13 48
117.104 2 5.69334 1.57877 -38.2748 -0.604189 6.87184e-291 -8.63104e-291 0.796841 3.347 2.1 6 0.048 3 13 48
117.12 2 5.69334 1.57877 -38.2748 -0.604189 6.87184e-291 -8.63104e-291 0.796841 3.347 2.1 6 0.048 3 13 48
117.137 2 5.69334 1.57877 -38.2748 -0.604189 6.87184e-291 -8.63104e-291 0.796841 3.347 2.1 6 0.048 3 13 48
117.154 2 5.69334 1.57877 -38.2748 -0.604189 6.87184e-291 -8.63104e-291 0.796841 3.347 2.1 6 0.048 3 13 48
117.17 2 5.69334 1.57877 -38.2748 -0.604189 6.87184e-291 -8.63104e-291 0.796841 3.347 2.1 6 0.048 3 13 48
117.187 2 5.69334 1.57877 -38.2748 -0.604189 6.87184e-291 -8.63104e-291 0.796841 3.347 2.1 6 0.048 3 13 48
117.204 2 5.69334 1.57877 -38.2748 -0.604189 6.87184e-291 -8.63104e-291 0.796841 3.347 2.1 6 0.048 3 13 48
117.22 2 5.69334 1.57877 -38.2748 -0.604189 6.87184e-291 -8.63104e-291 0.796841 3.347 2.1 6 0.048 3 13 48
117.237 2 5.69334 1.57877 -38.2748 -0.604189 6.87184e-291 -8.63104e-291 0.796841 3.347 2.1 6 0.048 3 13 48
117.254 2 5.69334 1.57877 -38.2748 -0.604189 6.87184e-291 -8.63104e-291 0.796841 3.347 2.1 6 0.048 3 13 48
117.27 2 5.69334 1.57877 -38.2748 -0.604189 6.87184e-291 -8.63104e-291 0.796841 3.347 2.1 6 0.048 3 13 48
117.287 2 5.69334 1.57877 -38.2748 -0.604189 6.87184e-291 -8.63104e-291 0.796841 3.347 2.1 6 0.048 3 13 48
117.304 2 5.69334 1.57877 -38.2748 -0.604189 6.87184e-291 -8.63104e-291 0.796841 3.347 2.1 6 0.048 3 13 48
117.32 2 5.69334 1.57877 -38.2748 -0.604189 6.87184e-291 -8.63104e-291 0.796841 3.347 2.1 6 0.048 3 13 48
117.337 2 5.69334 1.57877 -38.2748 -0.604189 6.87184e-291 -8.63104e-291 0.796841 3.347 2.1 6 0.048 3 13 48
117.354 2 5.69334 1.57877 -38.2748 -0.604189 6.87184e-291 -8.63104e-291 0.796841 3.347 2.1 6 0.048 3 13 48
117.37 2 5.69334 1.57877 -38.2748 -0.604189 6.87184e-291 -8.63104e-291 0.796841 3.347 2.1 6 0.048 3 13 48
117.387 2 5.69334 1.57877 -38.2748 -0.604189 6.87184e-291 -8.63104e-291 0.796841 3.347 2.1 6 0.048 3 13 48
117.404 2 5.69334 1.57877 -38.2748 -0.604189 6.87184e-291 -8.63104e-291 0.796841 3.347 2.1 6 0.048 3 13 48
117.42 2 5.69334 1.57877 -38.2748 -0.604189 6.87184e-291 -8.63104e-291 0.796841 3.347 2.1 6 0.048 3 13 48
117.437 2 5.69334 1.57877 -38.2748 -0.604189 6.87184e-291 -8.63104e-291 0.796841 3.347 2.1 6 0.048 3 13 48
117.454 2 5.69334 1.57877 -38.2748 -0.604189 6.87184e-291 -8.63104e-291 0.796841 3.347 2.1 6 0.048 3 13 48
117.47 2 5.69334 1.57877 -38.2748 -0.604189 6.87184e-291 -8.63104e-291 0.796841 3.347 2.1 6 0.048 3 13 48
117.487 2 5.69334 1.57877 -38.2748 -0.604189 6.87184e-291 -8.63104e-291 0.796841 3.347 2.1 6 0.048 3 13 48
117.504 2 5.69334 1.57877 -38.2748 -0.604189 6.87184e-291 -8.63104e-291 0.796841 3.347 2.1 6 0.048 3 13 48
117.52 2 5.69334 1.57877 -38.2748 -0.604189 6.87184e-291 -8.63104e-291 0.796841 3.347 2.1 6 0.048 3 13 48
117.537 2 5.69334 1.57877 -38.2748 -0.604189 6.87184e-291 -8.63104e-291 0.796841 3.347 2.1 6 0.048 3 13 48
117.554 2 5.69334 1.57877 -38.2748 -0.604189 6.87184e-291 -8.63104e-291 0.796841 3.347 2.1 6 0.048 3 13 48
117.57 2 5.69334 1.57877 -38.2745 -0.604189 6.87184e-291 -8.63104e-291 0.796841 3.347 2.1 6 0.048 3 13 48
117.587 2 5.69334 1.57877 -38.2572 -0.604189 6.87184e-291 -8.63104e-291 0.796841 3.347 2.1 6 0.048 3 13 48
117.604 2 5.69334 1.57877 -38.2411 -0.604189 6.87184e-291 -8.63104e-291 0.796841 3.347 2.1 6 0.048 3 13 48
117.62 2 5.69334 1.57877 -38.2259 -0.604189 6.87184e-291 -8.63104e-291 0.796841 3.347 2.1 6 0.048 3 13 48
117.637 2 5.69334 1.57877 -38.2114 -0.604189 6.87184e-291 -8.63104e-291 0.796841 3.347 2.1 6 0.048 3 13 48
117.654 2 5.69334 1.57877 -38.1973 -0.604189 6.87184e-291 -8.63104e-291 0.796841 3.347 2.1 6 0.048 3 13 48
117.67 2 5.69334 1.57877 -38.1836 -0.604189 6.87184e-291 -8.63104e-291 0.796841 3.347 2.1 6 0.048 3 13 48
117.687 2 5.69334 1.57877 -38.1702 -0.604189 6.87184e-291 -8.63104e-291 0.796841 3.347 2.1 6 0.048 3 13 48
117.704 2 5.69334 1.57877 -38.1569 -0.604189 6.87184e-291 -8.63104e-291 0.796841 3.347 2.1 6 0.048 3 13 48
117.72 2 5.69334 1.57877 -38.1438 -0.604189 6.87184e-291 -8.63104e-291 0.796841 3.347 2.1 6 0.048 3 13 48
117.737 2 5.69334 1.57877 -38.1308 -0.604189 6.87184e-291 -8.63104e-291 0.796841 3.347 2.1 6 0.048 3 13 48
117.754 2 5.69334 1.57877 -38.1179 -0.604189 6.87184e-291 -8.63104e-291 0.796841 3.347 2.1 6 0.048 3 13 48
117.77 2 5.69334 1.57877 -38.105 -0.604189 6.87184e-291 -8.63104e-291 0.796841 3.347 2.1 6 0.048 3 13 48
117.787 2 5.69334 1.57877 -38.0922 -0.604189 6.87184e-291 -8.63104e-291 0.796841 3.347 2.1 6 0.048 3 13 48
117.804 2 5.69334 1.57877 -38.0794 -0.604189 6.87184e-291 -8.63104e-291 0.796841 3.347 2.1 6 0.048 3 13 48
117.82 2 5.69334 1.57877 -38.0666 -0.604189 6.87184e-291 -8.63104e-291 0.796841 3.347 2.1 6 0.048 3 13 48
117.837 2 5.69334 1.57877 -38.0539 -0.604189 6.87184e-291 -8.63104e-291 0.796841 3.347 2.1 6 0.048 3 13 48
117.854 2 5.69334 1.57877 -38.0411 -0.604189 6.87184e-291 -8.63104e-291 0.796841 3.347 2.1 6 0.048 3 13 48
117.87 2 5.69334 1.57877 -38.0284 -0.604189 6.87184e-291 -8.63104e-291 0.796841 3.347 2.1 6 0.048 3 13 48
117.887 2 5.69334 1.57877 -38.0157 -0.604189 6.87184e-291 -8.63104e-291 0.796841 3.347 2.1 6 0.048 3 13 48
117.904 2 5.69334 1.57877 -38.003 -0.604189 6.87184e-291 -8.63104e-291 0.796841 3.347 2.1 6 0.048 3 13 48
117.92 2 5.69334 1.57877 -37.9902 -0.604189 6.87184e-291 -8.63104e-291 0.796841 3.347 2.1 6 0.048 3 13 48
117.937 2 5.69334 1.57877 -37.9775 -0.604189 6.87184e-291 -8.63104e-291 0.796841 3.347 2.1 6 0.048 3 13 48
117.954 2 5.69334 1.57877 -37.9648 -0.604189 6.87184e-291 -8.63104e-291 0.796841 3.347 2.1 6 0.048 3 13 48
117.97 2 5.69334 1.57877 -37.9521 -0.604189 6.87184e-291 -8.63104e-291 0.796841 3.347 2.1 6 0.048 3 13 48
117.987 2 5.69334 1.57877 -37.9394 -0.604189 6.87184e-291 -8.63104e-291 0.796841 3.347 2.1 6 0.048 3 13 48
118.004 2 5.69334 1.57877 -37.9267 -0.604189 6.87184e-291 -8.63104e-291 0.796841 3.347 2.1 6 0.048 3 13 48
118.02 2 5.69334 1.57877 -37.914 -0.604189 6.87184e-291 -8.63104e-291 0.796841 3.347 2.1 6 0.048 3 13 48
118.037 2 5.69334 1.57877 -37.9013 -0.604189 6.87184e-291 -8.63104e-291 0.796841 3.347 2.1 6 0.048 3 13 48
118.054 2 5.69334 1.57877 -37.8886 -0.604189 6.87184e-291 -8.63104e-291 0.796841 3.347 2.1 6 0.048 3 13 48
118.07 2 5.69334 1.57877 -37.8758 -0.604189 6.87184e-291 -8.63104e-291 0.796841 3.347 2.1 6 0.048 3 13 48
118.087 2 5.69334 1.57877 -37.8631 -0.604189 6.87184e-291 -8.63104e-291 0.796841 3.347 2.1 6 0.048 3 13 48
118.104 2 5.69334 1.57877 -37.8504 -0.604189 6.87184e-291 -8.63104e-291 0.796841 3.347 2.1 6 0.048 3 13 48
118.12 2 5.69334 1.57877 -37.8377 -0.604189 6.87184e-291 -8.63104e-291 0.796841 3.347 2.1 6 0.048 3 13 48
118.137 2 5.69334 1.57877 -37.8253 -0.604189 6.87184e-291 -8.63104e-291 0.796841 3.347 2.1 6 0.048 3 13 48
118.154 2 5.69334 1.57877 -37.8299 -0.604189 6.87184e-291 -8.63104e-291 0.796841 3.347 2.1 6 0.048 3 13 48
118.17 2 5.69334 1.57877 -37.8333 -0.604189 6.87184e-291 -8.63104e-291 0.796841 3.347 2.1 6 0.048 3 13 48
118.187 2 5.69334 1.57877 -37.8358 -0.604189 6.87184e-291 -8.63104e-291 0.796841 3.347 2.1 6 0.048 3 13 48
118.204 2 5.69334 1.57877 -37.8376 -0.604189 6.87184e-291 -8.63104e-291 0.796841 3.347 2.1 6 0.048 3 13 48
118.22 2 5.69334 1.57877 -37.839 -0.604189 6.87184e-291 -8.63104e-291 0.796841 3.347 2.1 6 0.048 3 13 48
118.237 2 5.69334 1.57877 -37.84 -0.604189 6.87184e-291 -8.63104e-291 0.796841 3.347 2.1 6 0.048 3 13 48
118.254 2 5.69334 1.57877 -37.8407 -0.604189 6.87184e-291 -8.63104e-291 0.796841 3.347 2.1 6 0.048 3 13 48
118.27 2 5.69334 1.57877 -37.8412 -0.604189 6.87184e-291 -8.63104e-291 0.796841 3.347 2.1 6 0.048 3 13 48
118.287 2 5.69334 1.57877 -37.8416 -0.604189 6.87184e-291 -8.63104e-291 0.796841 3.347 2.1 6 0.048 3 13 48
118.304 2 5.69334 1.57877 -37.8419 -0.604189 6.87184e-291 -8.63104e-291 0.796841 3.347 2.1 6 0.048 3 13 48
118.32 2 5.69334 1.57877 -37.8421 -0.604189 6.87184e-291 -8.63104e-291 0.796841 3.347 2.1 6 0.048 3 13 48
118.337 2 5.69334 1.57877 -37.8423 -0.604189 6.87184e-291 -8.63104e-291 0.796841 3.347 2.1 6 0.048 3 13 48
118.354 2 5.69334 1.57877 -37.8424 -0.604189 6.87184e-291 -8.63104e-291 0.796841 3.347 2.1 6 0.048 3 13 48
118.37 2 5.69334 1.57877 -37.8425 -0.604189 6.87184e-291 -8.63104e-291 0.796841 3.347 2.1 6 0.048 3 13 48
118.387 2 5.69334 1.57877 -37.8425 -0.604189 6.87184e-291 -8.63104e-291 0.796841 3.347 2.1 6 0.048 3 13 48
118.404 2 5.69334 1.57877 -37.8426 -0.604189 6.87184e-291 -8.63104e-291 0.796841 3.347 2.1 6 0.048 3 13 48
118.42 2 5.69334 1.57877 -37.8426 -0.604189 6.87184e-291 -8.63104e-291 0.796841 3.347 2.1 6 0.048 3 13 48
118.437 2 5.69334 1.57877 -37.8426 -0.604189 6.87184e-291 -8.63104e-291 0.796841 3.347 2.1 6 0.048 3 13 48
118.454 2 5.69334 1.57877 -37.8427 -0.604189 6.87184e-291 -8.63104e-291 0.796841 3.347 2.1 6 0.048 3 13 48
118.47 2 5.69334 1.57877 -37.8427 -0.604189 6.87184e-291 -8.63104e-291 0.796841 3.347 2.1 6 0.048 3 13 48
118.487 2 5.69334 1.57877 -37.8427 -0.604189 6.87184e-291 -8.63104e-291 0.796841 3.347 2.1 6 0.048 3 13 48
118.504 2 5.69334 1.57877 -37.8427 -0.604189 6.87184e-291 -8.63104e-291 0.796841 3.347 2.1 6 0.048 3 13 48
118.52 2 5.69334 1.57877 -37.8427 -0.604189 6.87184e-291 -8.63104e-291 0.796841 3.347 2.1 6 0.048 3 13 48
118.537 2 5.69334 1.57877 -37.8427 -0.604189 6.87184e-291 -8.63104e-291 0.796841 3.347 2.1 6 0.048 3 13 48
118.554 2 5.69334 1.57877 -37.8427 -0.604189 6.87184e-291 -8.63104e-291 0.796841 3.347 2.1 6 0.048 3 13 48
118.57 2 5.69334 1.57877 -37.8427 -0.604189 6.87184e-291 -8.63104e-291 0.796841 3.347 2.1 6 0.048 3 13 48
118.587 2 5.69334 1.57877 -37.8427 -0.604189 6.87184e-291 -8.63104e-291 0.796841 3.347 2.1 6 0.048 3 13 48
118.604 2 5.69334 1.57877 -37.8427 -0.604189 6.87184e-291 -8.63104e-291 0.796841 3.347 2.1 6 0.048 3 13 48
118.62 2 5.69334 1.57877 -37.8427 -0.604189 6.87184e-291 -8.63104e-291 0.796841 3.347 2.1 6 0.048 3 13 48
118.637 2 5.69334 1.57877 -37.8427 -0.604189 6.87184e-291 -8.63104e-291 0.796841 3.347 2.1 6 0.048 3 13 48
118.654 2 5.69334 1.57877 -37.8427 -0.604189 6.87184e-291 -8.63104e-291 0.796841 3.347 2.1 6 0.048 3 13 48
118.67 2 5.69334 1.57877 -37.8427 -0.604189 6.87184e-291 -8.63104e-291 0.796841 3.347 2.1 6 0.048 3 13 48
118.687 2 5.69334 1.57877 -37.8427 -0.604189 6.87184e-291 -8.63104e-291 0.796841 3.347 2.1 6 0.048 3 13 48
118.704 2 5.69334 1.57877 -37.8427 -0.604189 6.87184e-291 -8.63104e-291 0.796841 3.347 2.1 6 0.048 3 13 48
118.72 2 5.69334 1.57877 -37.8427 -0.604189 6.87184e-291 -8.63104e-291 0.796841 3.347 2.1 6 0.048 3 13 48
118.737 2 5.69334 1.57877 -37.8427 -0.604189 6.87184e-291 -8.63104e-291 0.796841 3.347 2.1 6 0.048 3 13 48
118.754 2 5.69334 1.57877 -37.8427 -0.604189 6.87184e-291 -8.63104e-291 0.796841 3.347 2.1 6 0.048 3 13 48
118.77 2 5.69334 1.57877 -37.8427 -0.604189 6.87184e-291 -8.63104e-291 0.796841 3.347 2.1 6 0.048 3 13 48
118.787 2 5.69334 1.57877 -37.8427 -0.604189 6.87184e-291 -8.63104e-291 0.796841 3.347 2.1 6 0.048 3 13 48
118.804 2 5.69334 1.57877 -37.8427 -0.604189 6.87184e-291 -8.63104e-291 0.796841 3.347 2.1 6 0.048 3 13 48
118.82 2 5.69334 1.57877 -37.8427 -0.604189 6.87184e-291 -8.63104e-291 0.796841 3.347 2.1 6 0.048 3 13 48
118.837 2 5.69334 1.57877 -37.8427 -0.604189 6.87184e-291 -8.63104e-291 0.796841 3.347 2.1 6 0.048 3 13 48
118.854 2 5.69334 1.57877 -37.8427 -0.604189 6.87184e-291 -8.63104e-291 0.796841 3.347 2.1 6 0.048 3 13 48
118.87 2 5.69334 1.57877 -37.8427 -0.604189 6.87184e-291 -8.63104e-291 0.796841 3.347 2.1 6 0.048 3 13 48
118.887 2 5.69334 1.57877 -37.8427 -0.604189 6.87184e-291 -8.63104e-291 0.796841 3.347 2.1 6 0.048 3 13 48
118.904 2 5.69334 1.57877 -37.8427 -0.604189 6.87184e-291 -8.63104e-291 0.796841 3.347 2.1 6 0.048 3 13 48
118.92 2 5.69334 1.57877 -37.8427 -0.604189 6.87184e-291 -8.63104e-291 0.796841 3.347 2.1 6 0.048 3 13 48
118.937 2 5.69334 1.57877 -37.8427 -0.604189 6.87184e-291 -8.63104e-291 0.796841 3.347 2.1 6 0.048 3 13 48
118.954 2 5.69334 1.57877 -37.8427 -0.604189 6.87184e-291 -8.63104e-291 0.796841 3.347 2.1 6 0.048 3 13 48
118.97 2 5.69334 1.57877 -37.8427 -0.604189 6.87184e-291 -8.63104e-291 0.796841 3.347 2.1 6 0.048 3 13 48
118.987 2 5.69334 1.57877 -37.8427 -0.604189 6.87184e-291 -8.63104e-291 0.796841 3.347 2.1 6 0.048 3 13 48
119.004 2 5.69334 1.57877 -37.8427 -0.604189 6.87184e-291 -8.63104e-291 0.796841 3.347 2.1 6 0.048 3 13 48
119.02 2 5.69334 1.57877 -37.8427 -0.604189 6.87184e-291 -8.63104e-291 0.796841 3.347 2.1 6 0.048 3 13 48
119.037 2 5.69334 1.57877 -37.8427 -0.604189 6.87184e-291 -8.63104e-291 0.796841 3.347 2.1 6 0.048 3 13 48
119.054 2 5.69334 1.57877 -37.8427 -0.604189 6.87184e-291 -8.63104e-291 0.796841 3.347 2.1 6 0.048 3 13 48
119.07 2 5.69334 1.57877 -37.8427 -0.604189 6.87184e-291 -8.63104e-291 0.796841 3.347 2.1 6 0.048 3 13 48
119.087 2 5.69334 1.57877 -37.8427 -0.604189 6.87184e-291 -8.63104e-291 0.796841 3.347 2.1 6 0.048 3 13 48
119.104 2 5.69334 1.57877 -37.8427 -0.604189 6.87184e-291 -8.63104e-291 0.796841 3.347 2.1 6 0.048 3 13 48
119.12 2 5.69334 1.57877 -37.8427 -0.604189 6.87184e-291 -8.63104e-291 0.796841 3.347 2.1 6 0.048 3 13 48
119.137 2 5.69334 1.57877 -37.8427 -0.604189 6.87184e-291 -8.63104e-291 0.796841 3.347 2.1 6 0.048 3 13 48
119.154 2 5.69334 1.57877 -37.8427 -0.604189 6.87184e-291 -8.63104e-291 0.796841 3.347 2.1 6 0.048 3 13 48
119.17 2 5.69334 1.57877 -37.8427 -0.604189 6.87184e-291 -8.63104e-291 0.796841 3.347 2.1 6 0.048 3 13 48
119.187 2 5.69334 1.57877 -37.8427 -0.604189 6.87184e-291 -8.63104e-291 0.796841 3.347 2.1 6 0.048 3 13 48
119.204 2 5.69334 1.57877 -37.8427 -0.604189 6.87184e-291 -8.63104e-291 0.796841 3.347 2.1 6 0.048 3 13 48
119.22 2 5.69334 1.57877 -37.8427 -0.604189 6.87184e-291 -8.63104e-291 0.796841 3.347 2.1 6 0.048 3 13 48
119.237 2 5.69334 1.57877 -37.8427 -0.604189 6.87184e-291 -8.63104e-291 0.796841 3.347 2.1 6 0.048 3 13 48
119.254 2 5.69334 1.57877 -37.8427 -0.604189 6.87184e-291 -8.63104e-291 0.796841 3.347 2.1 6 0.048 3 13 48
119.27 2 5.69334 1.57877 -37.8427 -0.604189 6.87184e-291 -8.63104e-291 0.796841 3.347 2.1 6 0.048 3 13 48
119.287 2 5.69334 1.57877 -37.8427 -0.604189 6.87184e-291 -8.63104e-291 0.796841 3.347 2.1 6 0.048 3 13 48
119.304 2 5.69334 1.57877 -37.8427 -0.604189 6.87184e-291 -8.63104e-291 0.796841 3.347 2.1 6 0.048 3 13 48
119.32 2 5.69334 1.57877 -37.8427 -0.604189 6.87184e-291 -8.63104e-291 0.796841 3.347 2.1 6 0.048 3 13 48
119.337 2 5.69334 1.57877 -37.8427 -0.604189 6.87184e-291 -8.63104e-291 0.796841 3.347 2.1 6 0.048 3 13 48
119.354 2 5.69334 1.57877 -37.8427 -0.604189 6.87184e-291 -8.63104e-291 0.796841 3.347 2.1 6 0.048 3 13 48
119.37 2 5.69334 1.57877 -37.8427 -0.604189 6.87184e-291 -8.63104e-291 0.796841 3.347 2.1 6 0.048 3 13 48
119.387 2 5.69334 1.57877 -37.8427 -0.604189 6.87184e-291 -8.63104e-291 0.796841 3.347 2.1 6 0.048 3 13 48
119.404 2 5.69334 1.57877 -37.8427 -0.604189 6.87184e-291 -8.63104e-291 0.796841 3.347 2.1 6 0.048 3 13 48
119.42 2 5.69334 1.57877 -37.8427 -0.604189 6.87184e-291 -8.63104e-291 0.796841 3.347 2.1 6 0.048 3 13 48
119.437 2 5.69334 1.57877 -37.8427 -0.604189 6.87184e-291 -8.63104e-291 0.796841 3.347 2.1 6 0.048 3 13 48
119.454 2 5.69334 1.57877 -37.8427 -0.604189 6.87184e-291 -8.63104e-291 0.796841 3.347 2.1 6 0.048 3 13 48
119.47 2 5.69334 1.57877 -37.8427 -0.604189 6.87184e-291 -8.63104e-291 0.796841 3.347 2.1 6 0.048 3 13 48
119.487 2 5.69334 1.57877 -37.8427 -0.604189 6.87184e-291 -8.63104e-291 0.796841 3.347 2.1 6 0.048 3 13 48
119.504 2 5.69334 1.57877 -37.8427 -0.604189 6.87184e-291 -8.63104e-291 0.796841 3.347 2.1 6 0.048 3 13 48
119.52 2 5.69334 1.57877 -37.8427 -0.604189 6.87184e-291 -8.63104e-291 0.796841 3.347 2.1 6 0.048 3 13 48
119.537 2 5.69334 1.57877 -37.8427 -0.604189 6.87184e-291 -8.63104e-291 0.796841 3.347 2.1 6 0.048 3 13 48
119.554 2 5.69334 1.57877 -37.8427 -0.604189 6.87184e-291 -8.63104e-291 0.796841 3.347 2.1 6 0.048 3 13 48
119.57 2 5.69334 1.57877 -37.8427 -0.604189 6.87184e-291 -8.63104e-291 0.796841 3.347 2.1 6 0.048 3 13 48
119.587 2 5.69334 1.57877 -37.8427 -0.604189 6.87184e-291 -8.63104e-291 0.796841 3.347 2.1 6 0.048 3 13 48
119.604 2 5.69334 1.57877 -37.8427 -0.604189 6.87184e-291 -8.63104e-291 0.796841 3.347 2.1 6 0.048 3 13 48
119.62 2 5.69334 1.57877 -37.8427 -0.604189 6.87184e-291 -8.63104e-291 0.796841 3.347 2.1 6 0.048 3 13 48
119.637 2 5.69334 1.57877 -37.8427 -0.604189 6.87184e-291 -8.63104e-291 0.796841 3.347 2.1 6 0.048 3 13 48
119.654 2 5.69334 1.57877 -37.8427 -0.604189 6.87184e-291 -8.63104e-291 0.796841 3.347 2.1 6 0.048 3 13 48
119.67 2 5.69334 1.57877 -37.8427 -0.604189 6.87184e-291 -8.63104e-291 0.796841 3.347 2.1 6 0.048 3 13 48
119.687 2 5.69334 1.57877 -37.8427 -0.604189 6.87184e-291 -8.63104e-291 0.796841 3.347 2.1 6 0.048 3 13 48
119.704 2 5.69334 1.57877 -37.8427 -0.604189 6.87184e-291 -8.63104e-291 0.796841 3.347 2.1 6 0.048 3 13 48
119.72 2 5.69334 1.57877 -37.8427 -0.604189 6.87184e-291 -8.63104e-291 0.796841 3.347 2.1 6 0.048 3 13 48
119.737 2 5.69334 1.57877 -37.8427 -0.604189 6.87184e-291 -8.63104e-291 0.796841 3.347 2.1 6 0.048 3 13 48
119.754 2 5.69334 1.57877 -37.8427 -0.604189 6.87184e-291 -8.63104e-291 0.796841 3.347 2.1 6 0.048 3 13 48
119.77 2 5.69334 1.57877 -37.8427 -0.604189 6.87184e-291 -8.63104e-291 0.796841 3.347 2.1 6 0.048 3 13 48
119.787 2 5.69334 1.57877 -37.8427 -0.604189 6.87184e-291 -8.63104e-291 0.796841 3.347 2.1 6 0.048 3 13 48
119.804 2 5.69334 1.57877 -37.8427 -0.604189 6.87184e-291 -8.63104e-291 0.796841 3.347 2.1 6 0.048 3 13 48
119.82 2 5.69334 1.57877 -37.8427 -0.604189 6.87184e-291 -8.63104e-291 0.796841 3.347 2.1 6 0.048 3 13 48
119.837 2 5.69334 1.57877 -37.8427 -0.604189 6.87184e-291 -8.63104e-291 0.796841 3.347 2.1 6 0.048 3 13 48
119.854 2 5.69334 1.57877 -37.8427 -0.604189 6.87184e-291 -8.63104e-291 0.796841 3.347 2.1 6 0.048 3 13 48
119.87 2 5.69334 1.57877 -37.8427 -0.604189 6.87184e-291 -8.63104e-291 0.796841 3.347 2.1 6 0.048 3 13 48
119.887 2 5.69334 1.57877 -37.8427 -0.604189 6.87184e-291 -8.63104e-291 0.796841 3.347 2.1 6 0.048 3 13 48
119.904 2 5.69334 1.57877 -37.8427 -0.604189 6.87184e-291 -8.63104e-291 0.796841 3.347 2.1 6 0.048 3 13 48
119.92 2 5.69334 1.57877 -37.8427 -0.604189 6.87184e-291 -8.63104e-291 0.796841 3.347 2.1 6 0.048 3 13 48
119.937 2 5.69334 1.57877 -37.8427 -0.604189 6.87184e-291 -8.63104e-291 0.796841 3.347 2.1 6 0.048 3 13 48
119.954 2 5.69334 1.57877 -37.8427 -0.604189 6.87184e-291 -8.63104e-291 0.796841 3.347 2.1 6 0.048 3 13 48
119.97 2 5.69334 1.57877 -37.8427 -0.604189 6.87184e-291 -8.63104e-291 0.796841 3.347 2.1 6 0.048 3 13 48
119.987 2 5.69334 1.57877 -37.8427 -0.604189 6.87184e-291 -8.63104e-291 0.796841 3.347 2.1 6 0.048 3 13 48
120.004 2 5.69334 1.57877 -37.8427 -0.604189 6.87184e-291 -8.63104e-291 0.796841 3.347 2.1 6 0.048 3 13 48
120.02 2 5.69334 1.57877 -37.8427 -0.604189 6.87184e-291 -8.63104e-291 0.796841 3.347 2.1 6 0.048 3 13 48
120.037 2 5.69334 1.57877 -37.8427 -0.604189 6.87184e-291 -8.63104e-291 0.796841 3.347 2.1 6 0.048 3 13 48
120.054 2 5.69334 1.57877 -37.8427 -0.604189 6.87184e-291 -8.63104e-291 0.796841 3.347 2.1 6 0.048 3 13 48
120.07 2 5.69334 1.57877 -37.8427 -0.604189 6.87184e-291 -8.63104e-291 0.796841 3.347 2.1 6 0.048 3 13 48
120.087 2 5.69334 1.57877 -37.8427 -0.604189 6.87184e-291 -8.63104e-291 0.796841 3.347 2.1 6 0.048 3 13 48
120.104 2 5.69334 1.57877 -37.8427 -0.604189 6.87184e-291 -8.63104e-291 0.796841 3.347 2.1 6 0.048 3 13 48
120.12 2 5.69334 1.57877 -37.8427 -0.604189 6.87184e-291 -8.63104e-291 0.796841 3.347 2.1 6 0.048 3 13 48
120.137 2 5.69334 1.57877 -37.8427 -0.604189 6.87184e-291 -8.63104e-291 0.796841 3.347 2.1 6 0.048 3 13 48
120.154 2 5.69334 1.57877 -37.8427 -0.604189 6.87184e-291 -8.63104e-291 0.796841 3.347 2.1 6 0.048 3 13 48
120.17 2 5.69334 1.57877 -37.8427 -0.604189 6.87184e-291 -8.63104e-291 0.796841 3.347 2.1 6 0.048 3 13 48
120.187 2 5.69334 1.57877 -37.8427 -0.604189 6.87184e-291 -8.63104e-291 0.796841 3.347 2.1 6 0.048 3 13 48
120.204 2 5.69334 1.57877 -37.8427 -0.604189 6.87184e-291 -8.63104e-291 0.796841 3.347 2.1 6 0.048 3 13 48
120.22 2 5.69334 1.57877 -37.8427 -0.604189 6.87184e-291 -8.63104e-291 0.796841 3.347 2.1 6 0.048 3 13 48
120.237 2 5.69334 1.57877 -37.8427 -0.604189 6.87184e-291 -8.63104e-291 0.796841 3.347 2.1 6 0.048 3 13 48
120.254 2 5.69334 1.57877 -37.8427 -0.604189 6.87184e-291 -8.63104e-291 0.796841 3.347 2.1 6 0.048 3 13 48
120.27 2 5.69334 1.57877 -37.8427 -0.604189 6.87184e-291 -8.63104e-291 0.796841 3.347 2.1 6 0.048 3 13 48
120.287 2 5.69334 1.57877 -37.8427 -0.604189 6.87184e-291 -8.63104e-291 0.796841 3.347 2.1 6 0.048 3 13 48
120.304 2 5.69334 1.57877 -37.8427 -0.604189 6.87184e-291 -8.63104e-291 0.796841 3.347 2.1 6 0.048 3 13 48
120.32 2 5.69334 1.57877 -37.8427 -0.604189 6.87184e-291 -8.63104e-291 0.796841 3.347 2.1 6 0.048 3 13 48
120.337 2 5.69334 1.57877 -37.8427 -0.604189 6.87184e-291 -8.63104e-291 0.796841 3.347 2.1 6 0.048 3 13 48
120.354 2 5.69334 1.57877 -37.8427 -0.604189 6.87184e-291 -8.63104e-291 0.796841 3.347 2.1 6 0.048 3 13 48
120.37 2 5.69334 1.57877 -37.8427 -0.604189 6.87184e-291 -8.63104e-291 0.796841 3.347 2.1 6 0.048 3 13 48
120.387 2 5.69334 1.57877 -37.8427 -0.604189 6.87184e-291 -8.63104e-291 0.796841 3.347 2.1 6 0.048 3 13 48
120.404 2 5.69334 1.57877 -37.8427 -0.604189 6.87184e-291 -8.63104e-291 0.796841 3.347 2.1 6 0.048 3 13 48
120.42 2 5.69334 1.57877 -37.8427 -0.604189 6.87184e-291 -8.63104e-291 0.796841 3.347 2.1 6 0.048 3 13 48
120.437 2 5.69334 1.57877 -37.8427 -0.604189 6.87184e-291 -8.63104e-291 0.796841 3.347 2.1 6 0.048 3 13 48
120.454 2 5.69334 1.57877 -37.8427 -0.604189 6.87184e-291 -8.63104e-291 0.796841 3.347 2.1 6 0.048 3 13 48
120.47 2 5.69334 1.57877 -37.8427 -0.604189 6.87184e-291 -8.63104e-291 0.796841 3.347 2.1 6 0.048 3 13 48
120.487 2 5.69334 1.57877 -37.8427 -0.604189 6.87184e-291 -8.63104e-291 0.796841 3.347 2.1 6 0.048 3 13 48
120.504 2 5.69334 1.57877 -37.8427 -0.604189 6.87184e-291 -8.63104e-291 0.796841 3.347 2.1 6 0.048 3 13 48
120.52 2 5.69334 1.57877 -37.8427 -0.604189 6.87184e-291 -8.63104e-291 0.796841 3.347 2.1 6 0.048 3 13 48
120.537 2 5.69334 1.57877 -37.8427 -0.604189 6.87184e-291 -8.63104e-291 0.796841 3.347 2.1 6 0.048 3 13 48
120.554 2 5.69334 1.57877 -37.8427 -0.604189 6.87184e-291 -8.63104e-291 0.796841 3.347 2.1 6 0.048 3 13 48
120.57 2 5.69334 1.57877 -37.8427 -0.604189 6.87184e-291 -8.63104e-291 0.796841 3.347 2.1 6 0.048 3 13 48
120.587 2 5.69334 1.57877 -37.8427 -0.604189 6.87184e-291 -8.63104e-291 0.796841 3.347 2.1 6 0.048 3 13 48
120.604 2 5.69334 1.57877 -37.8427 -0.604189 6.87184e-291 -8.63104e-291 0.796841 3.347 2.1 6 0.048 3 13 48
120.62 2 5.69334 1.57877 -37.8427 -0.604189 6.87184e-291 -8.63104e-291 0.796841 3.347 2.1 6 0.048 3 13 48
120.637 2 5.69334 1.57877 -37.8427 -0.604189 6.87184e-291 -8.63104e-291 0.796841 3.347 2.1 6 0.048 3 13 48
120.654 2 5.69334 1.57877 -37.8427 -0.604189 6.87184e-291 -8.63104e-291 0.796841 3.347 2.1 6 0.048 3 13 48
120.67 2 5.69334 1.57877 -37.8427 -0.604189 6.87184e-291 -8.63104e-291 0.796841 3.347 2.1 6 0.048 3 13 48
120.687 2 5.69334 1.57877 -37.8427 -0.604189 6.87184e-291 -8.63104e-291 0.796841 3.347 2.1 6 0.048 3 13 48
120.704 2 5.69334 1.57877 -37.8427 -0.604189 6.87184e-291 -8.63104e-291 0.796841 3.347 2.1 6 0.048 3 13 48
120.72 2 5.69334 1.57877 -37.8427 -0.604189 6.87184e-291 -8.63104e-291 0.796841 3.347 2.1 6 0.048 3 13 48
120.737 2 5.69334 1.57877 -37.8427 -0.604189 6.87184e-291 -8.63104e-291 0.796841 3.347 2.1 6 0.048 3 13 48
120.754 2 5.69334 1.57877 -37.8427 -0.604189 6.87184e-291 -8.63104e-291 0.796841 3.347 2.1 6 0.048 3 13 48
120.77 2 5.69334 1.57877 -37.8427 -0.604189 6.87184e-291 -8.63104e-291 0.796841 3.347 2.1 6 0.048 3 13 48
120.787 2 5.69334 1.57877 -37.8427 -0.604189 6.87184e-291 -8.63104e-291 0.796841 3.347 2.1 6 0.048 3 13 48
120.804 2 5.69334 1.57877 -37.8427 -0.604189 6.87184e-291 -8.63104e-291 0.796841 3.347 2.1 6 0.048 3 13 48
120.82 2 5.69334 1.57877 -37.8427 -0.604189 6.87184e-291 -8.63104e-291 0.796841 3.347 2.1 6 0.048 3 13 48
120.837 2 5.69334 1.57877 -37.8427 -0.604189 6.87184e-291 -8.63104e-291 0.796841 3.347 2.1 6 0.048 3 13 48
120.854 2 5.69334 1.57877 -37.8427 -0.604189 6.87184e-291 -8.63104e-291 0.796841 3.347 2.1 6 0.048 3 13 48
120.87 2 5.69334 1.57877 -37.8427 -0.604189 6.87184e-291 -8.63104e-291 0.796841 3.347 2.1 6 0.048 3 13 48
120.887 2 5.69334 1.57877 -37.8427 -0.604189 6.87184e-291 -8.63104e-291 0.796841 3.347 2.1 6 0.048 3 13 48
120.904 2 5.69334 1.57877 -37.8427 -0.604189 6.87184e-291 -8.63104e-291 0.796841 3.347 2.1 6 0.048 3 13 48
120.92 2 5.69334 1.57877 -37.8427 -0.604189 6.87184e-291 -8.63104e-291 0.796841 3.347 2.1 6 0.048 3 13 48
120.937 2 5.69334 1.57877 -37.8427 -0.604189 6.87184e-291 -8.63104e-291 0.796841 3.347 2.1 6 0.048 3 13 48
120.954 2 5.69334 1.57877 -37.8427 -0.604189 6.87184e-291 -8.63104e-291 0.796841 3.347 2.1 6 0.048 3 13 48
120.97 2 5.69334 1.57877 -37.8427 -0.604189 6.87184e-291 -8.63104e-291 0.796841 3.347 2.1 6 0.048 3 13 48
120.987 2 5.69334 1.57877 -37.8427 -0.604189 6.87184e-291 -8.63104e-291 0.796841 3.347 2.1 6 0.048 3 13 48
121.004 2 5.69334 1.57877 -37.8427 -0.604189 6.87184e-291 -8.63104e-291 0.796841 3.347 2.1 6 0.048 3 13 48
121.02 2 5.69334 1.57877 -37.8427 -0.604189 6.87184e-291 -8.63104e-291 0.796841 3.347 2.1 6 0.048 3 13 48
121.037 2 5.69334 1.57877 -37.8427 -0.604189 6.87184e-291 -8.63104e-291 0.796841 3.347 2.1 6 0.048 3 13 48
121.054 2 5.69334 1.57877 -37.8427 -0.604189 6.87184e-291 -8.63104e-291 0.796841 3.347 2.1 6 0.048 3 13 48
121.07 2 5.69334 1.57877 -37.8427 -0.604189 6.87184e-291 -8.63104e-291 0.796841 3.347 2.1 6 0.048 3 13 48
121.087 2 5.69334 1.57877 -37.8427 -0.604189 6.87184e-291 -8.63104e-291 0.796841 3.347 2.1 6 0.048 3 13 48
121.104 2 5.69334 1.57877 -37.8427 -0.604189 6.87184e-291 -8.63104e-291 0.796841 3.347 2.1 6 0.048 3 13 48
121.12 2 5.69334 1.57877 -37.8427 -0.604189 6.87184e-291 -8.63104e-291 0.796841 3.347 2.1 6 0.048 3 13 48
121.137 2 5.69334 1.57877 -37.8427 -0.604189 6.87184e-291 -8.63104e-291 0.796841 3.347 2.1 6 0.048 3 13 48
121.154 2 5.69334 1.57877 -37.8427 -0.604189 6.87184e-291 -8.63104e-291 0.796841 3.347 2.1 6 0.048 3 13 48
121.17 2 5.69334 1.57877 -37.8427 -0.604189 6.87184e-291 -8.63104e-291 0.796841 3.347 2.1 6 0.048 3 13 48
121.187 2 5.69334 1.57877 -37.8427 -0.604189 6.87184e-291 -8.63104e-291 0.796841 3.347 2.1 6 0.048 3 13 48
121.204 2 5.69334 1.57877 -37.8427 -0.604189 6.87184e-291 -8.63104e-291 0.796841 3.347 2.1 6 0.048 3 13 48
121.22 2 5.69334 1.57877 -37.8427 -0.604189 6.87184e-291 -8.63104e-291 0.796841 3.347 2.1 6 0.048 3 13 48
121.237 2 5.69334 1.57877 -37.8427 -0.604189 6.87184e-291 -8.63104e-291 0.796841 3.347 2.1 6 0.048 3 13 48
121.254 2 5.69334 1.57877 -37.8427 -0.604189 6.87184e-291 -8.63104e-291 0.796841 3.347 2.1 6 0.048 3 13 48
121.27 2 5.69334 1.57877 -37.8427 -0.604189 6.87184e-291 -8.63104e-291 0.796841 3.347 2.1 6 0.048 3 13 48
121.287 2 5.69334 1.57877 -37.8427 -0.604189 6.87184e-291 -8.63104e-291 0.796841 3.347 2.1 6 0.048 3 13 48
121.304 2 5.69334 1.57877 -37.8427 -0.604189 6.87184e-291 -8.63104e-291 0.796841 3.347 2.1 6 0.048 3 13 48
121.32 2 5.69334 1.57877 -37.8427 -0.604189 6.87184e-291 -8.63104e-291 0.796841 3.347 2.1 6 0.048 3 13 48
121.337 2 5.69334 1.57877 -37.8427 -0.604189 6.87184e-291 -8.63104e-291 0.796841 3.347 2.1 6 0.048 3 13 48
121.354 2 5.69334 1.57877 -37.8427 -0.604189 6.87184e-291 -8.63104e-291 0.796841 3.347 2.1 6 0.048 3 13 48
121.37 2 5.69334 1.57877 -37.8427 -0.604189 6.87184e-291 -8.63104e-291 0.796841 3.347 2.1 6 0.048 3 13 48
121.387 2 5.69334 1.57877 -37.8427 -0.604189 6.87184e-291 -8.63104e-291 0.796841 3.347 2.1 6 0.048 3 13 48
121.404 2 5.69334 1.57877 -37.8427 -0.604189 6.87184e-291 -8.63104e-291 0.796841 3.347 2.1 6 0.048 3 13 48
121.42 2 5.69334 1.57877 -37.8427 -0.604189 6.87184e-291 -8.63104e-291 0.796841 3.347 2.1 6 0.048 3 13 48
121.437 2 5.69334 1.57877 -37.8427 -0.604189 6.87184e-291 -8.63104e-291 0.796841 3.347 2.1 6 0.048 3 13 48
121.454 2 5.69334 1.57877 -37.8427 -0.604189 6.87184e-291 -8.63104e-291 0.796841 3.347 2.1 6 0.048 3 13 48
121.47 2 5.69334 1.57877 -37.8427 -0.604189 6.87184e-291 -8.63104e-291 0.796841 3.347 2.1 6 0.048 3 13 48
121.487 2 5.69334 1.57877 -37.8427 -0.604189 6.87184e-291 -8.63104e-291 0.796841 3.347 2.1 6 0.048 3 13 48
121.504 2 5.69334 1.57877 -37.8427 -0.604189 6.87184e-291 -8.63104e-291 0.796841 3.347 2.1 6 0.048 3 13 48
121.52 2 5.69334 1.57877 -37.8427 -0.604189 6.87184e-291 -8.63104e-291 0.796841 3.347 2.1 6 0.048 3 13 48
121.537 2 5.69334 1.57877 -37.8427 -0.604189 6.87184e-291 -8.63104e-291 0.796841 3.347 2.1 6 0.048 3 13 48
121.554 2 5.69334 1.57877 -37.8427 -0.604189 6.87184e-291 -8.63104e-291 0.796841 3.347 2.1 6 0.048 3 13 48
121.57 2 5.69334 1.57877 -37.8427 -0.604189 6.87184e-291 -8.63104e-291 0.796841 3.347 2.1 6 0.048 3 13 48
121.587 2 5.69334 1.57877 -37.8427 -0.604189 6.87184e-291 -8.63104e-291 0.796841 3.347 2.1 6 0.048 3 13 48
121.604 2 5.69334 1.57877 -37.8427 -0.604189 6.87184e-291 -8.63104e-291 0.796841 3.347 2.1 6 0.048 3 13 48
121.62 2 5.69334 1.57877 -37.8427 -0.604189 6.87184e-291 -8.63104e-291 0.796841 3.347 2.1 6 0.048 3 13 48
121.637 2 5.69334 1.57877 -37.8427 -0.604189 6.87184e-291 -8.63104e-291 0.796841 3.347 2.1 6 0.048 3 13 48
121.654 2 5.69334 1.57877 -37.8427 -0.604189 6.87184e-291 -8.63104e-291 0.796841 3.347 2.1 6 0.048 3 13 48
121.67 2 5.69334 1.57877 -37.8427 -0.604189 6.87184e-291 -8.63104e-291 0.796841 3.347 2.1 6 0.048 3 13 48
121.687 2 5.69334 1.57877 -37.8427 -0.604189 6.87184e-291 -8.63104e-291 0.796841 3.347 2.1 6 0.048 3 13 48
121.704 2 5.69334 1.57877 -37.8427 -0.604189 6.87184e-291 -8.63104e-291 0.796841 3.347 2.1 6 0.048 3 13 48
121.72 2 5.69334 1.57877 -37.8427 -0.604189 6.87184e-291 -8.63104e-291 0.796841 3.347 2.1 6 0.048 3 13 48
121.737 2 5.69334 1.57877 -37.8427 -0.604189 6.87184e-291 -8.63104e-291 0.796841 3.347 2.1 6 0.048 3 13 48
121.754 2 5.69334 1.57877 -37.8427 -0.604189 6.87184e-291 -8.63104e-291 0.796841 3.347 2.1 6 0.048 3 13 48
121.77 2 5.69334 1.57877 -37.8427 -0.604189 6.87184e-291 -8.63104e-291 0.796841 3.347 2.1 6 0.048 3 13 48
121.787 2 5.69334 1.57877 -37.8427 -0.604189 6.87184e-291 -8.63104e-291 0.796841 3.347 2.1 6 0.048 3 13 48
121.804 2 5.69334 1.57877 -37.8427 -0.604189 6.87184e-291 -8.63104e-291 0.796841 3.347 2.1 6 0.048 3 13 48
121.82 2 5.69334 1.57877 -37.8427 -0.604189 6.87184e-291 -8.63104e-291 0.796841 3.347 2.1 6 0.048 3 13 48
121.837 2 5.69334 1.57877 -37.8427 -0.604189 6.87184e-291 -8.63104e-291 0.796841 3.347 2.1 6 0.048 3 13 48
121.854 2 5.69334 1.57877 -37.8427 -0.604189 6.87184e-291 -8.63104e-291 0.796841 3.347 2.1 6 0.048 3 13 48
121.87 2 5.69334 1.57877 -37.8427 -0.604189 6.87184e-291 -8.63104e-291 0.796841 3.347 2.1 6 0.048 3 13 48
121.887 2 5.69334 1.57877 -37.8427 -0.604189 6.87184e-291 -8.63104e-291 0.796841 3.347 2.1 6 0.048 3 13 48
121.904 2 5.69334 1.57877 -37.8427 -0.604189 6.87184e-291 -8.63104e-291 0.796841 3.347 2.1 6 0.048 3 13 48
121.92 2 5.69334 1.57877 -37.8427 -0.604189 6.87184e-291 -8.63104e-291 0.796841 3.347 2.1 6 0.048 3 13 48
121.937 2 5.69334 1.57877 -37.8427 -0.604189 6.87184e-291 -8.63104e-291 0.796841 3.347 2.1 6 0.048 3 13 48
121.954 2 5.69334 1.57877 -37.8427 -0.604189 6.87184e-291 -8.63104e-291 0.796841 3.347 2.1 6 0.048 3 13 48
121.97 2 5.69334 1.57877 -37.8427 -0.604189 6.87184e-291 -8.63104e-291 0.796841 3.347 2.1 6 0.048 3 13 48
121.987 2 5.69334 1.57877 -37.8427 -0.604189 6.87184e-291 -8.63104e-291 0.796841 3.347 2.1 6 0.048 3 13 48
122.004 2 5.69334 1.57877 -37.8427 -0.604189 6.87184e-291 -8.63104e-291 0.796841 3.347 2.1 6 0.048 3 13 48
122.02 2 5.69334 1.57877 -37.8427 -0.604189 6.87184e-291 -8.63104e-291 0.796841 3.347 2.1 6 0.048 3 13 48
122.037 2 5.69334 1.57877 -37.8427 -0.604189 6.87184e-291 -8.63104e-291 0.796841 3.347 2.1 6 0.048 3 13 48
122.054 2 5.69334 1.57877 -37.8427 -0.604189 6.87184e-291 -8.63104e-291 0.796841 3.347 2.1 6 0.048 3 13 48
122.07 2 5.69334 1.57877 -37.8427 -0.604189 6.87184e-291 -8.63104e-291 0.796841 3.347 2.1 6 0.048 3 13 48
122.087 2 5.69334 1.57877 -37.8427 -0.604189 6.87184e-291 -8.63104e-291 0.796841 3.347 2.1 6 0.048 3 13 48
122.104 2 5.69334 1.57877 -37.8427 -0.604189 6.87184e-291 -8.63104e-291 0.796841 3.347 2.1 6 0.048 3 13 48
122.12 2 5.69334 1.57877 -37.8427 -0.604189 6.87184e-291 -8.63104e-291 0.796841 3.347 2.1 6 0.048 3 13 48
122.137 2 5.69334 1.57877 -37.8427 -0.604189 6.87184e-291 -8.63104e-291 0.796841 3.347 2.1 6 0.048 3 13 48
122.154 2 5.69334 1.57877 -37.8427 -0.604189 6.87184e-291 -8.63104e-291 0.796841 3.347 2.1 6 0.048 3 13 48
122.17 2 5.69334 1.57877 -37.8427 -0.604189 6.87184e-291 -8.63104e-291 0.796841 3.347 2.1 6 0.048 3 13 48
122.187 2 5.69334 1.57877 -37.8427 -0.604189 6.87184e-291 -8.63104e-291 0.796841 3.347 2.1 6 0.048 3 13 48
122.204 2 5.69334 1.57877 -37.8427 -0.604189 6.87184e-291 -8.63104e-291 0.796841 3.347 2.1 6 0.048 3 13 48
122.22 2 5.69334 1.57877 -37.8427 -0.604189 6.87184e-291 -8.63104e-291 0.796841 3.347 2.1 6 0.048 3 13 48
122.237 2 5.69334 1.57877 -37.8427 -0.604189 6.87184e-291 -8.63104e-291 0.796841 3.347 2.1 6 0.048 3 13 48
122.254 2 5.69334 1.57877 -37.8427 -0.604189 6.87184e-291 -8.63104e-291 0.796841 3.347 2.1 6 0.048 3 13 48
122.27 2 5.69334 1.57877 -37.8427 -0.604189 6.87184e-291 -8.63104e-291 0.796841 3.347 2.1 6 0.048 3 13 48
122.287 2 5.69334 1.57877 -37.8427 -0.604189 6.87184e-291 -8.63104e-291 0.796841 3.347 2.1 6 0.048 3 13 48
122.304 2 5.69334 1.57877 -37.8427 -0.604189 6.87184e-291 -8.63104e-291 0.796841 3.347 2.1 6 0.048 3 13 48
122.32 2 5.69334 1.57877 -37.8427 -0.604189 6.87184e-291 -8.63104e-291 0.796841 3.347 2.1 6 0.048 3 13 48
122.337 2 5.69334 1.57877 -37.8427 -0.604189 6.87184e-291 -8.63104e-291 0.796841 3.347 2.1 6 0.048 3 13 48
122.354 2 5.69334 1.57877 -37.8427 -0.604189 6.87184e-291 -8.63104e-291 0.796841 3.347 2.1 6 0.048 3 13 48
122.37 2 5.69334 1.57877 -37.8427 -0.604189 6.87184e-291 -8.63104e-291 0.796841 3.347 2.1 6 0.048 3 13 48
122.387 2 5.69334 1.57877 -37.8427 -0.604189 6.87184e-291 -8.63104e-291 0.796841 3.347 2.1 6 0.048 3 13 48
122.404 2 5.69334 1.57877 -37.8427 -0.604189 6.87184e-291 -8.63104e-291 0.796841 3.347 2.1 6 0.048 3 13 48
122.42 2 5.69334 1.57877 -37.8427 -0.604189 6.87184e-291 -8.63104e-291 0.796841 3.347 2.1 6 0.048 3 13 48
122.437 2 5.69334 1.57877 -37.8427 -0.604189 6.87184e-291 -8.63104e-291 0.796841 3.347 2.1 6 0.048 3 13 48
122.454 2 5.69334 1.57877 -37.8427 -0.604189 6.87184e-291 -8.63104e-291 0.796841 3.347 2.1 6 0.048 3 13 48
122.47 2 5.69334 1.57877 -37.8427 -0.604189 6.87184e-291 -8.63104e-291 0.796841 3.347 2.1 6 0.048 3 13 48
122.487 2 5.69334 1.57877 -37.8427 -0.604189 6.87184e-291 -8.63104e-291 0.796841 3.347 2.1 6 0.048 3 13 48
122.504 2 5.69334 1.57877 -37.8427 -0.604189 6.87184e-291 -8.63104e-291 0.796841 3.347 2.1 6 0.048 3 13 48
122.52 2 5.69334 1.57877 -37.8427 -0.604189 6.87184e-291 -8.63104e-291 0.796841 3.347 2.1 6 0.048 3 13 48
122.537 2 5.69334 1.57877 -37.8427 -0.604189 6.87184e-291 -8.63104e-291 0.796841 3.347 2.1 6 0.048 3 13 48
122.554 2 5.69334 1.57877 -37.8427 -0.604189 6.87184e-291 -8.63104e-291 0.796841 3.347 2.1 6 0.048 3 13 48
122.57 2 5.69334 1.57877 -37.8427 -0.604189 6.87184e-291 -8.63104e-291 0.796841 3.347 2.1 6 0.048 3 13 48
122.587 2 5.69334 1.57877 -37.8427 -0.604189 6.87184e-291 -8.63104e-291 0.796841 3.347 2.1 6 0.048 3 13 48
122.604 2 5.69334 1.57877 -37.8427 -0.604189 6.87184e-291 -8.63104e-291 0.796841 3.347 2.1 6 0.048 3 13 48
122.62 2 5.69334 1.57877 -37.8427 -0.604189 6.87184e-291 -8.63104e-291 0.796841 3.347 2.1 6 0.048 3 13 48
122.637 2 5.69334 1.57877 -37.8427 -0.604189 6.87184e-291 -8.63104e-291 0.796841 3.347 2.1 6 0.048 3 13 48
122.654 2 5.69334 1.57877 -37.8427 -0.604189 6.87184e-291 -8.63104e-291 0.796841 3.347 2.1 6 0.048 3 13 48
122.67 2 5.69334 1.57877 -37.8427 -0.604189 6.87184e-291 -8.63104e-291 0.796841 3.347 2.1 6 0.048 3 13 48
122.687 2 5.69334 1.57877 -37.8427 -0.604189 6.87184e-291 -8.63104e-291 0.796841 3.347 2.1 6 0.048 3 13 48
122.704 2 5.69334 1.57877 -37.8427 -0.604189 6.87184e-291 -8.63104e-291 0.796841 3.347 2.1 6 0.048 3 13 48
122.72 2 5.69334 1.57877 -37.8427 -0.604189 6.87184e-291 -8.63104e-291 0.796841 3.347 2.1 6 0.048 3 13 48
122.737 2 5.69334 1.57877 -37.8427 -0.604189 6.87184e-291 -8.63104e-291 0.796841 3.347 2.1 6 0.048 3 13 48
122.754 2 5.69334 1.57877 -37.8427 -0.604189 6.87184e-291 -8.63104e-291 0.796841 3.347 2.1 6 0.048 3 13 48
122.77 2 5.69334 1.57877 -37.8427 -0.604189 6.87184e-291 -8.63104e-291 0.796841 3.347 2.1 6 0.048 3 13 48
122.787 2 5.69334 1.57877 -37.8427 -0.604189 6.87184e-291 -8.63104e-291 0.796841 3.347 2.1 6 0.048 3 13 48
122.804 2 5.69334 1.57877 -37.8427 -0.604189 6.87184e-291 -8.63104e-291 0.796841 3.347 2.1 6 0.048 3 13 48
122.82 2 5.69334 1.57877 -37.8427 -0.604189 6.87184e-291 -8.63104e-291 0.796841 3.347 2.1 6 0.048 3 13 48
122.837 2 5.69334 1.57877 -37.8427 -0.604189 6.87184e-291 -8.63104e-291 0.796841 3.347 2.1 6 0.048 3 13 48
122.854 2 5.69334 1.57877 -37.8427 -0.604189 6.87184e-291 -8.63104e-291 0.796841 3.347 2.1 6 0.048 3 13 48
122.87 2 5.69334 1.57877 -37.8427 -0.604189 6.87184e-291 -8.63104e-291 0.796841 3.347 2.1 6 0.048 3 13 48
122.887 2 5.69334 1.57877 -37.8427 -0.604189 6.87184e-291 -8.63104e-291 0.796841 3.347 2.1 6 0.048 3 13 48
122.904 2 5.69334 1.57877 -37.8427 -0.604189 6.87184e-291 -8.63104e-291 0.796841 3.347 2.1 6 0.048 3 13 48
122.92 2 5.69334 1.57877 -37.8427 -0.604189 6.87184e-291 -8.63104e-291 0.796841 3.347 2.1 6 0.048 3 13 48
122.937 2 5.69334 1.57877 -37.8427 -0.604189 6.87184e-291 -8.63104e-291 0.796841 3.347 2.1 6 0.048 3 13 48
122.954 2 5.69334 1.57877 -37.8427 -0.604189 6.87184e-291 -8.63104e-291 0.796841 3.347 2.1 6 0.048 3 13 48
122.97 2 5.69334 1.57877 -37.8427 -0.604189 6.87184e-291 -8.63104e-291 0.796841 3.347 2.1 6 0.048 3 13 48
122.987 2 5.69334 1.57877 -37.8427 -0.604189 6.87184e-291 -8.63104e-291 0.796841 3.347 2.1 6 0.048 3 13 48
123.004 2 5.69334 1.57877 -37.8427 -0.604189 6.87184e-291 -8.63104e-291 0.796841 3.347 2.1 6 0.048 3 13 48
123.02 2 5.69334 1.57877 -37.8427 -0.604189 6.87184e-291 -8.63104e-291 0.796841 3.347 2.1 6 0.048 3 13 48
123.037 2 5.69334 1.57877 -37.8427 -0.604189 6.87184e-291 -8.63104e-291 0.796841 3.347 2.1 6 0.048 3 13 48
123.054 2 5.69334 1.57877 -37.8427 -0.604189 6.87184e-291 -8.63104e-291 0.796841 3.347 2.1 6 0.048 3 13 48
123.07 2 5.69334 1.57877 -37.8427 -0.604189 6.87184e-291 -8.63104e-291 0.796841 3.347 2.1 6 0.048 3 13 48
123.087 2 5.69334 1.57877 -37.8427 -0.604189 6.87184e-291 -8.63104e-291 0.796841 3.347 2.1 6 0.048 3 13 48
123.104 2 5.69334 1.57877 -37.8427 -0.604189 6.87184e-291 -8.63104e-291 0.796841 3.347 2.1 6 0.048 3 13 48
123.12 2 5.69334 1.57877 -37.8427 -0.604189 6.87184e-291 -8.63104e-291 0.796841 3.347 2.1 6 0.048 3 13 48
123.137 2 5.69334 1.57877 -37.8427 -0.604189 6.87184e-291 -8.63104e-291 0.796841 3.347 2.1 6 0.048 3 13 48
123.154 2 5.69334 1.57877 -37.8427 -0.604189 6.87184e-291 -8.63104e-291 0.796841 3.347 2.1 6 0.048 3 13 48
123.17 2 5.69334 1.57877 -37.8427 -0.604189 6.87184e-291 -8.63104e-291 0.796841 3.347 2.1 6 0.048 3 13 48
123.187 2 5.69334 1.57877 -37.8427 -0.604189 6.87184e-291 -8.63104e-291 0.796841 3.347 2.1 6 0.048 3 13 48
123.204 2 5.69334 1.57877 -37.8427 -0.604189 6.87184e-291 -8.63104e-291 0.796841 3.347 2.1 6 0.048 3 13 48
123.22 2 5.69334 1.57877 -37.8427 -0.604189 6.87184e-291 -8.63104e-291 0.796841 3.347 2.1 6 0.048 3 13 48
123.237 2 5.69334 1.57877 -37.8427 -0.604189 6.87184e-291 -8.63104e-291 0.796841 3.347 2.1 6 0.048 3 13 48
123.254 2 5.69334 1.57877 -37.8427 -0.604189 6.87184e-291 -8.63104e-291 0.796841 3.347 2.1 6 0.048 3 13 48
123.27 2 5.69334 1.57877 -37.8427 -0.604189 6.87184e-291 -8.63104e-291 0.796841 3.347 2.1 6 0.048 3 13 48
123.287 2 5.69334 1.57877 -37.8427 -0.604189 6.87184e-291 -8.63104e-291 0.796841 3.347 2.1 6 0.048 3 13 48
123.304 2 5.69334 1.57877 -37.8427 -0.604189 6.87184e-291 -8.63104e-291 0.796841 3.347 2.1 6 0.048 3 13 48
123.32 2 5.69334 1.57877 -37.8427 -0.604189 6.87184e-291 -8.63104e-291 0.796841 3.347 2.1 6 0.048 3 13 48
123.337 2 5.69334 1.57877 -37.8427 -0.604189 6.87184e-291 -8.63104e-291 0.796841 3.347 2.1 6 0.048 3 13 48
123.354 2 5.69334 1.57877 -37.8427 -0.604189 6.87184e-291 -8.63104e-291 0.796841 3.347 2.1 6 0.048 3 13 48
123.37 2 5.69334 1.57877 -37.8427 -0.604189 6.87184e-291 -8.63104e-291 0.796841 3.347 2.1 6 0.048 3 13 48
123.387 2 5.69334 1.57877 -37.8427 -0.604189 6.87184e-291 -8.63104e-291 0.796841 3.347 2.1 6 0.048 3 13 48
123.404 2 5.69334 1.57877 -37.8427 -0.604189 6.87184e-291 -8.63104e-291 0.796841 3.347 2.1 6 0.048 3 13 48
123.42 2 5.69334 1.57877 -37.8427 -0.604189 6.87184e-291 -8.63104e-291 0.796841 3.347 2.1 6 0.048 3 13 48
123.437 2 5.69334 1.57877 -37.8427 -0.604189 6.87184e-291 -8.63104e-291 0.796841 3.347 2.1 6 0.048 3 13 48
123.454 2 5.69334 1.57877 -37.8427 -0.604189 6.87184e-291 -8.63104e-291 0.796841 3.347 2.1 6 0.048 3 13 48
123.47 2 5.69334 1.57877 -37.8427 -0.604189 6.87184e-291 -8.63104e-291 0.796841 3.347 2.1 6 0.048 3 13 48
123.487 2 5.69334 1.57877 -37.8427 -0.604189 6.87184e-291 -8.63104e-291 0.796841 3.347 2.1 6 0.048 3 13 48
123.504 2 5.69334 1.57877 -37.8427 -0.604189 6.87184e-291 -8.63104e-291 0.796841 3.347 2.1 6 0.048 3 13 48
123.52 2 5.69334 1.57877 -37.8427 -0.604189 6.87184e-291 -8.63104e-291 0.796841 3.347 2.1 6 0.048 3 13 48
123.537 2 5.69334 1.57877 -37.8427 -0.604189 6.87184e-291 -8.63104e-291 0.796841 3.347 2.1 6 0.048 3 13 48
123.554 2 5.69334 1.57877 -37.8427 -0.604189 6.87184e-291 -8.63104e-291 0.796841 3.347 2.1 6 0.048 3 13 48
123.57 2 5.69334 1.57877 -37.8427 -0.604189 6.87184e-291 -8.63104e-291 0.796841 3.347 2.1 6 0.048 3 13 48
123.587 2 5.69334 1.57877 -37.8427 -0.604189 6.87184e-291 -8.63104e-291 0.796841 3.347 2.1 6 0.048 3 13 48
123.604 2 5.69334 1.57877 -37.8427 -0.604189 6.87184e-291 -8.63104e-291 0.796841 3.347 2.1 6 0.048 3 13 48
123.62 2 5.69334 1.57877 -37.8427 -0.604189 6.87184e-291 -8.63104e-291 0.796841 3.347 2.1 6 0.048 3 13 48
123.637 2 5.69334 1.57877 -37.8427 -0.604189 6.87184e-291 -8.63104e-291 0.796841 3.347 2.1 6 0.048 3 13 48
123.654 2 5.69334 1.57877 -37.8427 -0.604189 6.87184e-291 -8.63104e-291 0.796841 3.347 2.1 6 0.048 3 13 48
123.67 2 5.69334 1.57877 -37.8427 -0.604189 6.87184e-291 -8.63104e-291 0.796841 3.347 2.1 6 0.048 3 13 48
123.687 2 5.69334 1.57877 -37.8427 -0.604189 6.87184e-291 -8.63104e-291 0.796841 3.347 2.1 6 0.048 3 13 48
123.704 2 5.69334 1.57877 -37.8427 -0.604189 6.87184e-291 -8.63104e-291 0.796841 3.347 2.1 6 0.048 3 13 48
123.72 2 5.69334 1.57877 -37.8427 -0.604189 6.87184e-291 -8.63104e-291 0.796841 3.347 2.1 6 0.048 3 13 48
123.737 2 5.69334 1.57877 -37.8427 -0.604189 6.87184e-291 -8.63104e-291 0.796841 3.347 2.1 6 0.048 3 13 48
123.754 2 5.69334 1.57877 -37.8427 -0.604189 6.87184e-291 -8.63104e-291 0.796841 3.347 2.1 6 0.048 3 13 48
123.77 2 5.69334 1.57877 -37.8427 -0.604189 6.87184e-291 -8.63104e-291 0.796841 3.347 2.1 6 0.048 3 13 48
123.787 2 5.69334 1.57877 -37.8427 -0.604189 6.87184e-291 -8.63104e-291 0.796841 3.347 2.1 6 0.048 3 13 48
123.804 2 5.69334 1.57877 -37.8427 -0.604189 6.87184e-291 -8.63104e-291 0.796841 3.347 2.1 6 0.048 3 13 48
123.82 2 5.69334 1.57877 -37.8427 -0.604189 6.87184e-291 -8.63104e-291 0.796841 3.347 2.1 6 0.048 3 13 48
123.837 2 5.69334 1.57877 -37.8427 -0.604189 6.87184e-291 -8.63104e-291 0.796841 3.347 2.1 6 0.048 3 13 48
123.854 2 5.69334 1.57877 -37.8427 -0.604189 6.87184e-291 -8.63104e-291 0.796841 3.347 2.1 6 0.048 3 13 48
123.87 2 5.69334 1.57877 -37.8427 -0.604189 6.87184e-291 -8.63104e-291 0.796841 3.347 2.1 6 0.048 3 13 48
123.887 2 5.69334 1.57877 -37.8427 -0.604189 6.87184e-291 -8.63104e-291 0.796841 3.347 2.1 6 0.048 3 13 48
123.904 2 5.69334 1.57877 -37.8427 -0.604189 6.87184e-291 -8.63104e-291 0.796841 3.347 2.1 6 0.048 3 13 48
123.92 2 5.69334 1.57877 -37.8427 -0.604189 6.87184e-291 -8.63104e-291 0.796841 3.347 2.1 6 0.048 3 13 48
123.937 2 5.69334 1.57877 -37.8427 -0.604189 6.87184e-291 -8.63104e-291 0.796841 3.347 2.1 6 0.048 3 13 48
123.954 2 5.69334 1.57877 -37.8427 -0.604189 6.87184e-291 -8.63104e-291 0.796841 3.347 2.1 6 0.048 3 13 48
123.97 2 5.69334 1.57877 -37.8427 -0.604189 6.87184e-291 -8.63104e-291 0.796841 3.347 2.1 6 0.048 3 13 48
123.987 2 5.69334 1.57877 -37.8427 -0.604189 6.87184e-291 -8.63104e-291 0.796841 3.347 2.1 6 0.048 3 13 48
124.004 2 5.69334 1.57877 -37.8427 -0.604189 6.87184e-291 -8.63104e-291 0.796841 3.347 2.1 6 0.048 3 13 48
124.02 2 5.69334 1.57877 -37.8427 -0.604189 6.87184e-291 -8.63104e-291 0.796841 3.347 2.1 6 0.048 3 13 48
124.037 2 5.69334 1.57877 -37.8427 -0.604189 6.87184e-291 -8.63104e-291 0.796841 3.347 2.1 6 0.048 3 13 48
124.054 2 5.69334 1.57877 -37.8427 -0.604189 6.87184e-291 -8.63104e-291 0.796841 3.347 2.1 6 0.048 3 13 48
124.07 2 5.69334 1.57877 -37.8427 -0.604189 6.87184e-291 -8.63104e-291 0.796841 3.347 2.1 6 0.048 3 13 48
124.087 2 5.69334 1.57877 -37.8427 -0.604189 6.87184e-291 -8.63104e-291 0.796841 3.347 2.1 6 0.048 3 13 48
124.104 2 5.69334 1.57877 -37.8427 -0.604189 6.87184e-291 -8.63104e-291 0.796841 3.347 2.1 6 0.048 3 13 48
124.12 2 5.69334 1.57877 -37.8427 -0.604189 6.87184e-291 -8.63104e-291 0.796841 3.347 2.1 6 0.048 3 13 48
124.137 2 5.69334 1.57877 -37.8427 -0.604189 6.87184e-291 -8.63104e-291 0.796841 3.347 2.1 6 0.048 3 13 48
124.154 2 5.69334 1.57877 -37.8427 -0.604189 6.87184e-291 -8.63104e-291 0.796841 3.347 2.1 6 0.048 3 13 48
124.17 2 5.69334 1.57877 -37.8427 -0.604189 6.87184e-291 -8.63104e-291 0.796841 3.347 2.1 6 0.048 3 13 48
124.187 2 5.69334 1.57877 -37.8427 -0.604189 6.87184e-291 -8.63104e-291 0.796841 3.347 2.1 6 0.048 3 13 48
124.204 2 5.69334 1.57877 -37.8427 -0.604189 6.87184e-291 -8.63104e-291 0.796841 3.347 2.1 6 0.048 3 13 48
124.22 2 5.69334 1.57877 -37.8427 -0.604189 6.87184e-291 -8.63104e-291 0.796841 3.347 2.1 6 0.048 3 13 48
124.237 2 5.69334 1.57877 -37.8427 -0.604189 6.87184e-291 -8.63104e-291 0.796841 3.347 2.1 6 0.048 3 13 48
124.254 2 5.69334 1.57877 -37.8427 -0.604189 6.87184e-291 -8.63104e-291 0.796841 3.347 2.1 6 0.048 3 13 48
124.27 2 5.69334 1.57877 -37.8427 -0.604189 6.87184e-291 -8.63104e-291 0.796841 3.347 2.1 6 0.048 3 13 48
124.287 2 5.69334 1.57877 -37.8427 -0.604189 6.87184e-291 -8.63104e-291 0.796841 3.347 2.1 6 0.048 3 13 48
124.304 2 5.69334 1.57877 -37.8427 -0.604189 6.87184e-291 -8.63104e-291 0.796841 3.347 2.1 6 0.048 3 13 48
124.32 2 5.69334 1.57877 -37.8427 -0.604189 6.87184e-291 -8.63104e-291 0.796841 3.347 2.1 6 0.048 3 13 48
124.337 2 5.69334 1.57877 -37.8427 -0.604189 6.87184e-291 -8.63104e-291 0.796841 3.347 2.1 6 0.048 3 13 48
124.354 2 5.69334 1.57877 -37.8427 -0.604189 6.87184e-291 -8.63104e-291 0.796841 3.347 2.1 6 0.048 3 13 48
124.37 2 5.69334 1.57877 -37.8427 -0.604189 6.87184e-291 -8.63104e-291 0.796841 3.347 2.1 6 0.048 3 13 48
124.387 2 5.69334 1.57877 -37.8427 -0.604189 6.87184e-291 -8.63104e-291 0.796841 3.347 2.1 6 0.048 3 13 48
124.404 2 5.69334 1.57877 -37.8427 -0.604189 6.87184e-291 -8.63104e-291 0.796841 3.347 2.1 6 0.048 3 13 48
124.42 2 5.69334 1.57877 -37.8427 -0.604189 6.87184e-291 -8.63104e-291 0.796841 3.347 2.1 6 0.048 3 13 48
124.437 2 5.69334 1.57877 -37.8427 -0.604189 6.87184e-291 -8.63104e-291 0.796841 3.347 2.1 6 0.048 3 13 48
124.454 2 5.69334 1.57877 -37.8427 -0.604189 6.87184e-291 -8.63104e-291 0.796841 3.347 2.1 6 0.048 3 13 48
124.47 2 5.69334 1.57877 -37.8427 -0.604189 6.87184e-291 -8.63104e-291 0.796841 3.347 2.1 6 0.048 3 13 48
124.487 2 5.69334 1.57877 -37.8427 -0.604189 6.87184e-291 -8.63104e-291 0.796841 3.347 2.1 6 0.048 3 13 48
124.504 2 5.69334 1.57877 -37.8427 -0.604189 6.87184e-291 -8.63104e-291 0.796841 3.347 2.1 6 0.048 3 13 48
124.52 2 5.69334 1.57877 -37.8427 -0.604189 6.87184e-291 -8.63104e-291 0.796841 3.347 2.1 6 0.048 3 13 48
124.537 2 5.69334 1.57877 -37.8427 -0.604189 6.87184e-291 -8.63104e-291 0.796841 3.347 2.1 6 0.048 3 13 48
124.554 2 5.69334 1.57877 -37.8427 -0.604189 6.87184e-291 -8.63104e-291 0.796841 3.347 2.1 6 0.048 3 13 48
124.57 2 5.69334 1.57877 -37.8427 -0.604189 6.87184e-291 -8.63104e-291 0.796841 3.347 2.1 6 0.048 3 13 48
124.587 2 5.69334 1.57877 -37.8427 -0.604189 6.87184e-291 -8.63104e-291 0.796841 3.347 2.1 6 0.048 3 13 48
124.604 2 5.69334 1.57877 -37.8427 -0.604189 6.87184e-291 -8.63104e-291 0.796841 3.347 2.1 6 0.048 3 13 48
124.62 2 5.69334 1.57877 -37.8427 -0.604189 6.87184e-291 -8.63104e-291 0.796841 3.347 2.1 6 0.048 3 13 48
124.637 2 5.69334 1.57877 -37.8427 -0.604189 6.87184e-291 -8.63104e-291 0.796841 3.347 2.1 6 0.048 3 13 48
124.654 2 5.69334 1.57877 -37.8427 -0.604189 6.87184e-291 -8.63104e-291 0.796841 3.347 2.1 6 0.048 3 13 48
124.67 2 5.69334 1.57877 -37.8427 -0.604189 6.87184e-291 -8.63104e-291 0.796841 3.347 2.1 6 0.048 3 13 48
124.687 2 5.69334 1.57877 -37.8427 -0.604189 6.87184e-291 -8.63104e-291 0.796841 3.347 2.1 6 0.048 3 13 48
124.704 2 5.69334 1.57877 -37.8427 -0.604189 6.87184e-291 -8.63104e-291 0.796841 3.347 2.1 6 0.048 3 13 48
124.72 2 5.69334 1.57877 -37.8427 -0.604189 6.87184e-291 -8.63104e-291 0.796841 3.347 2.1 6 0.048 3 13 48
124.737 2 5.69334 1.57877 -37.8427 -0.604189 6.87184e-291 -8.63104e-291 0.796841 3.347 2.1 6 0.048 3 13 48
124.754 2 5.69334 1.57877 -37.8427 -0.604189 6.87184e-291 -8.63104e-291 0.796841 3.347 2.1 6 0.048 3 13 48
124.77 2 5.69334 1.57877 -37.8427 -0.604189 6.87184e-291 -8.63104e-291 0.796841 3.347 2.1 6 0.048 3 13 48
124.787 2 5.69334 1.57877 -37.8427 -0.604189 6.87184e-291 -8.63104e-291 0.796841 3.347 2.1 6 0.048 3 13 48
124.804 2 5.69334 1.57877 -37.8427 -0.604189 6.87184e-291 -8.63104e-291 0.796841 3.347 2.1 6 0.048 3 13 48
124.82 2 5.69334 1.57877 -37.8427 -0.604189 6.87184e-291 -8.63104e-291 0.796841 3.347 2.1 6 0.048 3 13 48
124.837 2 5.69334 1.57877 -37.8427 -0.604189 6.87184e-291 -8.63104e-291 0.796841 3.347 2.1 6 0.048 3 13 48
124.854 2 5.69334 1.57877 -37.8427 -0.604189 6.87184e-291 -8.63104e-291 0.796841 3.347 2.1 6 0.048 3 13 48
124.87 2 5.69334 1.57877 -37.8427 -0.604189 6.87184e-291 -8.63104e-291 0.796841 3.347 2.1 6 0.048 3 13 48
124.887 2 5.69334 1.57877 -37.8427 -0.604189 6.87184e-291 -8.63104e-291 0.796841 3.347 2.1 6 0.048 3 13 48
124.904 2 5.69334 1.57877 -37.8427 -0.604189 6.87184e-291 -8.63104e-291 0.796841 3.347 2.1 6 0.048 3 13 48
124.92 2 5.69334 1.57877 -37.8427 -0.604189 6.87184e-291 -8.63104e-291 0.796841 3.347 2.1 6 0.048 3 13 48
124.937 2 5.69334 1.57877 -37.8427 -0.604189 6.87184e-291 -8.63104e-291 0.796841 3.347 2.1 6 0.048 3 13 48
124.954 2 5.69334 1.57877 -37.8427 -0.604189 6.87184e-291 -8.63104e-291 0.796841 3.347 2.1 6 0.048 3 13 48
124.97 2 5.69334 1.57877 -37.8427 -0.604189 6.87184e-291 -8.63104e-291 0.796841 3.347 2.1 6 0.048 3 13 48
124.987 2 5.69334 1.57877 -37.8427 -0.604189 6.87184e-291 -8.63104e-291 0.796841 3.347 2.1 6 0.048 3 13 48
125.004 2 5.69334 1.57877 -37.8427 -0.604189 6.87184e-291 -8.63104e-291 0.796841 3.347 2.1 6 0.048 3 13 48
125.02 2 5.69334 1.57877 -37.8427 -0.604189 6.87184e-291 -8.63104e-291 0.796841 3.347 2.1 6 0.048 3 13 48
125.037 2 5.69334 1.57877 -37.8427 -0.604189 6.87184e-291 -8.63104e-291 0.796841 3.347 2.1 6 0.048 3 13 48
125.054 2 5.69334 1.57877 -37.8427 -0.604189 6.87184e-291 -8.63104e-291 0.796841 3.347 2.1 6 0.048 3 13 48
125.07 2 5.69334 1.57877 -37.8427 -0.604189 6.87184e-291 -8.63104e-291 0.796841 3.347 2.1 6 0.048 3 13 48
125.087 2 5.69334 1.57877 -37.8427 -0.604189 6.87184e-291 -8.63104e-291 0.796841 3.347 2.1 6 0.048 3 13 48
125.104 2 5.69334 1.57877 -37.8427 -0.604189 6.87184e-291 -8.63104e-291 0.796841 3.347 2.1 6 0.048 3 13 48
125.12 2 5.69334 1.57877 -37.8427 -0.604189 6.87184e-291 -8.63104e-291 0.796841 3.347 2.1 6 0.048 3 13 48
125.137 2 5.69334 1.57877 -37.8427 -0.604189 6.87184e-291 -8.63104e-291 0.796841 3.347 2.1 6 0.048 3 13 48
125.154 2 5.69334 1.57877 -37.8427 -0.604189 6.87184e-291 -8.63104e-291 0.796841 3.347 2.1 6 0.048 3 13 48
125.17 2 5.69334 1.57877 -37.8427 -0.604189 6.87184e-291 -8.63104e-291 0.796841 3.347 2.1 6 0.048 3 13 48
125.187 2 5.69334 1.57877 -37.8427 -0.604189 6.87184e-291 -8.63104e-291 0.796841 3.347 2.1 6 0.048 3 13 48
125.204 2 5.69334 1.57877 -37.8427 -0.604189 6.87184e-291 -8.63104e-291 0.796841 3.347 2.1 6 0.048 3 13 48
125.22 2 5.69334 1.57877 -37.8427 -0.604189 6.87184e-291 -8.63104e-291 0.796841 3.347 2.1 6 0.048 3 13 48
125.237 2 5.69334 1.57877 -37.8427 -0.604189 6.87184e-291 -8.63104e-291 0.796841 3.347 2.1 6 0.048 3 13 48
125.254 2 5.69334 1.57877 -37.8427 -0.604189 6.87184e-291 -8.63104e-291 0.796841 3.347 2.1 6 0.048 3 13 48
125.27 2 5.69334 1.57877 -37.8427 -0.604189 6.87184e-291 -8.63104e-291 0.796841 3.347 2.1 6 0.048 3 13 48
125.287 2 5.69334 1.57877 -37.8427 -0.604189 6.87184e-291 -8.63104e-291 0.796841 3.347 2.1 6 0.048 3 13 48
125.304 2 5.69334 1.57877 -37.8427 -0.604189 6.87184e-291 -8.63104e-291 0.796841 3.347 2.1 6 0.048 3 13 48
125.32 2 5.69334 1.57877 -37.8427 -0.604189 6.87184e-291 -8.63104e-291 0.796841 3.347 2.1 6 0.048 3 13 48
125.337 2 5.69334 1.57877 -37.8427 -0.604189 6.87184e-291 -8.63104e-291 0.796841 3.347 2.1 6 0.048 3 13 48
125.354 2 5.69334 1.57877 -37.8427 -0.604189 6.87184e-291 -8.63104e-291 0.796841 3.347 2.1 6 0.048 3 13 48
125.37 2 5.69334 1.57877 -37.8427 -0.604189 6.87184e-291 -8.63104e-291 0.796841 3.347 2.1 6 0.048 3 13 48
125.387 2 5.69334 1.57877 -37.8427 -0.604189 6.87184e-291 -8.63104e-291 0.796841 3.347 2.1 6 0.048 3 13 48
125.404 2 5.69334 1.57877 -37.8427 -0.604189 6.87184e-291 -8.63104e-291 0.796841 3.347 2.1 6 0.048 3 13 48
125.42 2 5.69334 1.57877 -37.8427 -0.604189 6.87184e-291 -8.63104e-291 0.796841 3.347 2.1 6 0.048 3 13 48
125.437 2 5.69334 1.57877 -37.8427 -0.604189 6.87184e-291 -8.63104e-291 0.796841 3.347 2.1 6 0.048 3 13 48
125.454 2 5.69334 1.57877 -37.8427 -0.604189 6.87184e-291 -8.63104e-291 0.796841 3.347 2.1 6 0.048 3 13 48
125.47 2 5.69334 1.57877 -37.8427 -0.604189 6.87184e-291 -8.63104e-291 0.796841 3.347 2.1 6 0.048 3 13 48
125.487 3 -21.6952 5.58952 -218.689 -0.707998 0.622268 -0.225784 -0.246056 3.347 2.1 6 0.048 3 13 48
125.504 3 -21.6952 5.58952 -218.689 -0.707998 0.622268 -0.225784 -0.246056 3.347 2.1 6 0.048 3 13 48
125.52 3 -21.6952 5.58952 -218.689 -0.707998 0.622268 -0.225784 -0.246056 3.347 2.1 6 0.048 3 13 48
125.537 3 -21.6952 5.58952 -218.689 -0.707998 0.622268 -0.225784 -0.246056 3.347 2.1 6 0.048 3 13 48
125.554 3 -21.6952 5.58952 -218.689 -0.707998 0.622268 -0.225784 -0.246056 3.347 2.1 6 0.048 3 13 48
125.57 3 -21.6952 5.58952 -218.689 -0.707998 0.622268 -0.225784 -0.246056 3.347 2.1 6 0.048 3 13 48
125.587 3 -21.6952 5.58952 -218.689 -0.707998 0.622268 -0.225784 -0.246056 3.347 2.1 6 0.048 3 13 48
125.604 3 -21.6952 5.58952 -218.689 -0.707998 0.622268 -0.225784 -0.246056 3.347 2.1 6 0.048 3 13 48
125.62 3 -21.6952 5.58952 -218.689 -0.707998 0.622268 -0.225784 -0.246056 3.347 2.1 6 0.048 3 13 48
125.637 3 -21.6952 5.58952 -218.689 -0.707998 0.622268 -0.225784 -0.246056 3.347 2.1 6 0.048 3 13 48
125.654 3 -21.6952 5.58952 -218.689 -0.707998 0.622268 -0.225784 -0.246056 3.347 2.1 6 0.048 3 13 48
125.67 3 -21.6952 5.58952 -218.689 -0.707998 0.622268 -0.225784 -0.246056 3.347 2.1 6 0.048 3 13 48
125.687 3 -21.6952 5.58952 -218.689 -0.707998 0.622268 -0.225784 -0.246056 3.347 2.1 6 0.048 3 13 48
125.704 3 -21.6952 5.58952 -218.689 -0.707998 0.622268 -0.225784 -0.246056 3.347 2.1 6 0.048 3 13 48
125.72 3 -21.6952 5.58952 -218.689 -0.707998 0.622268 -0.225784 -0.246056 3.347 2.1 6 0.048 3 13 48
125.737 3 -21.6952 5.58952 -218.689 -0.707998 0.622268 -0.225784 -0.246056 3.347 2.1 6 0.048 3 13 48
125.754 3 -21.6952 5.58952 -218.689 -0.707998 0.622268 -0.225784 -0.246056 3.347 2.1 6 0.048 3 13 48
125.77 3 -21.6952 5.58952 -218.689 -0.707998 0.622268 -0.225784 -0.246056 3.347 2.1 6 0.048 3 13 48
125.787 3 -21.6952 5.58952 -218.689 -0.707998 0.622268 -0.225784 -0.246056 3.347 2.1 6 0.048 3 13 48
125.804 3 -21.6952 5.58952 -218.689 -0.707998 0.622268 -0.225784 -0.246056 3.347 2.1 6 0.048 3 13 48
125.82 3 -21.6952 5.58952 -218.689 -0.707998 0.622268 -0.225784 -0.246056 3.347 2.1 6 0.048 3 13 48
125.837 3 -21.6952 5.58952 -218.689 -0.707998 0.622268 -0.225784 -0.246056 3.347 2.1 6 0.048 3 13 48
125.854 3 -21.6952 5.58952 -218.689 -0.707998 0.622268 -0.225784 -0.246056 3.347 2.1 6 0.048 3 13 48
125.87 3 -21.6952 5.58952 -218.689 -0.707998 0.622268 -0.225784 -0.246056 3.347 2.1 6 0.048 3 13 48
125.887 3 -21.6952 5.58952 -218.689 -0.707998 0.622268 -0.225784 -0.246056 3.347 2.1 6 0.048 3 13 48
125.905 3 -21.6952 5.58952 -218.689 -0.707998 0.622268 -0.225784 -0.246056 3.347 2.1 6 0.048 3 13 48
125.921 3 -21.6952 5.58952 -218.689 -0.707998 0.622268 -0.225784 -0.246056 3.347 2.1 6 0.048 3 13 48
125.948 3 -21.6952 5.58952 -218.689 -0.707998 0.622268 -0.225784 -0.246056 3.347 2.1 6 0.048 3 13 48
125.97 3 -21.6952 5.58952 -218.689 -0.707998 0.622268 -0.225784 -0.246056 3.347 2.1 6 0.048 3 13 48
125.987 3 -21.6952 5.58952 -218.689 -0.707998 0.622268 -0.225784 -0.246056 3.347 2.1 6 0.048 3 13 48
126.014 3 -21.6952 5.58952 -218.689 -0.707998 0.622268 -0.225784 -0.246056 3.347 2.1 6 0.048 3 13 48
126.03 3 -21.6952 5.58952 -218.689 -0.707998 0.622268 -0.225784 -0.246056 3.347 2.1 6 0.048 3 13 48
126.057 3 -21.6952 5.58952 -218.689 -0.707998 0.622268 -0.225784 -0.246056 3.347 2.1 6 0.048 3 13 48
126.074 3 -21.6952 5.58952 -218.689 -0.707998 0.622268 -0.225784 -0.246056 3.347 2.1 6 0.048 3 13 48
126.101 3 -21.6952 5.58952 -218.689 -0.707998 0.622268 -0.225784 -0.246056 3.347 2.1 6 0.048 3 13 48
126.123 3 -21.6952 5.58952 -218.689 -0.707998 0.622268 -0.225784 -0.246056 3.347 2.1 6 0.048 3 13 48
126.14 3 -21.6952 5.58952 -218.689 -0.707998 0.622268 -0.225784 -0.246056 3.347 2.1 6 0.048 3 13 48
126.167 3 -21.6952 5.58952 -218.689 -0.707998 0.622268 -0.225784 -0.246056 3.347 2.1 6 0.048 3 13 48
126.189 3 -21.6952 5.58952 -218.689 -0.707998 0.622268 -0.225784 -0.246056 3.347 2.1 6 0.048 3 13 48
126.206 3 -21.6952 5.58952 -218.689 -0.707998 0.622268 -0.225784 -0.246056 3.347 2.1 6 0.048 3 13 48
126.232 3 -21.6952 5.58952 -218.689 -0.707998 0.622268 -0.225784 -0.246056 3.347 2.1 6 0.048 3 13 48
126.249 3 -21.6952 5.58952 -218.689 -0.707998 0.622268 -0.225784 -0.246056 3.347 2.1 6 0.048 3 13 48
126.276 3 -21.6952 5.58952 -218.689 -0.707998 0.622268 -0.225784 -0.246056 3.347 2.1 6 0.048 3 13 48
126.293 3 -21.6952 5.58952 -218.689 -0.707998 0.622268 -0.225784 -0.246056 3.347 2.1 6 0.048 3 13 48
126.32 3 -21.6952 5.58952 -218.689 -0.707998 0.622268 -0.225784 -0.246056 3.347 2.1 6 0.048 3 13 48
126.342 3 -21.6952 5.58952 -218.689 -0.707998 0.622268 -0.225784 -0.246056 3.347 2.1 6 0.048 3 13 48
126.359 3 -21.6952 5.58952 -218.689 -0.707998 0.622268 -0.225784 -0.246056 3.347 2.1 6 0.048 3 13 48
126.385 3 -21.6952 5.58952 -218.689 -0.707998 0.622268 -0.225784 -0.246056 3.347 2.1 6 0.048 3 13 48
126.402 3 -21.6952 5.58952 -218.689 -0.707998 0.622268 -0.225784 -0.246056 3.347 2.1 6 0.048 3 13 48
126.429 3 -21.6952 5.58952 -218.689 -0.707998 0.622268 -0.225784 -0.246056 3.347 2.1 6 0.048 3 13 48
126.446 3 -21.6952 5.58952 -218.689 -0.707998 0.622268 -0.225784 -0.246056 3.347 2.1 6 0.048 3 13 48
126.472 3 -21.6952 5.58952 -218.689 -0.707998 0.622268 -0.225784 -0.246056 3.347 2.1 6 0.048 3 13 48
126.489 3 -21.6952 5.58952 -218.689 -0.707998 0.622268 -0.225784 -0.246056 3.347 2.1 6 0.048 3 13 48
126.516 3 -21.6952 5.58952 -218.689 -0.707998 0.622268 -0.225784 -0.246056 3.347 2.1 6 0.048 3 13 48
126.538 3 -21.6952 5.58952 -218.689 -0.707998 0.622268 -0.225784 -0.246056 3.347 2.1 6 0.048 3 13 48
126.554 3 -21.6952 5.58952 -218.689 -0.707998 0.622268 -0.225784 -0.246056 3.347 2.1 6 0.048 3 13 48
126.581 3 -21.6952 5.58952 -218.689 -0.707998 0.622268 -0.225784 -0.246056 3.347 2.1 6 0.048 3 13 48
126.598 3 -21.6952 5.58952 -218.689 -0.707998 0.622268 -0.225784 -0.246056 3.347 2.1 6 0.048 3 13 48
126.625 3 -21.6952 5.58952 -218.689 -0.707998 0.622268 -0.225784 -0.246056 3.347 2.1 6 0.048 3 13 48
126.641 3 -21.6952 5.58952 -218.689 -0.707998 0.622268 -0.225784 -0.246056 3.347 2.1 6 0.048 3 13 48
126.668 3 -21.6952 5.58952 -218.689 -0.707998 0.622268 -0.225784 -0.246056 3.347 2.1 6 0.048 3 13 48
126.69 3 -21.6952 5.58952 -218.689 -0.707998 0.622268 -0.225784 -0.246056 3.347 2.1 6 0.048 3 13 48
126.707 3 -21.6952 5.58952 -218.689 -0.707998 0.622268 -0.225784 -0.246056 3.347 2.1 6 0.048 3 13 48
126.734 3 -21.6952 5.58952 -218.689 -0.707998 0.622268 -0.225784 -0.246056 3.347 2.1 6 0.048 3 13 48
126.751 3 -21.6952 5.58952 -218.689 -0.707998 0.622268 -0.225784 -0.246056 3.347 2.1 6 0.048 3 13 48
126.777 3 -21.6952 5.58952 -218.689 -0.707998 0.622268 -0.225784 -0.246056 3.347 2.1 6 0.048 3 13 48
126.794 3 -21.6952 5.58952 -218.689 -0.707998 0.622268 -0.225784 -0.246056 3.347 2.1 6 0.048 3 13 48
126.821 3 -21.6952 5.58952 -218.689 -0.707998 0.622268 -0.225784 -0.246056 3.347 2.1 6 0.048 3 13 48
126.843 3 -21.6952 5.58952 -218.689 -0.707998 0.622268 -0.225784 -0.246056 3.347 2.1 6 0.048 3 13 48
126.865 3 -21.6952 5.58952 -218.689 -0.707998 0.622268 -0.225784 -0.246056 3.347 2.1 6 0.048 3 13 48
126.881 3 -21.6952 5.58952 -218.689 -0.707998 0.622268 -0.225784 -0.246056 3.347 2.1 6 0.048 3 13 48
126.908 3 -21.6952 5.58952 -218.689 -0.707998 0.622268 -0.225784 -0.246056 3.347 2.1 6 0.048 3 13 48
126.925 3 -21.6952 5.58952 -218.689 -0.707998 0.622268 -0.225784 -0.246056 3.347 2.1 6 0.048 3 13 48
126.951 3 -21.6952 5.58952 -218.689 -0.707998 0.622268 -0.225784 -0.246056 3.347 2.1 6 0.048 3 13 48
126.973 3 -21.6952 5.58952 -218.689 -0.707998 0.622268 -0.225784 -0.246056 3.347 2.1 6 0.048 3 13 48
126.995 3 -21.6952 5.58952 -218.689 -0.707998 0.622268 -0.225784 -0.246056 3.347 2.1 6 0.048 3 13 48
127.017 3 -21.6952 5.58952 -218.689 -0.707998 0.622268 -0.225784 -0.246056 3.347 2.1 6 0.048 3 13 48
127.034 3 -21.6952 5.58952 -218.689 -0.707998 0.622268 -0.225784 -0.246056 3.347 2.1 6 0.048 3 13 48
127.061 3 -21.6952 5.58952 -218.689 -0.707998 0.622268 -0.225784 -0.246056 3.347 2.1 6 0.048 3 13 48
127.078 3 -21.6952 5.58952 -218.689 -0.707998 0.622268 -0.225784 -0.246056 3.347 2.1 6 0.048 3 13 48
127.104 3 -21.6952 5.58952 -218.689 -0.707998 0.622268 -0.225784 -0.246056 3.347 2.1 6 0.048 3 13 48
127.126 3 -21.6952 5.58952 -218.689 -0.707998 0.622268 -0.225784 -0.246056 3.347 2.1 6 0.048 3 13 48
127.148 3 -21.6952 5.58952 -218.689 -0.707998 0.622268 -0.225784 -0.246056 3.347 2.1 6 0.048 3 13 48
127.165 3 -21.6952 5.58952 -218.689 -0.707998 0.622268 -0.225784 -0.246056 3.347 2.1 6 0.048 3 13 48
127.192 3 -21.6952 5.58952 -218.689 -0.707998 0.622268 -0.225784 -0.246056 3.347 2.1 6 0.048 3 13 48
127.214 3 -21.6952 5.58952 -218.689 -0.707998 0.622268 -0.225784 -0.246056 3.347 2.1 6 0.048 3 13 48
127.23 3 -21.6952 5.58952 -218.689 -0.707998 0.622268 -0.225784 -0.246056 3.347 2.1 6 0.048 3 13 48
127.257 3 -21.6952 5.58952 -218.689 -0.707998 0.622268 -0.225784 -0.246056 3.347 2.1 6 0.048 3 13 48
127.274 3 -21.6952 5.58952 -218.689 -0.707998 0.622268 -0.225784 -0.246056 3.347 2.1 6 0.048 3 13 48
127.3 3 -21.6952 5.58952 -218.689 -0.707998 0.622268 -0.225784 -0.246056 3.347 2.1 6 0.048 3 13 48
127.322 3 -21.6952 5.58952 -218.689 -0.707998 0.622268 -0.225784 -0.246056 3.347 2.1 6 0.048 3 13 48
127.344 3 -21.6952 5.58952 -218.689 -0.707998 0.622268 -0.225784 -0.246056 3.347 2.1 6 0.048 3 13 48
127.366 3 -21.6952 5.58952 -218.689 -0.707998 0.622268 -0.225784 -0.246056 3.347 2.1 6 0.048 3 13 48
127.383 3 -21.6952 5.58952 -218.689 -0.707998 0.622268 -0.225784 -0.246056 3.347 2.1 6 0.048 3 13 48
127.41 3 -21.6952 5.58952 -218.689 -0.707998 0.622268 -0.225784 -0.246056 3.347 2.1 6 0.048 3 13 48
127.427 3 -21.6952 5.58952 -218.689 -0.707998 0.622268 -0.225784 -0.246056 3.347 2.1 6 0.048 3 13 48
127.455 3 -21.6952 5.58952 -218.689 -0.707998 0.622268 -0.225784 -0.246056 3.347 2.1 6 0.048 3 13 48
127.478 3 -21.6952 5.58952 -218.689 -0.707998 0.622268 -0.225784 -0.246056 3.347 2.1 6 0.048 3 13 48
127.502 3 -21.6952 5.58952 -218.689 -0.707998 0.622268 -0.225784 -0.246056 3.347 2.1 6 0.048 3 13 48
127.525 3 -21.6952 5.58952 -218.689 -0.707998 0.622268 -0.225784 -0.246056 3.347 2.1 6 0.048 3 13 48
127.542 3 -21.6952 5.58952 -218.689 -0.707998 0.622268 -0.225784 -0.246056 3.347 2.1 6 0.048 3 13 48
127.571 3 -21.6952 5.58952 -218.689 -0.707998 0.622268 -0.225784 -0.246056 3.347 2.1 6 0.048 3 13 48
127.587 3 -21.6952 5.58952 -218.689 -0.707998 0.622268 -0.225784 -0.246056 3.347 2.1 6 0.048 3 13 48
127.616 3 -21.6952 5.58952 -218.689 -0.707998 0.622268 -0.225784 -0.246056 3.347 2.1 6 0.048 3 13 48
127.639 3 -21.6952 5.58952 -218.689 -0.707998 0.622268 -0.225784 -0.246056 3.347 2.1 6 0.048 3 13 48
127.663 3 -21.6952 5.58952 -218.689 -0.707998 0.622268 -0.225784 -0.246056 3.347 2.1 6 0.048 3 13 48
127.686 3 -21.6952 5.58952 -218.689 -0.707998 0.622268 -0.225784 -0.246056 3.347 2.1 6 0.048 3 13 48
127.703 3 -21.6952 5.58952 -218.689 -0.707998 0.622268 -0.225784 -0.246056 3.347 2.1 6 0.048 3 13 48
127.732 3 -21.6952 5.58952 -218.689 -0.707998 0.622268 -0.225784 -0.246056 3.347 2.1 6 0.048 3 13 48
127.748 3 -21.6952 5.58952 -218.689 -0.707998 0.622268 -0.225784 -0.246056 3.347 2.1 6 0.048 3 13 48
127.777 3 -21.6952 5.58952 -218.689 -0.707998 0.622268 -0.225784 -0.246056 3.347 2.1 6 0.048 3 13 48
127.8 3 -21.6952 5.58952 -218.689 -0.707998 0.622268 -0.225784 -0.246056 3.347 2.1 6 0.048 3 13 48
127.824 3 -21.6952 5.58952 -218.689 -0.707998 0.622268 -0.225784 -0.246056 3.347 2.1 6 0.048 3 13 48
127.847 3 -21.6952 5.58952 -218.689 -0.707998 0.622268 -0.225784 -0.246056 3.347 2.1 6 0.048 3 13 48
127.864 3 -21.6952 5.58952 -218.689 -0.707998 0.622268 -0.225784 -0.246056 3.347 2.1 6 0.048 3 13 48
127.893 3 -21.6952 5.58952 -218.689 -0.707998 0.622268 -0.225784 -0.246056 3.347 2.1 6 0.048 3 13 48
127.91 3 -21.6952 5.58952 -218.689 -0.707998 0.622268 -0.225784 -0.246056 3.347 2.1 6 0.048 3 13 48
127.939 3 -21.6952 5.58952 -218.689 -0.707998 0.622268 -0.225784 -0.246056 3.347 2.1 6 0.048 3 13 48
127.962 3 -21.6952 5.58952 -218.689 -0.707998 0.622268 -0.225784 -0.246056 3.347 2.1 6 0.048 3 13 48
127.985 3 -21.6952 5.58952 -218.689 -0.707998 0.622268 -0.225784 -0.246056 3.347 2.1 6 0.048 3 13 48
128.009 3 -21.6952 5.58952 -218.689 -0.707998 0.622268 -0.225784 -0.246056 3.347 2.1 6 0.048 3 13 48
128.025 3 -21.6952 5.58952 -218.689 -0.707998 0.622268 -0.225784 -0.246056 3.347 2.1 6 0.048 3 13 48
128.055 3 -21.6952 5.58952 -218.689 -0.707998 0.622268 -0.225784 -0.246056 3.347 2.1 6 0.048 3 13 48
128.071 3 -21.6952 5.58952 -218.689 -0.707998 0.622268 -0.225784 -0.246056 3.347 2.1 6 0.048 3 13 48
128.1 3 -21.6952 5.58952 -218.689 -0.707998 0.622268 -0.225784 -0.246056 3.347 2.1 6 0.048 3 13 48
128.123 3 -21.6952 5.58952 -218.689 -0.707998 0.622268 -0.225784 -0.246056 3.347 2.1 6 0.048 3 13 48
128.14 3 -21.6952 5.58952 -218.689 -0.707998 0.622268 -0.225784 -0.246056 3.347 2.1 6 0.048 3 13 48
128.169 3 -21.6952 5.58952 -218.689 -0.707998 0.622268 -0.225784 -0.246056 3.347 2.1 6 0.048 3 13 48
128.193 3 -21.6952 5.58952 -218.689 -0.707998 0.622268 -0.225784 -0.246056 3.347 2.1 6 0.048 3 13 48
128.209 3 -21.6952 5.58952 -218.689 -0.707998 0.622268 -0.225784 -0.246056 3.347 2.1 6 0.048 3 13 48
128.239 3 -21.6952 5.58952 -218.689 -0.707998 0.622268 -0.225784 -0.246056 3.347 2.1 6 0.048 3 13 48
128.255 3 -21.6952 5.58952 -218.689 -0.707998 0.622268 -0.225784 -0.246056 3.347 2.1 6 0.048 3 13 48
128.284 3 -21.6952 5.58952 -218.689 -0.707998 0.622268 -0.225784 -0.246056 3.347 2.1 6 0.048 3 13 48
128.307 3 -21.6952 5.58952 -218.689 -0.707998 0.622268 -0.225784 -0.246056 3.347 2.1 6 0.048 3 13 48
128.331 3 -21.6952 5.58952 -218.689 -0.707998 0.622268 -0.225784 -0.246056 3.347 2.1 6 0.048 3 13 48
128.354 3 -21.6952 5.58952 -218.689 -0.707998 0.622268 -0.225784 -0.246056 3.347 2.1 6 0.048 3 13 48
128.37 3 -21.6952 5.58952 -218.689 -0.707998 0.622268 -0.225784 -0.246056 3.347 2.1 6 0.048 3 13 48
128.399 3 -21.6952 5.58952 -218.689 -0.707998 0.622268 -0.225784 -0.246056 3.347 2.1 6 0.048 3 13 48
128.416 3 -21.6952 5.58952 -218.689 -0.707998 0.622268 -0.225784 -0.246056 3.347 2.1 6 0.048 3 13 48
128.445 3 -21.6952 5.58952 -218.689 -0.707998 0.622268 -0.225784 -0.246056 3.347 2.1 6 0.048 3 13 48
128.468 3 -21.6952 5.58952 -218.689 -0.707998 0.622268 -0.225784 -0.246056 3.347 2.1 6 0.048 3 13 48
128.491 3 -21.6952 5.58952 -218.689 -0.707998 0.622268 -0.225784 -0.246056 3.347 2.1 6 0.048 3 13 48
128.515 3 -21.6952 5.58952 -218.689 -0.707998 0.622268 -0.225784 -0.246056 3.347 2.1 6 0.048 3 13 48
128.531 3 -21.6952 5.58952 -218.689 -0.707998 0.622268 -0.225784 -0.246056 3.347 2.1 6 0.048 3 13 48
128.56 3 -21.6952 5.58952 -218.689 -0.707998 0.622268 -0.225784 -0.246056 3.347 2.1 6 0.048 3 13 48
128.577 3 -21.6952 5.58952 -218.689 -0.707998 0.622268 -0.225784 -0.246056 3.347 2.1 6 0.048 3 13 48
128.606 3 -21.6952 5.58952 -218.689 -0.707998 0.622268 -0.225784 -0.246056 3.347 2.1 6 0.048 3 13 48
128.629 3 -21.6952 5.58952 -218.689 -0.707998 0.622268 -0.225784 -0.246056 3.347 2.1 6 0.048 3 13 48
128.652 3 -21.6952 5.58952 -218.689 -0.707998 0.622268 -0.225784 -0.246056 3.347 2.1 6 0.048 3 13 48
128.676 3 -21.6952 5.58952 -218.689 -0.707998 0.622268 -0.225784 -0.246056 3.347 2.1 6 0.048 3 13 48
128.692 3 -21.6952 5.58952 -218.689 -0.707998 0.622268 -0.225784 -0.246056 3.347 2.1 6 0.048 3 13 48
128.721 3 -21.6952 5.58952 -218.689 -0.707998 0.622268 -0.225784 -0.246056 3.347 2.1 6 0.048 3 13 48
128.738 3 -21.6952 5.58952 -218.689 -0.707998 0.622268 -0.225784 -0.246056 3.347 2.1 6 0.048 3 13 48
128.767 3 -21.6952 5.58952 -218.689 -0.707998 0.622268 -0.225784 -0.246056 3.347 2.1 6 0.048 3 13 48
128.79 3 -21.6952 5.58952 -218.689 -0.707998 0.622268 -0.225784 -0.246056 3.347 2.1 6 0.048 3 13 48
128.813 3 -21.6952 5.58952 -218.689 -0.707998 0.622268 -0.225784 -0.246056 3.347 2.1 6 0.048 3 13 48
128.837 3 -21.6952 5.58952 -218.689 -0.707998 0.622268 -0.225784 -0.246056 3.347 2.1 6 0.048 3 13 48
128.853 3 -21.6952 5.58952 -218.689 -0.707998 0.622268 -0.225784 -0.246056 3.347 2.1 6 0.048 3 13 48
128.882 3 -21.6952 5.58952 -218.689 -0.707998 0.622268 -0.225784 -0.246056 3.347 2.1 6 0.048 3 13 48
128.899 3 -21.6952 5.58952 -218.689 -0.707998 0.622268 -0.225784 -0.246056 3.347 2.1 6 0.048 3 13 48
128.928 3 -21.6952 5.58952 -218.689 -0.707998 0.622268 -0.225784 -0.246056 3.347 2.1 6 0.048 3 13 48
128.951 3 -21.6952 5.58952 -218.689 -0.707998 0.622268 -0.225784 -0.246056 3.347 2.1 6 0.048 3 13 48
128.974 3 -21.6952 5.58952 -218.689 -0.707998 0.622268 -0.225784 -0.246056 3.347 2.1 6 0.048 3 13 48
128.997 3 -21.6952 5.58952 -218.689 -0.707998 0.622268 -0.225784 -0.246056 3.347 2.1 6 0.048 3 13 48
129.014 3 -21.6952 5.58952 -218.689 -0.707998 0.622268 -0.225784 -0.246056 3.347 2.1 6 0.048 3 13 48
129.044 3 -21.6952 5.58952 -218.689 -0.707998 0.622268 -0.225784 -0.246056 3.347 2.1 6 0.048 3 13 48
129.06 3 -21.6952 5.58952 -218.689 -0.707998 0.622268 -0.225784 -0.246056 3.347 2.1 6 0.048 3 13 48
129.089 3 -21.6952 5.58952 -218.689 -0.707998 0.622268 -0.225784 -0.246056 3.347 2.1 6 0.048 3 13 48
129.106 3 -21.6952 5.58952 -218.689 -0.707998 0.622268 -0.225784 -0.246056 3.347 2.1 6 0.048 3 13 48
129.135 3 -21.6952 5.58952 -218.689 -0.707998 0.622268 -0.225784 -0.246056 3.347 2.1 6 0.048 3 13 48
129.152 3 -21.6952 5.58952 -218.689 -0.707998 0.622268 -0.225784 -0.246056 3.347 2.1 6 0.048 3 13 48
129.181 3 -21.6952 5.58952 -218.689 -0.707998 0.622268 -0.225784 -0.246056 3.347 2.1 6 0.048 3 13 48
129.205 3 -21.6952 5.58952 -218.689 -0.707998 0.622268 -0.225784 -0.246056 3.347 2.1 6 0.048 3 13 48
129.221 3 -21.6952 5.58952 -218.689 -0.707998 0.622268 -0.225784 -0.246056 3.347 2.1 6 0.048 3 13 48
129.25 3 -21.6952 5.58952 -218.689 -0.707998 0.622268 -0.225784 -0.246056 3.347 2.1 6 0.048 3 13 48
129.267 3 -21.6952 5.58952 -218.689 -0.707998 0.622268 -0.225784 -0.246056 3.347 2.1 6 0.048 3 13 48
129.296 3 -21.6952 5.58952 -218.689 -0.707998 0.622268 -0.225784 -0.246056 3.347 2.1 6 0.048 3 13 48
129.319 3 -21.6952 5.58952 -218.689 -0.707998 0.622268 -0.225784 -0.246056 3.347 2.1 6 0.048 3 13 48
129.343 3 -21.6952 5.58952 -218.689 -0.707998 0.622268 -0.225784 -0.246056 3.347 2.1 6 0.048 3 13 48
129.366 3 -21.6952 5.58952 -218.689 -0.707998 0.622268 -0.225784 -0.246056 3.347 2.1 6 0.048 3 13 48
129.383 3 -21.6952 5.58952 -218.689 -0.707998 0.622268 -0.225784 -0.246056 3.347 2.1 6 0.048 3 13 48
129.412 3 -21.6952 5.58952 -218.689 -0.707998 0.622268 -0.225784 -0.246056 3.347 2.1 6 0.048 3 13 48
129.428 3 -21.6952 5.58952 -218.689 -0.707998 0.622268 -0.225784 -0.246056 3.347 2.1 6 0.048 3 13 48
129.457 3 -21.6952 5.58952 -218.689 -0.707998 0.622268 -0.225784 -0.246056 3.347 2.1 6 0.048 3 13 48
129.48 3 -21.6952 5.58952 -218.689 -0.707998 0.622268 -0.225784 -0.246056 3.347 2.1 6 0.048 3 13 48
129.504 3 -21.6952 5.58952 -218.689 -0.707998 0.622268 -0.225784 -0.246056 3.347 2.1 6 0.048 3 13 48
129.527 3 -21.6952 5.58952 -218.689 -0.707998 0.622268 -0.225784 -0.246056 3.347 2.1 6 0.048 3 13 48
129.544 3 -21.6952 5.58952 -218.689 -0.707998 0.622268 -0.225784 -0.246056 3.347 2.1 6 0.048 3 13 48
129.573 3 -21.6952 5.58952 -218.689 -0.707998 0.622268 -0.225784 -0.246056 3.347 2.1 6 0.048 3 13 48
129.59 3 -21.6952 5.58952 -218.689 -0.707998 0.622268 -0.225784 -0.246056 3.347 2.1 6 0.048 3 13 48
129.619 3 -21.6952 5.58952 -218.689 -0.707998 0.622268 -0.225784 -0.246056 3.347 2.1 6 0.048 3 13 48
129.642 3 -21.6952 5.58952 -218.689 -0.707998 0.622268 -0.225784 -0.246056 3.347 2.1 6 0.048 3 13 48
129.666 3 -21.6952 5.58952 -218.689 -0.707998 0.622268 -0.225784 -0.246056 3.347 2.1 6 0.048 3 13 48
129.689 3 -21.6952 5.58952 -218.689 -0.707998 0.622268 -0.225784 -0.246056 3.347 2.1 6 0.048 3 13 48
129.705 3 -21.6952 5.58952 -218.689 -0.707998 0.622268 -0.225784 -0.246056 3.347 2.1 6 0.048 3 13 48
129.735 3 -21.6952 5.58952 -218.689 -0.707998 0.622268 -0.225784 -0.246056 3.347 2.1 6 0.048 3 13 48
129.751 3 -21.6952 5.58952 -218.689 -0.707998 0.622268 -0.225784 -0.246056 3.347 2.1 6 0.048 3 13 48
129.78 3 -21.6952 5.58952 -218.689 -0.707998 0.622268 -0.225784 -0.246056 3.347 2.1 6 0.048 3 13 48
129.803 3 -21.6952 5.58952 -218.689 -0.707998 0.622268 -0.225784 -0.246056 3.347 2.1 6 0.048 3 13 48
129.827 3 -21.6952 5.58952 -218.689 -0.707998 0.622268 -0.225784 -0.246056 3.347 2.1 6 0.048 3 13 48
129.85 3 -21.6952 5.58952 -218.689 -0.707998 0.622268 -0.225784 -0.246056 3.347 2.1 6 0.048 3 13 48
129.867 3 -21.6952 5.58952 -218.689 -0.707998 0.622268 -0.225784 -0.246056 3.347 2.1 6 0.048 3 13 48
129.896 3 -21.6952 5.58952 -218.689 -0.707998 0.622268 -0.225784 -0.246056 3.347 2.1 6 0.048 3 13 48
129.913 3 -21.6952 5.58952 -218.689 -0.707998 0.622268 -0.225784 -0.246056 3.347 2.1 6 0.048 3 13 48
129.942 3 -21.6952 5.58952 -218.689 -0.707998 0.622268 -0.225784 -0.246056 3.347 2.1 6 0.048 3 13 48
129.964 3 -21.6952 5.58952 -218.689 -0.707998 0.622268 -0.225784 -0.246056 3.347 2.1 6 0.048 3 13 48
129.988 3 -21.6952 5.58952 -218.689 -0.707998 0.622268 -0.225784 -0.246056 3.347 2.1 6 0.048 3 13 48
130.011 3 -21.6952 5.58952 -218.689 -0.707998 0.622268 -0.225784 -0.246056 3.347 2.1 6 0.048 3 13 48
130.028 3 -21.6952 5.58952 -218.689 -0.707998 0.622268 -0.225784 -0.246056 3.347 2.1 6 0.048 3 13 48
130.057 3 -21.6952 5.58952 -218.689 -0.707998 0.622268 -0.225784 -0.246056 3.347 2.1 6 0.048 3 13 48
130.074 3 -21.6952 5.58952 -218.689 -0.707998 0.622268 -0.225784 -0.246056 3.347 2.1 6 0.048 3 13 48
130.103 3 -21.6952 5.58952 -218.689 -0.707998 0.622268 -0.225784 -0.246056 3.347 2.1 6 0.048 3 13 48
130.126 3 -21.6952 5.58952 -218.689 -0.707998 0.622268 -0.225784 -0.246056 3.347 2.1 6 0.048 3 13 48
130.149 3 -21.6952 5.58952 -218.689 -0.707998 0.622268 -0.225784 -0.246056 3.347 2.1 6 0.048 3 13 48
130.173 3 -21.6952 5.58952 -218.689 -0.707998 0.622268 -0.225784 -0.246056 3.347 2.1 6 0.048 3 13 48
130.189 3 -21.6952 5.58952 -218.689 -0.707998 0.622268 -0.225784 -0.246056 3.347 2.1 6 0.048 3 13 48
130.219 3 -21.6952 5.58952 -218.689 -0.707998 0.622268 -0.225784 -0.246056 3.347 2.1 6 0.048 3 13 48
130.235 3 -21.6952 5.58952 -218.689 -0.707998 0.622268 -0.225784 -0.246056 3.347 2.1 6 0.048 3 13 48
130.264 3 -21.6952 5.58952 -218.689 -0.707998 0.622268 -0.225784 -0.246056 3.347 2.1 6 0.048 3 13 48
130.287 3 -21.6952 5.58952 -218.689 -0.707998 0.622268 -0.225784 -0.246056 3.347 2.1 6 0.048 3 13 48
130.311 3 -21.6952 5.58952 -218.689 -0.707998 0.622268 -0.225784 -0.246056 3.347 2.1 6 0.048 3 13 48
130.335 3 -21.6952 5.58952 -218.689 -0.707998 0.622268 -0.225784 -0.246056 3.227 2.1 6 0.048 3 13 48
130.351 3 -21.6952 5.58952 -218.689 -0.707998 0.622268 -0.225784 -0.246056 3.227 2.1 6 0.048 3 13 48
130.38 3 -21.6952 5.58952 -218.689 -0.707998 0.622268 -0.225784 -0.246056 3.227 2.1 6 0.048 3 13 48
130.397 3 -21.6952 5.58952 -218.689 -0.707998 0.622268 -0.225784 -0.246056 3.227 2.1 6 0.048 3 13 48
130.426 3 -21.6952 5.58952 -218.689 -0.707998 0.622268 -0.225784 -0.246056 3.227 2.1 6 0.048 3 13 48
130.449 3 -21.6952 5.58952 -218.689 -0.707998 0.622268 -0.225784 -0.246056 3.227 2.1 6 0.048 3 13 48
130.472 3 -21.6952 5.58952 -218.689 -0.707998 0.622268 -0.225784 -0.246056 3.227 2.1 6 0.048 3 13 48
130.495 3 -21.6952 5.58952 -218.689 -0.707998 0.622268 -0.225784 -0.246056 3.227 2.1 6 0.048 3 13 48
130.512 3 -21.6952 5.58952 -218.689 -0.707998 0.622268 -0.225784 -0.246056 3.227 2.1 6 0.048 3 13 48
130.541 3 -21.6952 5.58952 -218.689 -0.707998 0.622268 -0.225784 -0.246056 3.207 2.1 6 0.048 3 13 48
130.558 3 -21.6952 5.58952 -218.689 -0.707998 0.622268 -0.225784 -0.246056 3.187 2.1 6 0.048 3 13 48
130.587 3 -21.6952 5.58952 -218.689 -0.707998 0.622268 -0.225784 -0.246056 3.147 2.1 6 0.048 3 13 48
130.61 3 -21.6952 5.58952 -218.689 -0.707998 0.622268 -0.225784 -0.246056 3.048 2.1 6 0.048 3 13 48
130.634 3 -21.6952 5.58952 -218.689 -0.707998 0.622268 -0.225784 -0.246056 3.008 2.1 6 0.048 3 13 48
130.657 3 -21.6952 5.58952 -218.689 -0.707998 0.622268 -0.225784 -0.246056 2.908 2.1 6 0.048 3 13 48
130.673 3 -21.6952 5.58952 -218.689 -0.707998 0.622268 -0.225784 -0.246056 2.888 2.1 6 0.048 3 13 48
130.703 3 -21.6952 5.58952 -218.689 -0.707998 0.622268 -0.225784 -0.246056 2.849 2.1 6 0.048 3 13 48
130.719 3 -21.6952 5.58952 -218.689 -0.707998 0.622268 -0.225784 -0.246056 2.829 2.1 6 0.048 3 13 48
130.75 3 -21.6952 5.58952 -218.689 -0.707998 0.622268 -0.225784 -0.246056 2.789 2.1 6 0.048 3 13 48
130.775 3 -21.6952 5.58952 -218.689 -0.707998 0.622268 -0.225784 -0.246056 2.769 2.1 6 0.048 3 13 48
130.799 3 -21.6952 5.58952 -218.689 -0.707998 0.622268 -0.225784 -0.246056 2.769 2.1 6 0.048 3 13 48
130.824 3 -21.6952 5.58952 -218.689 -0.707998 0.622268 -0.225784 -0.246056 2.749 2.1 6 0.048 3 13 48
130.841 3 -21.6952 5.58952 -218.689 -0.707998 0.622268 -0.225784 -0.246056 2.749 2.1 6 0.048 3 13 48
130.872 3 -21.6952 5.58952 -218.689 -0.707998 0.622268 -0.225784 -0.246056 2.729 2.1 6 0.048 3 13 48
130.889 3 -21.6952 5.58952 -218.689 -0.707998 0.622268 -0.225784 -0.246056 2.729 2.1 6 0.048 3 13 48
130.921 3 -21.6952 5.58952 -218.689 -0.707998 0.622268 -0.225784 -0.246056 2.709 2.1 6 0.048 3 13 48
130.945 3 -21.6952 5.58952 -218.689 -0.707998 0.622268 -0.225784 -0.246056 2.669 2.1 6 0.048 3 13 48
130.97 3 -21.6952 5.58952 -218.689 -0.707998 0.622268 -0.225784 -0.246056 2.649 2.1 6 0.048 3 13 48
130.994 3 -21.6952 5.58952 -218.689 -0.707998 0.622268 -0.225784 -0.246056 2.61 2.1 6 0.048 3 13 48
131.011 3 -21.6952 5.58952 -218.689 -0.707998 0.622268 -0.225784 -0.246056 2.59 2.1 6 0.048 3 13 48
131.043 3 -21.6952 5.58952 -218.689 -0.707998 0.622268 -0.225784 -0.246056 2.55 2.1 6 0.048 3 13 48
131.059 3 -21.6952 5.58952 -218.689 -0.707998 0.622268 -0.225784 -0.246056 2.55 2.1 6 0.048 3 13 48
131.091 3 -21.6952 5.58952 -218.689 -0.707998 0.622268 -0.225784 -0.246056 2.53 2.1 6 0.048 3 13 48
131.115 3 -21.6952 5.58952 -218.689 -0.707998 0.622268 -0.225784 -0.246056 2.51 2.1 6 0.048 3 13 48
131.14 3 -21.6952 5.58952 -218.689 -0.707998 0.622268 -0.225784 -0.246056 2.49 2.1 6 0.048 3 13 48
131.164 3 -21.6952 5.58952 -218.689 -0.707998 0.622268 -0.225784 -0.246056 2.49 2.1 6 0.048 3 13 48
131.181 3 -21.6952 5.58952 -218.689 -0.707998 0.622268 -0.225784 -0.246056 2.47 2.1 6 0.048 3 13 48
131.213 3 -21.6952 5.58952 -218.689 -0.707998 0.622268 -0.225784 -0.246056 2.45 2.1 6 0.048 3 13 48
131.229 3 -21.6952 5.58952 -218.689 -0.707998 0.622268 -0.225784 -0.246056 2.45 2.1 6 0.048 3 13 48
131.261 3 -21.6952 5.58952 -218.689 -0.707998 0.622268 -0.225784 -0.246056 2.45 2.1 6 0.048 3 13 48
131.285 3 -21.6952 5.58952 -218.689 -0.707998 0.622268 -0.225784 -0.246056 2.45 2.1 6 0.048 3 13 48
131.31 3 -21.6952 5.58952 -218.689 -0.707998 0.622268 -0.225784 -0.246056 2.45 2.1 6 0.048 3 13 48
131.334 3 -21.6952 5.58952 -218.689 -0.707998 0.622268 -0.225784 -0.246056 2.45 2.1 6 0.048 3 13 48
131.351 3 -21.6952 5.58952 -218.689 -0.707998 0.622268 -0.225784 -0.246056 2.45 2.1 6 0.048 3 13 48
131.383 3 -21.6952 5.58952 -218.689 -0.707998 0.622268 -0.225784 -0.246056 2.45 2.1 6 0.048 3 13 48
131.399 3 -21.6952 5.58952 -218.689 -0.707998 0.622268 -0.225784 -0.246056 2.45 2.1 6 0.048 3 13 48
131.431 3 -21.6952 5.58952 -218.689 -0.707998 0.622268 -0.225784 -0.246056 2.45 2.1 6 0.048 3 13 48
131.455 3 -21.6952 5.58952 -218.689 -0.707998 0.622268 -0.225784 -0.246056 2.45 2.1 6 0.048 3 13 48
131.48 3 -21.6952 5.58952 -218.689 -0.707998 0.622268 -0.225784 -0.246056 2.45 2.1 6 0.048 3 13 48
131.505 3 -21.6952 5.58952 -218.689 -0.707998 0.622268 -0.225784 -0.246056 2.45 2.1 6 0.048 3 13 48
131.521 3 -21.6952 5.58952 -218.689 -0.707998 0.622268 -0.225784 -0.246056 2.45 2.1 6 0.048 3 13 48
131.553 3 -21.6952 5.58952 -218.689 -0.707998 0.622268 -0.225784 -0.246056 2.45 2.1 6 0.048 3 13 48
131.569 3 -21.6952 5.58952 -218.689 -0.707998 0.622268 -0.225784 -0.246056 2.45 2.1 6 0.048 3 13 48
131.601 3 -21.6952 5.58952 -218.689 -0.707998 0.622268 -0.225784 -0.246056 2.45 2.1 6 0.048 3 13 48
131.625 3 -21.6952 5.58952 -218.689 -0.707998 0.622268 -0.225784 -0.246056 2.45 2.1 6 0.048 3 13 48
131.65 3 -21.6952 5.58952 -218.689 -0.707998 0.622268 -0.225784 -0.246056 2.45 2.1 6 0.048 3 13 48
131.675 3 -21.6952 5.58952 -218.689 -0.707998 0.622268 -0.225784 -0.246056 2.45 2.1 6 0.048 3 13 48
131.691 3 -21.6952 5.58952 -218.689 -0.707998 0.622268 -0.225784 -0.246056 2.45 2.1 6 0.048 3 13 48
131.723 3 -21.6952 5.58952 -218.689 -0.707998 0.622268 -0.225784 -0.246056 2.45 2.1 6 0.048 3 13 48
131.74 3 -21.6952 5.58952 -218.689 -0.707998 0.622268 -0.225784 -0.246056 2.45 2.1 6 0.048 3 13 48
131.772 3 -21.6952 5.58952 -218.689 -0.707998 0.622268 -0.225784 -0.246056 2.45 2.1 6 0.048 3 13 48
131.796 3 -21.6952 5.58952 -218.689 -0.707998 0.622268 -0.225784 -0.246056 2.45 2.1 6 0.048 3 13 48
131.821 3 -21.6952 5.58952 -218.689 -0.707998 0.622268 -0.225784 -0.246056 2.45 2.1 6 0.048 3 13 48
131.845 3 -21.6952 5.58952 -218.689 -0.707998 0.622268 -0.225784 -0.246056 2.45 2.1 6 0.048 3 13 48
131.862 3 -21.6952 5.58952 -218.689 -0.707998 0.622268 -0.225784 -0.246056 2.45 2.1 6 0.048 3 13 48
131.893 3 -21.6952 5.58952 -218.689 -0.707998 0.622268 -0.225784 -0.246056 2.45 2.1 6 0.048 3 13 48
131.91 3 -21.6952 5.58952 -218.689 -0.707998 0.622268 -0.225784 -0.246056 2.45 2.1 6 0.048 3 13 48
131.942 3 -21.6952 5.58952 -218.689 -0.707998 0.622268 -0.225784 -0.246056 2.45 2.1 6 0.048 3 13 48
131.966 3 -21.6952 5.58952 -218.689 -0.707998 0.622268 -0.225784 -0.246056 2.45 2.1 6 0.048 3 13 48
131.991 3 -21.6952 5.58952 -218.689 -0.707998 0.622268 -0.225784 -0.246056 2.45 2.1 6 0.048 3 13 48
132.015 3 -21.6952 5.58952 -218.689 -0.707998 0.622268 -0.225784 -0.246056 2.45 2.1 6 0.048 3 13 48
132.032 3 -21.6952 5.58952 -218.689 -0.707998 0.622268 -0.225784 -0.246056 2.45 2.1 6 0.048 3 13 48
132.064 3 -21.6952 5.58952 -218.689 -0.707998 0.622268 -0.225784 -0.246056 2.45 2.1 6 0.048 3 13 48
132.08 3 -21.6952 5.58952 -218.689 -0.707998 0.622268 -0.225784 -0.246056 2.45 2.1 6 0.048 3 13 48
132.112 3 -21.6952 5.58952 -218.689 -0.707998 0.622268 -0.225784 -0.246056 2.45 2.1 6 0.048 3 13 48
132.136 3 -21.6952 5.58952 -218.689 -0.707998 0.622268 -0.225784 -0.246056 2.45 2.1 6 0.048 3 13 48
132.161 3 -21.6952 5.58952 -218.689 -0.707998 0.622268 -0.225784 -0.246056 2.45 2.1 6 0.048 3 13 48
132.185 3 -21.6952 5.58952 -218.689 -0.707998 0.622268 -0.225784 -0.246056 2.45 2.1 6 0.048 3 13 48
132.202 3 -21.6952 5.58952 -218.689 -0.707998 0.622268 -0.225784 -0.246056 2.45 2.1 6 0.048 3 13 48
132.233 3 -21.6952 5.58952 -218.689 -0.707998 0.622268 -0.225784 -0.246056 2.45 2.1 6 0.048 3 13 48
132.25 3 -21.6952 5.58952 -218.689 -0.707998 0.622268 -0.225784 -0.246056 2.45 2.1 6 0.048 3 13 48
132.282 3 -21.6952 5.58952 -218.689 -0.707998 0.622268 -0.225784 -0.246056 2.45 2.1 6 0.048 3 13 48
132.306 3 -21.6952 5.58952 -218.689 -0.707998 0.622268 -0.225784 -0.246056 2.45 2.1 6 0.048 3 13 48
132.33 3 -21.6952 5.58952 -218.689 -0.707998 0.622268 -0.225784 -0.246056 2.45 2.1 6 0.048 3 13 48
132.355 3 -21.6952 5.58952 -218.689 -0.707998 0.622268 -0.225784 -0.246056 2.45 2.1 6 0.048 3 13 48
132.372 3 -21.6952 5.58952 -218.689 -0.707998 0.622268 -0.225784 -0.246056 2.45 2.1 6 0.048 3 13 48
132.403 3 -21.6952 5.58952 -218.689 -0.707998 0.622268 -0.225784 -0.246056 2.45 2.1 6 0.048 3 13 48
132.42 3 -21.6952 5.58952 -218.689 -0.707998 0.622268 -0.225784 -0.246056 2.45 2.1 6 0.048 3 13 48
132.451 3 -21.6952 5.58952 -218.689 -0.707998 0.622268 -0.225784 -0.246056 2.45 2.1 6 0.048 3 13 48
132.476 3 -21.6952 5.58952 -218.689 -0.707998 0.622268 -0.225784 -0.246056 2.45 2.1 6 0.048 3 13 48
132.5 3 -21.6952 5.58952 -218.689 -0.707998 0.622268 -0.225784 -0.246056 2.45 2.1 6 0.048 3 13 48
132.525 3 -21.6952 5.58952 -218.689 -0.707998 0.622268 -0.225784 -0.246056 2.45 2.1 6 0.048 3 13 48
132.541 3 -21.6952 5.58952 -218.689 -0.707998 0.622268 -0.225784 -0.246056 2.45 2.1 6 0.048 3 13 48
132.573 3 -21.6952 5.58952 -218.689 -0.707998 0.622268 -0.225784 -0.246056 2.45 2.1 6 0.048 3 13 48
132.59 3 -21.6952 5.58952 -218.689 -0.707998 0.622268 -0.225784 -0.246056 2.45 2.1 6 0.048 3 13 48
132.621 3 -21.6952 5.58952 -218.689 -0.707998 0.622268 -0.225784 -0.246056 2.45 2.1 6 0.048 3 13 48
132.645 3 -21.6952 5.58952 -218.689 -0.707998 0.622268 -0.225784 -0.246056 2.45 2.1 6 0.048 3 13 48
132.67 3 -21.6952 5.58952 -218.689 -0.707998 0.622268 -0.225784 -0.246056 2.45 2.1 6 0.048 3 13 48
132.694 3 -21.6952 5.58952 -218.689 -0.707998 0.622268 -0.225784 -0.246056 2.45 2.1 6 0.048 3 13 48
132.711 3 -21.6952 5.58952 -218.689 -0.707998 0.622268 -0.225784 -0.246056 2.45 2.1 6 0.048 3 13 48
132.742 3 -21.6952 5.58952 -218.689 -0.707998 0.622268 -0.225784 -0.246056 2.45 2.1 6 0.048 3 13 48
132.759 3 -21.6952 5.58952 -218.689 -0.707998 0.622268 -0.225784 -0.246056 2.45 2.1 6 0.048 3 13 48
132.791 3 -21.6952 5.58952 -218.689 -0.707998 0.622268 -0.225784 -0.246056 2.45 2.1 6 0.048 3 13 48
132.815 3 -21.6952 5.58952 -218.689 -0.707998 0.622268 -0.225784 -0.246056 2.45 2.1 6 0.048 3 13 48
132.839 3 -21.6952 5.58952 -218.689 -0.707998 0.622268 -0.225784 -0.246056 2.45 2.1 6 0.048 3 13 48
132.864 3 -21.6952 5.58952 -218.689 -0.707998 0.622268 -0.225784 -0.246056 2.45 2.1 6 0.048 3 13 48
132.881 3 -21.6952 5.58952 -218.689 -0.707998 0.622268 -0.225784 -0.246056 2.45 2.1 6 0.048 3 13 48
132.912 3 -21.6952 5.58952 -218.689 -0.707998 0.622268 -0.225784 -0.246056 2.45 2.1 6 0.048 3 13 48
132.929 3 -21.6952 5.58952 -218.689 -0.707998 0.622268 -0.225784 -0.246056 2.45 2.1 6 0.048 3 13 48
132.96 3 -21.6952 5.58952 -218.689 -0.707998 0.622268 -0.225784 -0.246056 2.45 2.1 6 0.048 3 13 48
132.985 3 -21.6952 5.58952 -218.689 -0.707998 0.622268 -0.225784 -0.246056 2.45 2.1 6 0.048 3 13 48
133.009 3 -21.6952 5.58952 -218.689 -0.707998 0.622268 -0.225784 -0.246056 2.45 2.1 6 0.048 3 13 48
133.034 3 -21.6952 5.58952 -218.689 -0.707998 0.622268 -0.225784 -0.246056 2.45 2.1 6 0.048 3 13 48
133.051 3 -21.6952 5.58952 -218.689 -0.707998 0.622268 -0.225784 -0.246056 2.45 2.1 6 0.048 3 13 48
133.082 3 -21.6952 5.58952 -218.689 -0.707998 0.622268 -0.225784 -0.246056 2.45 2.1 6 0.048 3 13 48
133.099 3 -21.6952 5.58952 -218.689 -0.707998 0.622268 -0.225784 -0.246056 2.45 2.1 6 0.048 3 13 48
133.13 3 -21.6952 5.58952 -218.689 -0.707998 0.622268 -0.225784 -0.246056 2.45 2.1 6 0.048 3 13 48
133.155 3 -21.6952 5.58952 -218.689 -0.707998 0.622268 -0.225784 -0.246056 2.45 2.1 6 0.048 3 13 48
133.179 3 -21.6952 5.58952 -218.689 -0.707998 0.622268 -0.225784 -0.246056 2.45 2.1 6 0.048 3 13 48
133.204 3 -21.6952 5.58952 -218.689 -0.707998 0.622268 -0.225784 -0.246056 2.45 2.1 6 0.048 3 13 48
133.22 3 -21.6952 5.58952 -218.689 -0.707998 0.622268 -0.225784 -0.246056 2.45 2.1 6 0.048 3 13 48
133.252 3 -21.6952 5.58952 -218.689 -0.707998 0.622268 -0.225784 -0.246056 2.45 2.1 6 0.048 3 13 48
133.269 3 -21.6952 5.58952 -218.689 -0.707998 0.622268 -0.225784 -0.246056 2.45 2.1 6 0.048 3 13 48
133.3 3 -21.6952 5.58952 -218.689 -0.707998 0.622268 -0.225784 -0.246056 2.45 2.1 6 0.048 3 13 48
133.317 3 -21.6952 5.58952 -218.689 -0.707998 0.622268 -0.225784 -0.246056 2.45 2.1 6 0.048 3 13 48
133.349 3 -21.6952 5.58952 -218.689 -0.707998 0.622268 -0.225784 -0.246056 2.45 2.1 6 0.048 3 13 48
133.374 3 -21.6952 5.58952 -218.689 -0.707998 0.622268 -0.225784 -0.246056 2.45 2.1 6 0.048 3 13 48
133.391 3 -21.6952 5.58952 -218.689 -0.707998 0.622268 -0.225784 -0.246056 2.45 2.1 6 0.048 3 13 48
133.422 3 -21.6952 5.58952 -218.689 -0.707998 0.622268 -0.225784 -0.246056 2.45 2.1 6 0.048 3 13 48
133.439 3 -21.6952 5.58952 -218.689 -0.707998 0.622268 -0.225784 -0.246056 2.45 2.1 6 0.048 3 13 48
133.471 3 -21.6952 5.58952 -218.689 -0.707998 0.622268 -0.225784 -0.246056 2.45 2.1 6 0.048 3 13 48
133.495 3 -21.6952 5.58952 -218.689 -0.707998 0.622268 -0.225784 -0.246056 2.45 2.1 6 0.048 3 13 48
133.519 3 -21.6952 5.58952 -218.689 -0.707998 0.622268 -0.225784 -0.246056 2.45 2.1 6 0.048 3 13 48
133.544 3 -21.6952 5.58952 -218.689 -0.707998 0.622268 -0.225784 -0.246056 2.45 2.1 6 0.048 3 13 48
133.561 3 -21.6952 5.58952 -218.689 -0.707998 0.622268 -0.225784 -0.246056 2.45 2.1 6 0.048 3 13 48
133.592 3 -21.6952 5.58952 -218.689 -0.707998 0.622268 -0.225784 -0.246056 2.45 2.1 6 0.048 3 13 48
133.609 3 -21.6952 5.58952 -218.689 -0.707998 0.622268 -0.225784 -0.246056 2.45 2.1 6 0.048 3 13 48
133.641 3 -21.6952 5.58952 -218.689 -0.707998 0.622268 -0.225784 -0.246056 2.45 2.1 6 0.048 3 13 48
133.665 3 -21.6952 5.58952 -218.689 -0.707998 0.622268 -0.225784 -0.246056 2.45 2.1 6 0.048 3 13 48.725
133.689 3 -21.6952 5.58952 -218.689 -0.707998 0.622268 -0.225784 -0.246056 2.45 2.1 6 0.048 3 13 48.725
133.714 3 -21.6952 5.58952 -218.689 -0.707998 0.622268 -0.225784 -0.246056 2.45 2.1 6 0.048 3 13 48.725
133.731 3 -21.6952 5.58952 -218.689 -0.707998 0.622268 -0.225784 -0.246056 2.45 2.1 6 0.048 3 13 48.725
133.762 3 -21.6952 5.58952 -218.689 -0.707998 0.622268 -0.225784 -0.246056 2.45 2.1 6 0.048 3 13 48.725
133.779 3 -21.6952 5.58952 -218.689 -0.707998 0.622268 -0.225784 -0.246056 2.45 2.1 6 0.048 3 13 48.725
133.811 3 -21.6952 5.58952 -218.689 -0.707998 0.622268 -0.225784 -0.246056 2.45 2.1 6 0.048 3 13 48.725
133.835 3 -21.6952 5.58952 -218.689 -0.707998 0.622268 -0.225784 -0.246056 2.45 2.1 6 0.048 3 13 48.725
133.86 3 -21.6952 5.58952 -218.689 -0.707998 0.622268 -0.225784 -0.246056 2.45 2.1 6 0.048 3 13 48.725
133.884 3 -21.6952 5.58952 -218.689 -0.707998 0.622268 -0.225784 -0.246056 2.45 2.1 6 0.048 3 13 48.725
133.901 3 -21.6952 5.58952 -218.689 -0.707998 0.622268 -0.225784 -0.246056 2.45 2.1 6 0.048 3 13 48.725
133.933 3 -21.6952 5.58952 -218.689 -0.707998 0.622268 -0.225784 -0.246056 2.45 2.1 6 0.048 3 13 48.725
133.949 3 -21.6952 5.58952 -218.689 -0.707998 0.622268 -0.225784 -0.246056 2.45 2.1 6 0.048 3 13 48.725
133.981 3 -21.6952 5.58952 -218.689 -0.707998 0.622268 -0.225784 -0.246056 2.45 2.1 6 0.048 3 13 48.725
134.005 3 -21.6952 5.58952 -218.689 -0.707998 0.622268 -0.225784 -0.246056 2.45 2.1 6 0.048 3 13 48.725
134.03 3 -21.6952 5.58952 -218.689 -0.707998 0.622268 -0.225784 -0.246056 2.45 2.1 6 0.048 3 13 49.12
134.055 3 -21.6952 5.58952 -218.689 -0.707998 0.622268 -0.225784 -0.246056 2.45 2.1 6 0.048 3 13 49.514
134.072 3 -21.6952 5.58952 -218.689 -0.707998 0.622268 -0.225784 -0.246056 2.45 2.1 6 0.048 3 13 49.908
134.104 3 -21.6952 5.58952 -218.689 -0.707998 0.622268 -0.225784 -0.246056 2.45 2.1 6 0.048 3 13 50.303
134.12 3 -21.6952 5.58952 -218.689 -0.707998 0.622268 -0.225784 -0.246056 2.45 2.1 6 0.048 3 13 50.697
134.152 3 -21.6952 5.58952 -218.689 -0.707998 0.622268 -0.225784 -0.246056 2.45 2.1 6 0.048 3 13 51.092
134.176 3 -21.6952 5.58952 -218.689 -0.707998 0.622268 -0.225784 -0.246056 2.45 2.1 6 0.048 3 13 51.092
134.201 3 -21.6952 5.58952 -218.689 -0.707998 0.622268 -0.225784 -0.246056 2.45 2.1 6 0.048 3 13 51.486
134.226 3 -21.6952 5.58952 -218.689 -0.707998 0.622268 -0.225784 -0.246056 2.45 2.1 6 0.048 3 13 51.486
134.243 3 -21.6952 5.58952 -218.689 -0.707998 0.622268 -0.225784 -0.246056 2.45 2.1 6 0.048 3 13 51.88
134.275 3 -21.6952 5.58952 -218.689 -0.707998 0.622268 -0.225784 -0.246056 2.45 2.1 6 0.048 3 13 52.275
134.292 3 -21.6952 5.58952 -218.689 -0.707998 0.622268 -0.225784 -0.246056 2.45 2.1 6 0.048 3 13 52.275
134.325 3 -21.6952 5.58952 -218.689 -0.707998 0.622268 -0.225784 -0.246056 2.45 2.1 6 0.048 3 13 52.669
134.35 3 -21.6952 5.58952 -218.689 -0.707998 0.622268 -0.225784 -0.246056 2.45 2.1 6 0.048 3 13 53.064
134.376 3 -21.6952 5.58952 -218.689 -0.707998 0.622268 -0.225784 -0.246056 2.45 2.1 6 0.048 3 13 53.458
134.402 3 -21.6952 5.58952 -218.689 -0.707998 0.622268 -0.225784 -0.246056 2.45 2.1 6 0.048 3 13 54.247
134.419 3 -21.6952 5.58952 -218.689 -0.707998 0.622268 -0.225784 -0.246056 2.45 2.1 6 0.048 3 13 54.641
134.453 3 -21.6952 5.58952 -218.689 -0.707998 0.622268 -0.225784 -0.246056 2.45 2.1 6 0.048 3 13 55.43
134.469 3 -21.6952 5.58952 -218.689 -0.707998 0.622268 -0.225784 -0.246056 2.45 2.1 6 0.048 3 13 55.43
134.504 3 -21.6952 5.58952 -218.689 -0.707998 0.622268 -0.225784 -0.246056 2.45 2.1 6 0.048 3 13 55.825
134.53 3 -21.6952 5.58952 -218.689 -0.707998 0.622268 -0.225784 -0.246056 2.45 2.1 6 0.048 3 13 56.219
134.556 3 -21.6952 5.58952 -218.689 -0.707998 0.622268 -0.225784 -0.246056 2.45 2.1 6 0.048 3 13 56.614
134.583 3 -21.6952 5.58952 -218.689 -0.707998 0.622268 -0.225784 -0.246056 2.45 2.1 6 0.048 3 13 57.008
134.599 3 -21.6952 5.58952 -218.689 -0.707998 0.622268 -0.225784 -0.246056 2.45 2.1 6 0.048 3 13 57.008
134.635 3 -21.6952 5.58952 -218.689 -0.707998 0.622268 -0.225784 -0.246056 2.45 2.1 6 0.048 3 13 57.402
134.652 3 -21.6952 5.58952 -218.689 -0.707998 0.622268 -0.225784 -0.246056 2.45 2.1 6 0.048 3 13 57.797
134.689 3 -21.6952 5.58952 -218.689 -0.707998 0.622268 -0.225784 -0.246056 2.45 2.1 6 0.048 3 13 57.797
134.716 3 -21.6952 5.58952 -218.689 -0.707998 0.622268 -0.225784 -0.246056 2.45 2.1 6 0.048 3 13 58.191
134.743 3 -21.6952 5.58952 -218.689 -0.707998 0.622268 -0.225784 -0.246056 2.45 2.1 6 0.048 3 13 58.586
134.771 3 -21.6952 5.58952 -218.689 -0.707998 0.622268 -0.225784 -0.246056 2.45 2.1 6 0.048 3 13 58.98
134.788 3 -21.6952 5.58952 -218.689 -0.707998 0.622268 -0.225784 -0.246056 2.45 2.1 6 0.048 3 13 58.98
134.826 3 -21.6952 5.58952 -218.689 -0.707998 0.622268 -0.225784 -0.246056 2.45 2.1 6 0.048 3 13 59.375
134.843 3 -21.6952 5.58952 -218.689 -0.707998 0.622268 -0.225784 -0.246056 2.45 2.1 6 0.048 3 13 59.769
134.881 3 -21.6952 5.58952 -218.689 -0.707998 0.622268 -0.225784 -0.246056 2.45 2.1 6 0.048 3 13 60.163
134.908 3 -21.6952 5.58952 -218.689 -0.707998 0.622268 -0.225784 -0.246056 2.45 2.1 6 0.048 3 13 60.558
134.937 3 -21.6952 5.58952 -218.689 -0.707998 0.622268 -0.225784 -0.246056 2.45 2.1 6 0.048 3 13 60.952
134.965 3 -21.6952 5.58952 -218.689 -0.707998 0.622268 -0.225784 -0.246056 2.45 2.1 6 0.048 3 13 61.347
134.982 3 -21.6952 5.58952 -218.689 -0.707998 0.622268 -0.225784 -0.246056 2.45 2.1 6 0.048 3 13 61.347
135.021 3 -21.6952 5.58952 -218.689 -0.707998 0.622268 -0.225784 -0.246056 2.45 2.1 6 0.048 3 13 61.741
135.037 3 -21.6952 5.58952 -218.689 -0.707998 0.622268 -0.225784 -0.246056 2.45 2.1 6 0.048 3 13 61.741
135.077 3 -21.6952 5.58952 -218.689 -0.707998 0.622268 -0.225784 -0.246056 2.45 2.1 6 0.048 3 13 61.741
135.105 3 -21.6952 5.58952 -218.689 -0.707998 0.622268 -0.225784 -0.246056 2.45 2.1 6 0.048 3 13 61.741
135.134 3 -21.6952 5.58952 -218.689 -0.707998 0.622268 -0.225784 -0.246056 2.45 2.1 6 0.048 3 13 62.135
135.163 3 -21.6952 5.58952 -218.689 -0.707998 0.622268 -0.225784 -0.246056 2.45 2.1 6 0.048 3 13 62.135
135.18 3 -21.6952 5.58952 -218.689 -0.707998 0.622268 -0.225784 -0.246056 2.45 2.1 6 0.048 3 13 62.135
135.221 3 -21.6952 5.58952 -218.689 -0.707998 0.622268 -0.225784 -0.246056 2.45 2.1 6 0.048 3 13 62.135
135.238 3 -21.6952 5.58952 -218.689 -0.707998 0.622268 -0.225784 -0.246056 2.45 2.1 6 0.048 3 13 62.53
135.279 3 -21.6952 5.58952 -218.689 -0.707998 0.622268 -0.225784 -0.246056 2.45 2.1 6 0.048 3 13 62.53
135.308 3 -21.6952 5.58952 -218.689 -0.707998 0.622268 -0.225784 -0.246056 2.45 2.1 6 0.048 3 13 62.53
135.337 3 -21.6952 5.58952 -218.689 -0.707998 0.622268 -0.225784 -0.246056 2.45 2.1 6 0.048 3 13 62.924
135.367 3 -21.6952 5.58952 -218.689 -0.707998 0.622268 -0.225784 -0.246056 2.45 2.1 6 0.048 3 13 62.924
135.384 3 -21.6952 5.58952 -218.689 -0.707998 0.622268 -0.225784 -0.246056 2.45 2.1 6 0.048 3 13 62.924
135.425 3 -21.6952 5.58952 -218.689 -0.707998 0.622268 -0.225784 -0.246056 2.45 2.1 6 0.048 3 13 63.319
135.442 3 -21.6952 5.58952 -218.689 -0.707998 0.622268 -0.225784 -0.246056 2.45 2.1 6 0.048 3 13 63.319
135.484 3 -21.6952 5.58952 -218.689 -0.707998 0.622268 -0.225784 -0.246056 2.45 2.1 6 0.048 3 13 63.319
135.513 3 -21.6952 5.58952 -218.689 -0.707998 0.622268 -0.225784 -0.246056 2.45 2.1 6 0.048 3 13 63.319
135.543 3 -21.6952 5.58952 -218.689 -0.707998 0.622268 -0.225784 -0.246056 2.45 2.1 6 0.048 3 13 63.713
135.572 3 -21.6952 5.58952 -218.689 -0.707998 0.622268 -0.225784 -0.246056 2.45 2.1 6 0.048 3 13 63.713
135.589 3 -21.6952 5.58952 -218.689 -0.707998 0.622268 -0.225784 -0.246056 2.45 2.1 6 0.048 3 13 63.713
135.631 3 -21.6952 5.58952 -218.689 -0.707998 0.622268 -0.225784 -0.246056 2.45 2.1 6 0.048 3 13 63.713
135.648 3 -21.6952 5.58952 -218.689 -0.707998 0.622268 -0.225784 -0.246056 2.45 2.1 6 0.048 3 13 63.713
135.69 3 -21.6952 5.58952 -218.689 -0.707998 0.622268 -0.225784 -0.246056 2.45 2.1 6 0.048 3 13 63.713
135.72 3 -21.6952 5.58952 -218.689 -0.707998 0.622268 -0.225784 -0.246056 2.45 2.1 6 0.048 3 13 63.713
135.75 3 -21.6952 5.58952 -218.689 -0.707998 0.622268 -0.225784 -0.246056 2.45 2.1 6 0.048 3 13 63.713
135.78 3 -21.6952 5.58952 -218.689 -0.707998 0.622268 -0.225784 -0.246056 2.45 2.1 6 0.048 3 13 63.713
135.796 3 -21.6952 5.58952 -218.689 -0.707998 0.622268 -0.225784 -0.246056 2.45 2.1 6 0.048 3 13 63.713
135.839 3 -21.6952 5.58952 -218.689 -0.707998 0.622268 -0.225784 -0.246056 2.45 2.1 6 0.048 3 13 63.713
135.856 3 -21.6952 5.58952 -218.689 -0.707998 0.622268 -0.225784 -0.246056 2.45 2.1 6 0.048 3 13 63.713
135.898 3 -21.6952 5.58952 -218.689 -0.707998 0.622268 -0.225784 -0.246056 2.45 2.1 6 0.048 3 13 63.713
135.928 3 -21.6952 5.58952 -218.689 -0.707998 0.622268 -0.225784 -0.246056 2.45 2.1 6 0.048 3 13 63.713
135.958 3 -21.6952 5.58952 -218.689 -0.707998 0.622268 -0.225784 -0.246056 2.45 2.1 6 0.048 3 13 63.713
135.988 3 -21.6952 5.58952 -218.689 -0.707998 0.622268 -0.225784 -0.246056 2.45 2.1 6 0.048 3 13 63.713
136.005 3 -21.6952 5.58952 -218.689 -0.707998 0.622268 -0.225784 -0.246056 2.45 2.1 6 0.048 3 13 63.713
136.048 3 -21.6952 5.58952 -218.689 -0.707998 0.622268 -0.225784 -0.246056 2.45 2.1 6 0.048 3 13 63.713
136.064 3 -21.6952 5.58952 -218.689 -0.707998 0.622268 -0.225784 -0.246056 2.45 2.1 6 0.048 3 13 63.713
136.107 3 -21.6952 5.58952 -218.689 -0.707998 0.622268 -0.225784 -0.246056 2.45 2.1 6 0.048 3 13 63.713
136.135 3 -21.6952 5.58952 -218.689 -0.707998 0.622268 -0.225784 -0.246056 2.45 2.1 6 0.048 3 13 63.713
136.164 3 -21.6952 5.58952 -218.689 -0.707998 0.622268 -0.225784 -0.246056 2.45 2.1 6 0.048 3 13 63.713
136.192 3 -21.6952 5.58952 -218.689 -0.707998 0.622268 -0.225784 -0.246056 2.45 2.1 6 0.048 3 13 63.713
136.209 3 -21.6952 5.58952 -218.689 -0.707998 0.622268 -0.225784 -0.246056 2.45 2.1 6 0.048 3 13 63.713
136.391 3 -21.6952 5.58952 -218.689 -0.707998 0.622268 -0.225784 -0.246056 2.45 2.1 6 0.048 3 13 63.713
136.407 3 -21.6952 5.58952 -218.689 -0.707998 0.622268 -0.225784 -0.246056 2.45 2.1 6 0.048 3 13 63.713
136.424 3 -21.6952 5.58952 -218.689 -0.707998 0.622268 -0.225784 -0.246056 2.45 2.1 6 0.048 3 13 63.713
136.441 3 -21.6952 5.58952 -218.689 -0.707998 0.622268 -0.225784 -0.246056 2.45 2.1 6 0.048 3 13 63.713
136.457 3 -21.6952 5.58952 -218.689 -0.707998 0.622268 -0.225784 -0.246056 2.45 2.1 6 0.048 3 13 63.713
136.474 3 -21.6952 5.58952 -218.689 -0.707998 0.622268 -0.225784 -0.246056 2.45 2.1 6 0.048 3 13 63.713
136.491 3 -21.6952 5.58952 -218.689 -0.707998 0.622268 -0.225784 -0.246056 2.45 2.1 6 0.048 3 13 63.713
136.507 3 -21.6952 5.58952 -218.689 -0.707998 0.622268 -0.225784 -0.246056 2.45 2.1 6 0.048 3 13 63.713
136.524 3 -21.6952 5.58952 -218.689 -0.707998 0.622268 -0.225784 -0.246056 2.45 2.1 6 0.048 3 13 63.713
136.541 3 -21.6952 5.58952 -218.689 -0.707998 0.622268 -0.225784 -0.246056 2.45 2.1 6 0.048 3 13 63.713
136.557 3 -21.6952 5.58952 -218.689 -0.707998 0.622268 -0.225784 -0.246056 2.45 2.1 6 0.048 3 13 63.713
136.574 3 -21.6952 5.58952 -218.689 -0.707998 0.622268 -0.225784 -0.246056 2.45 2.1 6 0.048 3 13 63.713
136.591 3 -21.6952 5.58952 -218.689 -0.707998 0.622268 -0.225784 -0.246056 2.45 2.1 6 0.048 3 13 63.713
136.607 3 -21.6952 5.58952 -218.689 -0.707998 0.622268 -0.225784 -0.246056 2.45 2.1 6 0.048 3 13 63.713
136.643 3 -21.6952 5.58952 -218.689 -0.707998 0.622268 -0.225784 -0.246056 2.45 2.1 6 0.048 3 13 63.713
136.671 3 -21.6952 5.58952 -218.689 -0.707998 0.622268 -0.225784 -0.246056 2.45 2.1 6 0.048 3 13 63.713
136.688 3 -21.6952 5.58952 -218.689 -0.707998 0.622268 -0.225784 -0.246056 2.45 2.1 6 0.048 3 13 63.713
136.728 3 -21.6952 5.58952 -218.689 -0.707998 0.622268 -0.225784 -0.246056 2.45 2.1 6 0.048 3 13 63.713
136.745 3 -21.6952 5.58952 -218.689 -0.707998 0.622268 -0.225784 -0.246056 2.45 2.1 6 0.048 3 13 63.713
136.783 3 -21.6952 5.58952 -218.689 -0.707998 0.622268 -0.225784 -0.246056 2.45 2.1 6 0.048 3 13 63.713
136.8 3 -21.6952 5.58952 -218.689 -0.707998 0.622268 -0.225784 -0.246056 2.45 2.1 6 0.048 3 13 63.713
136.84 3 -21.6952 5.58952 -218.689 -0.707998 0.622268 -0.225784 -0.246056 2.45 2.1 6 0.048 3 13 63.713
136.868 3 -21.6952 5.58952 -218.689 -0.707998 0.622268 -0.225784 -0.246056 2.45 2.1 6 0.048 3 13 63.713
136.885 3 -21.6952 5.58952 -218.689 -0.707998 0.622268 -0.225784 -0.246056 2.45 2.1 6 0.048 3 13 63.713
136.924 3 -21.6952 5.58952 -218.689 -0.707998 0.622268 -0.225784 -0.246056 2.45 2.1 6 0.048 3 13 63.713
136.941 3 -21.6952 5.58952 -218.689 -0.707998 0.622268 -0.225784 -0.246056 2.45 2.1 6 0.048 3 13 63.713
136.981 3 -21.6952 5.58952 -218.689 -0.707998 0.622268 -0.225784 -0.246056 2.45 2.1 6 0.048 3 13 63.713
136.997 3 -21.6952 5.58952 -218.689 -0.707998 0.622268 -0.225784 -0.246056 2.45 2.1 6 0.048 3 13 63.713
137.037 3 -21.6952 5.58952 -218.689 -0.707998 0.622268 -0.225784 -0.246056 2.45 2.1 6 0.048 3 13 63.713
137.065 3 -21.6952 5.58952 -218.689 -0.707998 0.622268 -0.225784 -0.246056 2.45 2.1 6 0.048 3 13 63.713
137.082 3 -21.6952 5.58952 -218.689 -0.707998 0.622268 -0.225784 -0.246056 2.45 2.1 6 0.048 3 13 63.713
137.121 3 -21.6952 5.58952 -218.689 -0.707998 0.622268 -0.225784 -0.246056 2.45 2.1 6 0.048 3 13 63.713
137.138 3 -21.6952 5.58952 -218.689 -0.707998 0.622268 -0.225784 -0.246056 2.45 2.1 6 0.048 3 13 63.713
137.178 3 -21.6952 5.58952 -218.689 -0.707998 0.622268 -0.225784 -0.246056 2.45 2.1 6 0.048 3 13 63.713
137.194 3 -21.6952 5.58952 -218.689 -0.707998 0.622268 -0.225784 -0.246056 2.45 2.1 6 0.048 3 13 63.713
137.234 3 -21.6952 5.58952 -218.689 -0.707998 0.622268 -0.225784 -0.246056 2.45 2.1 6 0.048 3 13 63.713
137.262 3 -21.6952 5.58952 -218.689 -0.707998 0.622268 -0.225784 -0.246056 2.45 2.1 6 0.048 3 13 63.713
137.279 3 -21.6952 5.58952 -218.689 -0.707998 0.622268 -0.225784 -0.246056 2.45 2.1 6 0.048 3 13 63.713
137.319 3 -21.6952 5.58952 -218.689 -0.707998 0.622268 -0.225784 -0.246056 2.45 2.1 6 0.048 3 13 63.713
137.335 3 -21.6952 5.58952 -218.689 -0.707998 0.622268 -0.225784 -0.246056 2.45 2.1 6 0.048 3 13 63.713
137.375 3 -21.6952 5.58952 -218.689 -0.707998 0.622268 -0.225784 -0.246056 2.45 2.1 6 0.048 3 13 63.713
137.391 3 -21.6952 5.58952 -218.689 -0.707998 0.622268 -0.225784 -0.246056 2.45 2.1 6 0.048 3 13 63.713
137.431 3 -21.6952 5.58952 -218.689 -0.707998 0.622268 -0.225784 -0.246056 2.45 2.1 6 0.048 3 13 63.713
137.46 3 -21.6952 5.58952 -218.689 -0.707998 0.622268 -0.225784 -0.246056 2.45 2.1 6 0.048 3 13 63.713
137.476 3 -21.6952 5.58952 -218.689 -0.707998 0.622268 -0.225784 -0.246056 2.45 2.1 6 0.048 3 13 63.713
137.516 3 -21.6952 5.58952 -218.689 -0.707998 0.622268 -0.225784 -0.246056 2.45 2.1 6 0.048 3 13 63.713
137.533 3 -21.6952 5.58952 -218.689 -0.707998 0.622268 -0.225784 -0.246056 2.45 2.1 6 0.048 3 13 63.713
137.573 3 -21.6952 5.58952 -218.689 -0.707998 0.622268 -0.225784 -0.246056 2.45 2.1 6 0.048 3 13 63.713
137.589 3 -21.6952 5.58952 -218.689 -0.707998 0.622268 -0.225784 -0.246056 2.45 2.1 6 0.048 3 13 63.713
137.629 3 -21.6952 5.58952 -218.689 -0.707998 0.622268 -0.225784 -0.246056 2.45 2.1 6 0.048 3 13 63.713
137.657 3 -21.6952 5.58952 -218.689 -0.707998 0.622268 -0.225784 -0.246056 2.45 2.1 6 0.048 3 13 63.713
137.674 3 -21.6952 5.58952 -218.689 -0.707998 0.622268 -0.225784 -0.246056 2.45 2.1 6 0.048 3 13 63.713
137.714 3 -21.6952 5.58952 -218.689 -0.707998 0.622268 -0.225784 -0.246056 2.45 2.1 6 0.048 3 13 63.713
137.731 3 -21.6952 5.58952 -218.689 -0.707998 0.622268 -0.225784 -0.246056 2.45 2.1 6 0.048 3 13 63.713
137.77 3 -21.6952 5.58952 -218.689 -0.707998 0.622268 -0.225784 -0.246056 2.45 2.1 6 0.048 3 13 63.713
137.787 3 -21.6952 5.58952 -218.689 -0.707998 0.622268 -0.225784 -0.246056 2.45 2.1 6 0.048 3 13 63.713
137.826 3 -21.6952 5.58952 -218.689 -0.707998 0.622268 -0.225784 -0.246056 2.45 2.1 6 0.048 3 13 63.713
137.855 3 -21.6952 5.58952 -218.689 -0.707998 0.622268 -0.225784 -0.246056 2.45 2.1 6 0.048 3 13 63.713
137.872 3 -21.6952 5.58952 -218.689 -0.707998 0.622268 -0.225784 -0.246056 2.45 2.1 6 0.048 3 13 63.713
137.912 3 -21.6952 5.58952 -218.689 -0.707998 0.622268 -0.225784 -0.246056 2.45 2.1 6 0.048 3 13 63.713
137.928 3 -21.6952 5.58952 -218.689 -0.707998 0.622268 -0.225784 -0.246056 2.45 2.1 6 0.048 3 13 63.713
137.968 3 -21.6952 5.58952 -218.689 -0.707998 0.622268 -0.225784 -0.246056 2.45 2.1 6 0.048 3 13 63.713
137.985 3 -21.6952 5.58952 -218.689 -0.707998 0.622268 -0.225784 -0.246056 2.45 2.1 6 0.048 3 13 63.713
138.024 3 -21.6952 5.58952 -218.689 -0.707998 0.622268 -0.225784 -0.246056 2.45 2.1 6 0.048 3 13 63.713
138.053 3 -21.6952 5.58952 -218.689 -0.707998 0.622268 -0.225784 -0.246056 2.45 2.1 6 0.048 3 13 63.713
138.069 3 -21.6952 5.58981 -218.689 -0.707998 0.622268 -0.225784 -0.246056 2.45 2.1 6 0.048 3 13 63.713
138.11 3 -21.6948 5.6198 -218.685 -0.707998 0.622268 -0.225784 -0.246056 2.45 2.1 6 0.048 3 13 63.713
138.126 3 -21.6946 5.63126 -218.683 -0.707998 0.622268 -0.225784 -0.246056 2.45 2.1 6 0.048 3 13 63.713
138.165 3 -21.6943 5.64521 -218.681 -0.707998 0.622268 -0.225784 -0.246056 2.45 2.1 6 0.048 3 13 63.713
138.182 3 -21.6941 5.65376 -218.679 -0.707998 0.622268 -0.225784 -0.246056 2.45 2.1 6 0.048 3 13 63.713
138.222 3 -21.6939 5.66237 -218.677 -0.707998 0.622268 -0.225784 -0.246056 2.45 2.1 6 0.048 3 13 63.713
138.25 3 -21.6937 5.67022 -218.676 -0.707998 0.622268 -0.225784 -0.246056 2.45 2.1 6 0.048 3 13 63.713
138.267 3 -21.6936 5.67742 -218.674 -0.707998 0.622268 -0.225784 -0.246056 2.45 2.1 6 0.048 3 13 63.713
138.307 3 -21.6934 5.68347 -218.672 -0.707998 0.622268 -0.225784 -0.246056 2.45 2.1 6 0.048 3 13 63.713
138.323 3 -21.6932 5.69052 -218.671 -0.707998 0.622268 -0.225784 -0.246056 2.45 2.1 6 0.048 3 13 63.713
138.363 3 -21.693 5.69634 -218.669 -0.707998 0.622268 -0.225784 -0.246056 2.45 2.1 6 0.048 3 13 63.713
138.379 3 -21.6929 5.70301 -218.668 -0.707998 0.622268 -0.225784 -0.246056 2.45 2.1 6 0.048 3 13 63.713
138.419 3 -21.6931 5.67895 -218.67 -0.707998 0.622268 -0.225784 -0.246056 2.45 2.1 6 0.048 3 13 63.713
138.448 3 -21.6932 5.67052 -218.671 -0.707998 0.622268 -0.225784 -0.246056 2.45 2.1 6 0.048 3 13 63.713
138.464 3 -21.6932 5.66782 -218.671 -0.707998 0.622268 -0.225784 -0.246056 2.45 2.1 6 0.048 3 13 63.713
138.504 3 -21.6933 5.6628 -218.671 -0.707998 0.622268 -0.225784 -0.246056 2.45 2.1 6 0.048 3 13 63.713
138.521 3 -21.6933 5.66214 -218.671 -0.707998 0.622268 -0.225784 -0.246056 2.45 2.1 6 0.048 3 13 63.713
138.561 3 -21.6929 5.69018 -218.668 -0.707998 0.622268 -0.225784 -0.246056 2.45 2.1 6 0.048 3 13 63.713
138.578 3 -21.6927 5.70133 -218.666 -0.707998 0.622268 -0.225784 -0.246056 2.45 2.1 6 0.048 3 13 63.713
138.616 3 -21.6924 5.71469 -218.664 -0.707998 0.622268 -0.225784 -0.246056 2.45 2.1 6 0.048 3 13 63.713
138.645 3 -21.6922 5.72427 -218.662 -0.707998 0.622268 -0.225784 -0.246056 2.45 2.1 6 0.048 3 13 63.713
138.661 3 -21.692 5.73201 -218.66 -0.707998 0.622268 -0.225784 -0.246056 2.45 2.1 6 0.048 3 13 63.713
138.701 3 -21.6919 5.73911 -218.658 -0.707998 0.622268 -0.225784 -0.246056 2.45 2.1 6 0.048 3 13 63.713
138.718 3 -21.6917 5.74604 -218.657 -0.707998 0.622268 -0.225784 -0.246056 2.45 2.1 6 0.048 3 13 63.713
138.757 3 -21.6919 5.72268 -218.659 -0.707998 0.622268 -0.225784 -0.246056 2.45 2.1 6 0.048 3 13 63.713
138.774 3 -21.692 5.71819 -218.659 -0.707998 0.622268 -0.225784 -0.246056 2.45 2.1 6 0.048 3 13 63.713
138.813 3 -21.692 5.71138 -218.66 -0.707998 0.622268 -0.225784 -0.246056 2.45 2.1 6 0.048 3 13 63.713
138.842 3 -21.6917 5.7323 -218.657 -0.707998 0.622268 -0.225784 -0.246056 2.45 2.1 6 0.048 3 13 63.713
138.859 3 -21.6915 5.74359 -218.655 -0.707998 0.622268 -0.225784 -0.246056 2.45 2.1 6 0.048 3 13 63.713
138.898 3 -21.6913 5.75723 -218.653 -0.707998 0.622268 -0.225784 -0.246056 2.45 2.1 6 0.048 3 13 63.713
138.914 3 -21.6911 5.76572 -218.651 -0.707998 0.622268 -0.225784 -0.246056 2.45 2.1 6 0.048 3 13 63.713
138.953 3 -21.6909 5.77423 -218.649 -0.707998 0.622268 -0.225784 -0.246056 2.45 2.1 6 0.048 3 13 63.713
138.97 3 -21.6907 5.78172 -218.648 -0.707998 0.622268 -0.225784 -0.246056 2.45 2.1 6 0.048 3 13 63.713
139.009 3 -21.6905 5.78837 -218.646 -0.707998 0.622268 -0.225784 -0.246056 2.45 2.1 6 0.048 3 13 63.713
139.038 3 -21.6903 5.79551 -218.644 -0.707998 0.622268 -0.225784 -0.246056 2.45 2.1 6 0.048 3 13 63.713
139.054 3 -21.6902 5.80248 -218.643 -0.707998 0.622268 -0.225784 -0.246056 2.45 2.1 6 0.048 3 13 63.713
139.094 3 -21.69 5.80811 -218.641 -0.707998 0.622268 -0.225784 -0.246056 2.45 2.1 6 0.048 3 13 63.713
139.112 3 -21.6898 5.81508 -218.64 -0.707998 0.622268 -0.225784 -0.246056 2.45 2.1 6 0.048 3.068 13 63.713
139.15 3 -21.6897 5.82083 -218.638 -0.707998 0.622268 -0.225784 -0.246056 2.45 2.1 6 0.048 3.068 13 63.713
139.167 3 -21.6895 5.82747 -218.637 -0.707998 0.622268 -0.225784 -0.246056 2.45 2.1 6 0.048 3.068 13 63.713
139.206 3 -21.6897 5.80355 -218.639 -0.707998 0.622268 -0.225784 -0.246056 2.45 2.1 6 0.048 3.068 13 63.713
139.234 3 -21.6898 5.79509 -218.64 -0.707998 0.622268 -0.225784 -0.246056 2.45 2.1 6 0.048 3.068 13 63.713
139.251 3 -21.6898 5.79235 -218.64 -0.707998 0.622268 -0.225784 -0.246056 2.45 2.1 6 0.048 3.068 13 63.713
139.291 3 -21.6899 5.78876 -218.64 -0.707998 0.622268 -0.225784 -0.246056 2.45 2.1 6 0.048 3.068 13 63.713
139.308 3 -21.6896 5.80446 -218.638 -0.707998 0.622268 -0.225784 -0.246056 2.45 2.1 6 0.048 3.068 13 63.713
139.347 3 -21.6893 5.82468 -218.635 -0.707998 0.622268 -0.225784 -0.246056 2.45 2.1 6 0.048 3.068 13 63.713
139.363 3 -21.6891 5.83451 -218.633 -0.707998 0.622268 -0.225784 -0.246056 2.45 2.1 6 0.048 3.068 13 63.713
139.403 3 -21.6889 5.84548 -218.631 -0.707998 0.622268 -0.225784 -0.246056 2.45 2.1 6 0.048 3.187 13 63.713
139.431 3 -21.6887 5.85336 -218.63 -0.707998 0.622268 -0.225784 -0.246056 2.45 2.1 6 0.048 3.386 13 63.713
139.448 3 -21.6888 5.84465 -218.63 -0.707998 0.622268 -0.225784 -0.246056 2.45 2.1 6 0.048 3.466 13 63.713
139.488 3 -21.689 5.82841 -218.632 -0.707998 0.622268 -0.225784 -0.246056 2.45 2.1 6 0.048 3.745 13 63.713
139.504 3 -21.689 5.82532 -218.632 -0.707998 0.622268 -0.225784 -0.246056 2.45 2.1 6 0.048 3.825 13 63.713
139.544 3 -21.689 5.81961 -218.632 -0.707998 0.622268 -0.225784 -0.246056 2.45 2.1 6 0.048 3.904 13 63.713
139.56 3 -21.689 5.81852 -218.633 -0.707998 0.622268 -0.225784 -0.246056 2.45 2.1 6 0.048 3.944 13 63.713
139.6 3 -21.6891 5.81649 -218.633 -0.707998 0.622268 -0.225784 -0.246056 2.45 2.1 6 0.048 3.984 13 63.713
139.628 3 -21.6891 5.81577 -218.633 -0.707998 0.622268 -0.225784 -0.246056 2.45 2.1 6 0.048 4.024 13 63.713
139.645 3 -21.6891 5.81553 -218.633 -0.707998 0.622268 -0.225784 -0.246056 2.45 2.1 6 0.048 4.064 13 63.713
139.684 3 -21.6891 5.8151 -218.633 -0.707998 0.622268 -0.225784 -0.246056 2.45 2.1 6 0.048 4.064 13 63.713
139.701 3 -21.6891 5.81502 -218.633 -0.707998 0.622268 -0.225784 -0.246056 2.45 2.1 6 0.048 4.064 13 63.713
139.74 3 -21.6891 5.81487 -218.633 -0.707998 0.622268 -0.225784 -0.246056 2.45 2.1 6 0.048 4.064 13 63.713
139.757 3 -21.6891 5.81484 -218.633 -0.707998 0.622268 -0.225784 -0.246056 2.45 2.1 6 0.048 4.104 13 63.713
139.796 3 -21.6891 5.81478 -218.633 -0.707998 0.622268 -0.225784 -0.246056 2.45 2.1 6 0.048 4.104 13 63.713
139.825 3 -21.6891 5.81476 -218.633 -0.707998 0.622268 -0.225784 -0.246056 2.45 2.1 6 0.048 4.143 13 63.713
139.841 3 -21.6891 5.81476 -218.633 -0.707998 0.622268 -0.225784 -0.246056 2.45 2.1 6 0.048 4.183 13 63.713
139.881 3 -21.6891 5.81474 -218.633 -0.707998 0.622268 -0.225784 -0.246056 2.45 2.1 6 0.048 4.223 13 63.713
139.898 3 -21.6891 5.81504 -218.633 -0.707998 0.622268 -0.225784 -0.246056 2.45 2.1 6 0.048 4.223 13 63.713
139.937 3 -21.6886 5.84465 -218.629 -0.707998 0.622268 -0.225784 -0.246056 2.45 2.1 6 0.048 4.263 13 63.713
139.954 3 -21.6884 5.85617 -218.627 -0.707998 0.622268 -0.225784 -0.246056 2.45 2.1 6 0.048 4.303 13 63.713
139.993 3 -21.6882 5.87023 -218.625 -0.707998 0.622268 -0.225784 -0.246056 2.45 2.1 6 0.048 4.343 13 63.713
140.021 3 -21.688 5.88004 -218.623 -0.707998 0.622268 -0.225784 -0.246056 2.45 2.1 6 0.048 4.343 13 63.713
140.038 3 -21.6878 5.88756 -218.621 -0.707998 0.622268 -0.225784 -0.246056 2.45 2.1 6 0.048 4.343 13 63.713
140.078 3 -21.688 5.86505 -218.623 -0.707998 0.622268 -0.225784 -0.246056 2.45 2.1 6 0.048 4.343 13 63.713
140.095 3 -21.6881 5.86082 -218.624 -0.707998 0.622268 -0.225784 -0.246056 2.45 2.1 6 0.048 4.343 13 63.713
140.134 3 -21.6882 5.85303 -218.624 -0.707998 0.622268 -0.225784 -0.246056 2.45 2.1 6 0.048 4.343 13 63.713
140.151 3 -21.6882 5.8518 -218.624 -0.707998 0.622268 -0.225784 -0.246056 2.45 2.1 6 0.048 4.343 13 63.713
140.191 3 -21.6878 5.87872 -218.621 -0.707998 0.622268 -0.225784 -0.246056 2.45 2.1 6 0.048 4.343 13 63.713
140.218 3 -21.6875 5.89284 -218.619 -0.707998 0.622268 -0.225784 -0.246056 2.45 2.1 6 0.048 4.343 13 63.713
140.235 3 -21.6873 5.90209 -218.617 -0.707998 0.622268 -0.225784 -0.246056 2.45 2.1 6 0.048 4.343 13 63.713
140.275 3 -21.6871 5.91048 -218.615 -0.707998 0.622268 -0.225784 -0.246056 2.45 2.1 6 0.048 4.343 13 63.713
140.292 3 -21.6872 5.90193 -218.616 -0.707998 0.622268 -0.225784 -0.246056 2.45 2.1 6 0.048 4.343 13 63.713
140.331 3 -21.6874 5.88684 -218.617 -0.707998 0.622268 -0.225784 -0.246056 2.45 2.1 6 0.048 4.343 13 63.713
140.348 3 -21.6874 5.88389 -218.617 -0.707998 0.622268 -0.225784 -0.246056 2.45 2.1 6 0.048 4.343 13 63.713
140.387 3 -21.6874 5.87991 -218.618 -0.707998 0.622268 -0.225784 -0.246056 2.45 2.1 6 0.048 4.343 13 63.713
140.416 3 -21.6871 5.90185 -218.615 -0.707998 0.622268 -0.225784 -0.246056 2.45 2.1 6 0.048 4.343 13 63.713
140.433 3 -21.6869 5.91364 -218.613 -0.707998 0.622268 -0.225784 -0.246056 2.45 2.1 6 0.048 4.382 13 63.713
140.472 3 -21.6866 5.92779 -218.61 -0.707998 0.622268 -0.225784 -0.246056 2.45 2.1 6 0.048 4.382 13 63.713
140.488 3 -21.6864 5.93609 -218.609 -0.707998 0.622268 -0.225784 -0.246056 2.45 2.1 6 0.048 4.382 13 63.713
140.528 3 -21.6867 5.91521 -218.611 -0.707998 0.622268 -0.225784 -0.246056 2.45 2.1 6 0.048 4.382 13 63.713
140.545 3 -21.6867 5.91121 -218.611 -0.707998 0.622268 -0.225784 -0.246056 2.45 2.1 6 0.048 4.382 13 63.713
140.584 3 -21.6867 5.90534 -218.612 -0.707998 0.622268 -0.225784 -0.246056 2.45 2.1 6 0.048 4.382 13 63.713
140.613 3 -21.6864 5.9266 -218.609 -0.707998 0.622268 -0.225784 -0.246056 2.45 2.1 6 0.048 4.382 13 63.713
140.641 3 -21.6862 5.94153 -218.606 -0.707998 0.622268 -0.225784 -0.246056 2.45 2.1 6 0.048 4.382 13 63.713
140.657 3 -21.686 5.95104 -218.604 -0.707998 0.622268 -0.225784 -0.246056 2.45 2.1 6 0.048 4.382 13 63.713
140.697 3 -21.6858 5.96141 -218.602 -0.707998 0.622268 -0.225784 -0.246056 2.45 2.1 6 0.048 4.382 13 63.713
140.713 3 -21.6856 5.96897 -218.601 -0.707998 0.622268 -0.225784 -0.246056 2.45 2.1 6 0.048 4.382 13 63.713
140.753 3 -21.6858 5.94673 -218.603 -0.707998 0.622268 -0.225784 -0.246056 2.45 2.1 6 0.048 4.382 13 63.713
140.781 3 -21.6859 5.93895 -218.604 -0.707998 0.622268 -0.225784 -0.246056 2.45 2.1 6 0.048 4.382 13 63.713
140.809 3 -21.6859 5.93507 -218.604 -0.707998 0.622268 -0.225784 -0.246056 2.45 2.1 6 0.048 4.382 13 63.713
140.836 3 -21.6856 5.95591 -218.601 -0.707998 0.622268 -0.225784 -0.246056 2.45 2.1 6 0.048 4.422 13 63.713
140.853 3 -21.6854 5.96738 -218.599 -0.707998 0.622268 -0.225784 -0.246056 2.45 2.1 6 0.048 4.422 13 63.713
140.889 3 -21.6852 5.98104 -218.597 -0.707998 0.622268 -0.225784 -0.246056 2.45 2.1 6 0.048 4.502 13 63.713
140.905 3 -21.685 5.98964 -218.595 -0.707998 0.622268 -0.225784 -0.246056 2.45 2.1 6 0.048 4.502 13 63.713
140.942 3 -21.6848 5.9971 -218.594 -0.707998 0.622268 -0.225784 -0.246056 2.45 2.1 6 0.048 4.502 13 63.713
140.969 3 -21.6849 5.98209 -218.595 -0.707998 0.622268 -0.225784 -0.246056 2.45 2.1 6 0.048 4.502 13 63.713
140.996 3 -21.685 5.97282 -218.596 -0.707998 0.622268 -0.225784 -0.246056 2.45 2.1 6 0.048 4.502 13 63.713
141.023 3 -21.6851 5.96715 -218.596 -0.707998 0.622268 -0.225784 -0.246056 2.45 2.1 6 0.048 4.502 13 63.713
141.04 3 -21.6851 5.96551 -218.596 -0.707998 0.622268 -0.225784 -0.246056 2.45 2.1 6 0.048 4.502 13 63.713
141.077 3 -21.6847 5.99058 -218.593 -0.707998 0.622268 -0.225784 -0.246056 2.45 2.1 6 0.048 4.502 13 63.713
141.093 3 -21.6845 6.00156 -218.591 -0.707998 0.622268 -0.225784 -0.246056 2.45 2.1 6 0.048 4.502 13 63.713
141.129 3 -21.6843 6.01441 -218.589 -0.707998 0.622268 -0.225784 -0.246056 2.45 2.1 6 0.048 4.542 13 63.713
141.156 3 -21.6841 6.02309 -218.587 -0.707998 0.622268 -0.225784 -0.246056 2.45 2.1 6 0.048 4.542 13 63.713
141.183 3 -21.6842 6.00808 -218.588 -0.707998 0.622268 -0.225784 -0.246056 2.45 2.1 6 0.048 4.542 13 63.713
141.21 3 -21.6843 5.99901 -218.589 -0.707998 0.622268 -0.225784 -0.246056 2.45 2.1 6 0.048 4.542 13 63.713
141.227 3 -21.6843 5.99618 -218.589 -0.707998 0.622268 -0.225784 -0.246056 2.45 2.1 6 0.048 4.542 13 63.713
141.264 3 -21.684 6.01916 -218.586 -0.707998 0.622268 -0.225784 -0.246056 2.45 2.1 6 0.048 4.542 13 63.713
141.281 3 -21.6838 6.02969 -218.584 -0.707998 0.622268 -0.225784 -0.246056 2.45 2.1 6 0.048 4.542 13 63.713
141.317 3 -21.6835 6.04178 -218.582 -0.707998 0.622268 -0.225784 -0.246056 2.45 2.1 6 0.048 4.542 13 63.713
141.343 3 -21.6833 6.05089 -218.58 -0.707998 0.622268 -0.225784 -0.246056 2.45 2.1 6 0.048 4.542 13 63.713
141.37 3 -21.6832 6.0582 -218.579 -0.707998 0.622268 -0.225784 -0.246056 2.45 2.1 6 0.048 4.542 13 63.713
141.398 3 -21.6833 6.04227 -218.58 -0.707998 0.622268 -0.225784 -0.246056 2.45 2.1 6 0.048 4.542 13 63.713
141.414 3 -21.6834 6.03686 -218.58 -0.707998 0.622268 -0.225784 -0.246056 2.45 2.1 6 0.048 4.542 13 63.713
141.451 3 -21.6835 6.02751 -218.581 -0.707998 0.622268 -0.225784 -0.246056 2.45 2.1 6 0.048 4.542 13 63.713
141.467 3 -21.6835 6.02577 -218.581 -0.707998 0.622268 -0.225784 -0.246056 2.45 2.1 6 0.048 4.542 13 63.713
141.504 3 -21.6831 6.05069 -218.578 -0.707998 0.622268 -0.225784 -0.246056 2.45 2.1 6 0.048 4.542 13 63.713
141.531 3 -21.6829 6.06438 -218.576 -0.707998 0.622268 -0.225784 -0.246056 2.45 2.1 6 0.048 4.542 13 63.713
141.558 3 -21.6826 6.07538 -218.574 -0.707998 0.622268 -0.225784 -0.246056 2.45 2.1 6 0.048 4.542 13 63.713
141.585 3 -21.6824 6.08382 -218.572 -0.707998 0.622268 -0.225784 -0.246056 2.45 2.1 6 0.048 4.542 13 63.713
141.601 3 -21.6825 6.07528 -218.573 -0.707998 0.622268 -0.225784 -0.246056 2.45 2.1 6 0.048 4.542 13 63.713
141.638 3 -21.6827 6.06045 -218.574 -0.707998 0.622268 -0.225784 -0.246056 2.45 2.1 6 0.048 4.542 13 63.713
141.654 3 -21.6827 6.05754 -218.574 -0.707998 0.622268 -0.225784 -0.246056 2.45 2.1 6 0.048 4.542 13 63.713
141.692 3 -21.6823 6.08047 -218.571 -0.707998 0.622268 -0.225784 -0.246056 2.45 2.1 6 0.048 4.542 13 63.713
141.718 3 -21.6821 6.09336 -218.569 -0.707998 0.622268 -0.225784 -0.246056 2.45 2.1 6 0.048 4.542 13 63.713
141.745 3 -21.6819 6.10389 -218.567 -0.707998 0.622268 -0.225784 -0.246056 2.45 2.1 6 0.048 4.542 13 63.713
141.772 3 -21.6817 6.11279 -218.565 -0.707998 0.622268 -0.225784 -0.246056 2.45 2.1 6 0.048 4.542 13 63.713
141.789 3 -21.6815 6.12004 -218.563 -0.707998 0.622268 -0.225784 -0.246056 2.45 2.1 6 0.048 4.542 13 63.713
141.825 3 -21.6817 6.09849 -218.566 -0.707998 0.622268 -0.225784 -0.246056 2.45 2.1 6 0.048 4.542 13 63.713
141.842 3 -21.6818 6.09391 -218.566 -0.707998 0.622268 -0.225784 -0.246056 2.45 2.1 6 0.048 4.542 13 63.713
141.878 3 -21.6818 6.08735 -218.566 -0.707998 0.622268 -0.225784 -0.246056 2.45 2.1 6 0.048 4.542 13 63.713
141.905 3 -21.6815 6.10747 -218.564 -0.707998 0.622268 -0.225784 -0.246056 2.45 2.1 6 0.048 4.542 13 63.713
141.932 3 -21.6813 6.12189 -218.561 -0.707998 0.622268 -0.225784 -0.246056 2.45 2.1 6 0.048 4.542 13 63.713
141.959 3 -21.681 6.1333 -218.559 -0.707998 0.622268 -0.225784 -0.246056 2.45 2.1 6 0.048 4.542 13 63.713
141.975 3 -21.6809 6.14141 -218.558 -0.707998 0.622268 -0.225784 -0.246056 2.45 2.1 6 0.048 4.542 13 63.713
142.013 3 -21.6811 6.12133 -218.56 -0.707998 0.622268 -0.225784 -0.246056 2.45 2.1 6 0.048 4.542 13 63.713
142.029 3 -21.6811 6.11708 -218.56 -0.707998 0.622268 -0.225784 -0.246056 2.45 2.1 6 0.048 4.542 13 63.713
142.065 3 -21.6812 6.11104 -218.56 -0.707998 0.622268 -0.225784 -0.246056 2.45 2.1 6 0.048 4.542 13 63.713
142.093 3 -21.6809 6.13127 -218.558 -0.707998 0.622268 -0.225784 -0.246056 2.45 2.1 6 0.048 4.542 13 63.713
142.119 3 -21.6806 6.1459 -218.555 -0.707998 0.622268 -0.225784 -0.246056 2.45 2.1 6 0.048 4.542 13 63.713
142.146 3 -21.6804 6.15741 -218.553 -0.707998 0.622268 -0.225784 -0.246056 2.45 2.1 6 0.048 4.542 13 63.713
142.163 3 -21.6802 6.16585 -218.552 -0.707998 0.622268 -0.225784 -0.246056 2.45 2.1 6 0.048 4.542 13 63.713
142.199 3 -21.68 6.17434 -218.55 -0.707998 0.622268 -0.225784 -0.246056 2.45 2.1 6 0.048 4.542 13 63.713
142.216 3 -21.6798 6.18149 -218.548 -0.707998 0.622268 -0.225784 -0.246056 2.45 2.1 6 0.048 4.542 13 63.713
142.253 3 -21.6801 6.15993 -218.55 -0.707998 0.622268 -0.225784 -0.246056 2.45 2.1 6 0.048 4.542 13 63.713
142.279 3 -21.6801 6.15258 -218.551 -0.707998 0.622268 -0.225784 -0.246056 2.45 2.1 6 0.048 4.542 13 63.713
142.307 3 -21.6798 6.17096 -218.548 -0.707998 0.622268 -0.225784 -0.246056 2.45 2.1 6 0.048 4.542 13 63.713
142.333 3 -21.6796 6.18433 -218.546 -0.707998 0.622268 -0.225784 -0.246056 2.45 2.1 6 0.048 4.542 13 63.713
142.35 3 -21.6794 6.19347 -218.544 -0.707998 0.622268 -0.225784 -0.246056 2.45 2.1 6 0.048 4.542 13 63.713
142.387 3 -21.6792 6.20317 -218.542 -0.707998 0.622268 -0.225784 -0.246056 2.45 2.1 6 0.048 4.542 13 63.713
142.403 3 -21.679 6.21058 -218.541 -0.707998 0.622268 -0.225784 -0.246056 2.45 2.1 6 0.048 4.542 13 63.713
142.44 3 -21.6793 6.18955 -218.543 -0.707998 0.622268 -0.225784 -0.246056 2.45 2.1 6 0.048 4.542 13 63.713
142.467 3 -21.6793 6.18157 -218.544 -0.707998 0.622268 -0.225784 -0.246056 2.45 2.1 6 0.048 4.542 13 63.713
142.494 3 -21.6794 6.17739 -218.544 -0.707998 0.622268 -0.225784 -0.246056 2.45 2.1 6 0.048 4.542 13 63.713
142.521 3 -21.6791 6.19789 -218.541 -0.707998 0.622268 -0.225784 -0.246056 2.45 2.1 6 0.048 4.542 13 63.713
142.538 3 -21.6789 6.20927 -218.539 -0.707998 0.622268 -0.225784 -0.246056 2.45 2.1 6 0.048 4.542 13 63.713
142.574 3 -21.6786 6.22282 -218.537 -0.707998 0.622268 -0.225784 -0.246056 2.45 2.1 6 0.048 4.542 13 63.713
142.591 3 -21.6784 6.23138 -218.535 -0.707998 0.622268 -0.225784 -0.246056 2.45 2.1 6 0.048 4.542 13 63.713
142.627 3 -21.6782 6.24007 -218.533 -0.707998 0.622268 -0.225784 -0.246056 2.45 2.1 6 0.048 4.542 13 63.713
142.654 3 -21.678 6.24788 -218.532 -0.707998 0.622268 -0.225784 -0.246056 2.45 2.1 6 0.048 4.542 13 63.713
142.681 3 -21.6779 6.25438 -218.53 -0.707998 0.622268 -0.225784 -0.246056 2.45 2.1 6 0.048 4.542 13 63.713
142.709 3 -21.678 6.23788 -218.532 -0.707998 0.622268 -0.225784 -0.246056 2.45 2.1 6 0.048 4.542 13 63.713
142.725 3 -21.6781 6.23219 -218.532 -0.707998 0.622268 -0.225784 -0.246056 2.45 2.1 6 0.048 4.542 13 63.713
142.761 3 -21.6782 6.22276 -218.533 -0.707998 0.622268 -0.225784 -0.246056 2.45 2.1 6 0.048 4.542 13 63.713
142.778 3 -21.6782 6.22095 -218.533 -0.707998 0.622268 -0.225784 -0.246056 2.45 2.1 6 0.048 4.542 13 63.713
142.816 3 -21.6778 6.24596 -218.529 -0.707998 0.622268 -0.225784 -0.246056 2.45 2.23 6 0.048 4.542 13 63.713
142.841 3 -21.6775 6.25949 -218.527 -0.707998 0.622268 -0.225784 -0.246056 2.45 2.23 6 0.048 4.542 13 63.713
142.868 3 -21.6773 6.27044 -218.525 -0.707998 0.622268 -0.225784 -0.246056 2.45 2.23 6 0.048 4.542 13 63.713
142.896 3 -21.6771 6.2796 -218.523 -0.707998 0.622268 -0.225784 -0.246056 2.45 2.23 6 0.048 4.542 13 63.713
142.912 3 -21.677 6.28723 -218.522 -0.707998 0.622268 -0.225784 -0.246056 2.45 2.23 6 0.048 4.542 13 63.713
142.949 3 -21.6768 6.29432 -218.52 -0.707998 0.622268 -0.225784 -0.246056 2.45 2.23 6 0.048 4.542 13 63.713
142.965 3 -21.6766 6.30147 -218.518 -0.707998 0.622268 -0.225784 -0.246056 2.45 2.23 6 0.048 4.542 13 63.713
143.002 3 -21.6764 6.3077 -218.517 -0.707998 0.622268 -0.225784 -0.246056 2.45 2.23 6 0.048 4.542 13 63.713
143.029 3 -21.6762 6.31459 -218.515 -0.707998 0.622268 -0.225784 -0.246056 2.45 2.23 6 0.048 4.542 13 63.713
143.056 3 -21.6761 6.32126 -218.514 -0.707998 0.622268 -0.225784 -0.246056 2.45 2.23 6 0.048 4.542 13 63.713
143.083 3 -21.6759 6.32781 -218.512 -0.707998 0.622268 -0.225784 -0.246056 2.45 2.23 6 0.048 4.542 13 63.713
143.099 3 -21.6757 6.33455 -218.51 -0.707998 0.622268 -0.225784 -0.246056 2.45 2.23 6 0.048 4.542 13 63.713
143.136 3 -21.6756 6.34009 -218.509 -0.707998 0.622268 -0.225784 -0.246056 2.45 2.269 6 0.048 4.542 13 63.713
143.153 3 -21.6754 6.3469 -218.507 -0.707998 0.622268 -0.225784 -0.246056 2.45 2.269 6 0.048 4.542 13 63.713
143.189 3 -21.6752 6.35256 -218.506 -0.707998 0.622268 -0.225784 -0.246056 2.45 2.348 6 0.048 4.542 13 63.713
143.216 3 -21.675 6.35851 -218.504 -0.707998 0.622268 -0.225784 -0.246056 2.45 2.388 6 0.048 4.542 13 63.713
143.243 3 -21.6752 6.34171 -218.506 -0.707998 0.622268 -0.225784 -0.246056 2.45 2.467 6 0.048 4.542 13 63.713
143.27 3 -21.6753 6.33241 -218.507 -0.707998 0.622268 -0.225784 -0.246056 2.45 2.467 6 0.048 4.542 13 63.713
143.431 3 -21.6749 6.35576 -218.503 -0.707998 0.622268 -0.225784 -0.246056 2.45 2.585 6 0.048 4.542 13 63.713
143.448 3 -21.6747 6.36551 -218.501 -0.707998 0.622268 -0.225784 -0.246056 2.45 2.585 6 0.048 4.542 13 63.713
143.465 3 -21.6745 6.37435 -218.499 -0.707998 0.622268 -0.225784 -0.246056 2.45 2.585 6 0.048 4.542 13 63.713
143.481 3 -21.6743 6.38252 -218.498 -0.707998 0.622268 -0.225784 -0.246056 2.45 2.585 6 0.048 4.542 13 63.713
143.498 3 -21.6742 6.3902 -218.496 -0.707998 0.622268 -0.225784 -0.246056 2.45 2.585 6 0.048 4.542 13 63.713
143.515 3 -21.674 6.39722 -218.494 -0.707998 0.622268 -0.225784 -0.246056 2.45 2.585 6 0.048 4.542 13 63.713
143.531 3 -21.674 6.388 -218.495 -0.707998 0.622268 -0.225784 -0.246056 2.45 2.585 6 0.048 4.542 13 63.713
143.548 3 -21.6741 6.38122 -218.495 -0.707998 0.622268 -0.225784 -0.246056 2.45 2.585 6 0.048 4.542 13 63.713
143.565 3 -21.6741 6.37623 -218.496 -0.707998 0.622268 -0.225784 -0.246056 2.45 2.585 6 0.048 4.542 13 63.713
143.581 3 -21.6741 6.37256 -218.496 -0.707998 0.622268 -0.225784 -0.246056 2.45 2.585 6 0.048 4.542 13 63.713
143.598 3 -21.6741 6.36987 -218.496 -0.707998 0.622268 -0.225784 -0.246056 2.45 2.585 6 0.048 4.542 13 63.713
143.615 3 -21.6742 6.36788 -218.496 -0.707998 0.622268 -0.225784 -0.246056 2.45 2.585 6 0.048 4.542 13 63.713
143.631 3 -21.6742 6.36671 -218.496 -0.707998 0.622268 -0.225784 -0.246056 2.45 2.585 6 0.048 4.542 13 63.713
143.648 3 -21.6739 6.3819 -218.494 -0.707998 0.622268 -0.225784 -0.246056 2.45 2.585 6 0.048 4.542 13 63.713
143.671 3 -21.6737 6.39776 -218.492 -0.707998 0.622268 -0.225784 -0.246056 2.45 2.585 6 0.048 4.542 13 63.713
143.688 3 -21.6735 6.4084 -218.49 -0.707998 0.622268 -0.225784 -0.246056 2.45 2.624 6 0.048 4.542 13 63.713
143.725 3 -21.6732 6.42071 -218.488 -0.707998 0.622268 -0.225784 -0.246056 2.45 2.624 6 0.048 4.542 13 63.713
143.741 3 -21.6731 6.42869 -218.486 -0.707998 0.622268 -0.225784 -0.246056 2.45 2.664 6 0.048 4.542 13 63.713
143.778 3 -21.6733 6.40874 -218.488 -0.707998 0.622268 -0.225784 -0.246056 2.45 2.664 6 0.048 4.542 13 63.713
143.804 3 -21.6734 6.40109 -218.489 -0.707998 0.622268 -0.225784 -0.246056 2.45 2.703 6 0.048 4.542 13 63.713
143.821 3 -21.6734 6.39873 -218.489 -0.707998 0.622268 -0.225784 -0.246056 2.45 2.703 6 0.048 4.542 13 63.713
143.858 3 -21.673 6.42248 -218.486 -0.707998 0.622268 -0.225784 -0.246056 2.45 2.743 6 0.048 4.542 13 63.713
143.875 3 -21.6728 6.43319 -218.484 -0.707998 0.622268 -0.225784 -0.246056 2.45 2.743 6 0.048 4.542 13 63.713
143.911 3 -21.6726 6.44559 -218.482 -0.707998 0.622268 -0.225784 -0.246056 2.45 2.782 6 0.048 4.542 13 63.713
143.927 3 -21.6724 6.45389 -218.48 -0.707998 0.622268 -0.225784 -0.246056 2.45 2.782 6 0.048 4.542 13 63.713
143.964 3 -21.6722 6.46086 -218.478 -0.707998 0.622268 -0.225784 -0.246056 2.45 2.822 6 0.048 4.542 13 63.713
143.991 3 -21.6724 6.44555 -218.48 -0.707998 0.622268 -0.225784 -0.246056 2.45 2.861 6 0.048 4.542 13 63.713
144.007 3 -21.6724 6.44025 -218.48 -0.707998 0.622268 -0.225784 -0.246056 2.45 2.861 6 0.048 4.542 13 63.713
144.043 3 -21.6725 6.43116 -218.481 -0.707998 0.622268 -0.225784 -0.246056 2.45 2.9 6 0.048 4.542 13 63.713
144.06 3 -21.6725 6.42945 -218.481 -0.707998 0.622268 -0.225784 -0.246056 2.45 2.9 6 0.048 4.542 13 63.713
144.097 3 -21.6721 6.45454 -218.477 -0.707998 0.622268 -0.225784 -0.246056 2.45 2.979 6 0.048 4.542 13 63.713
144.114 3 -21.6719 6.46546 -218.476 -0.707998 0.622268 -0.225784 -0.246056 2.45 3.019 6 0.048 4.542 13 63.713
144.15 3 -21.6717 6.47818 -218.473 -0.707998 0.622268 -0.225784 -0.246056 2.45 3.058 6 0.048 4.542 13 63.713
144.177 3 -21.6715 6.48758 -218.471 -0.707998 0.622268 -0.225784 -0.246056 2.45 3.098 6 0.048 4.542 13 63.713
144.193 3 -21.6713 6.4953 -218.47 -0.707998 0.622268 -0.225784 -0.246056 2.45 3.098 6 0.048 4.542 13 63.713
144.23 3 -21.6711 6.50255 -218.468 -0.707998 0.622268 -0.225784 -0.246056 2.45 3.137 6 0.048 4.542 13 63.713
144.246 3 -21.6709 6.50973 -218.467 -0.707998 0.622268 -0.225784 -0.246056 2.45 3.137 6 0.048 4.542 13 63.713
144.283 3 -21.6708 6.516 -218.465 -0.707998 0.622268 -0.225784 -0.246056 2.45 3.216 6 0.048 4.542 13 63.713
144.3 3 -21.6706 6.52268 -218.463 -0.707998 0.622268 -0.225784 -0.246056 2.45 3.255 6 0.048 4.542 13 63.713
144.336 3 -21.6708 6.50049 -218.466 -0.707998 0.622268 -0.225784 -0.246056 2.45 3.295 6 0.048 4.542 13 63.713
144.363 3 -21.6709 6.49199 -218.466 -0.707998 0.622268 -0.225784 -0.246056 2.45 3.334 6 0.048 4.542 13 63.713
144.379 3 -21.6709 6.48903 -218.466 -0.707998 0.622268 -0.225784 -0.246056 2.45 3.334 6 0.048 4.542 13 63.713
144.416 3 -21.671 6.4839 -218.467 -0.707998 0.622268 -0.225784 -0.246056 2.45 3.374 6 0.048 4.542 13 63.713
144.433 3 -21.671 6.48278 -218.467 -0.707998 0.622268 -0.225784 -0.246056 2.45 3.374 6 0.048 4.542 13 63.713
144.469 3 -21.671 6.48085 -218.467 -0.707998 0.622268 -0.225784 -0.246056 2.45 3.374 6 0.048 4.542 13 63.713
144.486 3 -21.671 6.48073 -218.467 -0.707998 0.622268 -0.225784 -0.246056 2.45 3.374 6 0.048 4.542 13 63.713
144.523 3 -21.6706 6.50842 -218.464 -0.707998 0.622268 -0.225784 -0.246056 2.45 3.374 6 0.048 4.542 13 63.713
144.55 3 -21.6703 6.5233 -218.461 -0.707998 0.622268 -0.225784 -0.246056 2.45 3.413 6 0.048 4.542 13 63.713
144.566 3 -21.6702 6.53295 -218.459 -0.707998 0.622268 -0.225784 -0.246056 2.45 3.413 6 0.048 4.542 13 63.713
144.603 3 -21.6699 6.54354 -218.457 -0.707998 0.622268 -0.225784 -0.246056 2.45 3.453 6 0.048 4.542 13 63.713
144.619 3 -21.6698 6.55144 -218.456 -0.707998 0.622268 -0.225784 -0.246056 2.45 3.453 6 0.048 4.542 13 63.713
144.656 3 -21.6696 6.55899 -218.454 -0.707998 0.622268 -0.225784 -0.246056 2.45 3.492 6 0.048 4.542 13 63.713
144.673 3 -21.6694 6.56624 -218.452 -0.707998 0.622268 -0.225784 -0.246056 2.45 3.492 6 0.048 4.542 13 63.713
144.709 3 -21.6692 6.57138 -218.451 -0.707998 0.622268 -0.225784 -0.246056 2.45 3.492 6 0.048 4.542 13 63.713
144.736 3 -21.6694 6.55525 -218.452 -0.707998 0.622268 -0.225784 -0.246056 2.45 3.531 6 0.048 4.542 13 63.713
144.753 3 -21.6694 6.54973 -218.453 -0.707998 0.622268 -0.225784 -0.246056 2.45 3.531 6 0.048 4.542 13 63.713
144.789 3 -21.6695 6.54023 -218.454 -0.707998 0.622268 -0.225784 -0.246056 2.45 3.531 6 0.048 4.542 13 63.713
144.806 3 -21.6695 6.53815 -218.454 -0.707998 0.622268 -0.225784 -0.246056 2.45 3.571 6 0.048 4.542 13 63.713
144.843 3 -21.6696 6.53451 -218.454 -0.707998 0.622268 -0.225784 -0.246056 2.45 3.571 6 0.048 4.542 13 63.713
144.859 3 -21.6696 6.53373 -218.454 -0.707998 0.622268 -0.225784 -0.246056 2.45 3.571 6 0.048 4.542 13 63.713
144.896 3 -21.6696 6.53239 -218.454 -0.707998 0.622268 -0.225784 -0.246056 2.45 3.571 6 0.048 4.542 13 63.713
144.923 3 -21.6696 6.53187 -218.454 -0.707998 0.622268 -0.225784 -0.246056 2.45 3.61 6 0.048 4.542 13 63.713
144.94 3 -21.6696 6.53169 -218.454 -0.707998 0.622268 -0.225784 -0.246056 2.45 3.61 6 0.048 4.542 13 63.713
144.976 3 -21.6696 6.53138 -218.454 -0.707998 0.622268 -0.225784 -0.246056 2.45 3.61 6 0.048 4.542 13 63.713
144.993 3 -21.6696 6.53132 -218.454 -0.707998 0.622268 -0.225784 -0.246056 2.45 3.61 6 0.048 4.542 13 63.713
145.03 3 -21.6696 6.5312 -218.454 -0.707998 0.622268 -0.225784 -0.246056 2.45 3.61 6 0.048 4.542 13 63.713
145.046 3 -21.6696 6.53117 -218.454 -0.707998 0.622268 -0.225784 -0.246056 2.45 3.61 6 0.048 4.542 13 63.713
145.083 3 -21.6696 6.53113 -218.454 -0.707998 0.622268 -0.225784 -0.246056 2.45 3.61 6 0.048 4.542 13 63.713
145.11 3 -21.6696 6.53111 -218.454 -0.707998 0.622268 -0.225784 -0.246056 2.45 3.61 6 0.048 4.542 13 63.713
145.126 3 -21.6696 6.53111 -218.454 -0.707998 0.622268 -0.225784 -0.246056 2.45 3.61 6 0.048 4.542 13 63.713
145.163 3 -21.6696 6.5311 -218.454 -0.707998 0.622268 -0.225784 -0.246056 2.45 3.61 6 0.048 4.542 13 63.713
145.18 3 -21.6696 6.5311 -218.454 -0.707998 0.622268 -0.225784 -0.246056 2.45 3.61 6 0.048 4.542 13 63.713
145.216 3 -21.6696 6.53109 -218.454 -0.707998 0.622268 -0.225784 -0.246056 2.45 3.61 6 0.048 4.542 13 63.713
145.233 3 -21.6696 6.53109 -218.454 -0.707998 0.622268 -0.225784 -0.246056 2.45 3.61 6 0.048 4.542 13 63.713
145.27 3 -21.6696 6.53109 -218.454 -0.707998 0.622268 -0.225784 -0.246056 2.45 3.65 6 0.048 4.542 13 63.713
145.297 3 -21.6696 6.53109 -218.454 -0.707998 0.622268 -0.225784 -0.246056 2.45 3.65 6 0.048 4.542 13 63.713
145.313 3 -21.6696 6.53109 -218.454 -0.707998 0.622268 -0.225784 -0.246056 2.45 3.65 6 0.048 4.542 13 63.713
145.35 3 -21.6696 6.53109 -218.454 -0.707998 0.622268 -0.225784 -0.246056 2.45 3.65 6 0.048 4.542 13 63.713
145.366 3 -21.6696 6.53109 -218.454 -0.707998 0.622268 -0.225784 -0.246056 2.45 3.65 6 0.048 4.542 13 63.713
145.404 3 -21.6696 6.53109 -218.454 -0.707998 0.622268 -0.225784 -0.246056 2.45 3.65 6 0.048 4.542 13 63.713
145.42 3 -21.6696 6.53109 -218.454 -0.707998 0.622268 -0.225784 -0.246056 2.45 3.65 6 0.048 4.542 13 63.713
145.457 3 -21.6696 6.53109 -218.454 -0.707998 0.622268 -0.225784 -0.246056 2.45 3.65 6 0.048 4.542 13 63.713
145.484 3 -21.6696 6.53109 -218.454 -0.707998 0.622268 -0.225784 -0.246056 2.45 3.65 6 0.048 4.542 13 63.713
145.5 3 -21.6696 6.53109 -218.454 -0.707998 0.622268 -0.225784 -0.246056 2.45 3.65 6 0.048 4.542 13 63.713
145.537 3 -21.6696 6.53109 -218.454 -0.707998 0.622268 -0.225784 -0.246056 2.45 3.65 6 0.048 4.542 13 63.713
145.553 3 -21.6696 6.53109 -218.454 -0.707998 0.622268 -0.225784 -0.246056 2.45 3.65 6 0.048 4.542 13 63.713
145.59 3 -21.6696 6.53109 -218.454 -0.707998 0.622268 -0.225784 -0.246056 2.45 3.689 6 0.048 4.542 13 63.713
145.607 3 -21.6696 6.53109 -218.454 -0.707998 0.622268 -0.225784 -0.246056 2.45 3.689 6 0.048 4.542 13 63.713
145.644 3 -21.6696 6.53109 -218.454 -0.707998 0.622268 -0.225784 -0.246056 2.45 3.689 6 0.048 4.542 13 63.713
145.67 3 -21.6696 6.53109 -218.454 -0.707998 0.622268 -0.225784 -0.246056 2.45 3.689 6 0.048 4.542 13 63.713
145.687 3 -21.6696 6.53109 -218.454 -0.707998 0.622268 -0.225784 -0.246056 2.45 3.729 6 0.048 4.542 13 63.713
145.723 3 -21.6696 6.53109 -218.454 -0.707998 0.622268 -0.225784 -0.246056 2.45 3.729 6 0.048 4.542 13 63.713
145.74 3 -21.6696 6.53109 -218.454 -0.707998 0.622268 -0.225784 -0.246056 2.45 3.729 6 0.048 4.542 13 63.713
145.777 3 -21.6696 6.53109 -218.454 -0.707998 0.622268 -0.225784 -0.246056 2.45 3.768 6 0.048 4.542 13 63.713
145.794 3 -21.6696 6.53109 -218.454 -0.707998 0.622268 -0.225784 -0.246056 2.45 3.768 6 0.048 4.542 13 63.713
145.83 3 -21.6696 6.53109 -218.454 -0.707998 0.622268 -0.225784 -0.246056 2.45 3.808 6 0.048 4.542 13 63.713
145.857 3 -21.6696 6.53109 -218.454 -0.707998 0.622268 -0.225784 -0.246056 2.45 3.808 6 0.048 4.542 13 63.713
145.873 3 -21.6696 6.53109 -218.454 -0.707998 0.622268 -0.225784 -0.246056 2.45 3.808 6 0.048 4.542 13 63.713
145.91 3 -21.6696 6.53109 -218.454 -0.707998 0.622268 -0.225784 -0.246056 2.45 3.808 6 0.048 4.542 13 63.713
145.927 3 -21.6696 6.53109 -218.454 -0.707998 0.622268 -0.225784 -0.246056 2.45 3.808 6 0.048 4.542 13 63.713
145.963 3 -21.6696 6.53109 -218.454 -0.707998 0.622268 -0.225784 -0.246056 2.45 3.808 6 0.048 4.542 13 63.713
145.98 3 -21.6696 6.53109 -218.454 -0.707998 0.622268 -0.225784 -0.246056 2.45 3.808 6 0.048 4.542 13 63.713
146.016 3 -21.6696 6.53109 -218.454 -0.707998 0.622268 -0.225784 -0.246056 2.45 3.808 6 0.048 4.542 13 63.713
146.043 3 -21.6696 6.53109 -218.454 -0.707998 0.622268 -0.225784 -0.246056 2.45 3.847 6 0.048 4.542 13 63.713
146.06 3 -21.6696 6.53109 -218.454 -0.707998 0.622268 -0.225784 -0.246056 2.45 3.847 6 0.048 4.542 13 63.713
146.096 3 -21.6696 6.53109 -218.454 -0.707998 0.622268 -0.225784 -0.246056 2.45 3.847 6 0.048 4.542 13 63.713
146.113 3 -21.6696 6.53109 -218.454 -0.707998 0.622268 -0.225784 -0.246056 2.45 3.847 6 0.048 4.542 13 63.713
146.149 3 -21.6696 6.53109 -218.454 -0.707998 0.622268 -0.225784 -0.246056 2.45 3.886 6 0.048 4.542 13 63.713
146.166 3 -21.6696 6.53109 -218.454 -0.707998 0.622268 -0.225784 -0.246056 2.45 3.886 6 0.048 4.542 13 63.713
146.202 3 -21.6696 6.53109 -218.454 -0.707998 0.622268 -0.225784 -0.246056 2.45 3.926 6 0.048 4.542 13 63.713
146.229 3 -21.6696 6.53109 -218.454 -0.707998 0.622268 -0.225784 -0.246056 2.45 3.926 6 0.048 4.542 13 63.713
146.246 3 -21.6696 6.53109 -218.454 -0.707998 0.622268 -0.225784 -0.246056 2.45 3.926 6 0.048 4.542 13 63.713
146.282 3 -21.6696 6.53109 -218.454 -0.707998 0.622268 -0.225784 -0.246056 2.45 3.965 6 0.048 4.542 13 63.713
146.299 3 -21.6696 6.53109 -218.454 -0.707998 0.622268 -0.225784 -0.246056 2.45 3.965 6 0.048 4.542 13 63.713
146.336 3 -21.6696 6.53109 -218.454 -0.707998 0.622268 -0.225784 -0.246056 2.45 3.965 6 0.048 4.542 13 63.713
146.352 3 -21.6696 6.53109 -218.454 -0.707998 0.622268 -0.225784 -0.246056 2.45 4.005 6 0.048 4.542 13 63.713
146.389 3 -21.6696 6.53109 -218.454 -0.707998 0.622268 -0.225784 -0.246056 2.45 4.044 6 0.048 4.542 13 63.713
146.415 3 -21.6696 6.53109 -218.454 -0.707998 0.622268 -0.225784 -0.246056 2.45 4.044 6 0.048 4.542 13 63.713
146.432 3 -21.6696 6.53109 -218.454 -0.707998 0.622268 -0.225784 -0.246056 2.45 4.044 6 0.048 4.542 13 63.713
146.468 3 -21.6696 6.53109 -218.454 -0.707998 0.622268 -0.225784 -0.246056 2.45 4.084 6 0.048 4.542 13 63.713
146.485 3 -21.6696 6.53109 -218.454 -0.707998 0.622268 -0.225784 -0.246056 2.45 4.084 6 0.048 4.542 13 63.713
146.522 3 -21.6696 6.53109 -218.454 -0.707998 0.622268 -0.225784 -0.246056 2.45 4.123 6 0.048 4.542 13 63.713
146.538 3 -21.6696 6.53109 -218.454 -0.707998 0.622268 -0.225784 -0.246056 2.45 4.123 6 0.048 4.542 13 63.713
146.575 3 -21.6696 6.53109 -218.454 -0.707998 0.622268 -0.225784 -0.246056 2.45 4.123 6 0.048 4.542 13 63.713
146.602 3 -21.6696 6.53109 -218.454 -0.707998 0.622268 -0.225784 -0.246056 2.45 4.123 6 0.048 4.542 13 63.713
146.618 3 -21.6696 6.53109 -218.454 -0.707998 0.622268 -0.225784 -0.246056 2.45 4.163 6 0.048 4.542 13 63.713
146.655 3 -21.6696 6.53109 -218.454 -0.707998 0.622268 -0.225784 -0.246056 2.45 4.163 6 0.048 4.542 13 63.713
146.671 3 -21.6696 6.53109 -218.454 -0.707998 0.622268 -0.225784 -0.246056 2.45 4.163 6 0.048 4.542 13 63.713
146.708 3 -21.6696 6.53109 -218.454 -0.707998 0.622268 -0.225784 -0.246056 2.45 4.202 6 0.048 4.542 13 63.713
146.725 3 -21.6696 6.53109 -218.454 -0.707998 0.622268 -0.225784 -0.246056 2.45 4.202 6 0.048 4.542 13 63.713
146.761 3 -21.6696 6.53109 -218.454 -0.707998 0.622268 -0.225784 -0.246056 2.45 4.241 6 0.048 4.542 13 63.713
146.788 3 -21.6696 6.53109 -218.454 -0.707998 0.622268 -0.225784 -0.246056 2.45 4.241 6 0.048 4.542 13 63.713
146.805 3 -21.6696 6.53109 -218.454 -0.707998 0.622268 -0.225784 -0.246056 2.45 4.241 6 0.048 4.542 13 63.713
146.841 3 -21.6696 6.53109 -218.454 -0.707998 0.622268 -0.225784 -0.246056 2.45 4.281 6 0.048 4.542 13 63.713
146.858 3 -21.6696 6.53109 -218.454 -0.707998 0.622268 -0.225784 -0.246056 2.45 4.281 6 0.048 4.542 13 63.713
146.894 3 -21.6696 6.53109 -218.454 -0.707998 0.622268 -0.225784 -0.246056 2.45 4.32 6 0.048 4.542 13 63.713
146.911 3 -21.6696 6.53109 -218.454 -0.707998 0.622268 -0.225784 -0.246056 2.45 4.32 6 0.048 4.542 13 63.713
146.947 3 -21.6696 6.53109 -218.454 -0.707998 0.622268 -0.225784 -0.246056 2.45 4.36 6 0.048 4.542 13 63.713
146.974 3 -21.6696 6.53109 -218.454 -0.707998 0.622268 -0.225784 -0.246056 2.45 4.36 6 0.048 4.542 13 63.713
146.991 3 -21.6696 6.53109 -218.454 -0.707998 0.622268 -0.225784 -0.246056 2.45 4.36 6 0.048 4.542 13 63.713
147.027 3 -21.6696 6.53109 -218.454 -0.707998 0.622268 -0.225784 -0.246056 2.45 4.36 6 0.048 4.542 13 63.713
147.044 3 -21.6696 6.53109 -218.454 -0.707998 0.622268 -0.225784 -0.246056 2.45 4.36 6 0.048 4.542 13 63.713
147.08 3 -21.6696 6.53109 -218.454 -0.707998 0.622268 -0.225784 -0.246056 2.45 4.36 6 0.048 4.542 13 63.713
147.097 3 -21.6696 6.53109 -218.454 -0.707998 0.622268 -0.225784 -0.246056 2.45 4.36 6 0.048 4.542 13 63.713
147.133 3 -21.6696 6.53109 -218.454 -0.707998 0.622268 -0.225784 -0.246056 2.45 4.36 6 0.048 4.542 13 63.713
147.16 3 -21.6696 6.53109 -218.454 -0.707998 0.622268 -0.225784 -0.246056 2.45 4.36 6 0.048 4.542 13 63.713
147.177 3 -21.6696 6.53109 -218.454 -0.707998 0.622268 -0.225784 -0.246056 2.45 4.36 6 0.048 4.542 13 63.713
147.213 3 -21.6696 6.53109 -218.454 -0.707998 0.622268 -0.225784 -0.246056 2.45 4.36 6 0.048 4.542 13 63.713
147.23 3 -21.6696 6.53109 -218.454 -0.707998 0.622268 -0.225784 -0.246056 2.45 4.36 6 0.048 4.542 13 63.713
147.267 3 -21.6696 6.53109 -218.454 -0.707998 0.622268 -0.225784 -0.246056 2.45 4.36 6 0.048 4.542 13 63.713
147.283 3 -21.6696 6.53109 -218.454 -0.707998 0.622268 -0.225784 -0.246056 2.45 4.36 6 0.048 4.542 13 63.713
147.319 3 -21.6696 6.53109 -218.454 -0.707998 0.622268 -0.225784 -0.246056 2.45 4.399 6 0.048 4.542 13 63.713
147.347 3 -21.6696 6.53109 -218.454 -0.707998 0.622268 -0.225784 -0.246056 2.45 4.399 6 0.048 4.542 13 63.713
147.363 3 -21.6696 6.53109 -218.454 -0.707998 0.622268 -0.225784 -0.246056 2.45 4.399 6 0.048 4.542 13 63.713
147.399 3 -21.6696 6.53109 -218.454 -0.707998 0.622268 -0.225784 -0.246056 2.45 4.399 6 0.048 4.542 13 63.713
147.415 3 -21.6696 6.53109 -218.454 -0.707998 0.622268 -0.225784 -0.246056 2.45 4.399 6 0.048 4.542 13 63.713
147.452 3 -21.6696 6.53109 -218.454 -0.707998 0.622268 -0.225784 -0.246056 2.45 4.399 6 0.048 4.542 13 63.713
147.469 3 -21.6696 6.53109 -218.454 -0.707998 0.622268 -0.225784 -0.246056 2.45 4.399 6 0.048 4.542 13 63.713
147.505 3 -21.6696 6.53109 -218.454 -0.707998 0.622268 -0.225784 -0.246056 2.45 4.399 6 0.048 4.542 13 63.713
147.532 3 -21.6696 6.53109 -218.454 -0.707998 0.622268 -0.225784 -0.246056 2.45 4.399 6 0.048 4.542 13 63.713
147.549 3 -21.6696 6.53109 -218.454 -0.707998 0.622268 -0.225784 -0.246056 2.45 4.399 6 0.048 4.542 13 63.713
147.585 3 -21.6696 6.53109 -218.454 -0.707998 0.622268 -0.225784 -0.246056 2.45 4.399 6 0.048 4.542 13 63.713
147.601 3 -21.6696 6.53109 -218.454 -0.707998 0.622268 -0.225784 -0.246056 2.45 4.399 6 0.048 4.542 13 63.713
147.638 3 -21.6696 6.53109 -218.454 -0.707998 0.622268 -0.225784 -0.246056 2.45 4.399 6 0.048 4.542 13 63.713
147.655 3 -21.6696 6.53109 -218.454 -0.707998 0.622268 -0.225784 -0.246056 2.45 4.399 6 0.048 4.542 13 63.713
147.691 3 -21.6696 6.53109 -218.454 -0.707998 0.622268 -0.225784 -0.246056 2.45 4.399 6 0.048 4.542 13 63.713
147.718 3 -21.6696 6.53109 -218.454 -0.707998 0.622268 -0.225784 -0.246056 2.45 4.399 6 0.048 4.542 13 63.713
147.735 3 -21.6696 6.53109 -218.454 -0.707998 0.622268 -0.225784 -0.246056 2.45 4.399 6 0.048 4.542 13 63.713
147.771 3 -21.6696 6.53109 -218.454 -0.707998 0.622268 -0.225784 -0.246056 2.45 4.399 6 0.048 4.542 13 63.713
147.788 3 -21.6696 6.53109 -218.454 -0.707998 0.622268 -0.225784 -0.246056 2.45 4.399 6 0.048 4.542 13 63.713
147.824 3 -21.6696 6.53109 -218.454 -0.707998 0.622268 -0.225784 -0.246056 2.45 4.399 6 0.048 4.542 13 63.713
147.841 3 -21.6696 6.53109 -218.454 -0.707998 0.622268 -0.225784 -0.246056 2.45 4.399 6 0.048 4.542 13 63.713
147.877 3 -21.6696 6.53109 -218.454 -0.707998 0.622268 -0.225784 -0.246056 2.45 4.399 6 0.048 4.542 13 63.713
147.904 3 -21.6696 6.53109 -218.454 -0.707998 0.622268 -0.225784 -0.246056 2.45 4.399 6 0.048 4.542 13 63.713
147.921 3 -21.6696 6.53109 -218.454 -0.707998 0.622268 -0.225784 -0.246056 2.45 4.399 6 0.048 4.542 13 63.713
147.957 3 -21.6696 6.53109 -218.454 -0.707998 0.622268 -0.225784 -0.246056 2.45 4.399 6 0.048 4.542 13 63.713
147.974 3 -21.6696 6.53109 -218.454 -0.707998 0.622268 -0.225784 -0.246056 2.45 4.399 6 0.048 4.542 13 63.713
148.01 3 -21.6696 6.53109 -218.454 -0.707998 0.622268 -0.225784 -0.246056 2.45 4.399 6 0.048 4.542 13 63.713
148.027 3 -21.6696 6.53109 -218.454 -0.707998 0.622268 -0.225784 -0.246056 2.45 4.399 6 0.048 4.542 13 63.713
148.063 3 -21.6696 6.53109 -218.454 -0.707998 0.622268 -0.225784 -0.246056 2.45 4.399 6 0.048 4.542 13 63.713
148.09 3 -21.6696 6.53109 -218.454 -0.707998 0.622268 -0.225784 -0.246056 2.45 4.399 6 0.048 4.542 13 63.713
148.106 3 -21.6696 6.53109 -218.454 -0.707998 0.622268 -0.225784 -0.246056 2.45 4.399 6 0.048 4.542 13 63.713
148.143 3 -21.6696 6.53109 -218.454 -0.707998 0.622268 -0.225784 -0.246056 2.45 4.399 6 0.048 4.542 13 63.713
148.159 3 -21.6696 6.53109 -218.454 -0.707998 0.622268 -0.225784 -0.246056 2.45 4.399 6 0.048 4.542 13 63.713
148.196 3 -21.6696 6.53109 -218.454 -0.707998 0.622268 -0.225784 -0.246056 2.45 4.399 6 0.048 4.542 13 63.713
148.213 3 -21.6696 6.53109 -218.454 -0.707998 0.622268 -0.225784 -0.246056 2.45 4.399 6 0.048 4.542 13 63.713
148.249 3 -21.6696 6.53109 -218.454 -0.707998 0.622268 -0.225784 -0.246056 2.45 4.399 6 0.048 4.542 13 63.713
148.276 3 -21.6696 6.53109 -218.454 -0.707998 0.622268 -0.225784 -0.246056 2.45 4.399 6 0.048 4.542 13 63.713
148.292 3 -21.6696 6.53109 -218.454 -0.707998 0.622268 -0.225784 -0.246056 2.45 4.399 6 0.048 4.542 13 63.713
148.329 3 -21.6696 6.53109 -218.454 -0.707998 0.622268 -0.225784 -0.246056 2.45 4.399 6 0.048 4.542 13 63.713
148.345 3 -21.6696 6.53109 -218.454 -0.707998 0.622268 -0.225784 -0.246056 2.45 4.399 6 0.048 4.542 13 63.713
148.382 3 -21.6696 6.53109 -218.454 -0.707998 0.622268 -0.225784 -0.246056 2.45 4.399 6 0.048 4.542 13 63.713
148.399 3 -21.6696 6.53109 -218.454 -0.707998 0.622268 -0.225784 -0.246056 2.45 4.399 6 0.048 4.542 13 63.713
148.435 3 -21.6696 6.53109 -218.454 -0.707998 0.622268 -0.225784 -0.246056 2.45 4.399 6 0.048 4.542 13 63.713
148.461 3 -21.6696 6.53109 -218.454 -0.707998 0.622268 -0.225784 -0.246056 2.45 4.399 6 0.048 4.542 13 63.713
148.478 3 -21.6696 6.53109 -218.454 -0.707998 0.622268 -0.225784 -0.246056 2.45 4.399 6 0.048 4.542 13 63.713
148.514 3 -21.6696 6.53109 -218.454 -0.707998 0.622268 -0.225784 -0.246056 2.45 4.399 6 0.048 4.542 13 63.713
148.531 3 -21.6696 6.53109 -218.454 -0.707998 0.622268 -0.225784 -0.246056 2.45 4.399 6 0.048 4.542 13 63.713
148.568 3 -21.6696 6.53109 -218.454 -0.707998 0.622268 -0.225784 -0.246056 2.45 4.399 6 0.048 4.542 13 63.713
148.584 3 -21.6696 6.53109 -218.454 -0.707998 0.622268 -0.225784 -0.246056 2.45 4.399 6 0.048 4.542 13 63.713
148.621 3 -21.6696 6.53109 -218.454 -0.707998 0.622268 -0.225784 -0.246056 2.45 4.399 5.896 0.048 4.542 13 63.713
148.647 3 -21.6696 6.53109 -218.454 -0.707998 0.622268 -0.225784 -0.246056 2.45 4.399 5.896 0.048 4.542 13 63.713
148.664 3 -21.6696 6.53109 -218.454 -0.707998 0.622268 -0.225784 -0.246056 2.45 4.399 5.896 0.048 4.542 13 63.713
148.7 3 -21.6696 6.53109 -218.454 -0.707998 0.622268 -0.225784 -0.246056 2.45 4.399 5.896 0.048 4.542 13 63.713
148.717 3 -21.6696 6.53109 -218.454 -0.707998 0.622268 -0.225784 -0.246056 2.45 4.399 5.896 0.048 4.542 13 63.713
148.754 3 -21.6696 6.53109 -218.454 -0.707998 0.622268 -0.225784 -0.246056 2.45 4.399 5.896 0.048 4.542 13 63.713
148.77 3 -21.6696 6.53109 -218.454 -0.707998 0.622268 -0.225784 -0.246056 2.45 4.399 5.896 0.048 4.542 13 63.713
148.807 3 -21.6696 6.53109 -218.454 -0.707998 0.622268 -0.225784 -0.246056 2.45 4.399 5.896 0.048 4.542 13 63.713
148.833 3 -21.6696 6.53109 -218.454 -0.707998 0.622268 -0.225784 -0.246056 2.45 4.399 5.896 0.048 4.542 13 63.713
148.85 3 -21.6696 6.53109 -218.454 -0.707998 0.622268 -0.225784 -0.246056 2.45 4.399 5.896 0.048 4.542 13 63.713
148.887 3 -21.6696 6.53109 -218.454 -0.707998 0.622268 -0.225784 -0.246056 2.45 4.399 5.896 0.048 4.542 13 63.713
148.903 3 -21.6696 6.53109 -218.454 -0.707998 0.622268 -0.225784 -0.246056 2.45 4.399 5.976 0.048 4.542 13 63.713
148.94 3 -21.6696 6.53109 -218.454 -0.707998 0.622268 -0.225784 -0.246056 2.45 4.399 6.135 0.048 4.542 13 63.713
148.957 3 -21.6696 6.53109 -218.454 -0.707998 0.622268 -0.225784 -0.246056 2.45 4.399 6.135 0.048 4.542 13 63.713
148.993 3 -21.6696 6.53109 -218.454 -0.707998 0.622268 -0.225784 -0.246056 2.45 4.399 6.295 0.048 4.542 13 63.713
149.02 3 -21.6696 6.53109 -218.454 -0.707998 0.622268 -0.225784 -0.246056 2.45 4.399 6.375 0.048 4.542 13 63.713
149.036 3 -21.6696 6.53109 -218.454 -0.707998 0.622268 -0.225784 -0.246056 2.45 4.399 6.375 0.048 4.542 13 63.713
149.073 3 -21.6696 6.53109 -218.454 -0.707998 0.622268 -0.225784 -0.246056 2.45 4.399 6.454 0.048 4.542 13 63.713
149.089 3 -21.6696 6.53109 -218.454 -0.707998 0.622268 -0.225784 -0.246056 2.45 4.399 6.534 0.048 4.542 13 63.713
149.126 3 -21.6696 6.53109 -218.454 -0.707998 0.622268 -0.225784 -0.246056 2.45 4.399 6.614 0.048 4.542 13 63.713
149.143 3 -21.6696 6.53109 -218.454 -0.707998 0.622268 -0.225784 -0.246056 2.45 4.399 6.614 0.048 4.542 13 63.713
149.179 3 -21.6696 6.53109 -218.454 -0.707998 0.622268 -0.225784 -0.246056 2.45 4.399 6.773 0.048 4.542 13 63.713
149.206 3 -21.6696 6.53109 -218.454 -0.707998 0.622268 -0.225784 -0.246056 2.45 4.399 6.932 0.048 4.542 13 63.713
149.223 3 -21.6696 6.53109 -218.454 -0.707998 0.622268 -0.225784 -0.246056 2.45 4.399 7.012 0.048 4.542 13 63.713
149.259 3 -21.6696 6.53109 -218.454 -0.707998 0.622268 -0.225784 -0.246056 2.45 4.399 7.092 0.048 4.542 13 63.713
149.286 3 -21.6696 6.53109 -218.454 -0.707998 0.622268 -0.225784 -0.246056 2.45 4.399 7.251 0.048 4.542 13 63.713
149.303 3 -21.6696 6.53109 -218.454 -0.707998 0.622268 -0.225784 -0.246056 2.45 4.399 7.41 0.048 4.542 13 63.713
149.339 3 -21.6696 6.53109 -218.454 -0.707998 0.622268 -0.225784 -0.246056 2.45 4.399 7.649 0.048 4.542 13 63.713
149.356 3 -21.6696 6.53109 -218.454 -0.707998 0.622268 -0.225784 -0.246056 2.45 4.399 7.809 0.048 4.542 13 63.713
149.393 3 -21.6696 6.53109 -218.454 -0.707998 0.622268 -0.225784 -0.246056 2.45 4.399 7.968 0.048 4.542 13 63.713
149.41 3 -21.6696 6.53109 -218.454 -0.707998 0.622268 -0.225784 -0.246056 2.45 4.399 8.048 0.048 4.542 13 63.713
149.445 3 -21.6696 6.53109 -218.454 -0.707998 0.622268 -0.225784 -0.246056 2.45 4.399 8.127 0.048 4.542 13 63.713
149.472 3 -21.6696 6.53109 -218.454 -0.707998 0.622268 -0.225784 -0.246056 2.45 4.399 8.287 0.048 4.542 13 63.713
149.489 3 -21.6696 6.53109 -218.454 -0.707998 0.622268 -0.225784 -0.246056 2.45 4.399 8.367 0.048 4.542 13 63.713
149.526 3 -21.6696 6.53109 -218.454 -0.707998 0.622268 -0.225784 -0.246056 2.45 4.399 8.446 0.048 4.542 13 63.713
149.542 3 -21.6696 6.53109 -218.454 -0.707998 0.622268 -0.225784 -0.246056 2.45 4.399 8.526 0.048 4.542 13 63.713
149.579 3 -21.6696 6.53109 -218.454 -0.707998 0.622268 -0.225784 -0.246056 2.45 4.399 8.606 0.048 4.542 13 63.713
149.596 3 -21.6696 6.53109 -218.454 -0.707998 0.622268 -0.225784 -0.246056 2.45 4.399 8.606 0.048 4.542 13 63.713
149.633 3 -21.6696 6.53109 -218.454 -0.707998 0.622268 -0.225784 -0.246056 2.45 4.399 8.765 0.048 4.542 13 63.713
149.66 3 -21.6696 6.53109 -218.454 -0.707998 0.622268 -0.225784 -0.246056 2.45 4.399 8.765 0.048 4.542 13 63.713
149.677 3 -21.6696 6.53109 -218.454 -0.707998 0.622268 -0.225784 -0.246056 2.45 4.399 8.845 0.048 4.542 13 63.713
149.713 3 -21.6696 6.53109 -218.454 -0.707998 0.622268 -0.225784 -0.246056 2.45 4.399 8.924 0.048 4.542 13 63.713
149.729 3 -21.6696 6.53109 -218.454 -0.707998 0.622268 -0.225784 -0.246056 2.45 4.399 9.004 0.048 4.542 13 63.713
149.766 3 -21.6696 6.53109 -218.454 -0.707998 0.622268 -0.225784 -0.246056 2.45 4.399 9.243 0.048 4.542 13 63.713
149.783 3 -21.6696 6.53109 -218.454 -0.707998 0.622268 -0.225784 -0.246056 2.45 4.399 9.323 0.048 4.542 13 63.713
149.82 3 -21.6696 6.53109 -218.454 -0.707998 0.622268 -0.225784 -0.246056 2.45 4.399 9.402 0.048 4.542 13 63.713
149.847 3 -21.6696 6.53109 -218.454 -0.707998 0.622268 -0.225784 -0.246056 2.45 4.399 9.402 0.048 4.542 13 63.713
149.863 3 -21.6696 6.53109 -218.454 -0.707998 0.622268 -0.225784 -0.246056 2.45 4.399 9.482 0.048 4.542 13 63.713
149.9 3 -21.6696 6.53109 -218.454 -0.707998 0.622268 -0.225784 -0.246056 2.45 4.399 9.562 0.048 4.542 13 63.713
149.917 3 -21.6696 6.53109 -218.454 -0.707998 0.622268 -0.225784 -0.246056 2.45 4.399 9.641 0.048 4.542 13 63.713
149.953 3 -21.6696 6.53109 -218.454 -0.707998 0.622268 -0.225784 -0.246056 2.45 4.399 9.641 0.048 4.542 13 63.713
149.97 3 -21.6696 6.53109 -218.454 -0.707998 0.622268 -0.225784 -0.246056 2.45 4.399 9.641 0.048 4.542 13 63.713
150.007 3 -21.6696 6.53109 -218.454 -0.707998 0.622268 -0.225784 -0.246056 2.45 4.399 9.721 0.048 4.542 13 63.713
150.034 3 -21.6696 6.53109 -218.454 -0.707998 0.622268 -0.225784 -0.246056 2.45 4.399 9.721 0.048 4.542 13 63.713
150.195 3 -21.6696 6.53109 -218.454 -0.707998 0.622268 -0.225784 -0.246056 2.45 4.399 9.96 0.048 4.542 13 63.713
150.212 3 -21.6696 6.53109 -218.454 -0.707998 0.622268 -0.225784 -0.246056 2.45 4.399 10.04 0.048 4.542 13 63.713
150.229 3 -21.6696 6.53109 -218.454 -0.707998 0.622268 -0.225784 -0.246056 2.45 4.399 10.04 0.048 4.542 13 63.713
150.245 3 -21.6696 6.53109 -218.454 -0.707998 0.622268 -0.225784 -0.246056 2.45 4.399 10.12 0.048 4.542 13 63.713
150.262 3 -21.6696 6.53109 -218.454 -0.707998 0.622268 -0.225784 -0.246056 2.45 4.399 10.12 0.048 4.542 13 63.713
150.279 3 -21.6696 6.53109 -218.454 -0.707998 0.622268 -0.225784 -0.246056 2.45 4.399 10.199 0.048 4.542 13 63.713
150.295 3 -21.6696 6.53109 -218.454 -0.707998 0.622268 -0.225784 -0.246056 2.45 4.399 10.199 0.048 4.542 13 63.713
150.312 3 -21.6696 6.53109 -218.454 -0.707998 0.622268 -0.225784 -0.246056 2.45 4.399 10.279 0.048 4.542 13 63.713
150.329 3 -21.6696 6.53109 -218.454 -0.707998 0.622268 -0.225784 -0.246056 2.45 4.399 10.279 0.048 4.542 13 63.713
150.345 3 -21.6696 6.53109 -218.454 -0.707998 0.622268 -0.225784 -0.246056 2.45 4.399 10.359 0.048 4.542 13 63.713
150.362 3 -21.6696 6.53109 -218.454 -0.707998 0.622268 -0.225784 -0.246056 2.45 4.399 10.359 0.048 4.542 13 63.713
150.379 3 -21.6696 6.53109 -218.454 -0.707998 0.622268 -0.225784 -0.246056 2.45 4.399 10.438 0.048 4.542 13 63.713
150.395 3 -21.6696 6.53109 -218.454 -0.707998 0.622268 -0.225784 -0.246056 2.45 4.399 10.438 0.048 4.542 13 63.713
150.412 3 -21.6696 6.53109 -218.454 -0.707998 0.622268 -0.225784 -0.246056 2.45 4.399 10.518 0.048 4.542 13 63.713
150.436 3 -21.6696 6.53109 -218.454 -0.707998 0.622268 -0.225784 -0.246056 2.45 4.399 10.518 0.048 4.542 13 63.713
150.463 3 -21.6696 6.53109 -218.454 -0.707998 0.622268 -0.225784 -0.246056 2.45 4.399 10.598 0.048 4.542 13 63.713
150.48 3 -21.6696 6.53109 -218.454 -0.707998 0.622268 -0.225784 -0.246056 2.45 4.399 10.598 0.048 4.542 13 63.713
150.517 3 -21.6696 6.53109 -218.454 -0.707998 0.622268 -0.225784 -0.246056 2.45 4.399 10.598 0.048 4.542 13 63.713
150.534 3 -21.6696 6.53109 -218.454 -0.707998 0.622268 -0.225784 -0.246056 2.45 4.399 10.677 0.048 4.542 13 63.713
150.57 3 -21.6696 6.53109 -218.454 -0.707998 0.622268 -0.225784 -0.246056 2.45 4.399 10.677 0.048 4.542 13 63.713
150.587 3 -21.6696 6.53109 -218.454 -0.707998 0.622268 -0.225784 -0.246056 2.45 4.399 10.677 0.048 4.542 13 63.713
150.624 3 -21.6696 6.53109 -218.454 -0.707998 0.622268 -0.225784 -0.246056 2.45 4.399 10.677 0.048 4.542 13 63.713
150.651 3 -21.6696 6.53109 -218.454 -0.707998 0.622268 -0.225784 -0.246056 2.45 4.399 10.677 0.048 4.542 13 63.713
150.678 3 -21.6696 6.53109 -218.454 -0.707998 0.622268 -0.225784 -0.246056 2.45 4.399 10.677 0.048 4.542 13 63.713
150.694 3 -21.6696 6.53109 -218.454 -0.707998 0.622268 -0.225784 -0.246056 2.45 4.399 10.677 0.048 4.542 13 63.713
150.731 3 -21.6696 6.53109 -218.454 -0.707998 0.622268 -0.225784 -0.246056 2.45 4.399 10.757 0.048 4.542 13 63.713
150.748 3 -21.6696 6.53109 -218.454 -0.707998 0.622268 -0.225784 -0.246056 2.45 4.399 10.757 0.048 4.542 13 63.713
150.784 3 -21.6696 6.53109 -218.454 -0.707998 0.622268 -0.225784 -0.246056 2.45 4.399 10.837 0.048 4.542 13 63.713
150.811 3 -21.6696 6.53109 -218.454 -0.707998 0.622268 -0.225784 -0.246056 2.45 4.399 10.916 0.048 4.542 13 63.713
150.838 3 -21.6696 6.53109 -218.454 -0.707998 0.622268 -0.225784 -0.246056 2.45 4.399 10.916 0.048 4.542 13 63.713
150.866 3 -21.6696 6.53109 -218.454 -0.707998 0.622268 -0.225784 -0.246056 2.45 4.399 10.996 0.048 4.542 13 63.713
150.882 3 -21.6696 6.53109 -218.454 -0.707998 0.622268 -0.225784 -0.246056 2.45 4.399 11.076 0.048 4.542 13 63.713
150.922 3 -21.6696 6.53109 -218.454 -0.707998 0.622268 -0.225784 -0.246056 2.45 4.399 11.155 0.048 4.542 13 63.713
150.938 3 -21.6696 6.53109 -218.454 -0.707998 0.622268 -0.225784 -0.246056 2.45 4.399 11.235 0.048 4.542 13 63.713
150.977 3 -21.6696 6.53109 -218.454 -0.707998 0.622268 -0.225784 -0.246056 2.45 4.399 11.315 0.048 4.542 13 63.713
151.005 3 -21.6696 6.53109 -218.454 -0.707998 0.622268 -0.225784 -0.246056 2.45 4.399 11.394 0.048 4.542 13 63.713
151.034 3 -21.6696 6.53109 -218.454 -0.707998 0.622268 -0.225784 -0.246056 2.45 4.399 11.394 0.048 4.542 13 63.713
151.062 3 -21.6696 6.53109 -218.454 -0.707998 0.622268 -0.225784 -0.246056 2.45 4.399 11.394 0.048 4.542 13 63.713
151.079 3 -21.6696 6.53109 -218.454 -0.707998 0.622268 -0.225784 -0.246056 2.45 4.399 11.394 0.048 4.542 13 63.713
151.118 3 -21.6696 6.53109 -218.454 -0.707998 0.622268 -0.225784 -0.246056 2.45 4.399 11.394 0.048 4.542 13 63.713
151.134 3 -21.6696 6.53109 -218.454 -0.707998 0.622268 -0.225784 -0.246056 2.45 4.399 11.394 0.048 4.542 13 63.713
151.174 3 -21.6696 6.53109 -218.454 -0.707998 0.622268 -0.225784 -0.246056 2.45 4.399 11.394 0.048 4.542 13 63.713
151.201 3 -21.6696 6.53109 -218.454 -0.707998 0.622268 -0.225784 -0.246056 2.45 4.399 11.394 0.048 4.542 13 63.713
151.23 3 -21.6696 6.53109 -218.454 -0.707998 0.622268 -0.225784 -0.246056 2.45 4.399 11.394 0.048 4.542 13 63.713
151.258 3 -21.6696 6.53109 -218.454 -0.707998 0.622268 -0.225784 -0.246056 2.45 4.399 11.394 0.048 4.542 13 63.713
151.275 3 -21.6696 6.53109 -218.454 -0.707998 0.622268 -0.225784 -0.246056 2.45 4.399 11.394 0.048 4.542 13 63.713
151.314 3 -21.6696 6.53109 -218.454 -0.707998 0.622268 -0.225784 -0.246056 2.45 4.399 11.394 0.048 4.542 13 63.713
151.33 3 -21.6696 6.53109 -218.454 -0.707998 0.622268 -0.225784 -0.246056 2.45 4.399 11.394 0.048 4.542 13 63.713
151.369 3 -21.6696 6.53109 -218.454 -0.707998 0.622268 -0.225784 -0.246056 2.45 4.399 11.394 0.048 4.542 13 63.713
151.397 3 -21.6696 6.53109 -218.454 -0.707998 0.622268 -0.225784 -0.246056 2.45 4.399 11.394 0.048 4.542 13 63.713
151.426 3 -21.6696 6.53109 -218.454 -0.707998 0.622268 -0.225784 -0.246056 2.45 4.399 11.394 0.048 4.542 13 63.713
151.454 3 -21.6696 6.53109 -218.454 -0.707998 0.622268 -0.225784 -0.246056 2.45 4.399 11.394 0.048 4.542 13 63.713
151.471 3 -21.6696 6.53109 -218.454 -0.707998 0.622268 -0.225784 -0.246056 2.45 4.399 11.394 0.048 4.542 13 63.713
151.51 3 -21.6696 6.53109 -218.454 -0.707998 0.622268 -0.225784 -0.246056 2.45 4.399 11.394 0.048 4.542 13 63.713
151.526 3 -21.6696 6.53109 -218.454 -0.707998 0.622268 -0.225784 -0.246056 2.45 4.399 11.394 0.048 4.542 13 63.713
151.565 3 -21.6696 6.53109 -218.454 -0.707998 0.622268 -0.225784 -0.246056 2.45 4.399 11.394 0.048 4.542 13 63.713
151.593 3 -21.6696 6.53109 -218.454 -0.707998 0.622268 -0.225784 -0.246056 2.45 4.399 11.394 0.048 4.542 13 63.713
151.622 3 -21.6696 6.53109 -218.454 -0.707998 0.622268 -0.225784 -0.246056 2.45 4.399 11.394 0.048 4.542 13 63.713
151.65 3 -21.6696 6.53109 -218.454 -0.707998 0.622268 -0.225784 -0.246056 2.45 4.399 11.394 0.048 4.542 13 63.713
151.667 3 -21.6696 6.53109 -218.454 -0.707998 0.622268 -0.225784 -0.246056 2.45 4.399 11.394 0.048 4.542 13 63.713
151.706 3 -21.6696 6.53109 -218.454 -0.707998 0.622268 -0.225784 -0.246056 2.45 4.399 11.394 0.048 4.542 13 63.713
151.722 3 -21.6696 6.53109 -218.454 -0.707998 0.622268 -0.225784 -0.246056 2.45 4.399 11.394 0.048 4.542 13 63.713
151.761 3 -21.6696 6.53109 -218.454 -0.707998 0.622268 -0.225784 -0.246056 2.45 4.399 11.394 0.048 4.542 13 63.713
151.789 3 -21.6696 6.53109 -218.454 -0.707998 0.622268 -0.225784 -0.246056 2.45 4.399 11.394 0.048 4.542 13 63.713
151.818 3 -21.6696 6.53109 -218.454 -0.707998 0.622268 -0.225784 -0.246056 2.45 4.399 11.394 0.048 4.542 13 63.713
151.846 3 -21.6696 6.53109 -218.454 -0.707998 0.622268 -0.225784 -0.246056 2.45 4.399 11.394 0.048 4.542 13 63.713
151.863 3 -21.6696 6.53109 -218.454 -0.707998 0.622268 -0.225784 -0.246056 2.45 4.399 11.394 0.048 4.542 13 63.713
151.902 3 -21.6696 6.53109 -218.454 -0.707998 0.622268 -0.225784 -0.246056 2.45 4.399 11.394 0.048 4.542 13 63.713
151.919 3 -21.6696 6.53109 -218.454 -0.707998 0.622268 -0.225784 -0.246056 2.45 4.399 11.394 0.048 4.542 13 63.713
151.958 3 -21.6696 6.53109 -218.454 -0.707998 0.622268 -0.225784 -0.246056 2.45 4.399 11.394 0.048 4.542 13 63.713
151.985 3 -21.6696 6.53109 -218.454 -0.707998 0.622268 -0.225784 -0.246056 2.45 4.399 11.394 0.048 4.542 13 63.713
152.014 3 -21.6696 6.53109 -218.454 -0.707998 0.622268 -0.225784 -0.246056 2.45 4.399 11.394 0.048 4.542 13 63.713
152.042 3 -21.6696 6.53109 -218.454 -0.707998 0.622268 -0.225784 -0.246056 2.45 4.399 11.394 0.048 4.542 13 63.713
152.059 3 -21.6696 6.53109 -218.454 -0.707998 0.622268 -0.225784 -0.246056 2.45 4.399 11.394 0.048 4.542 13 63.713
152.098 3 -21.6696 6.53109 -218.454 -0.707998 0.622268 -0.225784 -0.246056 2.45 4.399 11.394 0.048 4.542 13 63.713
152.114 3 -21.6696 6.53109 -218.454 -0.707998 0.622268 -0.225784 -0.246056 2.45 4.399 11.394 0.048 4.542 13 63.713
152.153 3 -21.6696 6.53109 -218.454 -0.707998 0.622268 -0.225784 -0.246056 2.45 4.399 11.394 0.048 4.542 13 63.713
152.181 3 -21.6696 6.53109 -218.454 -0.707998 0.622268 -0.225784 -0.246056 2.45 4.399 11.394 0.048 4.542 13 63.713
152.21 3 -21.6696 6.53109 -218.454 -0.707998 0.622268 -0.225784 -0.246056 2.45 4.399 11.394 0.048 4.542 13 63.713
152.238 3 -21.6696 6.53109 -218.454 -0.707998 0.622268 -0.225784 -0.246056 2.45 4.399 11.394 0.048 4.542 13 63.713
152.255 3 -21.6696 6.53109 -218.454 -0.707998 0.622268 -0.225784 -0.246056 2.45 4.399 11.394 0.048 4.542 13 63.713
152.294 3 -21.6696 6.53109 -218.454 -0.707998 0.622268 -0.225784 -0.246056 2.45 4.399 11.394 0.048 4.542 13 63.713
152.31 3 -21.6696 6.53109 -218.454 -0.707998 0.622268 -0.225784 -0.246056 2.45 4.399 11.394 0.048 4.542 13 63.713
152.349 3 -21.6696 6.53109 -218.454 -0.707998 0.622268 -0.225784 -0.246056 2.45 4.399 11.394 0.048 4.542 13 63.713
152.377 3 -21.6696 6.53109 -218.454 -0.707998 0.622268 -0.225784 -0.246056 2.45 4.399 11.394 0.048 4.542 13 63.713
152.406 3 -21.6696 6.53109 -218.454 -0.707998 0.622268 -0.225784 -0.246056 2.45 4.399 11.394 0.048 4.542 13 63.713
152.434 3 -21.6696 6.53109 -218.454 -0.707998 0.622268 -0.225784 -0.246056 2.45 4.399 11.394 0.048 4.542 13 63.713
152.451 3 -21.6696 6.53109 -218.454 -0.707998 0.622268 -0.225784 -0.246056 2.45 4.399 11.394 0.048 4.542 13 63.713
152.49 3 -21.6696 6.53109 -218.454 -0.707998 0.622268 -0.225784 -0.246056 2.45 4.399 11.394 0.048 4.542 13 63.713
152.506 3 -21.6696 6.53109 -218.454 -0.707998 0.622268 -0.225784 -0.246056 2.45 4.399 11.394 0.048 4.542 13 63.713
152.545 3 -21.6696 6.53109 -218.454 -0.707998 0.622268 -0.225784 -0.246056 2.45 4.399 11.394 0.048 4.542 13 63.713
152.573 3 -21.6696 6.53109 -218.454 -0.707998 0.622268 -0.225784 -0.246056 2.45 4.399 11.394 0.048 4.542 13 63.713
152.602 3 -21.6696 6.53109 -218.454 -0.707998 0.622268 -0.225784 -0.246056 2.45 4.399 11.394 0.048 4.542 13 63.713
152.63 3 -21.6696 6.53109 -218.454 -0.707998 0.622268 -0.225784 -0.246056 2.45 4.399 11.394 0.048 4.542 13 63.713
152.647 3 -21.6696 6.53109 -218.454 -0.707998 0.622268 -0.225784 -0.246056 2.45 4.399 11.394 0.048 4.542 13 63.713
152.686 3 -21.6696 6.53109 -218.454 -0.707998 0.622268 -0.225784 -0.246056 2.45 4.399 11.394 0.048 4.542 13 63.713
152.702 3 -21.6696 6.53109 -218.454 -0.707998 0.622268 -0.225784 -0.246056 2.45 4.399 11.394 0.048 4.542 13 63.713
152.741 3 -21.6696 6.53109 -218.454 -0.707998 0.622268 -0.225784 -0.246056 2.45 4.399 11.394 0.048 4.542 13 63.713
152.769 3 -21.6696 6.53109 -218.454 -0.707998 0.622268 -0.225784 -0.246056 2.45 4.399 11.394 0.048 4.542 13 63.713
152.797 3 -21.6696 6.53109 -218.454 -0.707998 0.622268 -0.225784 -0.246056 2.45 4.399 11.394 0.048 4.542 13 63.713
152.826 3 -21.6696 6.53109 -218.454 -0.707998 0.622268 -0.225784 -0.246056 2.45 4.399 11.394 0.048 4.542 13 63.713
152.842 3 -21.6696 6.53109 -218.454 -0.707998 0.622268 -0.225784 -0.246056 2.45 4.399 11.394 0.048 4.542 13 63.713
152.881 3 -21.6696 6.53109 -218.454 -0.707998 0.622268 -0.225784 -0.246056 2.45 4.399 11.394 0.048 4.542 13 63.713
152.898 3 -21.6696 6.53109 -218.454 -0.707998 0.622268 -0.225784 -0.246056 2.45 4.399 11.394 0.048 4.542 13 63.713
152.937 3 -21.6696 6.53109 -218.454 -0.707998 0.622268 -0.225784 -0.246056 2.45 4.399 11.394 0.048 4.542 13 63.713
152.965 3 -21.6696 6.53109 -218.454 -0.707998 0.622268 -0.225784 -0.246056 2.45 4.399 11.394 0.049 4.542 13 63.713
152.993 3 -21.6696 6.53109 -218.454 -0.707998 0.622268 -0.225784 -0.246056 2.45 4.399 11.394 0.049 4.542 13 63.713
153.021 3 -21.6696 6.53109 -218.454 -0.707998 0.622268 -0.225784 -0.246056 2.45 4.399 11.394 0.049 4.542 13 63.713
153.038 3 -21.6696 6.53109 -218.454 -0.707998 0.622268 -0.225784 -0.246056 2.45 4.399 11.394 0.049 4.542 13 63.713
153.077 3 -21.6696 6.53109 -218.454 -0.707998 0.622268 -0.225784 -0.246056 2.45 4.399 11.394 0.049 4.542 13 63.713
153.094 3 -21.6696 6.53109 -218.454 -0.707998 0.622268 -0.225784 -0.246056 2.45 4.399 11.394 0.049 4.542 13 63.713
153.133 3 -21.6696 6.53109 -218.454 -0.707998 0.622268 -0.225784 -0.246056 2.45 4.399 11.394 0.049 4.542 13 63.713
153.16 3 -21.6696 6.53109 -218.454 -0.707998 0.622268 -0.225784 -0.246056 2.45 4.399 11.394 0.049 4.542 13 63.713
153.189 3 -21.6696 6.53109 -218.454 -0.707998 0.622268 -0.225784 -0.246056 2.45 4.399 11.394 0.049 4.542 13 63.713
153.217 3 -21.6696 6.53109 -218.454 -0.707998 0.622268 -0.225784 -0.246056 2.45 4.399 11.394 0.049 4.542 13 63.713
153.234 3 -21.6696 6.53109 -218.454 -0.707998 0.622268 -0.225784 -0.246056 2.45 4.399 11.394 0.049 4.542 13 63.713
153.273 3 -21.6696 6.53109 -218.454 -0.707998 0.622268 -0.225784 -0.246056 2.45 4.399 11.394 0.049 4.542 13 63.713
153.289 3 -21.6696 6.53109 -218.454 -0.707998 0.622268 -0.225784 -0.246056 2.45 4.399 11.394 0.049 4.542 13 63.713
153.328 3 -21.6696 6.53109 -218.454 -0.707998 0.622268 -0.225784 -0.246056 2.45 4.399 11.394 0.049 4.542 13 63.713
153.356 3 -21.6696 6.53109 -218.454 -0.707998 0.622268 -0.225784 -0.246056 2.45 4.399 11.394 0.05 4.542 13 63.713
153.385 3 -21.6696 6.53109 -218.454 -0.707998 0.622268 -0.225784 -0.246056 2.45 4.399 11.394 0.05 4.542 13 63.713
153.413 3 -21.6696 6.53109 -218.454 -0.707998 0.622268 -0.225784 -0.246056 2.45 4.399 11.394 0.051 4.542 13 63.713
153.43 3 -21.6696 6.53109 -218.454 -0.707998 0.622268 -0.225784 -0.246056 2.45 4.399 11.394 0.052 4.542 13 63.713
153.469 3 -21.6696 6.53109 -218.454 -0.707998 0.622268 -0.225784 -0.246056 2.45 4.399 11.394 0.053 4.542 13 63.713
153.485 3 -21.6696 6.53109 -218.454 -0.707998 0.622268 -0.225784 -0.246056 2.45 4.399 11.394 0.053 4.542 13 63.713
153.524 3 -21.6696 6.53109 -218.454 -0.707998 0.622268 -0.225784 -0.246056 2.45 4.399 11.394 0.055 4.542 13 63.713
153.552 3 -21.6696 6.53109 -218.454 -0.707998 0.622268 -0.225784 -0.246056 2.45 4.399 11.394 0.055 4.542 13 63.713
153.581 3 -21.6696 6.53109 -218.454 -0.707998 0.622268 -0.225784 -0.246056 2.45 4.399 11.394 0.057 4.542 13 63.713
153.609 3 -21.6696 6.53109 -218.454 -0.707998 0.622268 -0.225784 -0.246056 2.45 4.399 11.394 0.057 4.542 13 63.713
153.626 3 -21.6696 6.53109 -218.454 -0.707998 0.622268 -0.225784 -0.246056 2.45 4.399 11.394 0.058 4.542 13 63.713
153.665 3 -21.6696 6.53109 -218.454 -0.707998 0.622268 -0.225784 -0.246056 2.45 4.399 11.394 0.059 4.542 13 63.713
153.681 3 -21.6696 6.53109 -218.454 -0.707998 0.622268 -0.225784 -0.246056 2.45 4.399 11.394 0.059 4.542 13 63.713
153.72 3 -21.6696 6.53109 -218.454 -0.707998 0.622268 -0.225784 -0.246056 2.45 4.399 11.394 0.06 4.542 13 63.713
153.748 3 -21.6696 6.53109 -218.454 -0.707998 0.622268 -0.225784 -0.246056 2.45 4.399 11.394 0.06 4.542 13 63.713
153.777 3 -21.6696 6.53109 -218.454 -0.707998 0.622268 -0.225784 -0.246056 2.45 4.399 11.394 0.061 4.542 13 63.713
153.805 3 -21.6696 6.53109 -218.454 -0.707998 0.622268 -0.225784 -0.246056 2.45 4.399 11.394 0.061 4.542 13 63.713
153.822 3 -21.6696 6.53109 -218.454 -0.707998 0.622268 -0.225784 -0.246056 2.45 4.399 11.394 0.061 4.542 13 63.713
153.861 3 -21.6696 6.53109 -218.454 -0.707998 0.622268 -0.225784 -0.246056 2.45 4.399 11.394 0.061 4.542 13 63.713
153.877 3 -21.6696 6.53109 -218.454 -0.707998 0.622268 -0.225784 -0.246056 2.45 4.399 11.394 0.062 4.542 13 63.713
153.916 3 -21.6696 6.53109 -218.454 -0.707998 0.622268 -0.225784 -0.246056 2.45 4.399 11.394 0.062 4.542 13 63.713
153.944 3 -21.6696 6.53109 -218.454 -0.707998 0.622268 -0.225784 -0.246056 2.45 4.399 11.394 0.063 4.542 13 63.713
153.972 3 -21.6696 6.53109 -218.454 -0.707998 0.622268 -0.225784 -0.246056 2.45 4.399 11.394 0.063 4.542 13 63.713
154.001 3 -21.6696 6.53109 -218.454 -0.707998 0.622268 -0.225784 -0.246056 2.45 4.399 11.394 0.064 4.542 13 63.713
154.017 3 -21.6696 6.53109 -218.454 -0.707998 0.622268 -0.225784 -0.246056 2.45 4.399 11.394 0.064 4.542 13 63.713
154.056 3 -21.6696 6.53109 -218.454 -0.707998 0.622268 -0.225784 -0.246056 2.45 4.399 11.394 0.064 4.542 13 63.713
154.073 3 -21.6696 6.53109 -218.454 -0.707998 0.622268 -0.225784 -0.246056 2.45 4.399 11.394 0.065 4.542 13 63.713
154.112 3 -21.6696 6.53109 -218.454 -0.707998 0.622268 -0.225784 -0.246056 2.45 4.399 11.394 0.065 4.542 13 63.713
154.14 3 -21.6696 6.53109 -218.454 -0.707998 0.622268 -0.225784 -0.246056 2.45 4.399 11.394 0.066 4.542 13 63.713
154.168 3 -21.6696 6.53109 -218.454 -0.707998 0.622268 -0.225784 -0.246056 2.45 4.399 11.394 0.066 4.542 13 63.713
154.196 3 -21.6696 6.53109 -218.454 -0.707998 0.622268 -0.225784 -0.246056 2.45 4.399 11.394 0.067 4.542 13 63.713
154.213 3 -21.6696 6.53109 -218.454 -0.707998 0.622268 -0.225784 -0.246056 2.45 4.399 11.394 0.068 4.542 13 63.713
154.252 3 -21.6696 6.53109 -218.454 -0.707998 0.622268 -0.225784 -0.246056 2.45 4.399 11.394 0.069 4.542 13 63.713
154.269 3 -21.6696 6.53109 -218.454 -0.707998 0.622268 -0.225784 -0.246056 2.45 4.399 11.394 0.069 4.542 13 63.713
154.308 3 -21.6696 6.53109 -218.454 -0.707998 0.622268 -0.225784 -0.246056 2.45 4.399 11.394 0.07 4.542 13 63.713
154.336 3 -21.6696 6.53109 -218.454 -0.707998 0.622268 -0.225784 -0.246056 2.45 4.399 11.394 0.07 4.542 13 63.713
154.364 3 -21.6696 6.53109 -218.454 -0.707998 0.622268 -0.225784 -0.246056 2.45 4.399 11.394 0.072 4.542 13 63.713
154.392 3 -21.6696 6.53109 -218.454 -0.707998 0.622268 -0.225784 -0.246056 2.45 4.399 11.394 0.072 4.542 13 63.713
154.409 3 -21.6696 6.53109 -218.454 -0.707998 0.622268 -0.225784 -0.246056 2.45 4.399 11.394 0.073 4.542 13 63.713
154.448 3 -21.6696 6.53109 -218.454 -0.707998 0.622268 -0.225784 -0.246056 2.45 4.399 11.394 0.073 4.542 13 63.713
154.465 3 -21.6696 6.53109 -218.454 -0.707998 0.622268 -0.225784 -0.246056 2.45 4.399 11.394 0.073 4.542 13 63.713
154.504 3 -21.6696 6.53109 -218.454 -0.707998 0.622268 -0.225784 -0.246056 2.45 4.399 11.394 0.073 4.542 13 63.713
154.532 3 -21.6696 6.53109 -218.454 -0.707998 0.622268 -0.225784 -0.246056 2.45 4.399 11.394 0.074 4.542 13 63.713
154.56 3 -21.6696 6.53109 -218.454 -0.707998 0.622268 -0.225784 -0.246056 2.45 4.399 11.394 0.074 4.542 13 63.713
154.588 3 -21.6696 6.53109 -218.454 -0.707998 0.622268 -0.225784 -0.246056 2.45 4.399 11.394 0.075 4.542 13 63.713
154.605 3 -21.6696 6.53109 -218.454 -0.707998 0.622268 -0.225784 -0.246056 2.45 4.399 11.394 0.075 4.542 13 63.713
154.644 3 -21.6696 6.53109 -218.454 -0.707998 0.622268 -0.225784 -0.246056 2.45 4.399 11.394 0.075 4.542 13 63.713
154.661 3 -21.6696 6.53109 -218.454 -0.707998 0.622268 -0.225784 -0.246056 2.45 4.399 11.394 0.076 4.542 13 63.713
154.7 3 -21.6696 6.53109 -218.454 -0.707998 0.622268 -0.225784 -0.246056 2.45 4.399 11.394 0.076 4.542 13 63.713
154.728 3 -21.6696 6.53109 -218.454 -0.707998 0.622268 -0.225784 -0.246056 2.45 4.399 11.394 0.076 4.542 13 63.713
154.756 3 -21.6696 6.53109 -218.454 -0.707998 0.622268 -0.225784 -0.246056 2.45 4.399 11.394 0.076 4.542 13 63.713
154.785 3 -21.6696 6.53109 -218.454 -0.707998 0.622268 -0.225784 -0.246056 2.45 4.399 11.394 0.076 4.542 13 63.713
154.802 3 -21.6696 6.53109 -218.454 -0.707998 0.622268 -0.225784 -0.246056 2.45 4.399 11.394 0.076 4.542 13 63.713
154.841 3 -21.6696 6.53109 -218.454 -0.707998 0.622268 -0.225784 -0.246056 2.45 4.399 11.394 0.077 4.542 13 63.713
154.857 3 -21.6696 6.53109 -218.454 -0.707998 0.622268 -0.225784 -0.246056 2.45 4.399 11.394 0.077 4.542 13 63.713
154.896 3 -21.6696 6.53109 -218.454 -0.707998 0.622268 -0.225784 -0.246056 2.45 4.399 11.394 0.079 4.542 13 63.713
154.924 3 -21.6696 6.53109 -218.454 -0.707998 0.622268 -0.225784 -0.246056 2.45 4.399 11.394 0.079 4.542 13 63.713
154.953 3 -21.6696 6.53109 -218.454 -0.707998 0.622268 -0.225784 -0.246056 2.45 4.399 11.394 0.08 4.542 13 63.713
154.981 3 -21.6696 6.53109 -218.454 -0.707998 0.622268 -0.225784 -0.246056 2.45 4.399 11.394 0.081 4.542 13 63.713
154.998 3 -21.6696 6.53109 -218.454 -0.707998 0.622268 -0.225784 -0.246056 2.45 4.399 11.394 0.081 4.542 13 63.713
155.037 3 -21.6696 6.53109 -218.454 -0.707998 0.622268 -0.225784 -0.246056 2.45 4.399 11.394 0.082 4.542 13 63.713
155.054 3 -21.6696 6.53109 -218.454 -0.707998 0.622268 -0.225784 -0.246056 2.45 4.399 11.394 0.083 4.542 13 63.713
155.093 3 -21.6696 6.53109 -218.454 -0.707998 0.622268 -0.225784 -0.246056 2.45 4.399 11.394 0.083 4.542 13 63.713
155.121 3 -21.6696 6.53109 -218.454 -0.707998 0.622268 -0.225784 -0.246056 2.45 4.399 11.394 0.084 4.542 13 63.713
155.15 3 -21.6696 6.53109 -218.454 -0.707998 0.622268 -0.225784 -0.246056 2.45 4.399 11.394 0.084 4.542 13 63.713
155.178 3 -21.6696 6.53109 -218.454 -0.707998 0.622268 -0.225784 -0.246056 2.45 4.399 11.394 0.084 4.542 13 63.713
155.195 3 -21.6696 6.53109 -218.454 -0.707998 0.622268 -0.225784 -0.246056 2.45 4.399 11.394 0.084 4.542 13 63.713
155.234 3 -21.6696 6.53109 -218.454 -0.707998 0.622268 -0.225784 -0.246056 2.45 4.399 11.394 0.085 4.542 13 63.713
155.251 3 -21.6696 6.53109 -218.454 -0.707998 0.622268 -0.225784 -0.246056 2.45 4.399 11.394 0.085 4.542 13 63.713
155.29 3 -21.6696 6.53109 -218.454 -0.707998 0.622268 -0.225784 -0.246056 2.45 4.399 11.394 0.085 4.542 13 63.713
155.318 3 -21.6696 6.53109 -218.454 -0.707998 0.622268 -0.225784 -0.246056 2.45 4.399 11.394 0.086 4.542 13 63.713
155.347 3 -21.6696 6.53109 -218.454 -0.707998 0.622268 -0.225784 -0.246056 2.45 4.399 11.394 0.086 4.542 13 63.713
155.375 3 -21.6696 6.53109 -218.454 -0.707998 0.622268 -0.225784 -0.246056 2.45 4.399 11.394 0.086 4.542 13 63.713
155.392 3 -21.6696 6.53109 -218.454 -0.707998 0.622268 -0.225784 -0.246056 2.45 4.399 11.394 0.086 4.542 13 63.713
155.431 3 -21.6696 6.53109 -218.454 -0.707998 0.622268 -0.225784 -0.246056 2.45 4.399 11.394 0.087 4.542 13 63.713
155.448 3 -21.6696 6.53109 -218.454 -0.707998 0.622268 -0.225784 -0.246056 2.45 4.399 11.394 0.087 4.542 13 63.713
155.487 3 -21.6696 6.53109 -218.454 -0.707998 0.622268 -0.225784 -0.246056 2.45 4.399 11.394 0.087 4.542 13 63.713
155.516 3 -21.6696 6.53109 -218.454 -0.707998 0.622268 -0.225784 -0.246056 2.45 4.399 11.394 0.088 4.542 13 63.713
155.544 3 -21.6696 6.53109 -218.454 -0.707998 0.622268 -0.225784 -0.246056 2.45 4.399 11.394 0.088 4.542 13 63.713
155.573 3 -21.6696 6.53109 -218.454 -0.707998 0.622268 -0.225784 -0.246056 2.45 4.399 11.394 0.088 4.542 13 63.713
155.589 3 -21.6696 6.53109 -218.454 -0.707998 0.622268 -0.225784 -0.246056 2.45 4.399 11.394 0.088 4.542 13 63.713
155.629 3 -21.6696 6.53109 -218.454 -0.707998 0.622268 -0.225784 -0.246056 2.45 4.399 11.394 0.089 4.542 13 63.713
155.645 3 -21.6696 6.53109 -218.454 -0.707998 0.622268 -0.225784 -0.246056 2.45 4.399 11.394 0.089 4.542 13 63.713
155.685 3 -21.6696 6.53109 -218.454 -0.707998 0.622268 -0.225784 -0.246056 2.45 4.399 11.394 0.089 4.542 13 63.713
155.713 3 -21.6696 6.53109 -218.454 -0.707998 0.622268 -0.225784 -0.246056 2.45 4.399 11.394 0.09 4.542 13 63.713
155.741 3 -21.6696 6.53109 -218.454 -0.707998 0.622268 -0.225784 -0.246056 2.45 4.399 11.394 0.091 4.542 13 63.713
155.77 3 -21.6696 6.53109 -218.454 -0.707998 0.622268 -0.225784 -0.246056 2.45 4.399 11.394 0.091 4.542 13 63.713
155.786 3 -21.6696 6.53109 -218.454 -0.707998 0.622268 -0.225784 -0.246056 2.45 4.399 11.394 0.091 4.542 13 63.713
155.826 3 -21.6696 6.53109 -218.454 -0.707998 0.622268 -0.225784 -0.246056 2.45 4.399 11.394 0.092 4.542 13 63.713
155.842 3 -21.6696 6.53109 -218.454 -0.707998 0.622268 -0.225784 -0.246056 2.45 4.399 11.394 0.092 4.542 13 63.713
155.882 3 -21.6696 6.53109 -218.454 -0.707998 0.622268 -0.225784 -0.246056 2.45 4.399 11.394 0.092 4.542 13 63.713
155.91 3 -21.6696 6.53109 -218.454 -0.707998 0.622268 -0.225784 -0.246056 2.45 4.399 11.394 0.092 4.542 13 63.713
155.938 3 -21.6696 6.53109 -218.454 -0.707998 0.622268 -0.225784 -0.246056 2.45 4.399 11.394 0.092 4.542 13 63.713
155.967 3 -21.6696 6.53109 -218.454 -0.707998 0.622268 -0.225784 -0.246056 2.45 4.399 11.394 0.093 4.542 13 63.713
155.984 3 -21.6696 6.53109 -218.454 -0.707998 0.622268 -0.225784 -0.246056 2.45 4.399 11.394 0.094 4.542 13 63.713
156.023 3 -21.6696 6.53109 -218.454 -0.707998 0.622268 -0.225784 -0.246056 2.45 4.399 11.394 0.095 4.542 13 63.713
156.04 3 -21.6696 6.53109 -218.454 -0.707998 0.622268 -0.225784 -0.246056 2.45 4.399 11.394 0.095 4.542 13 63.713
156.079 3 -21.6696 6.53109 -218.454 -0.707998 0.622268 -0.225784 -0.246056 2.45 4.399 11.394 0.096 4.542 13 63.713
156.107 3 -21.6696 6.53109 -218.454 -0.707998 0.622268 -0.225784 -0.246056 2.45 4.399 11.394 0.096 4.542 13 63.713
156.136 3 -21.6696 6.53109 -218.454 -0.707998 0.622268 -0.225784 -0.246056 2.45 4.399 11.394 0.096 4.542 13 63.713
156.164 3 -21.6696 6.53109 -218.454 -0.707998 0.622268 -0.225784 -0.246056 2.45 4.399 11.394 0.097 4.542 13 63.713
156.181 3 -21.6696 6.53109 -218.454 -0.707998 0.622268 -0.225784 -0.246056 2.45 4.399 11.394 0.097 4.542 13 63.713
156.22 3 -21.6696 6.53109 -218.454 -0.707998 0.622268 -0.225784 -0.246056 2.45 4.399 11.394 0.097 4.542 13 63.713
156.237 3 -21.6696 6.53109 -218.454 -0.707998 0.622268 -0.225784 -0.246056 2.45 4.399 11.394 0.097 4.542 13 63.713
156.277 3 -21.6696 6.53109 -218.454 -0.707998 0.622268 -0.225784 -0.246056 2.45 4.399 11.394 0.098 4.542 13 63.713
156.305 3 -21.6696 6.53109 -218.454 -0.707998 0.622268 -0.225784 -0.246056 2.45 4.399 11.394 0.098 4.542 13 63.713
156.333 3 -21.6696 6.53109 -218.454 -0.707998 0.622268 -0.225784 -0.246056 2.45 4.399 11.394 0.099 4.542 13 63.713
156.362 3 -21.6696 6.53109 -218.454 -0.707998 0.622268 -0.225784 -0.246056 2.45 4.399 11.394 0.1 4.542 13 63.713
156.378 3 -21.6696 6.53109 -218.454 -0.707998 0.622268 -0.225784 -0.246056 2.45 4.399 11.394 0.1 4.542 13 63.713
156.418 3 -21.6696 6.53109 -218.454 -0.707998 0.622268 -0.225784 -0.246056 2.45 4.399 11.394 0.101 4.542 13 63.713
156.434 3 -21.6696 6.53109 -218.454 -0.707998 0.622268 -0.225784 -0.246056 2.45 4.399 11.394 0.102 4.542 13 63.713
156.474 3 -21.6696 6.53109 -218.454 -0.707998 0.622268 -0.225784 -0.246056 2.45 4.399 11.394 0.103 4.542 13 63.713
156.502 3 -21.6696 6.53109 -218.454 -0.707998 0.622268 -0.225784 -0.246056 2.45 4.399 11.394 0.103 4.542 13 63.713
156.53 3 -21.6696 6.53109 -218.454 -0.707998 0.622268 -0.225784 -0.246056 2.45 4.399 11.394 0.104 4.542 13 63.713
156.559 3 -21.6696 6.53109 -218.454 -0.707998 0.622268 -0.225784 -0.246056 2.45 4.399 11.394 0.104 4.542 13 63.713
156.575 3 -21.6696 6.53109 -218.454 -0.707998 0.622268 -0.225784 -0.246056 2.45 4.399 11.394 0.104 4.542 13 63.713
156.614 3 -21.6696 6.53109 -218.454 -0.707998 0.622268 -0.225784 -0.246056 2.45 4.399 11.394 0.104 4.542 13 63.713
156.631 3 -21.6696 6.53109 -218.454 -0.707998 0.622268 -0.225784 -0.246056 2.45 4.399 11.394 0.105 4.542 13 63.713
156.67 3 -21.6696 6.53109 -218.454 -0.707998 0.622268 -0.225784 -0.246056 2.45 4.399 11.394 0.106 4.542 13 63.713
156.698 3 -21.6696 6.53109 -218.454 -0.707998 0.622268 -0.225784 -0.246056 2.45 4.399 11.394 0.107 4.542 13 63.713
156.727 3 -21.6696 6.53109 -218.454 -0.707998 0.622268 -0.225784 -0.246056 2.45 4.399 11.394 0.108 4.542 13 63.713
156.755 3 -21.6696 6.53109 -218.454 -0.707998 0.622268 -0.225784 -0.246056 2.45 4.399 11.394 0.108 4.542 13 63.713
156.772 3 -21.6696 6.53109 -218.454 -0.707998 0.622268 -0.225784 -0.246056 2.45 4.399 11.394 0.108 4.542 13 63.713
156.811 3 -21.6696 6.53109 -218.454 -0.707998 0.622268 -0.225784 -0.246056 2.45 4.399 11.394 0.11 4.542 13 63.713
156.827 3 -21.6696 6.53109 -218.454 -0.707998 0.622268 -0.225784 -0.246056 2.45 4.399 11.394 0.11 4.542 13 63.713
156.867 3 -21.6696 6.53109 -218.454 -0.707998 0.622268 -0.225784 -0.246056 2.45 4.399 11.394 0.112 4.542 13 63.713
156.895 3 -21.6696 6.53109 -218.454 -0.707998 0.622268 -0.225784 -0.246056 2.45 4.399 11.394 0.112 4.542 13 63.713
156.923 3 -21.6696 6.53109 -218.454 -0.707998 0.622268 -0.225784 -0.246056 2.45 4.399 11.394 0.112 4.542 13 63.713
156.951 3 -21.6696 6.53109 -218.454 -0.707998 0.622268 -0.225784 -0.246056 2.45 4.399 11.394 0.113 4.542 13 63.713
156.968 3 -21.6696 6.53109 -218.454 -0.707998 0.622268 -0.225784 -0.246056 2.45 4.399 11.394 0.113 4.542 13 63.713
157.007 3 -21.6696 6.53109 -218.454 -0.707998 0.622268 -0.225784 -0.246056 2.45 4.399 11.394 0.113 4.542 13 63.713
157.024 3 -21.6696 6.53109 -218.454 -0.707998 0.622268 -0.225784 -0.246056 2.45 4.399 11.394 0.113 4.542 13 63.713
157.063 3 -21.6696 6.53109 -218.454 -0.707998 0.622268 -0.225784 -0.246056 2.45 4.399 11.394 0.114 4.542 13 63.713
157.091 3 -21.6696 6.53109 -218.454 -0.707998 0.622268 -0.225784 -0.246056 2.45 4.399 11.394 0.114 4.542 13 63.713
157.119 3 -21.6696 6.53109 -218.454 -0.707998 0.622268 -0.225784 -0.246056 2.45 4.399 11.394 0.115 4.542 13 63.713
157.147 3 -21.6696 6.53109 -218.454 -0.707998 0.622268 -0.225784 -0.246056 2.45 4.399 11.394 0.116 4.542 13 63.713
157.316 3 -21.6696 6.53109 -218.454 -0.707998 0.622268 -0.225784 -0.246056 2.45 4.399 11.394 0.12 4.542 13 63.713
157.333 3 -21.6696 6.53109 -218.454 -0.707998 0.622268 -0.225784 -0.246056 2.45 4.399 11.394 0.12 4.542 13 63.713
157.35 3 -21.6696 6.53109 -218.454 -0.707998 0.622268 -0.225784 -0.246056 2.45 4.399 11.394 0.12 4.542 13 63.713
157.366 3 -21.6696 6.53109 -218.454 -0.707998 0.622268 -0.225784 -0.246056 2.45 4.399 11.394 0.121 4.542 13 63.713
157.383 3 -21.6696 6.53109 -218.454 -0.707998 0.622268 -0.225784 -0.246056 2.45 4.399 11.394 0.121 4.542 13 63.713
157.4 3 -21.6696 6.53109 -218.454 -0.707998 0.622268 -0.225784 -0.246056 2.45 4.399 11.394 0.122 4.542 13 63.713
157.416 3 -21.6696 6.53109 -218.454 -0.707998 0.622268 -0.225784 -0.246056 2.45 4.399 11.394 0.122 4.542 13 63.713
157.433 3 -21.6696 6.53109 -218.454 -0.707998 0.622268 -0.225784 -0.246056 2.45 4.399 11.394 0.123 4.542 13 63.713
157.45 3 -21.6696 6.53109 -218.454 -0.707998 0.622268 -0.225784 -0.246056 2.45 4.399 11.394 0.123 4.542 13 63.713
157.466 3 -21.6696 6.53109 -218.454 -0.707998 0.622268 -0.225784 -0.246056 2.45 4.399 11.394 0.123 4.542 13 63.713
157.483 3 -21.6696 6.53109 -218.454 -0.707998 0.622268 -0.225784 -0.246056 2.45 4.399 11.394 0.124 4.542 13 63.713
157.5 3 -21.6696 6.53109 -218.454 -0.707998 0.622268 -0.225784 -0.246056 2.45 4.399 11.394 0.124 4.542 13 63.713
157.516 3 -21.6696 6.53109 -218.454 -0.707998 0.622268 -0.225784 -0.246056 2.45 4.399 11.394 0.124 4.542 13 63.713
157.533 3 -21.6696 6.53109 -218.454 -0.707998 0.622268 -0.225784 -0.246056 2.45 4.399 11.394 0.124 4.542 13 63.713
157.568 3 -21.6696 6.53109 -218.454 -0.707998 0.622268 -0.225784 -0.246056 2.45 4.399 11.394 0.125 4.542 13 63.713
157.597 3 -21.6696 6.53109 -218.454 -0.707998 0.622268 -0.225784 -0.246056 2.45 4.399 11.394 0.126 4.542 13 63.713
157.613 3 -21.6696 6.53109 -218.454 -0.707998 0.622268 -0.225784 -0.246056 2.45 4.399 11.394 0.126 4.542 13 63.713
157.652 3 -21.6696 6.53109 -218.454 -0.707998 0.622268 -0.225784 -0.246056 2.45 4.399 11.394 0.126 4.542 13 63.713
157.681 3 -21.6696 6.53109 -218.454 -0.707998 0.622268 -0.225784 -0.246056 2.45 4.399 11.394 0.126 4.542 13 63.713
157.697 3 -21.6696 6.53109 -218.454 -0.707998 0.622268 -0.225784 -0.246056 2.45 4.399 11.394 0.126 4.542 13 63.713
157.736 3 -21.6696 6.53109 -218.454 -0.707998 0.622268 -0.225784 -0.246056 2.45 4.399 11.394 0.126 4.542 13 63.713
157.753 3 -21.6696 6.53109 -218.454 -0.707998 0.622268 -0.225784 -0.246056 2.45 4.399 11.394 0.126 4.542 13 63.713
157.792 3 -21.6696 6.53109 -218.454 -0.707998 0.622268 -0.225784 -0.246056 2.45 4.399 11.394 0.126 4.542 13 63.713
157.809 3 -21.6696 6.53109 -218.454 -0.707998 0.622268 -0.225784 -0.246056 2.45 4.399 11.394 0.126 4.542 13 63.713
157.848 3 -21.6696 6.53109 -218.454 -0.707998 0.622268 -0.225784 -0.246056 2.45 4.399 11.394 0.126 4.542 13 63.713
157.876 3 -21.6696 6.53109 -218.454 -0.707998 0.622268 -0.225784 -0.246056 2.45 4.399 11.394 0.126 4.542 13 63.713
157.893 3 -21.6696 6.53109 -218.454 -0.707998 0.622268 -0.225784 -0.246056 2.45 4.399 11.394 0.126 4.542 13 63.713
157.932 3 -21.6696 6.53109 -218.454 -0.707998 0.622268 -0.225784 -0.246056 2.45 4.399 11.394 0.126 4.542 13 63.713
157.949 3 -21.6696 6.53109 -218.454 -0.707998 0.622268 -0.225784 -0.246056 2.45 4.399 11.394 0.126 4.542 13 63.713
157.988 3 -21.6696 6.53109 -218.454 -0.707998 0.622268 -0.225784 -0.246056 2.45 4.399 11.394 0.126 4.542 13 63.713
158.005 3 -21.6696 6.53109 -218.454 -0.707998 0.622268 -0.225784 -0.246056 2.45 4.399 11.394 0.126 4.542 13 63.713
158.044 3 -21.6696 6.53109 -218.454 -0.707998 0.622268 -0.225784 -0.246056 2.45 4.399 11.394 0.126 4.542 13 63.713
158.072 3 -21.6696 6.53109 -218.454 -0.707998 0.622268 -0.225784 -0.246056 2.45 4.399 11.394 0.126 4.542 13 63.713
158.089 3 -21.6696 6.53109 -218.454 -0.707998 0.622268 -0.225784 -0.246056 2.45 4.399 11.394 0.126 4.542 13 63.713
158.128 3 -21.6696 6.53109 -218.454 -0.707998 0.622268 -0.225784 -0.246056 2.45 4.399 11.394 0.126 4.542 13 63.713
158.145 3 -21.6696 6.53109 -218.454 -0.707998 0.622268 -0.225784 -0.246056 2.45 4.399 11.394 0.126 4.542 13 63.713
158.184 3 -21.6696 6.53109 -218.454 -0.707998 0.622268 -0.225784 -0.246056 2.45 4.399 11.394 0.126 4.542 13 63.713
158.201 3 -21.6696 6.53109 -218.454 -0.707998 0.622268 -0.225784 -0.246056 2.45 4.399 11.394 0.126 4.542 13 63.713
158.24 3 -21.6696 6.53109 -218.454 -0.707998 0.622268 -0.225784 -0.246056 2.45 4.399 11.394 0.126 4.542 13 63.713
158.268 3 -21.6696 6.53109 -218.454 -0.707998 0.622268 -0.225784 -0.246056 2.45 4.399 11.394 0.126 4.542 13 63.713
158.285 3 -21.6696 6.53109 -218.454 -0.707998 0.622268 -0.225784 -0.246056 2.45 4.399 11.394 0.126 4.542 13 63.713
158.324 3 -21.6696 6.53109 -218.454 -0.707998 0.622268 -0.225784 -0.246056 2.45 4.399 11.394 0.126 4.542 13 63.713
158.341 3 -21.6696 6.53109 -218.454 -0.707998 0.622268 -0.225784 -0.246056 2.45 4.399 11.394 0.126 4.542 13 63.713
158.38 3 -21.6696 6.53109 -218.454 -0.707998 0.622268 -0.225784 -0.246056 2.45 4.399 11.394 0.126 4.542 13 63.713
158.397 3 -21.6696 6.53109 -218.454 -0.707998 0.622268 -0.225784 -0.246056 2.45 4.399 11.394 0.126 4.542 13 63.713
158.436 3 -21.6696 6.53109 -218.454 -0.707998 0.622268 -0.225784 -0.246056 2.45 4.399 11.394 0.126 4.542 13 63.713
158.465 3 -21.6696 6.53109 -218.454 -0.707998 0.622268 -0.225784 -0.246056 2.45 4.399 11.394 0.126 4.542 13 63.713
158.481 3 -21.6696 6.53109 -218.454 -0.707998 0.622268 -0.225784 -0.246056 2.45 4.399 11.394 0.126 4.542 13 63.713
158.52 3 -21.6696 6.53109 -218.454 -0.707998 0.622268 -0.225784 -0.246056 2.45 4.399 11.394 0.126 4.542 13 63.713
158.537 3 -21.6696 6.53109 -218.454 -0.707998 0.622268 -0.225784 -0.246056 2.45 4.399 11.394 0.126 4.542 13 63.713
158.576 3 -21.6696 6.53109 -218.454 -0.707998 0.622268 -0.225784 -0.246056 2.45 4.399 11.394 0.126 4.542 13 63.713
158.593 3 -21.6696 6.53109 -218.454 -0.707998 0.622268 -0.225784 -0.246056 2.45 4.399 11.394 0.126 4.542 13 63.713
158.632 3 -21.6696 6.53109 -218.454 -0.707998 0.622268 -0.225784 -0.246056 2.45 4.399 11.394 0.126 4.542 13 63.713
158.661 3 -21.6696 6.53109 -218.454 -0.707998 0.622268 -0.225784 -0.246056 2.45 4.399 11.394 0.126 4.542 13 63.713
158.677 3 -21.6696 6.53109 -218.454 -0.707998 0.622268 -0.225784 -0.246056 2.45 4.399 11.394 0.126 4.542 13 63.713
158.716 3 -21.6696 6.53109 -218.454 -0.707998 0.622268 -0.225784 -0.246056 2.45 4.399 11.394 0.126 4.542 13 63.713
158.733 3 -21.6696 6.53109 -218.454 -0.707998 0.622268 -0.225784 -0.246056 2.45 4.399 11.394 0.126 4.542 13 63.713
158.773 3 -21.6696 6.53109 -218.454 -0.707998 0.622268 -0.225784 -0.246056 2.45 4.399 11.394 0.126 4.542 13 63.713
158.789 3 -21.6696 6.53109 -218.454 -0.707998 0.622268 -0.225784 -0.246056 2.45 4.399 11.394 0.126 4.542 13 63.713
158.828 3 -21.6696 6.53109 -218.454 -0.707998 0.622268 -0.225784 -0.246056 2.45 4.399 11.394 0.126 4.542 13 63.713
158.856 3 -21.6696 6.53109 -218.454 -0.707998 0.622268 -0.225784 -0.246056 2.45 4.399 11.394 0.126 4.542 13 63.713
158.873 3 -21.6696 6.53109 -218.454 -0.707998 0.622268 -0.225784 -0.246056 2.45 4.399 11.394 0.126 4.542 13 63.713
158.912 3 -21.6696 6.53109 -218.454 -0.707998 0.622268 -0.225784 -0.246056 2.45 4.399 11.394 0.126 4.542 13 63.713
158.929 3 -21.6696 6.53109 -218.454 -0.707998 0.622268 -0.225784 -0.246056 2.45 4.399 11.394 0.126 4.542 13 63.713
158.968 3 -21.6696 6.53109 -218.454 -0.707998 0.622268 -0.225784 -0.246056 2.45 4.399 11.394 0.126 4.542 13 63.713
158.985 3 -21.6696 6.53109 -218.454 -0.707998 0.622268 -0.225784 -0.246056 2.45 4.399 11.394 0.126 4.542 13 63.713
159.025 3 -21.6696 6.53109 -218.454 -0.707998 0.622268 -0.225784 -0.246056 2.45 4.399 11.394 0.126 4.542 13 60.558
159.053 3 -21.6696 6.53109 -218.454 -0.707998 0.622268 -0.225784 -0.246056 2.45 4.399 11.394 0.126 4.542 13 60.558
159.07 3 -21.6696 6.53109 -218.454 -0.707998 0.622268 -0.225784 -0.246056 2.45 4.399 11.394 0.126 4.542 13 60.558
159.109 3 -21.6696 6.53109 -218.454 -0.707998 0.622268 -0.225784 -0.246056 2.45 4.399 11.394 0.126 4.542 13 60.558
159.125 3 -21.6696 6.53109 -218.454 -0.707998 0.622268 -0.225784 -0.246056 2.45 4.399 11.394 0.126 4.542 13 60.558
159.165 3 -21.6696 6.53109 -218.454 -0.707998 0.622268 -0.225784 -0.246056 2.45 4.399 11.394 0.126 4.542 13 60.163
159.182 3 -21.6696 6.53109 -218.454 -0.707998 0.622268 -0.225784 -0.246056 2.45 4.399 11.394 0.126 4.542 13 60.163
159.221 3 -21.6696 6.53109 -218.454 -0.707998 0.622268 -0.225784 -0.246056 2.45 4.399 11.394 0.126 4.542 13 59.375
159.248 3 -21.6696 6.53109 -218.454 -0.707998 0.622268 -0.225784 -0.246056 2.45 4.399 11.394 0.126 4.542 13 58.98
159.265 3 -21.6696 6.53109 -218.454 -0.707998 0.622268 -0.225784 -0.246056 2.45 4.399 11.394 0.126 4.542 13 58.98
159.302 3 -21.6696 6.53109 -218.454 -0.707998 0.622268 -0.225784 -0.246056 2.45 4.399 11.394 0.126 4.542 13 58.191
159.319 3 -21.6696 6.53109 -218.454 -0.707998 0.622268 -0.225784 -0.246056 2.45 4.399 11.394 0.126 4.542 13 57.797
159.356 3 -21.6696 6.53109 -218.454 -0.707998 0.622268 -0.225784 -0.246056 2.45 4.399 11.394 0.126 4.542 13 56.614
159.373 3 -21.6696 6.53109 -218.454 -0.707998 0.622268 -0.225784 -0.246056 2.45 4.399 11.394 0.126 4.542 13 56.219
159.41 3 -21.6696 6.53109 -218.454 -0.707998 0.622268 -0.225784 -0.246056 2.45 4.399 11.394 0.126 4.542 13 55.036
159.437 3 -21.6696 6.53109 -218.454 -0.707998 0.622268 -0.225784 -0.246056 2.45 4.399 11.394 0.126 4.542 13 54.247
159.454 3 -21.6696 6.53109 -218.454 -0.707998 0.622268 -0.225784 -0.246056 2.45 4.399 11.394 0.126 4.542 13 53.853
159.489 3 -21.6696 6.53109 -218.454 -0.707998 0.622268 -0.225784 -0.246056 2.45 4.399 11.394 0.126 4.542 13 53.458
159.506 3 -21.6696 6.53109 -218.454 -0.707998 0.622268 -0.225784 -0.246056 2.45 4.399 11.394 0.126 4.542 13 53.064
159.542 3 -21.6696 6.53109 -218.454 -0.707998 0.622268 -0.225784 -0.246056 2.45 4.399 11.394 0.126 4.542 13 52.669
159.559 3 -21.6696 6.53109 -218.454 -0.707998 0.622268 -0.225784 -0.246056 2.45 4.399 11.394 0.126 4.542 13 52.275
159.593 3 -21.6696 6.53109 -218.454 -0.707998 0.622268 -0.225784 -0.246056 2.45 4.399 11.394 0.126 4.542 13 51.486
159.618 3 -21.6696 6.53109 -218.454 -0.707998 0.622268 -0.225784 -0.246056 2.45 4.399 11.394 0.126 4.542 13 51.092
159.635 3 -21.6696 6.53109 -218.454 -0.707998 0.622268 -0.225784 -0.246056 2.45 4.399 11.394 0.126 4.542 13 51.092
159.667 3 -21.6696 6.53109 -218.454 -0.707998 0.622268 -0.225784 -0.246056 2.45 4.399 11.394 0.126 4.542 13 50.697
159.684 3 -21.6696 6.53109 -218.454 -0.707998 0.622268 -0.225784 -0.246056 2.45 4.399 11.394 0.126 4.542 13 50.697
159.717 3 -21.6696 6.53109 -218.454 -0.707998 0.622268 -0.225784 -0.246056 2.45 4.399 11.394 0.126 4.542 13 50.697
159.733 3 -21.6696 6.53109 -218.454 -0.707998 0.622268 -0.225784 -0.246056 2.45 4.399 11.394 0.126 4.542 13 50.697
159.765 3 -21.6696 6.53109 -218.454 -0.707998 0.622268 -0.225784 -0.246056 2.45 4.399 11.394 0.126 4.542 13 50.697
159.789 3 -21.6696 6.53109 -218.454 -0.707998 0.622268 -0.225784 -0.246056 2.45 4.399 11.394 0.126 4.542 13 50.697
159.806 3 -21.6696 6.53109 -218.454 -0.707998 0.622268 -0.225784 -0.246056 2.45 4.399 11.394 0.126 4.542 13 50.697
159.837 3 -21.6696 6.53109 -218.454 -0.707998 0.622268 -0.225784 -0.246056 2.45 4.399 11.394 0.126 4.542 13 50.697
159.853 3 -21.6696 6.53109 -218.454 -0.707998 0.622268 -0.225784 -0.246056 2.45 4.399 11.394 0.126 4.542 13 50.303
159.884 3 -21.6696 6.53109 -218.454 -0.707998 0.622268 -0.225784 -0.246056 2.45 4.399 11.394 0.126 4.542 13 50.303
159.901 3 -21.6696 6.53109 -218.454 -0.707998 0.622268 -0.225784 -0.246056 2.45 4.399 11.394 0.126 4.542 13 50.303
159.931 3 -21.6696 6.53109 -218.454 -0.707998 0.622268 -0.225784 -0.246056 2.45 4.399 11.394 0.126 4.542 13 49.908
159.955 3 -21.6696 6.53109 -218.454 -0.707998 0.622268 -0.225784 -0.246056 2.45 4.399 11.394 0.126 4.542 13 49.908
159.971 3 -21.6696 6.53109 -218.454 -0.707998 0.622268 -0.225784 -0.246056 2.45 4.399 11.394 0.126 4.542 13 49.908
160.002 3 -21.6696 6.53109 -218.454 -0.707998 0.622268 -0.225784 -0.246056 2.45 4.399 11.394 0.126 4.542 13 49.12
160.025 3 -21.6696 6.53109 -218.454 -0.707998 0.622268 -0.225784 -0.246056 2.45 4.399 11.394 0.126 4.542 13 48.725
160.042 3 -21.6696 6.53109 -218.454 -0.707998 0.622268 -0.225784 -0.246056 2.45 4.399 11.394 0.126 4.542 13 48.331
160.072 3 -21.6696 6.53109 -218.454 -0.707998 0.622268 -0.225784 -0.246056 2.45 4.399 11.394 0.126 4.542 13 47.936
160.089 3 -21.6696 6.53109 -218.454 -0.707998 0.622268 -0.225784 -0.246056 2.45 4.399 11.394 0.126 4.542 13 47.542
160.119 3 -21.6696 6.53109 -218.454 -0.707998 0.622268 -0.225784 -0.246056 2.45 4.399 11.394 0.126 4.542 13 47.147
160.136 3 -21.6696 6.53109 -218.454 -0.707998 0.622268 -0.225784 -0.246056 2.45 4.399 11.394 0.126 4.542 13 46.753
160.165 3 -21.6696 6.53109 -218.454 -0.707998 0.622268 -0.225784 -0.246056 2.45 4.399 11.394 0.126 4.542 13 46.359
160.189 3 -21.6696 6.53109 -218.454 -0.707998 0.622268 -0.225784 -0.246056 2.45 4.399 11.394 0.126 4.542 13 45.964
160.205 3 -21.6696 6.53109 -218.454 -0.707998 0.622268 -0.225784 -0.246056 2.45 4.399 11.394 0.126 4.542 13 45.964
160.234 3 -21.6696 6.53109 -218.454 -0.707998 0.622268 -0.225784 -0.246056 2.45 4.399 11.394 0.126 4.542 13 45.57
160.251 3 -21.6696 6.53109 -218.454 -0.707998 0.622268 -0.225784 -0.246056 2.45 4.399 11.394 0.126 4.542 13 45.175
160.279 3 -21.6696 6.53109 -218.454 -0.707998 0.622268 -0.225784 -0.246056 2.45 4.399 11.394 0.126 4.542 13 44.781
160.296 3 -21.6696 6.53109 -218.454 -0.707998 0.622268 -0.225784 -0.246056 2.45 4.399 11.394 0.126 4.542 13 44.781
160.324 3 -21.6696 6.53109 -218.454 -0.707998 0.622268 -0.225784 -0.246056 2.45 4.399 11.394 0.126 4.542 13 44.386
160.346 3 -21.6696 6.53109 -218.454 -0.707998 0.622268 -0.225784 -0.246056 2.45 4.399 11.394 0.126 4.542 13 43.992
160.363 3 -21.6696 6.53109 -218.454 -0.707998 0.622268 -0.225784 -0.246056 2.45 4.399 11.394 0.126 4.542 13 43.598
160.39 3 -21.6696 6.53109 -218.454 -0.707998 0.622268 -0.225784 -0.246056 2.45 4.399 11.394 0.126 4.542 13 43.598
160.406 3 -21.6696 6.53109 -218.454 -0.707998 0.622268 -0.225784 -0.246056 2.45 4.399 11.394 0.126 4.542 13 43.598
160.433 3 -21.6696 6.53109 -218.454 -0.707998 0.622268 -0.225784 -0.246056 2.45 4.399 11.394 0.126 4.542 13 43.598
160.45 3 -21.6696 6.53109 -218.454 -0.707998 0.622268 -0.225784 -0.246056 2.45 4.399 11.394 0.126 4.542 13 43.598
160.476 3 -21.6696 6.53109 -218.454 -0.707998 0.622268 -0.225784 -0.246056 2.45 4.399 11.394 0.126 4.542 13 43.203
160.498 3 -21.6696 6.53109 -218.454 -0.707998 0.622268 -0.225784 -0.246056 2.45 4.399 11.394 0.126 4.542 13 43.203
160.515 3 -21.6696 6.53109 -218.454 -0.707998 0.622268 -0.225784 -0.246056 2.45 4.399 11.394 0.126 4.542 13 43.203
160.54 3 -21.6696 6.53109 -218.454 -0.707998 0.622268 -0.225784 -0.246056 2.45 4.399 11.394 0.126 4.542 13 43.203
160.557 3 -21.6696 6.53109 -218.454 -0.707998 0.622268 -0.225784 -0.246056 2.45 4.399 11.394 0.126 4.542 13 43.203
160.583 3 -21.6696 6.53109 -218.454 -0.707998 0.622268 -0.225784 -0.246056 2.45 4.399 11.394 0.126 4.542 13 42.809
160.599 3 -21.6696 6.53109 -218.454 -0.707998 0.622268 -0.225784 -0.246056 2.45 4.399 11.394 0.126 4.542 13 42.809
160.625 3 -21.6696 6.53109 -218.454 -0.707998 0.622268 -0.225784 -0.246056 2.45 4.399 11.394 0.126 4.542 13 42.414
160.646 3 -21.6696 6.53109 -218.454 -0.707998 0.622268 -0.225784 -0.246056 2.45 4.399 11.394 0.126 4.542 13 42.414
160.663 3 -21.6696 6.53109 -218.454 -0.707998 0.622268 -0.225784 -0.246056 2.45 4.399 11.394 0.126 4.542 13 42.414
160.689 3 -21.6696 6.53109 -218.454 -0.707998 0.622268 -0.225784 -0.246056 2.45 4.399 11.394 0.126 4.542 13 42.02
160.705 3 -21.6696 6.53109 -218.454 -0.707998 0.622268 -0.225784 -0.246056 2.45 4.399 11.394 0.126 4.542 13 42.02
160.731 3 -21.6696 6.53109 -218.454 -0.707998 0.622268 -0.225784 -0.246056 2.45 4.399 11.394 0.126 4.542 13 42.02
160.748 3 -21.6696 6.53109 -218.454 -0.707998 0.622268 -0.225784 -0.246056 2.45 4.399 11.394 0.126 4.542 13 42.02
160.773 3 -21.6696 6.53109 -218.454 -0.707998 0.622268 -0.225784 -0.246056 2.45 4.399 11.394 0.126 4.542 13 42.02
160.794 3 -21.6696 6.53109 -218.454 -0.707998 0.622268 -0.225784 -0.246056 2.45 4.399 11.394 0.126 4.542 13 42.02
160.81 3 -21.6696 6.53109 -218.454 -0.707998 0.622268 -0.225784 -0.246056 2.45 4.399 11.394 0.126 4.542 13 41.625
160.835 3 -21.6696 6.53109 -218.454 -0.707998 0.622268 -0.225784 -0.246056 2.45 4.399 11.394 0.126 4.542 13 41.625
160.852 3 -21.6696 6.53109 -218.454 -0.707998 0.622268 -0.225784 -0.246056 2.45 4.399 11.394 0.126 4.542 13 41.625
160.877 3 -21.6696 6.53109 -218.454 -0.707998 0.622268 -0.225784 -0.246056 2.45 4.399 11.394 0.126 4.542 13 41.625
160.894 3 -21.6696 6.53109 -218.454 -0.707998 0.622268 -0.225784 -0.246056 2.45 4.399 11.394 0.126 4.542 13 41.625
160.918 3 -21.6696 6.53109 -218.454 -0.707998 0.622268 -0.225784 -0.246056 2.45 4.399 11.394 0.126 4.542 13 41.625
160.939 3 -21.6696 6.53109 -218.454 -0.707998 0.622268 -0.225784 -0.246056 2.45 4.399 11.394 0.126 4.542 13 41.625
160.956 3 -21.6696 6.53109 -218.454 -0.707998 0.622268 -0.225784 -0.246056 2.45 4.399 11.394 0.126 4.542 13 41.625
160.98 3 -21.6696 6.53109 -218.454 -0.707998 0.622268 -0.225784 -0.246056 2.45 4.399 11.394 0.126 4.542 13 41.625
160.997 3 -21.6696 6.53109 -218.454 -0.707998 0.622268 -0.225784 -0.246056 2.45 4.399 11.394 0.126 4.542 13 41.625
161.021 3 -21.6696 6.53109 -218.454 -0.707998 0.622268 -0.225784 -0.246056 2.45 4.399 11.394 0.126 4.542 13 41.625
161.038 3 -21.6696 6.53109 -218.454 -0.707998 0.622268 -0.225784 -0.246056 2.45 4.399 11.394 0.126 4.542 13 41.625
161.062 3 -21.6696 6.53109 -218.454 -0.707998 0.622268 -0.225784 -0.246056 2.45 4.399 11.394 0.126 4.542 13 41.625
161.083 3 -21.6696 6.53109 -218.454 -0.707998 0.622268 -0.225784 -0.246056 2.45 4.399 11.394 0.126 4.542 13 41.231
161.1 3 -21.6696 6.53109 -218.454 -0.707998 0.622268 -0.225784 -0.246056 2.45 4.399 11.394 0.126 4.542 13 41.231
161.123 3 -21.6696 6.53109 -218.454 -0.707998 0.622268 -0.225784 -0.246056 2.45 4.399 11.394 0.126 4.542 13 40.837
161.14 3 -21.6696 6.53109 -218.454 -0.707998 0.622268 -0.225784 -0.246056 2.45 4.399 11.394 0.126 4.542 13 40.837
161.165 3 -21.6696 6.53109 -218.454 -0.707998 0.622268 -0.225784 -0.246056 2.45 4.399 11.394 0.126 4.542 13 40.442
161.181 3 -21.6696 6.53109 -218.454 -0.707998 0.622268 -0.225784 -0.246056 2.45 4.399 11.394 0.126 4.542 13 40.442
161.205 3 -21.6696 6.53109 -218.454 -0.707998 0.622268 -0.225784 -0.246056 2.45 4.399 11.394 0.126 4.542 13 40.442
161.226 3 -21.6696 6.53109 -218.454 -0.707998 0.622268 -0.225784 -0.246056 2.45 4.399 11.394 0.126 4.542 13 40.442
161.243 3 -21.6696 6.53109 -218.454 -0.707998 0.622268 -0.225784 -0.246056 2.45 4.399 11.394 0.126 4.542 13 40.442
161.267 3 -21.6696 6.53109 -218.454 -0.707998 0.622268 -0.225784 -0.246056 2.45 4.399 11.394 0.126 4.542 13 40.442
161.287 3 -21.6696 6.53109 -218.454 -0.707998 0.622268 -0.225784 -0.246056 2.45 4.399 11.394 0.126 4.542 13 40.442
161.304 3 -21.6696 6.53109 -218.454 -0.707998 0.622268 -0.225784 -0.246056 2.45 4.399 11.394 0.126 4.542 13 40.442
161.327 3 -21.6696 6.53109 -218.454 -0.707998 0.622268 -0.225784 -0.246056 2.45 4.399 11.394 0.126 4.542 13 40.048
161.344 3 -21.6696 6.53109 -218.454 -0.707998 0.622268 -0.225784 -0.246056 2.45 4.399 11.394 0.126 4.542 13 40.048
161.368 3 -21.6696 6.53109 -218.454 -0.707998 0.622268 -0.225784 -0.246056 2.45 4.399 11.394 0.126 4.542 13 39.653
161.384 3 -21.6696 6.53109 -218.454 -0.707998 0.622268 -0.225784 -0.246056 2.45 4.399 11.394 0.126 4.542 13 39.653
161.408 3 -21.6696 6.53109 -218.454 -0.707998 0.622268 -0.225784 -0.246056 2.45 4.399 11.394 0.126 4.542 13 39.653
161.428 3 -21.6696 6.53109 -218.454 -0.707998 0.622268 -0.225784 -0.246056 2.45 4.399 11.394 0.126 4.542 13 39.653
161.445 3 -21.6696 6.53109 -218.454 -0.707998 0.622268 -0.225784 -0.246056 2.45 4.399 11.394 0.126 4.542 13 39.653
161.468 3 -21.6696 6.53109 -218.454 -0.707998 0.622268 -0.225784 -0.246056 2.45 4.399 11.394 0.126 4.542 13 39.259
161.489 3 -21.6696 6.53109 -218.454 -0.707998 0.622268 -0.225784 -0.246056 2.45 4.399 11.394 0.126 4.542 13 39.259
161.505 3 -21.6696 6.53109 -218.454 -0.707998 0.622268 -0.225784 -0.246056 2.45 4.399 11.394 0.126 4.542 13 39.259
161.528 3 -21.6696 6.53109 -218.454 -0.707998 0.622268 -0.225784 -0.246056 2.45 4.399 11.394 0.126 4.542 13 39.259
161.545 3 -21.6696 6.53109 -218.454 -0.707998 0.622268 -0.225784 -0.246056 2.45 4.399 11.394 0.126 4.542 13 39.259
161.568 3 -21.6696 6.53109 -218.454 -0.707998 0.622268 -0.225784 -0.246056 2.45 4.399 11.394 0.126 4.542 13 39.259
161.584 3 -21.6696 6.53109 -218.454 -0.707998 0.622268 -0.225784 -0.246056 2.45 4.399 11.394 0.126 4.542 13 39.259
161.607 3 -21.6696 6.53109 -218.454 -0.707998 0.622268 -0.225784 -0.246056 2.45 4.399 11.394 0.126 4.542 13 39.259
161.627 3 -21.6696 6.53109 -218.454 -0.707998 0.622268 -0.225784 -0.246056 2.45 4.399 11.394 0.126 4.542 13 39.259
161.644 3 -21.6696 6.53109 -218.454 -0.707998 0.622268 -0.225784 -0.246056 2.45 4.399 11.394 0.126 4.542 13 39.259
161.667 3 -21.6696 6.53109 -218.454 -0.707998 0.622268 -0.225784 -0.246056 2.45 4.399 11.394 0.126 4.542 13 39.259
161.683 3 -21.6696 6.53109 -218.454 -0.707998 0.622268 -0.225784 -0.246056 2.45 4.399 11.394 0.126 4.542 13 39.259
161.707 3 -21.6696 6.53109 -218.454 -0.707998 0.622268 -0.225784 -0.246056 2.45 4.399 11.394 0.126 4.542 13 39.259
161.723 3 -21.6696 6.53109 -218.454 -0.707998 0.622268 -0.225784 -0.246056 2.45 4.399 11.394 0.126 4.542 13 39.259
161.746 3 -21.6696 6.53109 -218.454 -0.707998 0.622268 -0.225784 -0.246056 2.45 4.399 11.394 0.126 4.542 13 39.259
161.766 3 -21.6696 6.53109 -218.454 -0.707998 0.622268 -0.225784 -0.246056 2.45 4.399 11.394 0.126 4.542 13 39.259
161.783 3 -21.6696 6.53109 -218.454 -0.707998 0.622268 -0.225784 -0.246056 2.45 4.399 11.394 0.126 4.542 13 39.259
161.805 3 -21.6696 6.53109 -218.454 -0.707998 0.622268 -0.225784 -0.246056 2.45 4.399 11.394 0.126 4.542 13 39.259
161.826 3 -21.6696 6.53109 -218.454 -0.707998 0.622268 -0.225784 -0.246056 2.45 4.399 11.394 0.126 4.542 13 39.259
161.842 3 -21.6696 6.53109 -218.454 -0.707998 0.622268 -0.225784 -0.246056 2.45 4.399 11.394 0.126 4.542 13 39.259
161.865 3 -21.6696 6.53109 -218.454 -0.707998 0.622268 -0.225784 -0.246056 2.45 4.399 11.394 0.126 4.542 13 39.259
161.882 3 -21.6696 6.53109 -218.454 -0.707998 0.622268 -0.225784 -0.246056 2.45 4.399 11.394 0.126 4.542 13 39.259
161.905 3 -21.6696 6.53109 -218.454 -0.707998 0.622268 -0.225784 -0.246056 2.45 4.399 11.394 0.126 4.542 13 39.259
161.921 3 -21.6696 6.53109 -218.454 -0.707998 0.622268 -0.225784 -0.246056 2.45 4.399 11.394 0.126 4.542 13 39.259
161.944 3 -21.6696 6.53109 -218.454 -0.707998 0.622268 -0.225784 -0.246056 2.45 4.399 11.394 0.126 4.542 13 39.259
161.964 3 -21.6696 6.53109 -218.454 -0.707998 0.622268 -0.225784 -0.246056 2.45 4.399 11.394 0.126 4.542 13 39.259
161.981 3 -21.6696 6.53109 -218.454 -0.707998 0.622268 -0.225784 -0.246056 2.45 4.399 11.394 0.126 4.542 13 39.259
162.003 3 -21.6696 6.53109 -218.454 -0.707998 0.622268 -0.225784 -0.246056 2.45 4.399 11.394 0.126 4.542 13 39.259
162.024 3 -21.6696 6.53109 -218.454 -0.707998 0.622268 -0.225784 -0.246056 2.45 4.399 11.394 0.126 4.542 13 39.259
162.04 3 -21.6696 6.53109 -218.454 -0.707998 0.622268 -0.225784 -0.246056 2.45 4.399 11.394 0.126 4.542 13 39.259
162.063 3 -21.6696 6.53109 -218.454 -0.707998 0.622268 -0.225784 -0.246056 2.45 4.399 11.394 0.126 4.542 13 39.259
162.08 3 -21.6696 6.53109 -218.454 -0.707998 0.622268 -0.225784 -0.246056 2.45 4.399 11.394 0.126 4.542 13 39.259
162.103 3 -21.6696 6.53109 -218.454 -0.707998 0.622268 -0.225784 -0.246056 2.45 4.399 11.394 0.126 4.542 13 39.259
162.119 3 -21.6696 6.53109 -218.454 -0.707998 0.622268 -0.225784 -0.246056 2.45 4.399 11.394 0.126 4.542 13 39.259
162.142 3 -21.6696 6.53109 -218.454 -0.707998 0.622268 -0.225784 -0.246056 2.45 4.399 11.394 0.126 4.542 13 39.259
162.162 3 -21.6696 6.53109 -218.454 -0.707998 0.622268 -0.225784 -0.246056 2.45 4.399 11.394 0.126 4.542 13 39.259
162.179 3 -21.6696 6.53109 -218.454 -0.707998 0.622268 -0.225784 -0.246056 2.45 4.399 11.394 0.126 4.542 13 39.259
162.202 3 -21.6696 6.53109 -218.454 -0.707998 0.622268 -0.225784 -0.246056 2.45 4.399 11.394 0.126 4.542 13 39.259
162.222 3 -21.6696 6.53109 -218.454 -0.707998 0.622268 -0.225784 -0.246056 2.45 4.399 11.394 0.126 4.542 13 39.259
162.238 3 -21.6696 6.53109 -218.454 -0.707998 0.622268 -0.225784 -0.246056 2.45 4.399 11.394 0.126 4.542 13 39.259
162.261 3 -21.6696 6.53109 -218.454 -0.707998 0.622268 -0.225784 -0.246056 2.45 4.399 11.394 0.126 4.542 13 39.259
162.278 3 -21.6696 6.53109 -218.454 -0.707998 0.622268 -0.225784 -0.246056 2.45 4.399 11.394 0.126 4.542 13 39.259
162.301 3 -21.6696 6.53109 -218.454 -0.707998 0.622268 -0.225784 -0.246056 2.45 4.399 11.394 0.126 4.542 13 39.259
162.318 3 -21.6696 6.53109 -218.454 -0.707998 0.622268 -0.225784 -0.246056 2.45 4.399 11.394 0.126 4.542 13 39.259
162.34 3 -21.6696 6.53109 -218.454 -0.707998 0.622268 -0.225784 -0.246056 2.45 4.399 11.394 0.126 4.542 13 39.259
162.36 3 -21.6696 6.53109 -218.454 -0.707998 0.622268 -0.225784 -0.246056 2.45 4.399 11.394 0.126 4.542 13 39.259
162.377 3 -21.6696 6.53109 -218.454 -0.707998 0.622268 -0.225784 -0.246056 2.45 4.399 11.394 0.126 4.542 13 39.259
162.4 3 -21.6696 6.53109 -218.454 -0.707998 0.622268 -0.225784 -0.246056 2.45 4.399 11.394 0.126 4.542 13 39.259
162.42 3 -21.6696 6.53109 -218.454 -0.707998 0.622268 -0.225784 -0.246056 2.45 4.399 11.394 0.126 4.542 13 39.259
162.437 3 -21.6696 6.53109 -218.454 -0.707998 0.622268 -0.225784 -0.246056 2.45 4.399 11.394 0.126 4.542 13 39.259
162.459 3 -21.6696 6.53109 -218.454 -0.707998 0.622268 -0.225784 -0.246056 2.45 4.399 11.394 0.126 4.542 13 39.259
162.476 3 -21.6696 6.53109 -218.454 -0.707998 0.622268 -0.225784 -0.246056 2.45 4.399 11.394 0.126 4.542 13 39.259
162.499 3 -21.6696 6.53109 -218.454 -0.707998 0.622268 -0.225784 -0.246056 2.45 4.399 11.394 0.126 4.542 13 39.259
162.516 3 -21.6696 6.53109 -218.454 -0.707998 0.622268 -0.225784 -0.246056 2.45 4.399 11.394 0.126 4.542 13 39.259
162.538 3 -21.6696 6.53109 -218.454 -0.707998 0.622268 -0.225784 -0.246056 2.45 4.399 11.394 0.126 4.542 13 39.259
162.559 3 -21.6696 6.53109 -218.454 -0.707998 0.622268 -0.225784 -0.246056 2.45 4.399 11.394 0.126 4.542 13 39.259
162.575 3 -21.6696 6.53109 -218.454 -0.707998 0.622268 -0.225784 -0.246056 2.45 4.399 11.394 0.126 4.542 13 39.259
162.598 3 -21.6696 6.53109 -218.454 -0.707998 0.622268 -0.225784 -0.246056 2.45 4.399 11.394 0.126 4.542 13 39.259
162.615 3 -21.6696 6.53109 -218.454 -0.707998 0.622268 -0.225784 -0.246056 2.45 4.399 11.394 0.126 4.542 13 39.259
162.638 3 -21.6696 6.53109 -218.454 -0.707998 0.622268 -0.225784 -0.246056 2.45 4.399 11.394 0.126 4.542 13 39.259
162.654 3 -21.6696 6.53109 -218.454 -0.707998 0.622268 -0.225784 -0.246056 2.45 4.399 11.394 0.126 4.542 13 39.259
162.677 3 -21.6696 6.53109 -218.454 -0.707998 0.622268 -0.225784 -0.246056 2.45 4.399 11.394 0.126 4.542 13 39.259
162.697 3 -21.6696 6.53109 -218.454 -0.707998 0.622268 -0.225784 -0.246056 2.45 4.399 11.394 0.126 4.542 13 39.259
162.714 3 -21.6696 6.53109 -218.454 -0.707998 0.622268 -0.225784 -0.246056 2.45 4.399 11.394 0.126 4.542 13 39.259
162.736 3 -21.6696 6.53109 -218.454 -0.707998 0.622268 -0.225784 -0.246056 2.45 4.399 11.394 0.126 4.542 13 39.259
162.753 3 -21.6696 6.53109 -218.454 -0.707998 0.622268 -0.225784 -0.246056 2.45 4.399 11.394 0.126 4.542 13 39.259
162.776 3 -21.6696 6.53109 -218.454 -0.707998 0.622268 -0.225784 -0.246056 2.45 4.399 11.394 0.126 4.542 13 39.259
162.792 3 -21.6696 6.53109 -218.454 -0.707998 0.622268 -0.225784 -0.246056 2.45 4.399 11.394 0.126 4.542 13 39.259
162.815 3 -21.6696 6.53109 -218.454 -0.707998 0.622268 -0.225784 -0.246056 2.45 4.399 11.394 0.126 4.542 13 39.259
162.835 3 -21.6696 6.53109 -218.454 -0.707998 0.622268 -0.225784 -0.246056 2.45 4.399 11.394 0.126 4.542 13 39.259
162.851 3 -21.6696 6.53109 -218.454 -0.707998 0.622268 -0.225784 -0.246056 2.45 4.399 11.394 0.126 4.542 13 39.259
162.874 3 -21.6696 6.53109 -218.454 -0.707998 0.622268 -0.225784 -0.246056 2.45 4.399 11.394 0.126 4.542 13 39.259
162.894 3 -21.6696 6.53109 -218.454 -0.707998 0.622268 -0.225784 -0.246056 2.45 4.399 11.394 0.126 4.542 13 39.259
162.911 3 -21.6696 6.53109 -218.454 -0.707998 0.622268 -0.225784 -0.246056 2.45 4.399 11.394 0.126 4.542 13 39.259
162.933 3 -21.6696 6.53109 -218.454 -0.707998 0.622268 -0.225784 -0.246056 2.45 4.399 11.394 0.126 4.542 13 39.259
162.95 3 -21.6696 6.53109 -218.454 -0.707998 0.622268 -0.225784 -0.246056 2.45 4.399 11.394 0.126 4.542 13 39.259
162.973 3 -21.6696 6.53109 -218.454 -0.707998 0.622268 -0.225784 -0.246056 2.45 4.399 11.394 0.126 4.542 13 39.259
162.989 3 -21.6696 6.53109 -218.454 -0.707998 0.622268 -0.225784 -0.246056 2.45 4.399 11.394 0.126 4.542 13 39.259
163.012 3 -21.6696 6.53109 -218.454 -0.707998 0.622268 -0.225784 -0.246056 2.45 4.399 11.394 0.126 4.542 13 39.259
163.032 3 -21.6696 6.53109 -218.454 -0.707998 0.622268 -0.225784 -0.246056 2.45 4.399 11.394 0.126 4.542 13 39.259
163.048 3 -21.6696 6.53109 -218.454 -0.707998 0.622268 -0.225784 -0.246056 2.45 4.399 11.394 0.126 4.542 13 39.259
163.071 3 -21.6696 6.53109 -218.454 -0.707998 0.622268 -0.225784 -0.246056 2.45 4.399 11.394 0.126 4.542 13 39.259
163.19 3 -21.6696 6.53109 -218.454 -0.707998 0.622268 -0.225784 -0.246056 2.45 4.399 11.394 0.126 4.542 13 39.259
163.207 3 -21.6696 6.53109 -218.454 -0.707998 0.622268 -0.225784 -0.246056 2.45 4.399 11.394 0.126 4.542 13 39.259
163.224 3 -21.6696 6.53109 -218.454 -0.707998 0.622268 -0.225784 -0.246056 2.45 4.399 11.394 0.126 4.542 13 39.259
163.24 3 -21.6696 6.53109 -218.454 -0.707998 0.622268 -0.225784 -0.246056 2.45 4.399 11.394 0.126 4.542 13 39.259
163.26 3 -21.6696 6.53109 -218.454 -0.707998 0.622268 -0.225784 -0.246056 2.45 4.399 11.394 0.126 4.542 13 39.259
163.276 3 -21.6696 6.53109 -218.454 -0.707998 0.622268 -0.225784 -0.246056 2.45 4.399 11.394 0.126 4.542 13 39.259
163.293 3 -21.6696 6.53109 -218.454 -0.707998 0.622268 -0.225784 -0.246056 2.45 4.399 11.394 0.126 4.542 13 39.259
163.31 3 -21.6696 6.53109 -218.454 -0.707998 0.622268 -0.225784 -0.246056 2.45 4.399 11.394 0.126 4.542 13 39.259
163.326 3 -21.6696 6.53109 -218.454 -0.707998 0.622268 -0.225784 -0.246056 2.45 4.399 11.394 0.126 4.542 13 39.259
163.343 3 -21.6696 6.53109 -218.454 -0.707998 0.622268 -0.225784 -0.246056 2.45 4.399 11.394 0.126 4.542 13 39.259
163.36 3 -21.6696 6.53109 -218.454 -0.707998 0.622268 -0.225784 -0.246056 2.45 4.399 11.394 0.126 4.542 13 39.259
163.376 3 -21.6696 6.53109 -218.454 -0.707998 0.622268 -0.225784 -0.246056 2.45 4.399 11.394 0.126 4.542 13 39.259
163.393 3 -21.6696 6.53109 -218.454 -0.707998 0.622268 -0.225784 -0.246056 2.45 4.399 11.394 0.126 4.542 13 39.259
163.41 3 -21.6696 6.53109 -218.454 -0.707998 0.622268 -0.225784 -0.246056 2.45 4.399 11.394 0.126 4.542 13 39.259
163.426 3 -21.6696 6.53109 -218.454 -0.707998 0.622268 -0.225784 -0.246056 2.45 4.399 11.394 0.126 4.542 13 39.259
163.443 3 -21.6696 6.53109 -218.454 -0.707998 0.622268 -0.225784 -0.246056 2.45 4.399 11.394 0.126 4.542 13 39.259
163.46 3 -21.6696 6.53109 -218.454 -0.707998 0.622268 -0.225784 -0.246056 2.45 4.399 11.394 0.126 4.542 13 39.259
163.476 3 -21.6696 6.53109 -218.454 -0.707998 0.622268 -0.225784 -0.246056 2.45 4.399 11.394 0.126 4.542 13 39.259
163.493 3 -21.6696 6.53109 -218.454 -0.707998 0.622268 -0.225784 -0.246056 2.45 4.399 11.394 0.126 4.542 13 39.259
163.51 3 -21.6696 6.53109 -218.454 -0.707998 0.622268 -0.225784 -0.246056 2.45 4.399 11.394 0.126 4.542 13 39.259
163.526 3 -21.6696 6.53109 -218.454 -0.707998 0.622268 -0.225784 -0.246056 2.45 4.399 11.394 0.126 4.542 13 39.259
163.543 3 -21.6696 6.53109 -218.454 -0.707998 0.622268 -0.225784 -0.246056 2.45 4.399 11.394 0.126 4.542 13 39.259
163.56 3 -21.6696 6.53109 -218.454 -0.707998 0.622268 -0.225784 -0.246056 2.45 4.399 11.394 0.126 4.542 13 39.259
163.576 3 -21.6696 6.53109 -218.454 -0.707998 0.622268 -0.225784 -0.246056 2.45 4.399 11.394 0.126 4.542 13 39.259
163.593 3 -21.6696 6.53109 -218.454 -0.707998 0.622268 -0.225784 -0.246056 2.45 4.399 11.394 0.126 4.542 13 39.259
163.61 3 -21.6696 6.53109 -218.454 -0.707998 0.622268 -0.225784 -0.246056 2.45 4.399 11.394 0.126 4.542 13 39.259
163.626 3 -21.6696 6.53109 -218.454 -0.707998 0.622268 -0.225784 -0.246056 2.45 4.399 11.394 0.126 4.542 13 39.259
163.643 3 -21.6696 6.53109 -218.454 -0.707998 0.622268 -0.225784 -0.246056 2.45 4.399 11.394 0.126 4.542 13 39.259
163.66 3 -21.6696 6.53109 -218.454 -0.707998 0.622268 -0.225784 -0.246056 2.45 4.399 11.394 0.126 4.542 13 39.259
163.676 3 -21.6696 6.53109 -218.454 -0.707998 0.622268 -0.225784 -0.246056 2.45 4.399 11.394 0.126 4.542 13 39.259
163.693 3 -21.6696 6.53109 -218.454 -0.707998 0.622268 -0.225784 -0.246056 2.45 4.399 11.394 0.126 4.542 13 39.259
163.71 3 -21.6696 6.53109 -218.454 -0.707998 0.622268 -0.225784 -0.246056 2.45 4.399 11.394 0.126 4.542 13 39.259
163.726 3 -21.6696 6.53109 -218.454 -0.707998 0.622268 -0.225784 -0.246056 2.45 4.399 11.394 0.126 4.542 13 39.259
163.743 3 -21.6696 6.53109 -218.454 -0.707998 0.622268 -0.225784 -0.246056 2.45 4.399 11.394 0.126 4.542 13 39.259
163.763 3 -21.6696 6.53109 -218.454 -0.707998 0.622268 -0.225784 -0.246056 2.45 4.399 11.394 0.126 4.542 13 39.259
163.78 3 -21.6696 6.53109 -218.454 -0.707998 0.622268 -0.225784 -0.246056 2.45 4.399 11.394 0.126 4.542 13 39.259
163.802 3 -21.6696 6.53109 -218.454 -0.707998 0.622268 -0.225784 -0.246056 2.45 4.399 11.394 0.126 4.542 13 39.259
163.822 3 -21.6696 6.53109 -218.454 -0.707998 0.622268 -0.225784 -0.246056 2.45 4.399 11.394 0.126 4.542 13 39.259
163.842 3 -21.6696 6.53109 -218.454 -0.707998 0.622268 -0.225784 -0.246056 2.45 4.399 11.394 0.126 4.542 13 39.259
163.859 3 -21.6696 6.53109 -218.454 -0.707998 0.622268 -0.225784 -0.246056 2.45 4.399 11.394 0.126 4.542 13 39.259
163.881 3 -21.6696 6.53109 -218.454 -0.707998 0.622268 -0.225784 -0.246056 2.45 4.399 11.394 0.126 4.542 13 39.259
163.898 3 -21.6696 6.53109 -218.454 -0.707998 0.622268 -0.225784 -0.246056 2.45 4.399 11.394 0.126 4.542 13 39.259
163.92 3 -21.6696 6.53109 -218.454 -0.707998 0.622268 -0.225784 -0.246056 2.45 4.399 11.394 0.126 4.542 13 39.259
163.94 3 -21.6696 6.53109 -218.454 -0.707998 0.622268 -0.225784 -0.246056 2.45 4.399 11.394 0.126 4.542 13 39.259
163.96 3 -21.6696 6.53109 -218.454 -0.707998 0.622268 -0.225784 -0.246056 2.45 4.399 11.394 0.126 4.542 13 39.259
163.98 3 -21.6696 6.53109 -218.454 -0.707998 0.622268 -0.225784 -0.246056 2.45 4.399 11.394 0.126 4.542 13 39.259
163.996 3 -21.6696 6.53109 -218.454 -0.707998 0.622268 -0.225784 -0.246056 2.45 4.399 11.394 0.126 4.542 13 39.259
164.019 3 -21.6696 6.53109 -218.454 -0.707998 0.622268 -0.225784 -0.246056 2.45 4.399 11.394 0.126 4.542 13 39.259
164.036 3 -21.6696 6.53109 -218.454 -0.707998 0.622268 -0.225784 -0.246056 2.45 4.399 11.394 0.126 4.542 13 39.259
164.058 3 -21.6696 6.53109 -218.454 -0.707998 0.622268 -0.225784 -0.246056 2.45 4.399 11.394 0.126 4.542 13 39.259
164.078 3 -21.6696 6.53109 -218.454 -0.707998 0.622268 -0.225784 -0.246056 2.45 4.399 11.394 0.126 4.542 13 39.259
164.098 3 -21.6696 6.53109 -218.454 -0.707998 0.622268 -0.225784 -0.246056 2.45 4.399 11.394 0.126 4.542 13 39.259
164.118 3 -21.6696 6.53109 -218.454 -0.707998 0.622268 -0.225784 -0.246056 2.45 4.399 11.394 0.126 4.542 13 39.259
164.135 3 -21.6696 6.53109 -218.454 -0.707998 0.622268 -0.225784 -0.246056 2.45 4.399 11.394 0.126 4.542 13 39.259
164.157 3 -21.6696 6.53109 -218.454 -0.707998 0.622268 -0.225784 -0.246056 2.45 4.399 11.394 0.126 4.542 13 39.259
164.174 3 -21.6696 6.53109 -218.454 -0.707998 0.622268 -0.225784 -0.246056 2.45 4.399 11.394 0.126 4.542 13 39.259
164.197 3 -21.6696 6.53109 -218.454 -0.707998 0.622268 -0.225784 -0.246056 2.45 4.399 11.394 0.126 4.542 13 39.259
164.216 3 -21.6696 6.53109 -218.454 -0.707998 0.622268 -0.225784 -0.246056 2.45 4.399 11.394 0.126 4.542 13 39.259
164.237 3 -21.6696 6.53109 -218.454 -0.707998 0.622268 -0.225784 -0.246056 2.45 4.399 11.394 0.126 4.542 13 39.259
164.257 3 -21.6696 6.53109 -218.454 -0.707998 0.622268 -0.225784 -0.246056 2.45 4.399 11.394 0.126 4.542 13 39.259
164.273 3 -21.6696 6.53109 -218.454 -0.707998 0.622268 -0.225784 -0.246056 2.45 4.399 11.394 0.126 4.542 13 39.259
164.296 3 -21.6696 6.53109 -218.454 -0.707998 0.622268 -0.225784 -0.246056 2.45 4.399 11.394 0.126 4.542 13 39.259
164.312 3 -21.6696 6.53109 -218.454 -0.707998 0.622268 -0.225784 -0.246056 2.45 4.399 11.394 0.126 4.542 13 39.259
164.335 3 -21.6696 6.53109 -218.454 -0.707998 0.622268 -0.225784 -0.246056 2.45 4.399 11.394 0.126 4.542 13 39.259
164.355 3 -21.6696 6.53109 -218.454 -0.707998 0.622268 -0.225784 -0.246056 2.45 4.399 11.394 0.126 4.542 13 39.259
164.375 3 -21.6696 6.53109 -218.454 -0.707998 0.622268 -0.225784 -0.246056 2.45 4.399 11.394 0.126 4.542 13 39.259
164.395 3 -21.6696 6.53109 -218.454 -0.707998 0.622268 -0.225784 -0.246056 2.45 4.399 11.394 0.126 4.542 13 39.259
164.412 3 -21.6696 6.53109 -218.454 -0.707998 0.622268 -0.225784 -0.246056 2.45 4.399 11.394 0.126 4.542 13 39.259
164.434 3 -21.6696 6.53109 -218.454 -0.707998 0.622268 -0.225784 -0.246056 2.45 4.399 11.394 0.126 4.542 13 39.259
164.451 3 -21.6696 6.53109 -218.454 -0.707998 0.622268 -0.225784 -0.246056 2.45 4.399 11.394 0.126 4.542 13 39.259
164.474 3 -21.6696 6.53109 -218.454 -0.707998 0.622268 -0.225784 -0.246056 2.45 4.399 11.394 0.126 4.542 13 39.259
164.493 3 -21.6696 6.53109 -218.454 -0.707998 0.622268 -0.225784 -0.246056 2.45 4.399 11.394 0.126 4.542 13 39.259
164.513 3 -21.6696 6.53109 -218.454 -0.707998 0.622268 -0.225784 -0.246056 2.45 4.399 11.394 0.126 4.542 13 39.259
164.533 3 -21.6696 6.53109 -218.454 -0.707998 0.622268 -0.225784 -0.246056 2.45 4.399 11.394 0.126 4.542 13 39.259
164.55 3 -21.6696 6.53109 -218.454 -0.707998 0.622268 -0.225784 -0.246056 2.45 4.399 11.394 0.126 4.542 13 39.259
164.573 3 -21.6696 6.53109 -218.454 -0.707998 0.622268 -0.225784 -0.246056 2.45 4.399 11.394 0.126 4.542 13 39.259
164.589 3 -21.6696 6.53109 -218.454 -0.707998 0.622268 -0.225784 -0.246056 2.45 4.399 11.394 0.126 4.542 13 39.259
164.612 3 -21.6696 6.53109 -218.454 -0.707998 0.622268 -0.225784 -0.246056 2.45 4.399 11.394 0.126 4.542 13 39.259
164.632 3 -21.6696 6.53109 -218.454 -0.707998 0.622268 -0.225784 -0.246056 2.45 4.399 11.394 0.126 4.542 13 39.259
164.652 3 -21.6696 6.53109 -218.454 -0.707998 0.622268 -0.225784 -0.246056 2.45 4.399 11.394 0.126 4.542 13 39.259
164.672 3 -21.6696 6.53109 -218.454 -0.707998 0.622268 -0.225784 -0.246056 2.45 4.399 11.394 0.126 4.542 13 39.259
164.689 3 -21.6696 6.53109 -218.454 -0.707998 0.622268 -0.225784 -0.246056 2.45 4.399 11.394 0.126 4.542 13 39.259
164.711 3 -21.6696 6.53109 -218.454 -0.707998 0.622268 -0.225784 -0.246056 2.45 4.399 11.394 0.126 4.542 13 39.259
164.728 3 -21.6696 6.53109 -218.454 -0.707998 0.622268 -0.225784 -0.246056 2.45 4.399 11.394 0.126 4.542 13 39.259
164.751 3 -21.6696 6.53109 -218.454 -0.707998 0.622268 -0.225784 -0.246056 2.45 4.399 11.394 0.126 4.542 13 39.259
164.771 3 -21.6696 6.53109 -218.454 -0.707998 0.622268 -0.225784 -0.246056 2.45 4.399 11.394 0.126 4.542 13 39.259
164.791 3 -21.6696 6.53109 -218.454 -0.707998 0.622268 -0.225784 -0.246056 2.45 4.399 11.394 0.126 4.542 13 39.259
164.811 3 -21.6696 6.53109 -218.454 -0.707998 0.622268 -0.225784 -0.246056 2.45 4.399 11.394 0.126 4.542 13 39.259
164.828 3 -21.6696 6.53109 -218.454 -0.707998 0.622268 -0.225784 -0.246056 2.45 4.399 11.394 0.126 4.542 13 39.259
164.85 3 -21.6696 6.53109 -218.454 -0.707998 0.622268 -0.225784 -0.246056 2.45 4.399 11.394 0.126 4.542 13 39.259
164.867 3 -21.6696 6.53109 -218.454 -0.707998 0.622268 -0.225784 -0.246056 2.45 4.399 11.394 0.126 4.542 13 39.259
164.89 3 -21.6696 6.53109 -218.454 -0.707998 0.622268 -0.225784 -0.246056 2.45 4.399 11.394 0.126 4.542 13 39.259
164.909 3 -21.6696 6.53109 -218.454 -0.707998 0.622268 -0.225784 -0.246056 2.45 4.399 11.394 0.126 4.542 13 39.259
164.93 3 -21.6696 6.53109 -218.454 -0.707998 0.622268 -0.225784 -0.246056 2.45 4.399 11.394 0.126 4.542 13 39.259
164.95 3 -21.6696 6.53109 -218.454 -0.707998 0.622268 -0.225784 -0.246056 2.45 4.399 11.394 0.126 4.542 13 39.259
164.966 3 -21.6696 6.53109 -218.454 -0.707998 0.622268 -0.225784 -0.246056 2.45 4.399 11.394 0.126 4.542 13 39.259
164.989 3 -21.6696 6.53109 -218.454 -0.707998 0.622268 -0.225784 -0.246056 2.45 4.399 11.394 0.126 4.542 13 39.259
165.006 3 -21.6696 6.53109 -218.454 -0.707998 0.622268 -0.225784 -0.246056 2.45 4.399 11.394 0.126 4.542 13 39.259
165.028 3 -21.6696 6.53109 -218.454 -0.707998 0.622268 -0.225784 -0.246056 2.45 4.399 11.394 0.126 4.542 13 39.259
165.048 3 -21.6696 6.53109 -218.454 -0.707998 0.622268 -0.225784 -0.246056 2.45 4.399 11.394 0.126 4.542 13 39.259
165.068 3 -21.6696 6.53109 -218.454 -0.707998 0.622268 -0.225784 -0.246056 2.45 4.399 11.394 0.126 4.542 13 39.259
165.088 3 -21.6696 6.53109 -218.454 -0.707998 0.622268 -0.225784 -0.246056 2.45 4.399 11.394 0.126 4.542 13 39.259
165.105 3 -21.6696 6.53109 -218.454 -0.707998 0.622268 -0.225784 -0.246056 2.45 4.399 11.394 0.126 4.542 13 39.259
165.128 3 -21.6696 6.53109 -218.454 -0.707998 0.622268 -0.225784 -0.246056 2.45 4.399 11.394 0.126 4.542 13 39.259
165.144 3 -21.6696 6.53109 -218.454 -0.707998 0.622268 -0.225784 -0.246056 2.45 4.399 11.394 0.126 4.542 13 39.259
165.167 3 -21.6696 6.53109 -218.454 -0.707998 0.622268 -0.225784 -0.246056 2.45 4.399 11.394 0.126 4.542 13 39.259
165.187 3 -21.6696 6.53109 -218.454 -0.707998 0.622268 -0.225784 -0.246056 2.45 4.399 11.394 0.126 4.542 13 39.259
165.207 3 -21.6696 6.53109 -218.454 -0.707998 0.622268 -0.225784 -0.246056 2.45 4.399 11.394 0.126 4.542 13 39.259
165.227 3 -21.6696 6.53109 -218.454 -0.707998 0.622268 -0.225784 -0.246056 2.45 4.399 11.394 0.126 4.542 13 39.259
165.244 3 -21.6696 6.53109 -218.454 -0.707998 0.622268 -0.225784 -0.246056 2.45 4.399 11.394 0.126 4.542 13 39.259
165.266 3 -21.6696 6.53109 -218.454 -0.707998 0.622268 -0.225784 -0.246056 2.45 4.399 11.394 0.126 4.542 13 39.259
165.283 3 -21.6696 6.53109 -218.454 -0.707998 0.622268 -0.225784 -0.246056 2.45 4.399 11.394 0.126 4.542 13 39.259
165.306 3 -21.6696 6.53109 -218.454 -0.707998 0.622268 -0.225784 -0.246056 2.45 4.399 11.394 0.126 4.542 13 39.259
165.325 3 -21.6696 6.53109 -218.454 -0.707998 0.622268 -0.225784 -0.246056 2.45 4.399 11.394 0.126 4.542 13 39.259
165.346 3 -21.6696 6.53109 -218.454 -0.707998 0.622268 -0.225784 -0.246056 2.45 4.399 11.394 0.126 4.542 13 39.259
165.366 3 -21.6696 6.53109 -218.454 -0.707998 0.622268 -0.225784 -0.246056 2.45 4.399 11.394 0.126 4.542 13 39.259
165.382 3 -21.6696 6.53109 -218.454 -0.707998 0.622268 -0.225784 -0.246056 2.45 4.399 11.394 0.126 4.542 13 39.259
165.405 3 -21.6696 6.53109 -218.454 -0.707998 0.622268 -0.225784 -0.246056 2.45 4.399 11.394 0.126 4.542 13 39.259
165.422 3 -21.6696 6.53109 -218.454 -0.707998 0.622268 -0.225784 -0.246056 2.45 4.399 11.394 0.126 4.542 13 39.259
165.444 3 -21.6696 6.53109 -218.454 -0.707998 0.622268 -0.225784 -0.246056 2.45 4.399 11.394 0.126 4.542 13 39.259
165.464 3 -21.6696 6.53109 -218.454 -0.707998 0.622268 -0.225784 -0.246056 2.45 4.399 11.394 0.126 4.542 13 39.259
165.484 3 -21.6696 6.53109 -218.454 -0.707998 0.622268 -0.225784 -0.246056 2.45 4.399 11.394 0.126 4.542 13 39.259
165.504 3 -21.6696 6.53109 -218.454 -0.707998 0.622268 -0.225784 -0.246056 2.45 4.399 11.394 0.126 4.542 13 39.259
165.521 3 -21.6696 6.53109 -218.454 -0.707998 0.622268 -0.225784 -0.246056 2.45 4.399 11.394 0.126 4.542 13 39.259
165.543 3 -21.6696 6.53109 -218.454 -0.707998 0.622268 -0.225784 -0.246056 2.45 4.399 11.394 0.126 4.542 13 39.259
165.56 3 -21.6696 6.53109 -218.454 -0.707998 0.622268 -0.225784 -0.246056 2.45 4.399 11.394 0.126 4.542 13 39.259
165.582 3 -21.6696 6.53109 -218.454 -0.707998 0.622268 -0.225784 -0.246056 2.45 4.399 11.394 0.126 4.542 13 39.259
165.602 3 -21.6696 6.53109 -218.454 -0.707998 0.622268 -0.225784 -0.246056 2.45 4.399 11.394 0.126 4.542 13 39.259
165.622 3 -21.6696 6.53109 -218.454 -0.707998 0.622268 -0.225784 -0.246056 2.45 4.399 11.394 0.126 4.542 13 39.259
165.642 3 -21.6696 6.53109 -218.454 -0.707998 0.622268 -0.225784 -0.246056 2.45 4.399 11.394 0.126 4.542 13 39.259
165.658 3 -21.6696 6.53109 -218.454 -0.707998 0.622268 -0.225784 -0.246056 2.45 4.399 11.394 0.126 4.542 13 39.259
165.681 3 -21.6696 6.53109 -218.454 -0.707998 0.622268 -0.225784 -0.246056 2.45 4.399 11.394 0.126 4.542 13 39.259
165.697 3 -21.6696 6.53109 -218.454 -0.707998 0.622268 -0.225784 -0.246056 2.45 4.399 11.394 0.126 4.542 13 39.259
165.72 3 -21.6696 6.53109 -218.454 -0.707998 0.622268 -0.225784 -0.246056 2.45 4.399 11.394 0.126 4.542 13 39.259
165.739 3 -21.6696 6.53109 -218.454 -0.707998 0.622268 -0.225784 -0.246056 2.45 4.399 11.394 0.126 4.542 13 39.259
165.759 3 -21.6696 6.53109 -218.454 -0.707998 0.622268 -0.225784 -0.246056 2.45 4.399 11.394 0.126 4.542 13 39.259
165.779 3 -21.6696 6.53109 -218.454 -0.707998 0.622268 -0.225784 -0.246056 2.45 4.399 11.394 0.126 4.542 13 39.259
165.796 3 -21.6696 6.53109 -218.454 -0.707998 0.622268 -0.225784 -0.246056 2.45 4.399 11.394 0.126 4.542 13 39.259
165.818 3 -21.6696 6.53109 -218.454 -0.707998 0.622268 -0.225784 -0.246056 2.45 4.399 11.394 0.126 4.542 13 39.259
165.835 3 -21.6696 6.53109 -218.454 -0.707998 0.622268 -0.225784 -0.246056 2.45 4.399 11.394 0.126 4.542 13 39.259
165.857 3 -21.6696 6.53109 -218.454 -0.707998 0.622268 -0.225784 -0.246056 2.45 4.399 11.394 0.126 4.542 13 39.259
165.877 3 -21.6696 6.53109 -218.454 -0.707998 0.622268 -0.225784 -0.246056 2.45 4.399 11.394 0.126 4.542 13 39.259
165.897 3 -21.6696 6.53109 -218.454 -0.707998 0.622268 -0.225784 -0.246056 2.45 4.399 11.394 0.126 4.542 13 39.259
165.917 3 -21.6696 6.53109 -218.454 -0.707998 0.622268 -0.225784 -0.246056 2.45 4.399 11.394 0.126 4.542 13 39.259
165.933 3 -21.6696 6.53109 -218.454 -0.707998 0.622268 -0.225784 -0.246056 2.45 4.399 11.394 0.126 4.542 13 39.259
165.956 3 -21.6696 6.53109 -218.454 -0.707998 0.622268 -0.225784 -0.246056 2.45 4.399 11.394 0.126 4.542 13 39.259
165.972 3 -21.6696 6.53109 -218.454 -0.707998 0.622268 -0.225784 -0.246056 2.45 4.399 11.394 0.126 4.542 13 39.259
165.995 3 -21.6696 6.53109 -218.454 -0.707998 0.622268 -0.225784 -0.246056 2.45 4.399 11.394 0.126 4.542 13 39.259
166.014 3 -21.6696 6.53109 -218.454 -0.707998 0.622268 -0.225784 -0.246056 2.45 4.399 11.394 0.126 4.542 13 39.259
166.034 3 -21.6696 6.53109 -218.454 -0.707998 0.622268 -0.225784 -0.246056 2.45 4.399 11.394 0.126 4.542 13 39.259
166.054 3 -21.6696 6.53109 -218.454 -0.707998 0.622268 -0.225784 -0.246056 2.45 4.399 11.394 0.126 4.542 13 39.259
166.071 3 -21.6696 6.53109 -218.454 -0.707998 0.622268 -0.225784 -0.246056 2.45 4.399 11.394 0.126 4.542 13 39.259
166.093 3 -21.6696 6.53109 -218.454 -0.707998 0.622268 -0.225784 -0.246056 2.45 4.399 11.394 0.126 4.542 13 39.259
166.11 3 -21.6696 6.53109 -218.454 -0.707998 0.622268 -0.225784 -0.246056 2.45 4.399 11.394 0.126 4.542 13 39.259
166.132 3 -21.6696 6.53109 -218.454 -0.707998 0.622268 -0.225784 -0.246056 2.45 4.399 11.394 0.126 4.542 13 39.259
166.151 3 -21.6696 6.53109 -218.454 -0.707998 0.622268 -0.225784 -0.246056 2.45 4.399 11.394 0.126 4.542 13 39.259
166.171 3 -21.6696 6.53109 -218.454 -0.707998 0.622268 -0.225784 -0.246056 2.45 4.399 11.394 0.126 4.542 13 39.259
166.191 3 -21.6696 6.53109 -218.454 -0.707998 0.622268 -0.225784 -0.246056 2.45 4.399 11.394 0.126 4.542 13 39.259
166.208 3 -21.6696 6.53109 -218.454 -0.707998 0.622268 -0.225784 -0.246056 2.45 4.399 11.394 0.126 4.542 13 39.259
166.23 3 -21.6696 6.53109 -218.454 -0.707998 0.622268 -0.225784 -0.246056 2.45 4.399 11.394 0.126 4.542 13 39.259
166.247 3 -21.6696 6.53109 -218.454 -0.707998 0.622268 -0.225784 -0.246056 2.45 4.399 11.394 0.126 4.542 13 39.259
166.269 3 -21.6696 6.53109 -218.454 -0.707998 0.622268 -0.225784 -0.246056 2.45 4.399 11.394 0.126 4.542 13 39.259
166.289 3 -21.6696 6.53109 -218.454 -0.707998 0.622268 -0.225784 -0.246056 2.45 4.399 11.394 0.126 4.542 13 39.259
166.309 3 -21.6696 6.53109 -218.454 -0.707998 0.622268 -0.225784 -0.246056 2.45 4.399 11.394 0.126 4.542 13 39.259
166.329 3 -21.6696 6.53109 -218.454 -0.707998 0.622268 -0.225784 -0.246056 2.45 4.399 11.394 0.126 4.542 13 39.259
166.345 3 -21.6696 6.53109 -218.454 -0.707998 0.622268 -0.225784 -0.246056 2.45 4.399 11.394 0.126 4.542 13 39.259
166.367 3 -21.6696 6.53109 -218.454 -0.707998 0.622268 -0.225784 -0.246056 2.45 4.399 11.394 0.126 4.542 13 39.259
166.384 3 -21.6696 6.53109 -218.454 -0.707998 0.622268 -0.225784 -0.246056 2.45 4.399 11.394 0.126 4.542 13 39.259
166.406 3 -21.6696 6.53109 -218.454 -0.707998 0.622268 -0.225784 -0.246056 2.45 4.399 11.394 0.126 4.542 13 39.259
166.426 3 -21.6696 6.53109 -218.454 -0.707998 0.622268 -0.225784 -0.246056 2.45 4.399 11.394 0.126 4.542 13 39.259
166.446 3 -21.6696 6.53109 -218.454 -0.707998 0.622268 -0.225784 -0.246056 2.45 4.399 11.394 0.126 4.542 13 39.259
166.466 3 -21.6696 6.53109 -218.454 -0.707998 0.622268 -0.225784 -0.246056 2.45 4.399 11.394 0.126 4.542 13 39.259
166.482 3 -21.6696 6.53109 -218.454 -0.707998 0.622268 -0.225784 -0.246056 2.45 4.399 11.394 0.126 4.542 13 39.259
166.503 3 -21.6696 6.53109 -218.454 -0.707998 0.622268 -0.225784 -0.246056 2.45 4.399 11.394 0.126 4.542 13 39.259
166.52 3 -21.6696 6.53109 -218.454 -0.707998 0.622268 -0.225784 -0.246056 2.45 4.399 11.394 0.126 4.542 13 39.259
166.54 3 -21.6696 6.53109 -218.454 -0.707998 0.622268 -0.225784 -0.246056 2.45 4.399 11.394 0.126 4.542 13 39.259
166.559 3 -21.6696 6.53109 -218.454 -0.707998 0.622268 -0.225784 -0.246056 2.45 4.399 11.394 0.126 4.542 13 39.259
166.578 3 -21.6696 6.53109 -218.454 -0.707998 0.622268 -0.225784 -0.246056 2.45 4.399 11.394 0.126 4.542 13 39.259
166.597 3 -21.6696 6.53109 -218.454 -0.707998 0.622268 -0.225784 -0.246056 2.45 4.399 11.394 0.126 4.542 13 39.259
166.613 3 -21.6696 6.53109 -218.454 -0.707998 0.622268 -0.225784 -0.246056 2.45 4.399 11.394 0.126 4.542 13 39.259
166.634 3 -21.6696 6.53109 -218.454 -0.707998 0.622268 -0.225784 -0.246056 2.45 4.399 11.394 0.126 4.542 13 39.259
166.652 3 -21.6696 6.53109 -218.454 -0.707998 0.622268 -0.225784 -0.246056 2.45 4.399 11.394 0.126 4.542 13 39.259
166.669 3 -21.6696 6.53109 -218.454 -0.707998 0.622268 -0.225784 -0.246056 2.45 4.399 11.394 0.126 4.542 13 39.259
166.69 3 -21.6696 6.53109 -218.454 -0.707998 0.622268 -0.225784 -0.246056 2.45 4.399 11.394 0.126 4.542 13 39.259
166.706 3 -21.6696 6.53109 -218.454 -0.707998 0.622268 -0.225784 -0.246056 2.45 4.399 11.394 0.126 4.542 13 39.259
166.727 3 -21.6696 6.53109 -218.454 -0.707998 0.622268 -0.225784 -0.246056 2.45 4.399 11.394 0.126 4.542 13 39.259
166.744 3 -21.6696 6.53109 -218.454 -0.707998 0.622268 -0.225784 -0.246056 2.45 4.399 11.394 0.126 4.542 13 39.259
166.765 3 -21.6696 6.53109 -218.454 -0.707998 0.622268 -0.225784 -0.246056 2.45 4.399 11.394 0.126 4.542 13 39.259
166.781 3 -21.6696 6.53109 -218.454 -0.707998 0.622268 -0.225784 -0.246056 2.45 4.399 11.394 0.126 4.542 13 39.259
166.802 3 -21.6696 6.53109 -218.454 -0.707998 0.622268 -0.225784 -0.246056 2.45 4.399 11.394 0.126 4.542 13 39.259
166.819 3 -21.6696 6.53109 -218.454 -0.707998 0.622268 -0.225784 -0.246056 2.45 4.399 11.394 0.126 4.542 13 39.259
166.839 3 -21.6696 6.53109 -218.454 -0.707998 0.622268 -0.225784 -0.246056 2.45 4.399 11.394 0.126 4.542 13 39.259
166.858 3 -21.6696 6.53109 -218.454 -0.707998 0.622268 -0.225784 -0.246056 2.45 4.399 11.394 0.126 4.542 13 39.259
166.875 3 -21.6696 6.53109 -218.454 -0.707998 0.622268 -0.225784 -0.246056 2.45 4.399 11.394 0.126 4.542 13 39.259
166.896 3 -21.6696 6.53109 -218.454 -0.707998 0.622268 -0.225784 -0.246056 2.45 4.399 11.394 0.126 4.542 13 39.259
166.912 3 -21.6696 6.53109 -218.454 -0.707998 0.622268 -0.225784 -0.246056 2.45 4.399 11.394 0.126 4.542 13 39.259
166.933 3 -21.6696 6.53109 -218.454 -0.707998 0.622268 -0.225784 -0.246056 2.45 4.399 11.394 0.126 4.542 13 39.259
166.952 3 -21.6696 6.53109 -218.454 -0.707998 0.622268 -0.225784 -0.246056 2.45 4.399 11.394 0.126 4.542 13 39.259
166.968 3 -21.6696 6.53109 -218.454 -0.707998 0.622268 -0.225784 -0.246056 2.45 4.399 11.394 0.126 4.542 13 39.259
166.989 3 -21.6696 6.53109 -218.454 -0.707998 0.622268 -0.225784 -0.246056 2.45 4.399 11.394 0.126 4.542 13 39.259
167.006 3 -21.6696 6.53109 -218.454 -0.707998 0.622268 -0.225784 -0.246056 2.45 4.399 11.394 0.126 4.542 13 39.259
167.026 3 -21.6696 6.53109 -218.454 -0.707998 0.622268 -0.225784 -0.246056 2.45 4.399 11.394 0.126 4.542 13 39.259
167.043 3 -21.6696 6.53109 -218.454 -0.707998 0.622268 -0.225784 -0.246056 2.45 4.399 11.394 0.126 4.542 13 39.259
167.064 3 -21.6696 6.53109 -218.454 -0.707998 0.622268 -0.225784 -0.246056 2.45 4.399 11.394 0.126 4.542 13 39.259
167.081 3 -21.6696 6.53109 -218.454 -0.707998 0.622268 -0.225784 -0.246056 2.45 4.399 11.394 0.126 4.542 13 39.259
167.101 3 -21.6696 6.53109 -218.454 -0.707998 0.622268 -0.225784 -0.246056 2.45 4.399 11.394 0.126 4.542 13 39.259
167.118 3 -21.6696 6.53109 -218.454 -0.707998 0.622268 -0.225784 -0.246056 2.45 4.399 11.394 0.126 4.542 13 39.259
167.138 3 -21.6696 6.53109 -218.454 -0.707998 0.622268 -0.225784 -0.246056 2.45 4.399 11.394 0.126 4.542 13 39.259
167.157 3 -21.6696 6.53109 -218.454 -0.707998 0.622268 -0.225784 -0.246056 2.45 4.399 11.394 0.126 4.542 13 39.259
167.174 3 -21.6696 6.53109 -218.454 -0.707998 0.622268 -0.225784 -0.246056 2.45 4.399 11.394 0.126 4.542 13 39.259
167.195 3 -21.6696 6.53109 -218.454 -0.707998 0.622268 -0.225784 -0.246056 2.45 4.399 11.394 0.126 4.542 13 39.259
167.211 3 -21.6696 6.53109 -218.454 -0.707998 0.622268 -0.225784 -0.246056 2.45 4.399 11.394 0.126 4.542 13 39.259
167.232 3 -21.6696 6.53109 -218.454 -0.707998 0.622268 -0.225784 -0.246056 2.45 4.399 11.394 0.126 4.542 13 39.259
167.251 3 -21.6696 6.53109 -218.454 -0.707998 0.622268 -0.225784 -0.246056 2.45 4.399 11.394 0.126 4.542 13 39.259
167.267 4 1.3 1.7 -5 1 0 0 0 2.45 4.399 11.394 0.126 4.542 13 39.259
167.289 4 1.3 1.7 -5 1 0 0 0 2.45 4.399 11.394 0.126 4.542 13 39.259
167.398 4 1.3 1.7 -5 1 0 0 0 2.45 4.399 11.394 0.126 4.542 13 39.259
167.415 4 1.3 1.7 -5 1 0 0 0 2.45 4.399 11.394 0.126 4.542 13 39.259
167.431 4 1.3 1.7 -5 1 0 0 0 2.45 4.399 11.394 0.126 4.542 13 39.259
167.448 4 1.3 1.7 -5 1 0 0 0 2.45 4.399 11.394 0.126 4.542 13 39.259
167.465 4 1.3 1.7 -5 1 0 0 0 2.45 4.399 11.394 0.126 4.542 13 39.259
167.481 4 1.3 1.7 -5 1 0 0 0 2.45 4.399 11.394 0.126 4.542 13 39.259
167.498 4 1.3 1.7 -5 1 0 0 0 2.45 4.399 11.394 0.126 4.542 13 39.259
167.583 4 1.3 1.7 -5 1 0 0 0 2.45 4.399 11.394 0.126 4.542 13 39.259
167.6 4 1.3 1.7 -5 1 0 0 0 2.45 4.399 11.394 0.126 4.542 13 39.259
167.762 4 1.3 1.7 -5 1 0 0 0 2.45 4.399 11.394 0.126 4.542 13 39.259
167.853 4 1.3 1.7 -5 1 0 0 0 2.45 4.399 11.394 0.126 4.542 13 39.259
167.869 4 1.3 1.7 -5 1 0 0 0 2.45 4.399 11.394 0.126 4.542 13 39.259
168.032 4 1.3 1.7 -5 1 0 0 0 2.45 4.399 11.394 0.126 4.542 13 39.259
168.048 4 1.3 1.7 -5 1 0 0 0 2.45 4.399 11.394 0.126 4.542 13 39.259
168.211 4 1.3 1.7 -5 1 0 0 0 2.45 4.399 11.394 0.126 4.542 13 39.259
168.228 4 1.3 1.7 -5 1 0 0 0 2.45 4.399 11.394 0.126 4.542 13 39.259
168.391 4 1.3 1.7 -5 1 0 0 0 2.45 4.399 11.394 0.126 4.542 13 39.259
168.407 4 1.3 1.7 -5 1 0 0 0 2.45 4.399 11.394 0.126 4.542 13 39.259
168.57 4 1.3 1.7 -5 1 0 0 0 2.45 4.399 11.394 0.126 4.542 13 39.259
168.66 4 1.3 1.7 -5 1 0 0 0 2.45 4.399 11.394 0.126 4.542 13 39.259
168.676 4 1.3 1.7 -5 1 0 0 0 2.45 4.399 11.394 0.126 4.542 13 39.259
168.839 4 1.3 1.7 -5 1 0 0 0 2.45 4.399 11.394 0.126 4.542 13 39.259
168.856 4 1.3 1.7 -5 1 0 0 0 2.45 4.399 11.394 0.126 4.542 13 39.259
169.018 4 1.3 1.7 -5 1 0 0 0 2.45 4.399 11.394 0.126 4.542 13 39.259
169.035 4 1.3 1.7 -5 1 0 0 0 2.45 4.399 11.394 0.126 4.542 13 39.259
169.199 4 1.3 1.7 -5 1 0 0 0 2.45 4.399 11.394 0.126 4.542 13 39.259
169.289 4 1.3 1.7 -5 1 0 0 0 2.45 4.399 11.394 0.126 4.542 13 39.259
169.306 4 1.3 1.7 -5 1 0 0 0 2.45 4.399 11.394 0.126 4.542 13 39.259
169.47 4 1.3 1.7 -5 1 0 0 0 2.45 4.399 11.394 0.126 4.542 13 39.259
169.487 4 1.3 1.7 -5 1 0 0 0 2.45 4.399 11.394 0.126 4.542 13 39.259
169.65 4 1.3 1.7 -5 1 0 0 0 2.45 4.399 11.394 0.126 4.542 13 39.259
169.667 4 1.3 1.7 -5 1 0 0 0 2.45 4.399 11.394 0.126 4.542 13 39.259
169.831 4 1.3 1.7 -5 1 0 0 0 2.45 4.399 11.394 0.126 4.542 13 39.259
169.922 4 1.3 1.7 -5 1 0 0 0 2.45 4.399 11.394 0.126 4.542 13 39.259
169.939 4 1.3 1.7 -5 1 0 0 0 2.45 4.399 11.394 0.126 4.542 13 39.259
170.103 4 1.3 1.7 -5 1 0 0 0 2.45 4.399 11.394 0.126 4.542 13 39.259
170.12 4 1.3 1.7 -5 1 0 0 0 2.45 4.399 11.394 0.126 4.542 13 39.259
170.284 4 1.3 1.7 -5 1 0 0 0 2.45 4.399 11.394 0.126 4.542 13 39.259
170.301 4 1.3 1.7 -5 1 0 0 0 2.45 4.399 11.394 0.126 4.542 13 39.259
170.466 4 1.3 1.7 -5 1 0 0 0 2.45 4.399 11.394 0.126 4.542 13 39.259
170.559 4 1.3 1.7 -5 1 0 0 0 2.45 4.399 11.394 0.126 4.542 13 39.259
170.576 4 1.3 1.7 -5 1 0 0 0 2.45 4.399 11.394 0.126 4.542 13 39.259
170.747 4 1.3 1.7 -5 1 0 0 0 2.45 4.399 11.394 0.126 4.542 13 39.259
170.764 4 1.3 1.7 -5 1 0 0 0 2.45 4.399 11.394 0.126 4.542 13 39.259
170.936 4 1.3 1.7 -5 1 0 0 0 2.45 4.399 11.394 0.126 4.542 13 39.259
170.952 4 1.3 1.7 -5 1 0 0 0 2.45 4.399 11.394 0.126 4.542 13 39.259
171.125 4 1.3 1.7 -5 1 0 0 0 2.45 4.399 11.394 0.126 4.542 13 39.259
171.22 4 1.3 1.7 -5 1 0 0 0 2.45 4.399 11.394 0.126 4.542 13 39.259
171.237 4 1.3 1.7 -5 1 0 0 0 2.45 4.399 11.394 0.126 4.542 13 39.259
171.41 4 1.3 1.7 -5 1 0 0 0 2.45 4.399 11.394 0.126 4.542 13 39.259
171.426 4 1.3 1.7 -5 1 0 0 0 2.45 4.399 11.394 0.126 4.542 13 39.259
171.599 4 1.3 1.7 -5 1 0 0 0 2.45 4.399 11.394 0.126 4.542 13 39.259
171.616 4 1.3 1.7 -5 1 0 0 0 2.45 4.399 11.394 0.126 4.542 13 39.259
171.788 4 1.3 1.7 -5 1 0 0 0 2.45 4.399 11.394 0.126 4.542 13 39.259
171.883 4 1.3 1.7 -5 1 0 0 0 2.45 4.399 11.394 0.126 4.542 13 39.259
171.9 4 1.3 1.7 -5 1 0 0 0 2.45 4.399 11.394 0.126 4.542 13 39.259
172.072 4 1.3 1.7 -5 1 0 0 0 2.45 4.399 11.394 0.126 4.542 13 39.259
172.089 4 1.3 1.7 -5 1 0 0 0 2.45 4.399 11.394 0.126 4.542 13 39.259
172.261 4 1.3 1.7 -5 1 0 0 0 2.45 4.399 11.394 0.126 4.542 13 39.259
172.278 4 1.3 1.7 -5 1 0 0 0 2.45 4.399 11.394 0.126 4.542 13 39.259
172.449 4 1.3 1.7 -5 1 0 0 0 2.45 4.399 11.394 0.126 4.542 13 39.259
172.542 4 1.3 1.7 -5 1 0 0 0 2.45 4.399 11.394 0.126 4.542 13 39.259
172.558 4 1.3 1.7 -5 1 0 0 0 2.45 4.399 11.394 0.126 4.542 13 39.259
172.726 4 1.3 1.7 -5 1 0 0 0 2.45 4.399 11.394 0.126 4.542 13 39.259
172.743 4 1.3 1.7 -5 1 0 0 0 2.45 4.399 11.394 0.126 4.542 13 39.259
172.908 4 1.3 1.7 -5 1 0 0 0 2.45 4.399 11.394 0.126 4.542 13 39.259
172.925 4 1.3 1.7 -5 1 0 0 0 2.45 4.399 11.394 0.126 4.542 13 39.259
173.09 4 1.3 1.7 -5 1 0 0 0 2.45 4.399 11.394 0.126 4.542 13 39.259
173.18 4 1.3 1.7 -5 1 0 0 0 2.45 4.399 11.394 0.126 4.542 13 39.259
173.197 4 1.3 1.7 -5 1 0 0 0 2.45 4.399 11.394 0.126 4.542 13 39.259
173.361 4 1.3 1.7 -5 1 0 0 0 2.45 4.399 11.394 0.126 4.542 13 39.259
173.377 4 1.3 1.7 -5 1 0 0 0 2.45 4.399 11.394 0.126 4.542 13 39.259
173.54 4 1.3 1.7 -5 1 0 0 0 2.45 4.399 11.394 0.126 4.542 13 39.259
173.557 4 1.3 1.7 -5 1 0 0 0 2.45 4.399 11.394 0.126 4.542 13 39.259
173.719 4 1.3 1.7 -5 1 0 0 0 2.45 4.399 11.394 0.126 4.542 13 39.259
173.809 4 1.3 1.7 -5 1 0 0 0 2.45 4.399 11.394 0.126 4.542 13 39.259
173.825 4 1.3 1.7 -5 1 0 0 0 2.45 4.399 11.394 0.126 4.542 13 39.259
173.988 4 1.3 1.7 -5 1 0 0 0 2.45 4.399 11.394 0.126 4.542 13 39.259
174.004 4 1.3 1.7 -5 1 0 0 0 2.45 4.399 11.394 0.126 4.542 13 39.259
174.166 4 1.3 1.7 -5 1 0 0 0 2.45 4.399 11.394 0.126 4.542 13 39.259
174.183 4 1.3 1.7 -5 1 0 0 0 2.45 4.399 11.394 0.126 4.542 13 39.259
174.344 4 1.3 1.7 -5 1 0 0 0 2.45 4.399 11.394 0.126 4.542 13 39.259
174.434 4 1.3 1.7 -5 1 0 0 0 2.45 4.399 11.394 0.126 4.542 13 39.259
174.45 4 1.3 1.7 -5 1 0 0 0 2.45 4.399 11.394 0.126 4.542 13 39.259
174.612 4 1.3 1.7 -5 1 0 0 0 2.45 4.399 11.394 0.126 4.542 13 39.259
174.629 4 1.3 1.7 -5 1 0 0 0 2.45 4.399 11.394 0.126 4.542 13 39.259
174.791 4 1.3 1.7 -5 1 0 0 0 2.45 4.399 11.394 0.126 4.542 13 39.259
174.807 4 1.3 1.7 -5 1 0 0 0 2.45 4.399 11.394 0.126 4.542 13 39.259
174.969 4 1.3 1.7 -5 1 0 0 0 2.45 4.399 11.394 0.126 4.542 13 39.259
175.059 4 1.3 1.7 -5 1 0 0 0 2.45 4.399 11.394 0.126 4.542 13 39.259
175.075 4 1.3 1.7 -5 1 0 0 0 2.45 4.399 11.394 0.126 4.542 13 39.259
175.238 4 1.3 1.7 -5 1 0 0 0 2.45 4.399 11.394 0.126 4.542 13 39.259
175.255 4 1.3 1.7 -5 1 0 0 0 2.45 4.399 11.394 0.126 4.542 13 39.259
175.417 4 1.3 1.7 -5 1 0 0 0 2.45 4.399 11.394 0.126 4.542 13 39.259
175.434 4 1.3 1.7 -5 1 0 0 0 2.45 4.399 11.394 0.126 4.542 13 39.259
175.596 4 1.3 1.7 -5 1 0 0 0 2.45 4.399 11.394 0.126 4.542 13 39.259
175.686 4 1.3 1.7 -5 1 0 0 0 2.45 4.399 11.394 0.126 4.542 13 39.259
175.703 4 1.3 1.7 -5 1 0 0 0 2.45 4.399 11.394 0.126 4.542 13 39.259
175.866 4 1.3 1.7 -5 1 0 0 0 2.45 4.399 11.394 0.126 4.542 13 39.259
175.882 4 1.3 1.7 -5 1 0 0 0 2.45 4.399 11.394 0.126 4.542 13 39.259
176.045 4 1.3 1.7 -5 1 0 0 0 2.45 4.399 11.394 0.126 4.542 13 39.259
176.061 4 1.3 1.7 -5 1 0 0 0 2.45 4.399 11.394 0.126 4.542 13 39.259
176.224 4 1.3 1.7 -5 1 0 0 0 2.45 4.399 11.394 0.126 4.542 13 39.259
176.314 4 1.3 1.7 -5 1 0 0 0 2.45 4.399 11.394 0.126 4.542 13 39.259
176.33 4 1.3 1.7 -5 1 0 0 0 2.45 4.399 11.394 0.126 4.542 13 39.259
176.493 4 1.3 1.7 -5 1 0 0 0 2.45 4.399 11.394 0.126 4.542 13 39.259
176.51 4 1.3 1.7 -5 1 0 0 0 2.45 4.399 11.394 0.126 4.542 13 39.259
176.672 4 1.3 1.7 -5 1 0 0 0 2.45 4.399 11.394 0.126 4.542 13 39.259
176.689 4 1.3 1.7 -5 1 0 0 0 2.45 4.399 11.394 0.126 4.542 13 39.259
176.851 4 1.3 1.7 -5 1 0 0 0 2.45 4.399 11.394 0.126 4.542 13 39.259
176.941 4 1.3 1.7 -5 1 0 0 0 2.45 4.399 11.394 0.126 4.542 13 39.259
176.958 4 1.3 1.7 -5 1 0 0 0 2.45 4.399 11.394 0.126 4.542 13 39.259
177.121 4 1.3 1.7 -5 1 0 0 0 2.45 4.399 11.394 0.126 4.542 13 39.259
177.137 4 1.3 1.7 -5 1 0 0 0 2.45 4.399 11.394 0.126 4.542 13 39.259
177.3 4 1.3 1.7 -5 1 0 0 0 2.45 4.399 11.394 0.126 4.542 13 39.259
177.316 4 1.3 1.7 -5 1 0 0 0 2.45 4.399 11.394 0.126 4.542 13 39.259
177.479 4 1.3 1.7 -5 1 0 0 0 2.45 4.399 11.394 0.126 4.542 13 39.259
177.569 4 1.3 1.7 -5 1 0 0 0 2.45 4.399 11.394 0.126 4.542 13 39.259
177.585 4 1.3 1.7 -5 1 0 0 0 2.45 4.399 11.394 0.126 4.542 13 39.259
177.748 4 1.3 1.7 -5 1 0 0 0 2.45 4.399 11.394 0.126 4.542 13 39.259
177.765 4 1.3 1.7 -5 1 0 0 0 2.45 4.399 11.394 0.126 4.542 13 39.259
177.927 4 1.3 1.7 -5 1 0 0 0 2.45 4.399 11.394 0.126 4.542 13 39.259
177.944 4 1.3 1.7 -5 1 0 0 0 2.45 4.399 11.394 0.126 4.542 13 39.259
178.106 4 1.3 1.7 -5 1 0 0 0 2.45 4.399 11.394 0.126 4.542 13 39.259
178.196 4 1.3 1.7 -5 1 0 0 0 2.45 4.399 11.394 0.126 4.542 13 39.259
178.213 4 1.3 1.7 -5 1 0 0 0 2.45 4.399 11.394 0.126 4.542 13 39.259
178.375 4 1.3 1.7 -5 1 0 0 0 2.45 4.399 11.394 0.126 4.542 13 39.259
178.392 4 1.3 1.7 -5 1 0 0 0 2.45 4.399 11.394 0.126 4.542 13 39.259
178.555 4 1.3 1.7 -5 1 0 0 0 2.45 4.399 11.394 0.126 4.542 13 39.259
178.571 4 1.3 1.7 -5 1 0 0 0 2.45 4.399 11.394 0.126 4.542 13 39.259
178.734 4 1.3 1.7 -5 1 0 0 0 2.45 4.399 11.394 0.126 4.542 13 39.259
178.823 4 1.3 1.7 -5 1 0 0 0 2.45 4.399 11.394 0.126 4.542 13 39.259
178.84 4 1.3 1.7 -5 1 0 0 0 2.45 4.399 11.394 0.126 4.542 13 39.259
179.003 4 1.3 1.7 -5 1 0 0 0 2.45 4.399 11.394 0.126 4.542 13 39.259
179.02 4 1.3 1.7 -5 1 0 0 0 2.45 4.399 11.394 0.126 4.542 13 39.259
179.182 4 1.3 1.7 -5 1 0 0 0 2.45 4.399 11.394 0.126 4.542 13 39.259
179.199 4 1.3 1.7 -5 1 0 0 0 2.45 4.399 11.394 0.126 4.542 13 39.259
179.361 4 1.3 1.7 -5 1 0 0 0 2.45 4.399 11.394 0.126 4.542 13 39.259
179.451 4 1.3 1.7 -5 1 0 0 0 2.45 4.399 11.394 0.126 4.542 13 39.259
179.468 4 1.3 1.7 -5 1 0 0 0 2.45 4.399 11.394 0.126 4.542 13 39.259
179.63 4 1.3 1.7 -5 1 0 0 0 2.45 4.399 11.394 0.126 4.542 13 39.259
179.647 4 1.3 1.7 -5 1 0 0 0 2.45 4.399 11.394 0.126 4.542 13 39.259
179.809 4 1.3 1.7 -5 1 0 0 0 2.45 4.399 11.394 0.126 4.542 13 39.259
179.826 4 1.3 1.7 -5 1 0 0 0 2.45 4.399 11.394 0.126 4.542 13 39.259
179.988 4 1.3 1.7 -5 1 0 0 0 2.45 4.399 11.394 0.126 4.542 13 39.259
180.078 4 1.3 1.7 -5 1 0 0 0 2.45 4.399 11.394 0.126 4.542 13 39.259
180.095 4 1.3 1.7 -5 1 0 0 0 2.45 4.399 11.394 0.126 4.542 13 39.259
180.258 4 1.3 1.7 -5 1 0 0 0 2.45 4.399 11.394 0.126 4.542 13 39.259
180.274 4 1.3 1.7 -5 1 0 0 0 2.45 4.399 11.394 0.126 4.542 13 39.259
180.437 4 1.3 1.7 -5 1 0 0 0 2.45 4.399 11.394 0.126 4.542 13 39.259
180.453 4 1.3 1.7 -5 1 0 0 0 2.45 4.399 11.394 0.126 4.542 13 39.259
180.616 4 1.3 1.7 -5 1 0 0 0 2.45 4.399 11.394 0.126 4.542 13 39.259
180.706 4 1.3 1.7 -5 1 0 0 0 2.45 4.399 11.394 0.126 4.542 13 39.259
180.722 4 1.3 1.7 -5 1 0 0 0 2.45 4.399 11.394 0.126 4.542 13 39.259
180.885 4 1.3 1.7 -5 1 0 0 0 2.45 4.399 11.394 0.126 4.542 13 39.259
180.902 4 1.3 1.7 -5 1 0 0 0 2.45 4.399 11.394 0.126 4.542 13 39.259
181.064 4 1.3 1.7 -5 1 0 0 0 2.45 4.399 11.394 0.126 4.542 13 39.259
181.081 4 1.3 1.7 -5 1 0 0 0 2.45 4.399 11.394 0.126 4.542 13 39.259
181.243 4 1.3 1.7 -5 1 0 0 0 2.45 4.399 11.394 0.126 4.542 13 39.259
181.333 4 1.3 1.7 -5 1 0 0 0 2.45 4.399 11.394 0.126 4.542 13 39.259
181.35 4 1.3 1.7 -5 1 0 0 0 2.45 4.399 11.394 0.126 4.542 13 39.259
181.512 4 1.3 1.7 -5 1 0 0 0 2.45 4.399 11.394 0.126 4.542 13 39.259
181.528 4 1.3 1.7 -5 1 0 0 0 2.45 4.399 11.394 0.126 4.542 13 39.259
181.686 4 1.3 1.7 -5 1 0 0 0 2.45 4.399 11.394 0.126 4.542 13 39.259
181.702 4 1.3 1.7 -5 1 0 0 0 2.45 4.399 11.394 0.126 4.542 13 39.259
181.859 4 1.3 1.7 -5 1 0 0 0 2.45 4.399 11.394 0.126 4.542 13 39.259
181.946 4 1.3 1.7 -5 1 0 0 0 2.45 4.399 11.394 0.126 4.542 13 39.259
181.963 4 1.3 1.7 -5 1 0 0 0 2.45 4.399 11.394 0.126 4.542 13 39.259
182.121 4 1.3 1.7 -5 1 0 0 0 2.45 4.399 11.394 0.126 4.542 13 39.259
182.138 4 1.3 1.7 -5 1 0 0 0 2.45 4.399 11.394 0.126 4.542 13 39.259
182.294 4 1.3 1.7 -5 1 0 0 0 2.45 4.399 11.394 0.126 4.542 13 39.259
182.311 4 1.3 1.7 -5 1 0 0 0 2.45 4.399 11.394 0.126 4.542 13 39.259
182.469 4 1.3 1.7 -5 1 0 0 0 2.45 4.399 11.394 0.126 4.542 13 39.259
182.556 4 1.3 1.7 -5 1 0 0 0 2.45 4.399 11.394 0.126 4.542 13 39.259
182.573 4 1.3 1.7 -5 1 0 0 0 2.45 4.399 11.394 0.126 4.542 13 39.259
182.73 4 1.3 1.7 -5 1 0 0 0 2.45 4.399 11.394 0.126 4.542 13 39.259
182.746 4 1.3 1.7 -5 1 0 0 0 2.45 4.399 11.394 0.126 4.542 13 39.259
182.903 4 1.3 1.7 -5 1 0 0 0 2.45 4.399 11.394 0.126 4.542 13 39.259
182.92 4 1.3 1.7 -5 1 0 0 0 2.45 4.399 11.394 0.126 4.542 13 39.259
183.076 4 1.3 1.7 -5 1 0 0 0 2.45 4.399 11.394 0.126 4.542 13 39.259
183.163 4 1.3 1.7 -5 1 0 0 0 2.45 4.399 11.394 0.126 4.542 13 39.259
183.18 4 1.3 1.7 -5 1 0 0 0 2.45 4.399 11.394 0.126 4.542 13 39.259
183.337 4 1.3 1.7 -5 1 0 0 0 2.45 4.399 11.394 0.126 4.542 13 39.259
183.354 4 1.3 1.7 -5 1 0 0 0 2.45 4.399 11.394 0.126 4.542 13 39.259
183.511 4 1.3 1.7 -5 1 0 0 0 2.45 4.399 11.394 0.126 4.542 13 39.259
183.528 4 1.3 1.7 -5 1 0 0 0 2.45 4.399 11.394 0.126 4.542 13 39.259
183.685 4 1.3 1.7 -5 1 0 0 0 2.45 4.399 11.394 0.126 4.542 13 39.259
183.773 4 1.3 1.7 -5 1 0 0 0 2.45 4.399 11.394 0.126 4.542 13 39.259
183.79 4 1.3 1.7 -5 1 0 0 0 2.45 4.399 11.394 0.126 4.542 13 39.259
183.948 4 1.3 1.7 -5 1 0 0 0 2.45 4.399 11.394 0.126 4.542 13 39.259
183.964 4 1.3 1.7 -5 1 0 0 0 2.45 4.399 11.394 0.126 4.542 13 39.259
184.121 4 1.3 1.7 -5 1 0 0 0 2.45 4.399 11.394 0.126 4.542 13 39.259
184.138 4 1.3 1.7 -5 1 0 0 0 2.45 4.399 11.394 0.126 4.542 13 39.259
184.295 4 1.3 1.7 -5 1 0 0 0 2.45 4.399 11.394 0.126 4.542 13 39.259
184.382 4 1.3 1.7 -5 1 0 0 0 2.45 4.399 11.394 0.126 4.542 13 39.259
184.399 4 1.3 1.7 -5 1 0 0 0 2.45 4.399 11.394 0.126 4.542 13 39.259
184.557 4 1.3 1.7 -5 1 0 0 0 2.45 4.399 11.394 0.126 4.542 13 39.259
184.574 4 1.3 1.7 -5 1 0 0 0 2.45 4.399 11.394 0.126 4.542 13 39.259
184.732 4 1.3 1.7 -5 1 0 0 0 2.45 4.399 11.394 0.126 4.542 13 39.259
184.749 4 1.3 1.7 -5 1 0 0 0 2.45 4.399 11.394 0.126 4.542 13 39.259
184.911 4 1.3 1.7 -5 1 0 0 0 2.45 4.399 11.394 0.126 4.542 13 39.259
185.001 4 1.3 1.7 -5 1 0 0 0 2.45 4.399 11.394 0.126 4.542 13 39.259
185.018 4 1.3 1.7 -5 1 0 0 0 2.45 4.399 11.394 0.126 4.542 13 39.259
185.18 4 1.3 1.7 -5 1 0 0 0 2.45 4.399 11.394 0.126 4.542 13 39.259
185.197 4 1.3 1.7 -5 1 0 0 0 2.45 4.399 11.394 0.126 4.542 13 39.259
185.359 4 1.3 1.7 -5 1 0 0 0 2.45 4.399 11.394 0.126 4.542 13 39.259
185.376 4 1.3 1.7 -5 1 0 0 0 2.45 4.399 11.394 0.126 4.542 13 39.259
185.538 4 1.3 1.7 -5 1 0 0 0 2.45 4.399 11.394 0.126 4.542 13 39.259
185.628 4 1.3 1.7 -5 1 0 0 0 2.45 4.399 11.394 0.126 4.542 13 39.259
185.645 4 1.3 1.7 -5 1 0 0 0 2.45 4.399 11.394 0.126 4.542 13 39.259
185.808 4 1.3 1.7 -5 1 0 0 0 2.45 4.399 11.394 0.126 4.542 13 39.259
185.824 4 1.3 1.7 -5 1 0 0 0 2.45 4.399 11.394 0.126 4.542 13 39.259
185.987 4 1.3 1.7 -5 1 0 0 0 2.45 4.399 11.394 0.126 4.542 13 39.259
186.003 4 1.3 1.7 -5 1 0 0 0 2.45 4.399 11.394 0.126 4.542 13 39.259
186.166 4 1.3 1.7 -5 1 0 0 0 2.45 4.399 11.394 0.126 4.542 13 39.259
186.256 4 1.3 1.7 -5 1 0 0 0 2.45 4.399 11.394 0.126 4.542 13 39.259
186.272 4 1.3 1.7 -5 1 0 0 0 2.45 4.399 11.394 0.126 4.542 13 39.259
186.435 4 1.3 1.7 -5 1 0 0 0 2.45 4.399 11.394 0.126 4.542 13 39.259
186.452 4 1.3 1.7 -5 1 0 0 0 2.45 4.399 11.394 0.126 4.542 13 39.259
186.614 4 1.3 1.7 -5 1 0 0 0 2.45 4.399 11.394 0.126 4.542 13 39.259
186.631 4 1.3 1.7 -5 1 0 0 0 2.45 4.399 11.394 0.126 4.542 13 39.259
186.793 4 1.3 1.7 -5 1 0 0 0 2.45 4.399 11.394 0.126 4.542 13 39.259
186.883 4 1.3 1.7 -5 1 0 0 0 2.45 4.399 11.394 0.126 4.542 13 39.259
186.9 4 1.3 1.7 -5 1 0 0 0 2.45 4.399 11.394 0.126 4.542 13 39.259
187.062 4 1.3 1.7 -5 1 0 0 0 2.45 4.399 11.394 0.126 4.542 13 39.259
187.079 4 1.3 1.7 -5 1 0 0 0 2.45 4.399 11.394 0.126 4.542 13 39.259
187.241 4 1.3 1.7 -5 1 0 0 0 2.45 4.399 11.394 0.126 4.542 13 39.259
187.258 4 1.3 1.7 -5 1 0 0 0 2.45 4.399 11.394 0.126 4.542 13 39.259
187.42 4 1.3 1.7 -5 1 0 0 0 2.45 4.399 11.394 0.126 4.542 13 39.259
187.51 4 1.3 1.7 -5 1 0 0 0 2.45 4.399 11.394 0.126 4.542 13 39.259
187.527 4 1.3 1.7 -5 1 0 0 0 2.45 4.399 11.394 0.126 4.542 13 39.259
187.69 4 1.3 1.7 -5 1 0 0 0 2.45 4.399 11.394 0.126 4.542 13 39.259
187.706 4 1.3 1.7 -5 1 0 0 0 2.45 4.399 11.394 0.126 4.542 13 39.259
187.869 4 1.3 1.7 -5 1 0 0 0 2.45 4.399 11.394 0.126 4.542 13 39.259
187.885 4 1.3 1.7 -5 1 0 0 0 2.45 4.399 11.394 0.126 4.542 13 39.259
188.048 4 1.3 1.7 -5 1 0 0 0 2.45 4.399 11.394 0.126 4.542 13 39.259
188.138 4 1.3 1.7 -5 1 0 0 0 2.45 4.399 11.394 0.126 4.542 13 39.259
188.154 4 1.3 1.7 -5 1 0 0 0 2.45 4.399 11.394 0.126 4.542 13 39.259
188.317 4 1.3 1.7 -5 1 0 0 0 2.45 4.399 11.394 0.126 4.542 13 39.259
188.334 4 1.3 1.7 -5 1 0 0 0 2.45 4.399 11.394 0.126 4.542 13 39.259
188.496 4 1.3 1.7 -5 1 0 0 0 2.45 4.399 11.394 0.126 4.542 13 39.259
188.513 4 1.3 1.7 -5 1 0 0 0 2.45 4.399 11.394 0.126 4.542 13 39.259
